chr,model,cell,corr,mse,count
chr1,iDNA-ABT,Adipocytes,0.5136291499,0.07101169777,2261392
chr10,iDNA-ABT,Adipocytes,0.4873094906,0.06513266026,1343916
chr11,iDNA-ABT,Adipocytes,0.4823096837,0.07147709088,1286724
chr12,iDNA-ABT,Adipocytes,0.4808946151,0.06758402814,1279958
chr13,iDNA-ABT,Adipocytes,0.4589829276,0.05939580908,802050
chr14,iDNA-ABT,Adipocytes,0.4966134248,0.06791932556,851272
chr15,iDNA-ABT,Adipocytes,0.5172477406,0.06786290428,845140
chr16,iDNA-ABT,Adipocytes,0.4889161814,0.0696371831,1075841
chr17,iDNA-ABT,Adipocytes,0.5293396458,0.07820870749,1162529
chr18,iDNA-ABT,Adipocytes,0.457556211,0.05986107096,684147
chr19,iDNA-ABT,Adipocytes,0.4798993586,0.09007978339,1041902
chr2,iDNA-ABT,Adipocytes,0.4896359663,0.06241302647,2145318
chr20,iDNA-ABT,Adipocytes,0.4980094756,0.0708463573,737523
chr21,iDNA-ABT,Adipocytes,0.442419258,0.06437906915,380325
chr22,iDNA-ABT,Adipocytes,0.49241156,0.07155043065,582668
chr3,iDNA-ABT,Adipocytes,0.4895653466,0.06147756617,1627424
chr4,iDNA-ABT,Adipocytes,0.4647179307,0.05886193831,1459849
chr5,iDNA-ABT,Adipocytes,0.4809741559,0.06270417461,1482871
chr6,iDNA-ABT,Adipocytes,0.4731076374,0.06710214132,1477069
chr7,iDNA-ABT,Adipocytes,0.4711046599,0.06365294847,1549069
chr8,iDNA-ABT,Adipocytes,0.4781120985,0.06137486914,1284435
chr9,iDNA-ABT,Adipocytes,0.4992733974,0.06765447799,1181338
chrX,iDNA-ABT,Adipocytes,0.3768122069,0.0473327219,1136543
chr1,iDNA-ABT,Aorta-Endothel,0.509730562,0.07521638264,2262556
chr10,iDNA-ABT,Aorta-Endothel,0.4694223319,0.07207278956,1344172
chr11,iDNA-ABT,Aorta-Endothel,0.4708504555,0.07853920396,1285654
chr12,iDNA-ABT,Aorta-Endothel,0.4636397485,0.07540400351,1278813
chr13,iDNA-ABT,Aorta-Endothel,0.4402562651,0.0672275313,801761
chr14,iDNA-ABT,Aorta-Endothel,0.4906748185,0.07530927095,851670
chr15,iDNA-ABT,Aorta-Endothel,0.5133729029,0.073149938,845128
chr16,iDNA-ABT,Aorta-Endothel,0.4643580823,0.07861287926,1075906
chr17,iDNA-ABT,Aorta-Endothel,0.5277742147,0.08077688416,1161205
chr18,iDNA-ABT,Aorta-Endothel,0.4162603991,0.07131698072,685049
chr19,iDNA-ABT,Aorta-Endothel,0.488605468,0.09249416933,1041043
chr2,iDNA-ABT,Aorta-Endothel,0.4729253326,0.06972259663,2146851
chr20,iDNA-ABT,Aorta-Endothel,0.4851573205,0.07711894909,736722
chr21,iDNA-ABT,Aorta-Endothel,0.4150275943,0.07435146275,379268
chr22,iDNA-ABT,Aorta-Endothel,0.4863276943,0.07599974373,583715
chr3,iDNA-ABT,Aorta-Endothel,0.4823884889,0.06832284359,1626783
chr4,iDNA-ABT,Aorta-Endothel,0.4450303484,0.06843110622,1460920
chr5,iDNA-ABT,Aorta-Endothel,0.4746518162,0.07121359792,1482800
chr6,iDNA-ABT,Aorta-Endothel,0.4725550537,0.07247092202,1477076
chr7,iDNA-ABT,Aorta-Endothel,0.4564411159,0.07082944383,1547307
chr8,iDNA-ABT,Aorta-Endothel,0.4578314804,0.07055964523,1284483
chr9,iDNA-ABT,Aorta-Endothel,0.478139423,0.07433274832,1183022
chrX,iDNA-ABT,Aorta-Endothel,0.3682703684,0.0719395778,1136928
chr1,iDNA-ABT,Aorta-Smooth-Muscle,0.334211219,0.08549777718,2263318
chr10,iDNA-ABT,Aorta-Smooth-Muscle,0.3058698365,0.08240982648,1345928
chr11,iDNA-ABT,Aorta-Smooth-Muscle,0.2970632268,0.0880428385,1287043
chr12,iDNA-ABT,Aorta-Smooth-Muscle,0.3047133905,0.0834117231,1278143
chr13,iDNA-ABT,Aorta-Smooth-Muscle,0.2541400138,0.07715769517,802025
chr14,iDNA-ABT,Aorta-Smooth-Muscle,0.3010846072,0.08483368409,851890
chr15,iDNA-ABT,Aorta-Smooth-Muscle,0.3409649476,0.08350197595,844644
chr16,iDNA-ABT,Aorta-Smooth-Muscle,0.2920648042,0.08895859562,1076254
chr17,iDNA-ABT,Aorta-Smooth-Muscle,0.3761833388,0.09086087737,1163088
chr18,iDNA-ABT,Aorta-Smooth-Muscle,0.272557883,0.0784017634,685140
chr19,iDNA-ABT,Aorta-Smooth-Muscle,0.3226091036,0.09931653528,1042185
chr2,iDNA-ABT,Aorta-Smooth-Muscle,0.2962180821,0.0802204023,2147528
chr20,iDNA-ABT,Aorta-Smooth-Muscle,0.3176581539,0.08686449716,737061
chr21,iDNA-ABT,Aorta-Smooth-Muscle,0.2325598994,0.08233665374,380386
chr22,iDNA-ABT,Aorta-Smooth-Muscle,0.3358246648,0.08538729849,583096
chr3,iDNA-ABT,Aorta-Smooth-Muscle,0.2971254013,0.07762430982,1629545
chr4,iDNA-ABT,Aorta-Smooth-Muscle,0.2535938242,0.07750801316,1460807
chr5,iDNA-ABT,Aorta-Smooth-Muscle,0.2739006344,0.08161945676,1483193
chr6,iDNA-ABT,Aorta-Smooth-Muscle,0.2880851613,0.08223027275,1477925
chr7,iDNA-ABT,Aorta-Smooth-Muscle,0.2801408712,0.08076756787,1546997
chr8,iDNA-ABT,Aorta-Smooth-Muscle,0.2734506387,0.08196730283,1284774
chr9,iDNA-ABT,Aorta-Smooth-Muscle,0.3191130006,0.08324672965,1184567
chrX,iDNA-ABT,Aorta-Smooth-Muscle,0.2152864263,0.08709435383,1134492
chr1,iDNA-ABT,Bladder-Epithelial,0.5057642262,0.08245176449,2264328
chr10,iDNA-ABT,Bladder-Epithelial,0.4693420346,0.07774725659,1345632
chr11,iDNA-ABT,Bladder-Epithelial,0.4682760607,0.08480336163,1287559
chr12,iDNA-ABT,Bladder-Epithelial,0.4677988813,0.08011993807,1278712
chr13,iDNA-ABT,Bladder-Epithelial,0.4554285246,0.07277168406,802162
chr14,iDNA-ABT,Bladder-Epithelial,0.4973932196,0.07961110034,852505
chr15,iDNA-ABT,Bladder-Epithelial,0.5117027208,0.07862109589,847373
chr16,iDNA-ABT,Bladder-Epithelial,0.478342092,0.08192439212,1077400
chr17,iDNA-ABT,Bladder-Epithelial,0.516584812,0.08768982736,1163563
chr18,iDNA-ABT,Bladder-Epithelial,0.4235340512,0.07533141201,685212
chr19,iDNA-ABT,Bladder-Epithelial,0.4837345275,0.0974606718,1042900
chr2,iDNA-ABT,Bladder-Epithelial,0.4787326812,0.07458414216,2148301
chr20,iDNA-ABT,Bladder-Epithelial,0.4894621499,0.08251972401,736760
chr21,iDNA-ABT,Bladder-Epithelial,0.4345357424,0.07931004294,380119
chr22,iDNA-ABT,Bladder-Epithelial,0.4893313456,0.08349462728,585117
chr3,iDNA-ABT,Bladder-Epithelial,0.4850464171,0.07355279765,1629713
chr4,iDNA-ABT,Bladder-Epithelial,0.4622253733,0.07239801306,1459458
chr5,iDNA-ABT,Bladder-Epithelial,0.4813856614,0.07450012365,1484111
chr6,iDNA-ABT,Bladder-Epithelial,0.4752454013,0.07905930706,1476070
chr7,iDNA-ABT,Bladder-Epithelial,0.4602573714,0.07596145754,1549614
chr8,iDNA-ABT,Bladder-Epithelial,0.4693005916,0.07548032599,1284274
chr9,iDNA-ABT,Bladder-Epithelial,0.4809541004,0.07993018892,1184418
chrX,iDNA-ABT,Bladder-Epithelial,0.4469714407,0.07532500643,1134630
chr1,iDNA-ABT,Blood-B,0.4683309381,0.0754622684,2275518
chr10,iDNA-ABT,Blood-B,0.4456853209,0.06855352088,1349724
chr11,iDNA-ABT,Blood-B,0.4350883714,0.07743822288,1294689
chr12,iDNA-ABT,Blood-B,0.4388090694,0.07294540984,1284207
chr13,iDNA-ABT,Blood-B,0.4028822243,0.06185747802,804016
chr14,iDNA-ABT,Blood-B,0.4459939203,0.07410723558,853884
chr15,iDNA-ABT,Blood-B,0.4714698359,0.07324863121,851538
chr16,iDNA-ABT,Blood-B,0.4344384707,0.07586313479,1082281
chr17,iDNA-ABT,Blood-B,0.4847755539,0.08520313939,1170054
chr18,iDNA-ABT,Blood-B,0.4196596204,0.06264897679,690259
chr19,iDNA-ABT,Blood-B,0.4291500367,0.09861846027,1046614
chr2,iDNA-ABT,Blood-B,0.4487828097,0.06604085384,2154824
chr20,iDNA-ABT,Blood-B,0.4533362296,0.0754588993,741525
chr21,iDNA-ABT,Blood-B,0.3759471304,0.07066822563,384212
chr22,iDNA-ABT,Blood-B,0.4401703542,0.07770455153,587812
chr3,iDNA-ABT,Blood-B,0.4499902216,0.0644326756,1633769
chr4,iDNA-ABT,Blood-B,0.4114398575,0.06297264928,1465199
chr5,iDNA-ABT,Blood-B,0.4331902209,0.06659315441,1488600
chr6,iDNA-ABT,Blood-B,0.4324683219,0.07221067287,1480557
chr7,iDNA-ABT,Blood-B,0.421228232,0.06749274326,1557606
chr8,iDNA-ABT,Blood-B,0.42810029,0.06562101941,1290133
chr9,iDNA-ABT,Blood-B,0.4557848652,0.07176598878,1194463
chrX,iDNA-ABT,Blood-B,0.3946396839,0.06544112083,1140212
chr1,iDNA-ABT,Blood-Granulocytes,0.5307917474,0.0693141262,2263426
chr10,iDNA-ABT,Blood-Granulocytes,0.5022847167,0.06402156956,1344606
chr11,iDNA-ABT,Blood-Granulocytes,0.498213738,0.07075165404,1287502
chr12,iDNA-ABT,Blood-Granulocytes,0.4933652071,0.06830169991,1276832
chr13,iDNA-ABT,Blood-Granulocytes,0.477213782,0.05593752481,801761
chr14,iDNA-ABT,Blood-Granulocytes,0.5202812582,0.06613428825,851139
chr15,iDNA-ABT,Blood-Granulocytes,0.5339316629,0.06705261289,845906
chr16,iDNA-ABT,Blood-Granulocytes,0.4956741021,0.07161420613,1075960
chr17,iDNA-ABT,Blood-Granulocytes,0.5383243108,0.08010690608,1161902
chr18,iDNA-ABT,Blood-Granulocytes,0.4586391186,0.05941069389,684701
chr19,iDNA-ABT,Blood-Granulocytes,0.4987966341,0.09225199664,1041190
chr2,iDNA-ABT,Blood-Granulocytes,0.5043430612,0.06136574476,2145551
chr20,iDNA-ABT,Blood-Granulocytes,0.5095426396,0.07080347755,737147
chr21,iDNA-ABT,Blood-Granulocytes,0.4481999326,0.06618714725,379320
chr22,iDNA-ABT,Blood-Granulocytes,0.4991603196,0.07388483163,582860
chr3,iDNA-ABT,Blood-Granulocytes,0.5069992648,0.05905161224,1629332
chr4,iDNA-ABT,Blood-Granulocytes,0.4828818566,0.05576844844,1460804
chr5,iDNA-ABT,Blood-Granulocytes,0.5063044554,0.06018612078,1482927
chr6,iDNA-ABT,Blood-Granulocytes,0.4978327761,0.06556814699,1477313
chr7,iDNA-ABT,Blood-Granulocytes,0.4857757222,0.06281768952,1547993
chr8,iDNA-ABT,Blood-Granulocytes,0.4966130097,0.05978336432,1283420
chr9,iDNA-ABT,Blood-Granulocytes,0.5110195344,0.06725816502,1180661
chrX,iDNA-ABT,Blood-Granulocytes,0.3950032223,0.04588305007,1136842
chr1,iDNA-ABT,Blood-Monocytes,0.4336630062,0.0803455173,2261141
chr10,iDNA-ABT,Blood-Monocytes,0.4220332507,0.07197661756,1343197
chr11,iDNA-ABT,Blood-Monocytes,0.409607175,0.07995271579,1286378
chr12,iDNA-ABT,Blood-Monocytes,0.4081583951,0.0768992292,1275876
chr13,iDNA-ABT,Blood-Monocytes,0.3909119296,0.06265858454,801271
chr14,iDNA-ABT,Blood-Monocytes,0.4172691175,0.07633382813,850686
chr15,iDNA-ABT,Blood-Monocytes,0.4436203181,0.07707144041,844897
chr16,iDNA-ABT,Blood-Monocytes,0.4125777721,0.07989680774,1074290
chr17,iDNA-ABT,Blood-Monocytes,0.4483990453,0.09259561708,1160355
chr18,iDNA-ABT,Blood-Monocytes,0.4134951432,0.06329552142,683439
chr19,iDNA-ABT,Blood-Monocytes,0.3966793683,0.1054594892,1040491
chr2,iDNA-ABT,Blood-Monocytes,0.4219088999,0.06923301616,2143670
chr20,iDNA-ABT,Blood-Monocytes,0.432171923,0.07970994779,736580
chr21,iDNA-ABT,Blood-Monocytes,0.3749910393,0.07168963063,379099
chr22,iDNA-ABT,Blood-Monocytes,0.4209402075,0.08181798455,582068
chr3,iDNA-ABT,Blood-Monocytes,0.4139005027,0.06732955327,1628198
chr4,iDNA-ABT,Blood-Monocytes,0.391226271,0.06317826335,1459705
chr5,iDNA-ABT,Blood-Monocytes,0.4068011533,0.06919647947,1481674
chr6,iDNA-ABT,Blood-Monocytes,0.4010360037,0.07503603667,1476337
chr7,iDNA-ABT,Blood-Monocytes,0.4061976291,0.06982287603,1546052
chr8,iDNA-ABT,Blood-Monocytes,0.4111265672,0.0673548593,1282671
chr9,iDNA-ABT,Blood-Monocytes,0.430293336,0.07581625742,1178404
chrX,iDNA-ABT,Blood-Monocytes,0.2554628543,0.05173203063,1136132
chr1,iDNA-ABT,Blood-NK,0.4703299223,0.07120524349,2265447
chr10,iDNA-ABT,Blood-NK,0.4599280713,0.06400372062,1345411
chr11,iDNA-ABT,Blood-NK,0.4447898745,0.07215119302,1288750
chr12,iDNA-ABT,Blood-NK,0.4444149438,0.06823923675,1277687
chr13,iDNA-ABT,Blood-NK,0.4256522571,0.05692374195,802212
chr14,iDNA-ABT,Blood-NK,0.4511784758,0.06921272622,851799
chr15,iDNA-ABT,Blood-NK,0.4832075435,0.06838382624,847121
chr16,iDNA-ABT,Blood-NK,0.4471199286,0.07127042116,1077112
chr17,iDNA-ABT,Blood-NK,0.4849752713,0.08168486596,1163399
chr18,iDNA-ABT,Blood-NK,0.4469083814,0.05665369685,685139
chr19,iDNA-ABT,Blood-NK,0.4251024664,0.09688792607,1042593
chr2,iDNA-ABT,Blood-NK,0.4590203692,0.06162973714,2147375
chr20,iDNA-ABT,Blood-NK,0.4682294967,0.07036074439,737955
chr21,iDNA-ABT,Blood-NK,0.4014717868,0.06451210337,380029
chr22,iDNA-ABT,Blood-NK,0.4556338907,0.07266987409,583672
chr3,iDNA-ABT,Blood-NK,0.4557998805,0.05937344801,1630305
chr4,iDNA-ABT,Blood-NK,0.4256038966,0.05715311453,1461484
chr5,iDNA-ABT,Blood-NK,0.4418497802,0.06205979796,1483790
chr6,iDNA-ABT,Blood-NK,0.4362936321,0.06751087304,1477898
chr7,iDNA-ABT,Blood-NK,0.4376828619,0.06262764407,1549710
chr8,iDNA-ABT,Blood-NK,0.445927531,0.05997748317,1284535
chr9,iDNA-ABT,Blood-NK,0.4650195058,0.06706733705,1182686
chrX,iDNA-ABT,Blood-NK,0.2928569523,0.04937398049,1137353
chr1,iDNA-ABT,Blood-T-CD3,0.4352851416,0.07253013163,2265142
chr10,iDNA-ABT,Blood-T-CD3,0.4161719818,0.06598728539,1345436
chr11,iDNA-ABT,Blood-T-CD3,0.395044511,0.07448754088,1288618
chr12,iDNA-ABT,Blood-T-CD3,0.4035869519,0.07007771213,1277840
chr13,iDNA-ABT,Blood-T-CD3,0.3629548423,0.06175571944,802098
chr14,iDNA-ABT,Blood-T-CD3,0.4065934752,0.07187937589,851542
chr15,iDNA-ABT,Blood-T-CD3,0.4457594432,0.0695627375,847066
chr16,iDNA-ABT,Blood-T-CD3,0.4037556322,0.07252725801,1076964
chr17,iDNA-ABT,Blood-T-CD3,0.4618771513,0.08012920265,1163038
chr18,iDNA-ABT,Blood-T-CD3,0.3797294753,0.06148689544,685188
chr19,iDNA-ABT,Blood-T-CD3,0.401954612,0.09255333448,1042140
chr2,iDNA-ABT,Blood-T-CD3,0.4106580009,0.06479810508,2147304
chr20,iDNA-ABT,Blood-T-CD3,0.4222391368,0.07130254482,737660
chr21,iDNA-ABT,Blood-T-CD3,0.3404623179,0.06654950574,379975
chr22,iDNA-ABT,Blood-T-CD3,0.4201199275,0.07220260586,583508
chr3,iDNA-ABT,Blood-T-CD3,0.4085066481,0.06312372298,1630351
chr4,iDNA-ABT,Blood-T-CD3,0.3617886004,0.06233892535,1461479
chr5,iDNA-ABT,Blood-T-CD3,0.3872610479,0.06572986533,1483819
chr6,iDNA-ABT,Blood-T-CD3,0.3945903113,0.06965366649,1477859
chr7,iDNA-ABT,Blood-T-CD3,0.3865883537,0.06531901858,1549643
chr8,iDNA-ABT,Blood-T-CD3,0.3892248732,0.06395947022,1284381
chr9,iDNA-ABT,Blood-T-CD3,0.4167904155,0.06917757149,1182515
chrX,iDNA-ABT,Blood-T-CD3,0.1952828016,0.05434210829,1137426
chr1,iDNA-ABT,Bone-Osteoblasts,0.5237888534,0.07392267046,2264582
chr10,iDNA-ABT,Bone-Osteoblasts,0.4912874352,0.07243228192,1344426
chr11,iDNA-ABT,Bone-Osteoblasts,0.4889380663,0.07663028495,1290628
chr12,iDNA-ABT,Bone-Osteoblasts,0.4868595803,0.07429452242,1279324
chr13,iDNA-ABT,Bone-Osteoblasts,0.4614403498,0.07182900216,802125
chr14,iDNA-ABT,Bone-Osteoblasts,0.5079186798,0.07445184722,852150
chr15,iDNA-ABT,Bone-Osteoblasts,0.5199359219,0.07312510152,847243
chr16,iDNA-ABT,Bone-Osteoblasts,0.4789324005,0.07715750536,1077128
chr17,iDNA-ABT,Bone-Osteoblasts,0.5394377307,0.07783064366,1164323
chr18,iDNA-ABT,Bone-Osteoblasts,0.4449791681,0.07163835275,684911
chr19,iDNA-ABT,Bone-Osteoblasts,0.4878459248,0.08808578964,1042426
chr2,iDNA-ABT,Bone-Osteoblasts,0.4867844949,0.0705539394,2147504
chr20,iDNA-ABT,Bone-Osteoblasts,0.5008562147,0.07518853495,738703
chr21,iDNA-ABT,Bone-Osteoblasts,0.4290068517,0.07621530365,380008
chr22,iDNA-ABT,Bone-Osteoblasts,0.4994576892,0.07548413872,583435
chr3,iDNA-ABT,Bone-Osteoblasts,0.5057276128,0.06891422219,1629852
chr4,iDNA-ABT,Bone-Osteoblasts,0.4762730737,0.06959352381,1460707
chr5,iDNA-ABT,Bone-Osteoblasts,0.493950793,0.07096478308,1483645
chr6,iDNA-ABT,Bone-Osteoblasts,0.4892646392,0.07331133316,1475708
chr7,iDNA-ABT,Bone-Osteoblasts,0.473650442,0.07239875546,1547528
chr8,iDNA-ABT,Bone-Osteoblasts,0.480494089,0.07137548371,1284764
chr9,iDNA-ABT,Bone-Osteoblasts,0.4927804101,0.07414475664,1184485
chrX,iDNA-ABT,Bone-Osteoblasts,0.4380984593,0.06486219632,1137299
chr1,iDNA-ABT,Bone_marrow-Erythrocyte_progenitors,0.5166633436,0.0531876095,2264264
chr10,iDNA-ABT,Bone_marrow-Erythrocyte_progenitors,0.4967774439,0.04761620645,1346625
chr11,iDNA-ABT,Bone_marrow-Erythrocyte_progenitors,0.485229743,0.05384027094,1290060
chr12,iDNA-ABT,Bone_marrow-Erythrocyte_progenitors,0.4879403423,0.05178099414,1281301
chr13,iDNA-ABT,Bone_marrow-Erythrocyte_progenitors,0.4878770634,0.04303188627,802342
chr14,iDNA-ABT,Bone_marrow-Erythrocyte_progenitors,0.5148621879,0.05124652303,852521
chr15,iDNA-ABT,Bone_marrow-Erythrocyte_progenitors,0.5214692994,0.05185681704,847714
chr16,iDNA-ABT,Bone_marrow-Erythrocyte_progenitors,0.4767543569,0.05575501482,1078569
chr17,iDNA-ABT,Bone_marrow-Erythrocyte_progenitors,0.5233586168,0.06031678473,1164254
chr18,iDNA-ABT,Bone_marrow-Erythrocyte_progenitors,0.4619715127,0.04530306685,682122
chr19,iDNA-ABT,Bone_marrow-Erythrocyte_progenitors,0.4599689754,0.07071211714,1043514
chr2,iDNA-ABT,Bone_marrow-Erythrocyte_progenitors,0.4960934517,0.04680249742,2149307
chr20,iDNA-ABT,Bone_marrow-Erythrocyte_progenitors,0.5000591331,0.05296369548,739401
chr21,iDNA-ABT,Bone_marrow-Erythrocyte_progenitors,0.4671142982,0.04932667495,381329
chr22,iDNA-ABT,Bone_marrow-Erythrocyte_progenitors,0.4920256524,0.05661893137,584700
chr3,iDNA-ABT,Bone_marrow-Erythrocyte_progenitors,0.5152295272,0.0456009078,1630900
chr4,iDNA-ABT,Bone_marrow-Erythrocyte_progenitors,0.4909917666,0.04384200545,1461191
chr5,iDNA-ABT,Bone_marrow-Erythrocyte_progenitors,0.5061960956,0.04649530695,1484300
chr6,iDNA-ABT,Bone_marrow-Erythrocyte_progenitors,0.4954949512,0.04929754307,1478512
chr7,iDNA-ABT,Bone_marrow-Erythrocyte_progenitors,0.477426562,0.04865138054,1550620
chr8,iDNA-ABT,Bone_marrow-Erythrocyte_progenitors,0.4928543602,0.04571671962,1285288
chr9,iDNA-ABT,Bone_marrow-Erythrocyte_progenitors,0.4905492356,0.0517807898,1187187
chrX,iDNA-ABT,Bone_marrow-Erythrocyte_progenitors,0.4831757103,0.04780968503,1136187
chr1,iDNA-ABT,Breast-Basal-Epithelial,0.4602024777,0.08027060631,2264287
chr10,iDNA-ABT,Breast-Basal-Epithelial,0.4431641856,0.07307776889,1345327
chr11,iDNA-ABT,Breast-Basal-Epithelial,0.4328710456,0.08237435086,1289334
chr12,iDNA-ABT,Breast-Basal-Epithelial,0.4340431811,0.076709158,1278798
chr13,iDNA-ABT,Breast-Basal-Epithelial,0.4028299811,0.06658433074,801972
chr14,iDNA-ABT,Breast-Basal-Epithelial,0.4443486187,0.07732655577,851546
chr15,iDNA-ABT,Breast-Basal-Epithelial,0.4668865881,0.07571193426,846247
chr16,iDNA-ABT,Breast-Basal-Epithelial,0.4386178997,0.08366071098,1076361
chr17,iDNA-ABT,Breast-Basal-Epithelial,0.4741337987,0.08980522207,1162939
chr18,iDNA-ABT,Breast-Basal-Epithelial,0.4125126272,0.06866487399,685891
chr19,iDNA-ABT,Breast-Basal-Epithelial,0.434144432,0.1054232879,1042087
chr2,iDNA-ABT,Breast-Basal-Epithelial,0.4393489045,0.07024790355,2146543
chr20,iDNA-ABT,Breast-Basal-Epithelial,0.4525528133,0.08110512981,736989
chr21,iDNA-ABT,Breast-Basal-Epithelial,0.3864947699,0.07913691598,380441
chr22,iDNA-ABT,Breast-Basal-Epithelial,0.4317462252,0.08810399317,583149
chr3,iDNA-ABT,Breast-Basal-Epithelial,0.4387688722,0.06883683788,1627740
chr4,iDNA-ABT,Breast-Basal-Epithelial,0.4087008124,0.06674557766,1459043
chr5,iDNA-ABT,Breast-Basal-Epithelial,0.4229700431,0.07102004497,1483729
chr6,iDNA-ABT,Breast-Basal-Epithelial,0.4226675865,0.07437050041,1477374
chr7,iDNA-ABT,Breast-Basal-Epithelial,0.4210682832,0.07384665995,1548569
chr8,iDNA-ABT,Breast-Basal-Epithelial,0.423728916,0.07134933607,1283187
chr9,iDNA-ABT,Breast-Basal-Epithelial,0.4532287462,0.07679761129,1182000
chrX,iDNA-ABT,Breast-Basal-Epithelial,0.2704428,0.05849620099,1136938
chr1,iDNA-ABT,Breast-Luminal-Epithelial,0.5196341074,0.07289002077,2264221
chr10,iDNA-ABT,Breast-Luminal-Epithelial,0.4908191724,0.06854545695,1346124
chr11,iDNA-ABT,Breast-Luminal-Epithelial,0.488704819,0.07502211505,1288029
chr12,iDNA-ABT,Breast-Luminal-Epithelial,0.4852386038,0.07090740764,1279696
chr13,iDNA-ABT,Breast-Luminal-Epithelial,0.4572712168,0.06293200824,802269
chr14,iDNA-ABT,Breast-Luminal-Epithelial,0.5077399154,0.07071888665,851827
chr15,iDNA-ABT,Breast-Luminal-Epithelial,0.5230770209,0.06991049259,846437
chr16,iDNA-ABT,Breast-Luminal-Epithelial,0.4894575258,0.07609446598,1077137
chr17,iDNA-ABT,Breast-Luminal-Epithelial,0.5322309369,0.08072773322,1163850
chr18,iDNA-ABT,Breast-Luminal-Epithelial,0.4404117366,0.06690043431,685986
chr19,iDNA-ABT,Breast-Luminal-Epithelial,0.5008415875,0.09287218503,1042995
chr2,iDNA-ABT,Breast-Luminal-Epithelial,0.4872190713,0.06622265213,2147554
chr20,iDNA-ABT,Breast-Luminal-Epithelial,0.4984279725,0.07505789083,739192
chr21,iDNA-ABT,Breast-Luminal-Epithelial,0.4423032019,0.07234202963,380390
chr22,iDNA-ABT,Breast-Luminal-Epithelial,0.4880405905,0.07949112458,584608
chr3,iDNA-ABT,Breast-Luminal-Epithelial,0.4948276506,0.06377683235,1629770
chr4,iDNA-ABT,Breast-Luminal-Epithelial,0.4662435978,0.06293739494,1460701
chr5,iDNA-ABT,Breast-Luminal-Epithelial,0.4870202197,0.0649089912,1483675
chr6,iDNA-ABT,Breast-Luminal-Epithelial,0.4843846562,0.06913072201,1476236
chr7,iDNA-ABT,Breast-Luminal-Epithelial,0.476639201,0.06817872192,1548258
chr8,iDNA-ABT,Breast-Luminal-Epithelial,0.4765107385,0.06641813354,1284697
chr9,iDNA-ABT,Breast-Luminal-Epithelial,0.5005333593,0.07131994076,1185153
chrX,iDNA-ABT,Breast-Luminal-Epithelial,0.3954303595,0.04734414739,1137581
chr1,iDNA-ABT,Colon-Fibroblasts,0.4233931897,0.07294619953,2263073
chr10,iDNA-ABT,Colon-Fibroblasts,0.408544201,0.06554954244,1345364
chr11,iDNA-ABT,Colon-Fibroblasts,0.396620198,0.07343445441,1288423
chr12,iDNA-ABT,Colon-Fibroblasts,0.3932834682,0.07038276951,1279419
chr13,iDNA-ABT,Colon-Fibroblasts,0.3620809648,0.06049313825,802252
chr14,iDNA-ABT,Colon-Fibroblasts,0.3985852349,0.07032187592,852219
chr15,iDNA-ABT,Colon-Fibroblasts,0.4294938327,0.0692401131,845291
chr16,iDNA-ABT,Colon-Fibroblasts,0.404651822,0.07222373519,1077123
chr17,iDNA-ABT,Colon-Fibroblasts,0.4468409255,0.08063802469,1163415
chr18,iDNA-ABT,Colon-Fibroblasts,0.3858061855,0.05941744378,685650
chr19,iDNA-ABT,Colon-Fibroblasts,0.3917359845,0.09432433583,1042664
chr2,iDNA-ABT,Colon-Fibroblasts,0.4052659593,0.06318848304,2149022
chr20,iDNA-ABT,Colon-Fibroblasts,0.4153084245,0.07276537847,738006
chr21,iDNA-ABT,Colon-Fibroblasts,0.3623504301,0.06687718233,380032
chr22,iDNA-ABT,Colon-Fibroblasts,0.4168992272,0.07324860666,584192
chr3,iDNA-ABT,Colon-Fibroblasts,0.4004870168,0.06231465845,1627961
chr4,iDNA-ABT,Colon-Fibroblasts,0.3656584307,0.06055623985,1460066
chr5,iDNA-ABT,Colon-Fibroblasts,0.3817084599,0.06453846531,1482836
chr6,iDNA-ABT,Colon-Fibroblasts,0.3851756741,0.06856523766,1476257
chr7,iDNA-ABT,Colon-Fibroblasts,0.3856577683,0.06505024676,1547549
chr8,iDNA-ABT,Colon-Fibroblasts,0.3908301426,0.06295681344,1285015
chr9,iDNA-ABT,Colon-Fibroblasts,0.4146821156,0.06938585972,1185867
chrX,iDNA-ABT,Colon-Fibroblasts,0.3415910245,0.06318952442,1134913
chr1,iDNA-ABT,Colon-Right-Epithelial,0.4895023693,0.08258577741,2262669
chr10,iDNA-ABT,Colon-Right-Epithelial,0.4683200006,0.07504621553,1345062
chr11,iDNA-ABT,Colon-Right-Epithelial,0.462196641,0.08438479516,1287273
chr12,iDNA-ABT,Colon-Right-Epithelial,0.4566637006,0.0790682072,1279369
chr13,iDNA-ABT,Colon-Right-Epithelial,0.4361283105,0.07090437803,801784
chr14,iDNA-ABT,Colon-Right-Epithelial,0.4786606307,0.0794600639,851213
chr15,iDNA-ABT,Colon-Right-Epithelial,0.4938698482,0.0780400554,845589
chr16,iDNA-ABT,Colon-Right-Epithelial,0.4641610859,0.08375360492,1076558
chr17,iDNA-ABT,Colon-Right-Epithelial,0.4972510626,0.0920694237,1160226
chr18,iDNA-ABT,Colon-Right-Epithelial,0.4174358495,0.07224178894,685436
chr19,iDNA-ABT,Colon-Right-Epithelial,0.4506819371,0.1052657396,1041760
chr2,iDNA-ABT,Colon-Right-Epithelial,0.4683513369,0.07300880979,2147835
chr20,iDNA-ABT,Colon-Right-Epithelial,0.4690928717,0.08346599763,737573
chr21,iDNA-ABT,Colon-Right-Epithelial,0.3917798277,0.0790516388,379279
chr22,iDNA-ABT,Colon-Right-Epithelial,0.4604214824,0.08740700694,582689
chr3,iDNA-ABT,Colon-Right-Epithelial,0.473008051,0.07070538998,1630058
chr4,iDNA-ABT,Colon-Right-Epithelial,0.4424609291,0.07128926025,1459572
chr5,iDNA-ABT,Colon-Right-Epithelial,0.4631331369,0.0723467653,1483925
chr6,iDNA-ABT,Colon-Right-Epithelial,0.4600057787,0.07691465535,1476250
chr7,iDNA-ABT,Colon-Right-Epithelial,0.4479921633,0.07576050009,1547572
chr8,iDNA-ABT,Colon-Right-Epithelial,0.4575350104,0.07283177189,1285314
chr9,iDNA-ABT,Colon-Right-Epithelial,0.4726850701,0.08017993587,1184041
chrX,iDNA-ABT,Colon-Right-Epithelial,0.4379440787,0.06967409436,1134294
chr1,iDNA-ABT,Cortex-Neuron,0.5738640957,0.05639842906,2256474
chr10,iDNA-ABT,Cortex-Neuron,0.5348481741,0.05261451572,1340330
chr11,iDNA-ABT,Cortex-Neuron,0.5301978726,0.0586724707,1286388
chr12,iDNA-ABT,Cortex-Neuron,0.5156141825,0.05687784684,1276823
chr13,iDNA-ABT,Cortex-Neuron,0.5167732375,0.04694581213,800643
chr14,iDNA-ABT,Cortex-Neuron,0.5580802005,0.05559995658,850100
chr15,iDNA-ABT,Cortex-Neuron,0.5671039293,0.05519236032,841652
chr16,iDNA-ABT,Cortex-Neuron,0.5328517006,0.0592429315,1072030
chr17,iDNA-ABT,Cortex-Neuron,0.574922492,0.0648682197,1158175
chr18,iDNA-ABT,Cortex-Neuron,0.4608872592,0.05237394381,682559
chr19,iDNA-ABT,Cortex-Neuron,0.5316531607,0.07797296695,1040810
chr2,iDNA-ABT,Cortex-Neuron,0.5354598363,0.05048624809,2140331
chr20,iDNA-ABT,Cortex-Neuron,0.5389774098,0.05789901815,735392
chr21,iDNA-ABT,Cortex-Neuron,0.4814139193,0.0552714238,378590
chr22,iDNA-ABT,Cortex-Neuron,0.5431079892,0.06018335604,581453
chr3,iDNA-ABT,Cortex-Neuron,0.5453410458,0.04866125335,1624350
chr4,iDNA-ABT,Cortex-Neuron,0.5128562786,0.04805806081,1457370
chr5,iDNA-ABT,Cortex-Neuron,0.5403548459,0.05030992927,1479686
chr6,iDNA-ABT,Cortex-Neuron,0.5308388424,0.05417173484,1475155
chr7,iDNA-ABT,Cortex-Neuron,0.5102481146,0.05356990999,1544777
chr8,iDNA-ABT,Cortex-Neuron,0.5320465938,0.04904335072,1281321
chr9,iDNA-ABT,Cortex-Neuron,0.5371716471,0.05599478936,1175473
chrX,iDNA-ABT,Cortex-Neuron,0.4937066597,0.0507776442,1129148
chr1,iDNA-ABT,Dermal-Fibroblasts,0.5327807226,0.06841302292,2263498
chr10,iDNA-ABT,Dermal-Fibroblasts,0.4956836443,0.06448297527,1344971
chr11,iDNA-ABT,Dermal-Fibroblasts,0.4932359466,0.07055420036,1287400
chr12,iDNA-ABT,Dermal-Fibroblasts,0.4959433542,0.06710880029,1279390
chr13,iDNA-ABT,Dermal-Fibroblasts,0.4616444147,0.0616028523,801994
chr14,iDNA-ABT,Dermal-Fibroblasts,0.5124653941,0.06712137071,851482
chr15,iDNA-ABT,Dermal-Fibroblasts,0.5310805821,0.06642271536,846230
chr16,iDNA-ABT,Dermal-Fibroblasts,0.4870925965,0.07045284822,1076154
chr17,iDNA-ABT,Dermal-Fibroblasts,0.5477312017,0.07355035669,1162050
chr18,iDNA-ABT,Dermal-Fibroblasts,0.4399603299,0.0638731985,685427
chr19,iDNA-ABT,Dermal-Fibroblasts,0.5006666741,0.08632242036,1041772
chr2,iDNA-ABT,Dermal-Fibroblasts,0.494927021,0.06210953295,2146430
chr20,iDNA-ABT,Dermal-Fibroblasts,0.5063471184,0.07055884639,736978
chr21,iDNA-ABT,Dermal-Fibroblasts,0.450502052,0.06754916734,379566
chr22,iDNA-ABT,Dermal-Fibroblasts,0.5017058934,0.07145556873,584240
chr3,iDNA-ABT,Dermal-Fibroblasts,0.5101194194,0.06049339213,1629687
chr4,iDNA-ABT,Dermal-Fibroblasts,0.4705713634,0.06078236565,1459970
chr5,iDNA-ABT,Dermal-Fibroblasts,0.4954131155,0.06242443028,1483987
chr6,iDNA-ABT,Dermal-Fibroblasts,0.493694519,0.06510733703,1475702
chr7,iDNA-ABT,Dermal-Fibroblasts,0.4730147025,0.06473306293,1549177
chr8,iDNA-ABT,Dermal-Fibroblasts,0.4798355868,0.0637044474,1282711
chr9,iDNA-ABT,Dermal-Fibroblasts,0.499773435,0.06705159137,1184169
chrX,iDNA-ABT,Dermal-Fibroblasts,0.4582052817,0.0649229434,1133888
chr1,iDNA-ABT,Epidermal-Keratinocytes,0.441643883,0.08110037368,2264270
chr10,iDNA-ABT,Epidermal-Keratinocytes,0.4206075744,0.0739474035,1343595
chr11,iDNA-ABT,Epidermal-Keratinocytes,0.418948482,0.08145924604,1287013
chr12,iDNA-ABT,Epidermal-Keratinocytes,0.4146735736,0.07666244672,1276389
chr13,iDNA-ABT,Epidermal-Keratinocytes,0.3765132827,0.06853154978,801575
chr14,iDNA-ABT,Epidermal-Keratinocytes,0.4229030203,0.07779920402,851521
chr15,iDNA-ABT,Epidermal-Keratinocytes,0.4491755742,0.07706708022,844907
chr16,iDNA-ABT,Epidermal-Keratinocytes,0.4179465647,0.08156427569,1076220
chr17,iDNA-ABT,Epidermal-Keratinocytes,0.4645022327,0.08955781144,1162035
chr18,iDNA-ABT,Epidermal-Keratinocytes,0.3898193853,0.06888538487,685245
chr19,iDNA-ABT,Epidermal-Keratinocytes,0.4204256102,0.1012584803,1041679
chr2,iDNA-ABT,Epidermal-Keratinocytes,0.4175261457,0.07166742118,2146027
chr20,iDNA-ABT,Epidermal-Keratinocytes,0.434119194,0.08103464195,736475
chr21,iDNA-ABT,Epidermal-Keratinocytes,0.3666571856,0.07735337854,380724
chr22,iDNA-ABT,Epidermal-Keratinocytes,0.421913127,0.08482347577,584008
chr3,iDNA-ABT,Epidermal-Keratinocytes,0.4176962595,0.06961931437,1629809
chr4,iDNA-ABT,Epidermal-Keratinocytes,0.3885179165,0.06764685159,1460795
chr5,iDNA-ABT,Epidermal-Keratinocytes,0.4004490698,0.07109964509,1482475
chr6,iDNA-ABT,Epidermal-Keratinocytes,0.4032143148,0.07577294171,1475395
chr7,iDNA-ABT,Epidermal-Keratinocytes,0.3993860985,0.07329400761,1546692
chr8,iDNA-ABT,Epidermal-Keratinocytes,0.4050378544,0.0710594729,1283521
chr9,iDNA-ABT,Epidermal-Keratinocytes,0.4314288548,0.07736610862,1184719
chrX,iDNA-ABT,Epidermal-Keratinocytes,0.3704608105,0.0692493246,1133385
chr1,iDNA-ABT,Fallopian-Epithelial,0.5212351148,0.07874231834,2266833
chr10,iDNA-ABT,Fallopian-Epithelial,0.4852331492,0.07405731444,1345778
chr11,iDNA-ABT,Fallopian-Epithelial,0.4921124837,0.08093839322,1288496
chr12,iDNA-ABT,Fallopian-Epithelial,0.4858431064,0.07642337169,1279805
chr13,iDNA-ABT,Fallopian-Epithelial,0.4566013237,0.06778029338,802435
chr14,iDNA-ABT,Fallopian-Epithelial,0.5079157574,0.07661609677,851788
chr15,iDNA-ABT,Fallopian-Epithelial,0.5236650764,0.07532313283,846905
chr16,iDNA-ABT,Fallopian-Epithelial,0.4883842161,0.08050179198,1076798
chr17,iDNA-ABT,Fallopian-Epithelial,0.5353658324,0.0871774828,1163299
chr18,iDNA-ABT,Fallopian-Epithelial,0.4428265651,0.07065689645,685772
chr19,iDNA-ABT,Fallopian-Epithelial,0.5016117436,0.0974306965,1042386
chr2,iDNA-ABT,Fallopian-Epithelial,0.4930019458,0.07027458285,2148358
chr20,iDNA-ABT,Fallopian-Epithelial,0.5024968471,0.07979802832,737492
chr21,iDNA-ABT,Fallopian-Epithelial,0.4393238215,0.07641844166,380915
chr22,iDNA-ABT,Fallopian-Epithelial,0.4917042274,0.08461163736,583616
chr3,iDNA-ABT,Fallopian-Epithelial,0.4968648208,0.06862705747,1628031
chr4,iDNA-ABT,Fallopian-Epithelial,0.4721092789,0.06684952862,1460848
chr5,iDNA-ABT,Fallopian-Epithelial,0.4890874083,0.07029388818,1484567
chr6,iDNA-ABT,Fallopian-Epithelial,0.4840083606,0.07497723549,1476961
chr7,iDNA-ABT,Fallopian-Epithelial,0.4798505996,0.07191538134,1548530
chr8,iDNA-ABT,Fallopian-Epithelial,0.4795131173,0.07113054631,1285389
chr9,iDNA-ABT,Fallopian-Epithelial,0.5024280422,0.07685552931,1184924
chrX,iDNA-ABT,Fallopian-Epithelial,0.3603312785,0.05525997839,1137587
chr1,iDNA-ABT,Gallbladder-Epithelial,0.5220826196,0.08111752533,2263483
chr10,iDNA-ABT,Gallbladder-Epithelial,0.4886791067,0.07432127501,1344679
chr11,iDNA-ABT,Gallbladder-Epithelial,0.4952168618,0.08297490512,1289202
chr12,iDNA-ABT,Gallbladder-Epithelial,0.4914435978,0.07621076094,1278134
chr13,iDNA-ABT,Gallbladder-Epithelial,0.4593618813,0.06841977518,801932
chr14,iDNA-ABT,Gallbladder-Epithelial,0.5094106732,0.07795528244,851419
chr15,iDNA-ABT,Gallbladder-Epithelial,0.5236260363,0.07696561425,845935
chr16,iDNA-ABT,Gallbladder-Epithelial,0.4879808762,0.08300261761,1075977
chr17,iDNA-ABT,Gallbladder-Epithelial,0.5336362924,0.09035854375,1161406
chr18,iDNA-ABT,Gallbladder-Epithelial,0.4446893287,0.0713058915,684134
chr19,iDNA-ABT,Gallbladder-Epithelial,0.5045571727,0.09963734242,1041936
chr2,iDNA-ABT,Gallbladder-Epithelial,0.4958474547,0.07205999942,2146072
chr20,iDNA-ABT,Gallbladder-Epithelial,0.5056661244,0.08023925854,736783
chr21,iDNA-ABT,Gallbladder-Epithelial,0.4396683939,0.07771101073,379936
chr22,iDNA-ABT,Gallbladder-Epithelial,0.4840567346,0.0868729546,584560
chr3,iDNA-ABT,Gallbladder-Epithelial,0.498788256,0.06952471742,1629403
chr4,iDNA-ABT,Gallbladder-Epithelial,0.4709194981,0.06809400641,1458512
chr5,iDNA-ABT,Gallbladder-Epithelial,0.4975321555,0.07094487431,1482863
chr6,iDNA-ABT,Gallbladder-Epithelial,0.4855351162,0.0761234867,1475710
chr7,iDNA-ABT,Gallbladder-Epithelial,0.4761386855,0.07397599655,1548801
chr8,iDNA-ABT,Gallbladder-Epithelial,0.4826174748,0.07095630101,1282326
chr9,iDNA-ABT,Gallbladder-Epithelial,0.4999961821,0.07852565167,1183023
chrX,iDNA-ABT,Gallbladder-Epithelial,0.399435206,0.05057751471,1136940
chr1,iDNA-ABT,Gastric-fundus-Epithelial,0.4567750228,0.08655334433,2264676
chr10,iDNA-ABT,Gastric-fundus-Epithelial,0.428697375,0.07910090519,1345666
chr11,iDNA-ABT,Gastric-fundus-Epithelial,0.4233268968,0.08796400502,1290068
chr12,iDNA-ABT,Gastric-fundus-Epithelial,0.4264277969,0.0820630776,1279621
chr13,iDNA-ABT,Gastric-fundus-Epithelial,0.4019411775,0.07248798502,802144
chr14,iDNA-ABT,Gastric-fundus-Epithelial,0.4444844135,0.08306015068,851527
chr15,iDNA-ABT,Gastric-fundus-Epithelial,0.4621971211,0.08177227245,846213
chr16,iDNA-ABT,Gastric-fundus-Epithelial,0.4273326234,0.08631802336,1076723
chr17,iDNA-ABT,Gastric-fundus-Epithelial,0.4754555826,0.09536448196,1163647
chr18,iDNA-ABT,Gastric-fundus-Epithelial,0.3870381303,0.07483434871,685995
chr19,iDNA-ABT,Gastric-fundus-Epithelial,0.4377211768,0.1058698651,1041986
chr2,iDNA-ABT,Gastric-fundus-Epithelial,0.424034055,0.07666746248,2147322
chr20,iDNA-ABT,Gastric-fundus-Epithelial,0.4399229895,0.08612682649,737928
chr21,iDNA-ABT,Gastric-fundus-Epithelial,0.3691995099,0.08086939698,379852
chr22,iDNA-ABT,Gastric-fundus-Epithelial,0.4501712106,0.08765544795,582826
chr3,iDNA-ABT,Gastric-fundus-Epithelial,0.4297117196,0.07573489087,1627855
chr4,iDNA-ABT,Gastric-fundus-Epithelial,0.4050437882,0.07395972211,1460312
chr5,iDNA-ABT,Gastric-fundus-Epithelial,0.4229335099,0.0773591905,1483121
chr6,iDNA-ABT,Gastric-fundus-Epithelial,0.418109866,0.08144794758,1477447
chr7,iDNA-ABT,Gastric-fundus-Epithelial,0.4116517947,0.07773711294,1548629
chr8,iDNA-ABT,Gastric-fundus-Epithelial,0.4178920906,0.07679919699,1284835
chr9,iDNA-ABT,Gastric-fundus-Epithelial,0.4325108119,0.08289210671,1185506
chrX,iDNA-ABT,Gastric-fundus-Epithelial,0.3504865711,0.05853862088,1137282
chr1,iDNA-ABT,Heart-Cardiomyocyte,0.394427454,0.09561936941,2216484
chr10,iDNA-ABT,Heart-Cardiomyocyte,0.3802484992,0.08966763693,1321419
chr11,iDNA-ABT,Heart-Cardiomyocyte,0.3786679793,0.09586747323,1264244
chr12,iDNA-ABT,Heart-Cardiomyocyte,0.3751474715,0.09221259127,1255965
chr13,iDNA-ABT,Heart-Cardiomyocyte,0.3472512991,0.08240020016,789933
chr14,iDNA-ABT,Heart-Cardiomyocyte,0.3858770183,0.09245258016,837060
chr15,iDNA-ABT,Heart-Cardiomyocyte,0.406608375,0.09196679945,826061
chr16,iDNA-ABT,Heart-Cardiomyocyte,0.3703979791,0.09617938532,1049750
chr17,iDNA-ABT,Heart-Cardiomyocyte,0.4210806344,0.1023370164,1135615
chr18,iDNA-ABT,Heart-Cardiomyocyte,0.3575455103,0.08416308486,669763
chr19,iDNA-ABT,Heart-Cardiomyocyte,0.3755331218,0.1162957958,1018909
chr2,iDNA-ABT,Heart-Cardiomyocyte,0.3844753066,0.08581167767,2109489
chr20,iDNA-ABT,Heart-Cardiomyocyte,0.3847058012,0.09522604589,724551
chr21,iDNA-ABT,Heart-Cardiomyocyte,0.3275415935,0.08916006857,371829
chr22,iDNA-ABT,Heart-Cardiomyocyte,0.367445075,0.1000630223,567975
chr3,iDNA-ABT,Heart-Cardiomyocyte,0.3778654786,0.0842206337,1604263
chr4,iDNA-ABT,Heart-Cardiomyocyte,0.346346365,0.08282873785,1436702
chr5,iDNA-ABT,Heart-Cardiomyocyte,0.3697395051,0.08724367752,1458972
chr6,iDNA-ABT,Heart-Cardiomyocyte,0.3678717086,0.09073051351,1453421
chr7,iDNA-ABT,Heart-Cardiomyocyte,0.3630887102,0.0888387062,1515672
chr8,iDNA-ABT,Heart-Cardiomyocyte,0.3655844907,0.08552969825,1263228
chr9,iDNA-ABT,Heart-Cardiomyocyte,0.3869830352,0.09223947179,1151883
chrX,iDNA-ABT,Heart-Cardiomyocyte,0.2206832289,0.08158333477,1118873
chr1,iDNA-ABT,Heart-Fibroblasts,0.4091113587,0.09433596587,2250148
chr10,iDNA-ABT,Heart-Fibroblasts,0.3793632385,0.09242812604,1339708
chr11,iDNA-ABT,Heart-Fibroblasts,0.3804272915,0.09479973513,1281012
chr12,iDNA-ABT,Heart-Fibroblasts,0.3901470735,0.09208523087,1273833
chr13,iDNA-ABT,Heart-Fibroblasts,0.3540795446,0.08889252116,799505
chr14,iDNA-ABT,Heart-Fibroblasts,0.3951468842,0.0968049449,848440
chr15,iDNA-ABT,Heart-Fibroblasts,0.4107155216,0.09168861104,840778
chr16,iDNA-ABT,Heart-Fibroblasts,0.3620369777,0.09866995169,1070757
chr17,iDNA-ABT,Heart-Fibroblasts,0.4358089955,0.09559081408,1155245
chr18,iDNA-ABT,Heart-Fibroblasts,0.3363006817,0.09161060854,679689
chr19,iDNA-ABT,Heart-Fibroblasts,0.378868247,0.1043194859,1036736
chr2,iDNA-ABT,Heart-Fibroblasts,0.3693162582,0.09231294635,2138006
chr20,iDNA-ABT,Heart-Fibroblasts,0.3887185743,0.09545011967,734144
chr21,iDNA-ABT,Heart-Fibroblasts,0.3222939836,0.09610822401,377841
chr22,iDNA-ABT,Heart-Fibroblasts,0.4059461488,0.0937370125,580076
chr3,iDNA-ABT,Heart-Fibroblasts,0.3897286339,0.08912863056,1622821
chr4,iDNA-ABT,Heart-Fibroblasts,0.3556594803,0.09181291888,1454461
chr5,iDNA-ABT,Heart-Fibroblasts,0.3693272804,0.09458408398,1478098
chr6,iDNA-ABT,Heart-Fibroblasts,0.377872655,0.09270852321,1470849
chr7,iDNA-ABT,Heart-Fibroblasts,0.3579373892,0.09270097842,1540685
chr8,iDNA-ABT,Heart-Fibroblasts,0.3563075158,0.0954754143,1279911
chr9,iDNA-ABT,Heart-Fibroblasts,0.3792093204,0.09333342084,1175719
chrX,iDNA-ABT,Heart-Fibroblasts,0.3506019403,0.1050778446,1126768
chr1,iDNA-ABT,Kidney-Tubular-Endothel,0.542086002,0.06821497969,2261085
chr10,iDNA-ABT,Kidney-Tubular-Endothel,0.5099345383,0.06376811122,1343469
chr11,iDNA-ABT,Kidney-Tubular-Endothel,0.5021632907,0.07030300139,1284849
chr12,iDNA-ABT,Kidney-Tubular-Endothel,0.4968464652,0.06719953868,1278027
chr13,iDNA-ABT,Kidney-Tubular-Endothel,0.4778233411,0.05887841891,801148
chr14,iDNA-ABT,Kidney-Tubular-Endothel,0.5231622703,0.0664401739,850159
chr15,iDNA-ABT,Kidney-Tubular-Endothel,0.5478811072,0.06514437984,844318
chr16,iDNA-ABT,Kidney-Tubular-Endothel,0.5036460724,0.06974593306,1074197
chr17,iDNA-ABT,Kidney-Tubular-Endothel,0.5518996949,0.0755902566,1159556
chr18,iDNA-ABT,Kidney-Tubular-Endothel,0.4534484251,0.06103655037,683774
chr19,iDNA-ABT,Kidney-Tubular-Endothel,0.5136632257,0.08858974357,1039546
chr2,iDNA-ABT,Kidney-Tubular-Endothel,0.5090633002,0.06123660715,2143892
chr20,iDNA-ABT,Kidney-Tubular-Endothel,0.5197399512,0.07013841514,735376
chr21,iDNA-ABT,Kidney-Tubular-Endothel,0.4303836354,0.0671456786,380002
chr22,iDNA-ABT,Kidney-Tubular-Endothel,0.5081066807,0.07210383627,582516
chr3,iDNA-ABT,Kidney-Tubular-Endothel,0.5183817151,0.05902881114,1627601
chr4,iDNA-ABT,Kidney-Tubular-Endothel,0.4845336965,0.05848817277,1458760
chr5,iDNA-ABT,Kidney-Tubular-Endothel,0.5076420636,0.0615351449,1481935
chr6,iDNA-ABT,Kidney-Tubular-Endothel,0.5035095164,0.06559671886,1475639
chr7,iDNA-ABT,Kidney-Tubular-Endothel,0.4937174178,0.06301709142,1543866
chr8,iDNA-ABT,Kidney-Tubular-Endothel,0.4962713303,0.06122725321,1282811
chr9,iDNA-ABT,Kidney-Tubular-Endothel,0.5168022371,0.06654242571,1181509
chrX,iDNA-ABT,Kidney-Tubular-Endothel,0.393993637,0.05442427593,1135754
chr1,iDNA-ABT,Liver-Hepatocytes,0.451884045,0.07776042892,2264784
chr10,iDNA-ABT,Liver-Hepatocytes,0.4370042496,0.07138383143,1343309
chr11,iDNA-ABT,Liver-Hepatocytes,0.4161770624,0.07911754045,1289883
chr12,iDNA-ABT,Liver-Hepatocytes,0.4229682929,0.07491727212,1276237
chr13,iDNA-ABT,Liver-Hepatocytes,0.3892940995,0.06727219398,801884
chr14,iDNA-ABT,Liver-Hepatocytes,0.4325044395,0.07556349367,851356
chr15,iDNA-ABT,Liver-Hepatocytes,0.4650031678,0.07364926082,845581
chr16,iDNA-ABT,Liver-Hepatocytes,0.4270099993,0.07934580689,1076008
chr17,iDNA-ABT,Liver-Hepatocytes,0.4806651881,0.08466396042,1163008
chr18,iDNA-ABT,Liver-Hepatocytes,0.4013602554,0.06655411965,685093
chr19,iDNA-ABT,Liver-Hepatocytes,0.4257124245,0.098271949,1042101
chr2,iDNA-ABT,Liver-Hepatocytes,0.4295615087,0.06973147457,2146303
chr20,iDNA-ABT,Liver-Hepatocytes,0.4459698196,0.07689190394,738233
chr21,iDNA-ABT,Liver-Hepatocytes,0.3887711136,0.07395294124,379551
chr22,iDNA-ABT,Liver-Hepatocytes,0.455804247,0.07905379329,584083
chr3,iDNA-ABT,Liver-Hepatocytes,0.4228884497,0.06863252541,1628140
chr4,iDNA-ABT,Liver-Hepatocytes,0.3829849443,0.06909851572,1461127
chr5,iDNA-ABT,Liver-Hepatocytes,0.4125279203,0.07131182354,1482930
chr6,iDNA-ABT,Liver-Hepatocytes,0.4112686625,0.07493957674,1476533
chr7,iDNA-ABT,Liver-Hepatocytes,0.4107811185,0.07179768954,1547601
chr8,iDNA-ABT,Liver-Hepatocytes,0.410603464,0.0694866755,1283144
chr9,iDNA-ABT,Liver-Hepatocytes,0.4354794789,0.07555160215,1183218
chrX,iDNA-ABT,Liver-Hepatocytes,0.3691718522,0.07025994718,1134858
chr1,iDNA-ABT,Lung-Alveolar-Epithelial,0.5422626745,0.07237835914,2266875
chr10,iDNA-ABT,Lung-Alveolar-Epithelial,0.5118953141,0.0673655555,1346342
chr11,iDNA-ABT,Lung-Alveolar-Epithelial,0.516908925,0.07342552426,1291197
chr12,iDNA-ABT,Lung-Alveolar-Epithelial,0.5106669088,0.07047054936,1280808
chr13,iDNA-ABT,Lung-Alveolar-Epithelial,0.4844399339,0.06216248026,802150
chr14,iDNA-ABT,Lung-Alveolar-Epithelial,0.5324243951,0.06970625914,852011
chr15,iDNA-ABT,Lung-Alveolar-Epithelial,0.5463238629,0.0691008889,846904
chr16,iDNA-ABT,Lung-Alveolar-Epithelial,0.5039089819,0.07459158401,1077407
chr17,iDNA-ABT,Lung-Alveolar-Epithelial,0.5538138766,0.08034541269,1164228
chr18,iDNA-ABT,Lung-Alveolar-Epithelial,0.4780826642,0.06401825963,686181
chr19,iDNA-ABT,Lung-Alveolar-Epithelial,0.5082507931,0.09187764764,1043195
chr2,iDNA-ABT,Lung-Alveolar-Epithelial,0.5219781603,0.0644572914,2149325
chr20,iDNA-ABT,Lung-Alveolar-Epithelial,0.5297728589,0.07282827738,737933
chr21,iDNA-ABT,Lung-Alveolar-Epithelial,0.452862566,0.07041932367,380172
chr22,iDNA-ABT,Lung-Alveolar-Epithelial,0.5034681693,0.07660864275,583777
chr3,iDNA-ABT,Lung-Alveolar-Epithelial,0.5215618827,0.06366803222,1630687
chr4,iDNA-ABT,Lung-Alveolar-Epithelial,0.4957987844,0.06197307344,1461754
chr5,iDNA-ABT,Lung-Alveolar-Epithelial,0.5195143023,0.06360221488,1484648
chr6,iDNA-ABT,Lung-Alveolar-Epithelial,0.5084221238,0.06872364993,1477651
chr7,iDNA-ABT,Lung-Alveolar-Epithelial,0.4960105471,0.06747236484,1549133
chr8,iDNA-ABT,Lung-Alveolar-Epithelial,0.5065048746,0.06464992786,1285294
chr9,iDNA-ABT,Lung-Alveolar-Epithelial,0.5252340878,0.06988879725,1187765
chrX,iDNA-ABT,Lung-Alveolar-Epithelial,0.490703991,0.06190817083,1135700
chr1,iDNA-ABT,Lung-Bronchus-Epithelial,0.5257026591,0.07890347226,2265357
chr10,iDNA-ABT,Lung-Bronchus-Epithelial,0.498979439,0.0722434523,1344188
chr11,iDNA-ABT,Lung-Bronchus-Epithelial,0.4996132203,0.08004782081,1288253
chr12,iDNA-ABT,Lung-Bronchus-Epithelial,0.4905950926,0.0759076078,1279887
chr13,iDNA-ABT,Lung-Bronchus-Epithelial,0.4705848588,0.06671224241,802062
chr14,iDNA-ABT,Lung-Bronchus-Epithelial,0.5183170189,0.07462911926,850707
chr15,iDNA-ABT,Lung-Bronchus-Epithelial,0.5347479721,0.07377489714,846466
chr16,iDNA-ABT,Lung-Bronchus-Epithelial,0.4991013205,0.07820538685,1076829
chr17,iDNA-ABT,Lung-Bronchus-Epithelial,0.5409944827,0.08665713439,1163507
chr18,iDNA-ABT,Lung-Bronchus-Epithelial,0.4627047604,0.06873352633,684344
chr19,iDNA-ABT,Lung-Bronchus-Epithelial,0.5073045576,0.09663606236,1042445
chr2,iDNA-ABT,Lung-Bronchus-Epithelial,0.502230378,0.07004093055,2147018
chr20,iDNA-ABT,Lung-Bronchus-Epithelial,0.5127835068,0.07768971688,738478
chr21,iDNA-ABT,Lung-Bronchus-Epithelial,0.4568827604,0.07412711937,380750
chr22,iDNA-ABT,Lung-Bronchus-Epithelial,0.500142366,0.08156598037,583596
chr3,iDNA-ABT,Lung-Bronchus-Epithelial,0.5034210011,0.06894378975,1629412
chr4,iDNA-ABT,Lung-Bronchus-Epithelial,0.4804043801,0.0669454802,1460875
chr5,iDNA-ABT,Lung-Bronchus-Epithelial,0.5015054457,0.06889484777,1483601
chr6,iDNA-ABT,Lung-Bronchus-Epithelial,0.4883381298,0.0747791777,1477367
chr7,iDNA-ABT,Lung-Bronchus-Epithelial,0.486914469,0.0717486156,1546186
chr8,iDNA-ABT,Lung-Bronchus-Epithelial,0.4945806256,0.06892680872,1282961
chr9,iDNA-ABT,Lung-Bronchus-Epithelial,0.5118363554,0.0751064747,1183744
chrX,iDNA-ABT,Lung-Bronchus-Epithelial,0.4390320205,0.04632509426,1137272
chr1,iDNA-ABT,Oligodendrocytes,0.4743062353,0.0747631034,2258544
chr10,iDNA-ABT,Oligodendrocytes,0.4516942856,0.06986302046,1338387
chr11,iDNA-ABT,Oligodendrocytes,0.4450686717,0.07639076887,1287073
chr12,iDNA-ABT,Oligodendrocytes,0.4506348007,0.07183665622,1277562
chr13,iDNA-ABT,Oligodendrocytes,0.4207855979,0.0615821597,799667
chr14,iDNA-ABT,Oligodendrocytes,0.451074945,0.07399975553,849933
chr15,iDNA-ABT,Oligodendrocytes,0.4810155815,0.07181274993,841595
chr16,iDNA-ABT,Oligodendrocytes,0.4527829939,0.0764791708,1072063
chr17,iDNA-ABT,Oligodendrocytes,0.4884382468,0.08484408031,1158687
chr18,iDNA-ABT,Oligodendrocytes,0.4377532384,0.06301670753,684469
chr19,iDNA-ABT,Oligodendrocytes,0.431117454,0.09772923069,1041258
chr2,iDNA-ABT,Oligodendrocytes,0.4598832225,0.06560338584,2141977
chr20,iDNA-ABT,Oligodendrocytes,0.463385258,0.0755720582,737817
chr21,iDNA-ABT,Oligodendrocytes,0.3911166767,0.07171935357,379286
chr22,iDNA-ABT,Oligodendrocytes,0.445014142,0.07905129762,580459
chr3,iDNA-ABT,Oligodendrocytes,0.4553186262,0.06347340094,1626078
chr4,iDNA-ABT,Oligodendrocytes,0.4222681181,0.06191123491,1459127
chr5,iDNA-ABT,Oligodendrocytes,0.4401562144,0.0664022789,1480801
chr6,iDNA-ABT,Oligodendrocytes,0.4353714926,0.07082902151,1475886
chr7,iDNA-ABT,Oligodendrocytes,0.4306200628,0.06877641374,1543470
chr8,iDNA-ABT,Oligodendrocytes,0.445205685,0.06404291138,1280858
chr9,iDNA-ABT,Oligodendrocytes,0.463121791,0.07231176596,1177382
chrX,iDNA-ABT,Oligodendrocytes,0.3985258531,0.06414652456,1131081
chr1,iDNA-ABT,Ovary-Epithelial,0.4332675631,0.0915654767,2258270
chr10,iDNA-ABT,Ovary-Epithelial,0.3862657185,0.09018297009,1341794
chr11,iDNA-ABT,Ovary-Epithelial,0.3891856915,0.09745293466,1285595
chr12,iDNA-ABT,Ovary-Epithelial,0.4002700677,0.09005572152,1276935
chr13,iDNA-ABT,Ovary-Epithelial,0.3394519552,0.08837156698,800565
chr14,iDNA-ABT,Ovary-Epithelial,0.4090818039,0.09189029746,849188
chr15,iDNA-ABT,Ovary-Epithelial,0.4270657263,0.08994213321,842469
chr16,iDNA-ABT,Ovary-Epithelial,0.3737073805,0.1009822463,1071724
chr17,iDNA-ABT,Ovary-Epithelial,0.4592264718,0.09908880154,1155835
chr18,iDNA-ABT,Ovary-Epithelial,0.3300974648,0.08948234869,682621
chr19,iDNA-ABT,Ovary-Epithelial,0.4057405754,0.1121107203,1037467
chr2,iDNA-ABT,Ovary-Epithelial,0.3906418574,0.08568473114,2141220
chr20,iDNA-ABT,Ovary-Epithelial,0.4071312853,0.09355219509,735719
chr21,iDNA-ABT,Ovary-Epithelial,0.3357728476,0.09426941004,378382
chr22,iDNA-ABT,Ovary-Epithelial,0.4002154021,0.101648013,580332
chr3,iDNA-ABT,Ovary-Epithelial,0.4047392824,0.08231038343,1625528
chr4,iDNA-ABT,Ovary-Epithelial,0.3658911212,0.08289218091,1457419
chr5,iDNA-ABT,Ovary-Epithelial,0.3710125395,0.08912681866,1479186
chr6,iDNA-ABT,Ovary-Epithelial,0.389308878,0.08867437815,1473803
chr7,iDNA-ABT,Ovary-Epithelial,0.3745615997,0.08973837477,1542164
chr8,iDNA-ABT,Ovary-Epithelial,0.3653201356,0.09072844703,1281117
chr9,iDNA-ABT,Ovary-Epithelial,0.4039387485,0.09278572747,1176367
chrX,iDNA-ABT,Ovary-Epithelial,0.198116502,0.08481032349,1135444
chr1,iDNA-ABT,Pancreas-Acinar,0.4673046972,0.08525955221,2268918
chr10,iDNA-ABT,Pancreas-Acinar,0.455752023,0.08099673583,1347269
chr11,iDNA-ABT,Pancreas-Acinar,0.4492110825,0.08741705003,1289588
chr12,iDNA-ABT,Pancreas-Acinar,0.4552966612,0.08408303514,1280570
chr13,iDNA-ABT,Pancreas-Acinar,0.453504291,0.07639492444,802596
chr14,iDNA-ABT,Pancreas-Acinar,0.462365478,0.08404318603,852449
chr15,iDNA-ABT,Pancreas-Acinar,0.4679220482,0.08302978554,847547
chr16,iDNA-ABT,Pancreas-Acinar,0.443328631,0.08935109144,1078700
chr17,iDNA-ABT,Pancreas-Acinar,0.4796527426,0.09163158825,1165097
chr18,iDNA-ABT,Pancreas-Acinar,0.4510783884,0.07896439737,686593
chr19,iDNA-ABT,Pancreas-Acinar,0.4210221862,0.1052813831,1043857
chr2,iDNA-ABT,Pancreas-Acinar,0.4555660234,0.07825093685,2149801
chr20,iDNA-ABT,Pancreas-Acinar,0.4663348258,0.08822210529,739638
chr21,iDNA-ABT,Pancreas-Acinar,0.4380539815,0.0852934393,380905
chr22,iDNA-ABT,Pancreas-Acinar,0.4574558228,0.08951695402,584496
chr3,iDNA-ABT,Pancreas-Acinar,0.4628146392,0.07642552495,1630187
chr4,iDNA-ABT,Pancreas-Acinar,0.4521341878,0.07941881157,1461853
chr5,iDNA-ABT,Pancreas-Acinar,0.4579561583,0.07990413227,1485005
chr6,iDNA-ABT,Pancreas-Acinar,0.4489733943,0.0825777427,1477001
chr7,iDNA-ABT,Pancreas-Acinar,0.4390694363,0.08038508395,1550448
chr8,iDNA-ABT,Pancreas-Acinar,0.4518895581,0.08189069398,1286878
chr9,iDNA-ABT,Pancreas-Acinar,0.4558237823,0.08401668392,1187865
chrX,iDNA-ABT,Pancreas-Acinar,0.4503634007,0.08031480187,1136143
chr1,iDNA-ABT,Pancreas-Alpha,0.5338556907,0.06830764742,2265434
chr10,iDNA-ABT,Pancreas-Alpha,0.505746162,0.06330850642,1345498
chr11,iDNA-ABT,Pancreas-Alpha,0.5036582619,0.0692915845,1290003
chr12,iDNA-ABT,Pancreas-Alpha,0.4937897976,0.06764014693,1280320
chr13,iDNA-ABT,Pancreas-Alpha,0.476875037,0.05937604681,802277
chr14,iDNA-ABT,Pancreas-Alpha,0.5220509392,0.06719574861,851489
chr15,iDNA-ABT,Pancreas-Alpha,0.5431939799,0.06482847552,845592
chr16,iDNA-ABT,Pancreas-Alpha,0.4986057331,0.07151804963,1076195
chr17,iDNA-ABT,Pancreas-Alpha,0.5505631358,0.07539257176,1160277
chr18,iDNA-ABT,Pancreas-Alpha,0.4670176524,0.0599679435,684249
chr19,iDNA-ABT,Pancreas-Alpha,0.5003105688,0.08839972017,1042586
chr2,iDNA-ABT,Pancreas-Alpha,0.514830036,0.06015446973,2147895
chr20,iDNA-ABT,Pancreas-Alpha,0.5184862849,0.06890190408,736851
chr21,iDNA-ABT,Pancreas-Alpha,0.4657311856,0.06483680069,379974
chr22,iDNA-ABT,Pancreas-Alpha,0.5132072251,0.07021169273,583003
chr3,iDNA-ABT,Pancreas-Alpha,0.5154930052,0.05956182594,1627853
chr4,iDNA-ABT,Pancreas-Alpha,0.4845060918,0.05897958659,1459650
chr5,iDNA-ABT,Pancreas-Alpha,0.5082640261,0.06117396394,1484150
chr6,iDNA-ABT,Pancreas-Alpha,0.4990904034,0.06625623806,1475844
chr7,iDNA-ABT,Pancreas-Alpha,0.4839392327,0.06442605581,1548384
chr8,iDNA-ABT,Pancreas-Alpha,0.4958237485,0.06136835402,1284507
chr9,iDNA-ABT,Pancreas-Alpha,0.5158148065,0.06604216496,1183530
chrX,iDNA-ABT,Pancreas-Alpha,0.4068289665,0.05598024502,1137375
chr1,iDNA-ABT,Pancreas-Beta,0.5316443914,0.06743022944,2263184
chr10,iDNA-ABT,Pancreas-Beta,0.5013728226,0.0635156203,1344427
chr11,iDNA-ABT,Pancreas-Beta,0.4994216347,0.06917700096,1288996
chr12,iDNA-ABT,Pancreas-Beta,0.4860213582,0.0674683327,1279394
chr13,iDNA-ABT,Pancreas-Beta,0.4717954537,0.06043225104,801855
chr14,iDNA-ABT,Pancreas-Beta,0.522521691,0.06584228097,850851
chr15,iDNA-ABT,Pancreas-Beta,0.541475174,0.06406815855,844371
chr16,iDNA-ABT,Pancreas-Beta,0.5009250802,0.07044273031,1074609
chr17,iDNA-ABT,Pancreas-Beta,0.54931592,0.07423380607,1159026
chr18,iDNA-ABT,Pancreas-Beta,0.4524419333,0.06256571475,683348
chr19,iDNA-ABT,Pancreas-Beta,0.5064123359,0.08579512332,1041997
chr2,iDNA-ABT,Pancreas-Beta,0.5058450678,0.06083781943,2146141
chr20,iDNA-ABT,Pancreas-Beta,0.5074242579,0.06909826471,736204
chr21,iDNA-ABT,Pancreas-Beta,0.4651610342,0.06524524667,379324
chr22,iDNA-ABT,Pancreas-Beta,0.5127110737,0.06998215576,581944
chr3,iDNA-ABT,Pancreas-Beta,0.5072527149,0.06009358923,1626728
chr4,iDNA-ABT,Pancreas-Beta,0.4807952729,0.05914451564,1458687
chr5,iDNA-ABT,Pancreas-Beta,0.5062259922,0.06062720202,1483231
chr6,iDNA-ABT,Pancreas-Beta,0.4947378251,0.06621925059,1475120
chr7,iDNA-ABT,Pancreas-Beta,0.4823375864,0.06499316549,1546650
chr8,iDNA-ABT,Pancreas-Beta,0.4916565647,0.06128308785,1283349
chr9,iDNA-ABT,Pancreas-Beta,0.5077109876,0.0665607203,1181431
chrX,iDNA-ABT,Pancreas-Beta,0.4145533852,0.04998043177,1136617
chr1,iDNA-ABT,Pancreas-Delta,0.517661871,0.07058632374,2262499
chr10,iDNA-ABT,Pancreas-Delta,0.4814320342,0.06593572363,1343942
chr11,iDNA-ABT,Pancreas-Delta,0.4774538121,0.07216331447,1288117
chr12,iDNA-ABT,Pancreas-Delta,0.4722817555,0.06965950417,1278879
chr13,iDNA-ABT,Pancreas-Delta,0.4611544519,0.06163580212,801700
chr14,iDNA-ABT,Pancreas-Delta,0.5069255314,0.06895007075,850790
chr15,iDNA-ABT,Pancreas-Delta,0.5253562965,0.06724621471,844392
chr16,iDNA-ABT,Pancreas-Delta,0.4851957954,0.07332265427,1074473
chr17,iDNA-ABT,Pancreas-Delta,0.537697502,0.07727852552,1159159
chr18,iDNA-ABT,Pancreas-Delta,0.4355662897,0.06403272827,683121
chr19,iDNA-ABT,Pancreas-Delta,0.4934241635,0.08858599661,1041249
chr2,iDNA-ABT,Pancreas-Delta,0.4880273709,0.06340181493,2145330
chr20,iDNA-ABT,Pancreas-Delta,0.495560072,0.07116721163,735957
chr21,iDNA-ABT,Pancreas-Delta,0.4483208605,0.06737682073,379231
chr22,iDNA-ABT,Pancreas-Delta,0.5031868679,0.07198248163,581828
chr3,iDNA-ABT,Pancreas-Delta,0.4909719608,0.06247627727,1626422
chr4,iDNA-ABT,Pancreas-Delta,0.4625751168,0.0616676834,1458536
chr5,iDNA-ABT,Pancreas-Delta,0.4887234671,0.06391603398,1482840
chr6,iDNA-ABT,Pancreas-Delta,0.478818365,0.06896619893,1474822
chr7,iDNA-ABT,Pancreas-Delta,0.4676829505,0.06677219259,1546606
chr8,iDNA-ABT,Pancreas-Delta,0.4752715131,0.06369184033,1283167
chr9,iDNA-ABT,Pancreas-Delta,0.493364302,0.06896067454,1180809
chrX,iDNA-ABT,Pancreas-Delta,0.3674143103,0.05928007533,1136497
chr1,iDNA-ABT,Pancreas-Duct,0.5336645658,0.0722931249,2261612
chr10,iDNA-ABT,Pancreas-Duct,0.5023245872,0.06818382349,1345088
chr11,iDNA-ABT,Pancreas-Duct,0.4998744553,0.07360423953,1287100
chr12,iDNA-ABT,Pancreas-Duct,0.4971621175,0.07021601505,1279311
chr13,iDNA-ABT,Pancreas-Duct,0.4730096734,0.06258804217,802011
chr14,iDNA-ABT,Pancreas-Duct,0.5190538519,0.07039473081,851264
chr15,iDNA-ABT,Pancreas-Duct,0.5403957912,0.06865510667,845610
chr16,iDNA-ABT,Pancreas-Duct,0.4999150696,0.07340964423,1075890
chr17,iDNA-ABT,Pancreas-Duct,0.5479390433,0.0792810966,1162317
chr18,iDNA-ABT,Pancreas-Duct,0.4675439213,0.06361259856,684936
chr19,iDNA-ABT,Pancreas-Duct,0.5066460251,0.09096138173,1041539
chr2,iDNA-ABT,Pancreas-Duct,0.5125971402,0.06416416714,2147495
chr20,iDNA-ABT,Pancreas-Duct,0.5185659371,0.07225761402,738307
chr21,iDNA-ABT,Pancreas-Duct,0.450287672,0.06971603972,379966
chr22,iDNA-ABT,Pancreas-Duct,0.5076735158,0.07479859401,582465
chr3,iDNA-ABT,Pancreas-Duct,0.5109909499,0.06263217113,1629807
chr4,iDNA-ABT,Pancreas-Duct,0.4779866546,0.06261697368,1458887
chr5,iDNA-ABT,Pancreas-Duct,0.504062391,0.0651470648,1483601
chr6,iDNA-ABT,Pancreas-Duct,0.4985356744,0.06880866379,1475980
chr7,iDNA-ABT,Pancreas-Duct,0.4891028557,0.06682064042,1549679
chr8,iDNA-ABT,Pancreas-Duct,0.4904999476,0.06452238355,1284764
chr9,iDNA-ABT,Pancreas-Duct,0.5126357236,0.07057084189,1183019
chrX,iDNA-ABT,Pancreas-Duct,0.3775949533,0.05350371183,1137102
chr1,iDNA-ABT,Prostate-Epithelial,0.5143395626,0.07535575755,2266097
chr10,iDNA-ABT,Prostate-Epithelial,0.4796305464,0.07001384368,1345336
chr11,iDNA-ABT,Prostate-Epithelial,0.4837861428,0.07678461289,1290571
chr12,iDNA-ABT,Prostate-Epithelial,0.4769816374,0.07314880285,1279683
chr13,iDNA-ABT,Prostate-Epithelial,0.451594649,0.06470479263,801830
chr14,iDNA-ABT,Prostate-Epithelial,0.5020642693,0.07270377494,852083
chr15,iDNA-ABT,Prostate-Epithelial,0.5179382487,0.07150744332,846728
chr16,iDNA-ABT,Prostate-Epithelial,0.4880345498,0.07517397762,1077347
chr17,iDNA-ABT,Prostate-Epithelial,0.5316545772,0.08169800177,1162564
chr18,iDNA-ABT,Prostate-Epithelial,0.4389296197,0.06617397005,686019
chr19,iDNA-ABT,Prostate-Epithelial,0.4970843476,0.09333970956,1042759
chr2,iDNA-ABT,Prostate-Epithelial,0.4845241925,0.06686824702,2147382
chr20,iDNA-ABT,Prostate-Epithelial,0.5000645503,0.07535620093,737268
chr21,iDNA-ABT,Prostate-Epithelial,0.4376153545,0.07147306201,380489
chr22,iDNA-ABT,Prostate-Epithelial,0.4932175795,0.07730835405,584826
chr3,iDNA-ABT,Prostate-Epithelial,0.4915766876,0.06542739403,1629621
chr4,iDNA-ABT,Prostate-Epithelial,0.464355982,0.0642908851,1459986
chr5,iDNA-ABT,Prostate-Epithelial,0.4821630205,0.06640144651,1484012
chr6,iDNA-ABT,Prostate-Epithelial,0.4791843819,0.07053665,1477388
chr7,iDNA-ABT,Prostate-Epithelial,0.4704604979,0.0683983576,1548382
chr8,iDNA-ABT,Prostate-Epithelial,0.4724023761,0.06755623773,1285067
chr9,iDNA-ABT,Prostate-Epithelial,0.4930589858,0.07250761596,1184300
chrX,iDNA-ABT,Prostate-Epithelial,0.451126746,0.06605556966,1134655
chr1,iDNA-ABT,Skeletal-Muscle,0.4976937258,0.06736042125,2262728
chr10,iDNA-ABT,Skeletal-Muscle,0.4736989085,0.06264143631,1343533
chr11,iDNA-ABT,Skeletal-Muscle,0.4697863491,0.06778674128,1288430
chr12,iDNA-ABT,Skeletal-Muscle,0.4714425851,0.06518511623,1278422
chr13,iDNA-ABT,Skeletal-Muscle,0.4448900792,0.05747284741,801659
chr14,iDNA-ABT,Skeletal-Muscle,0.4797422506,0.06513874716,850912
chr15,iDNA-ABT,Skeletal-Muscle,0.5044986723,0.06467089424,844937
chr16,iDNA-ABT,Skeletal-Muscle,0.4680481905,0.06847424176,1075832
chr17,iDNA-ABT,Skeletal-Muscle,0.511523006,0.07434270996,1161632
chr18,iDNA-ABT,Skeletal-Muscle,0.4511748716,0.058406986,684407
chr19,iDNA-ABT,Skeletal-Muscle,0.4565820759,0.08851311616,1040241
chr2,iDNA-ABT,Skeletal-Muscle,0.4769170376,0.05965955332,2145410
chr20,iDNA-ABT,Skeletal-Muscle,0.4830718899,0.06777102303,735957
chr21,iDNA-ABT,Skeletal-Muscle,0.434330485,0.06364632484,379682
chr22,iDNA-ABT,Skeletal-Muscle,0.471697081,0.06987370389,582576
chr3,iDNA-ABT,Skeletal-Muscle,0.478053992,0.0584081223,1627112
chr4,iDNA-ABT,Skeletal-Muscle,0.449774528,0.05725525041,1459373
chr5,iDNA-ABT,Skeletal-Muscle,0.4674394962,0.06023215047,1483224
chr6,iDNA-ABT,Skeletal-Muscle,0.461192073,0.06395440163,1476818
chr7,iDNA-ABT,Skeletal-Muscle,0.4562880466,0.06218609451,1546077
chr8,iDNA-ABT,Skeletal-Muscle,0.4645833561,0.05975508189,1283840
chr9,iDNA-ABT,Skeletal-Muscle,0.4856514591,0.06472826651,1180828
chrX,iDNA-ABT,Skeletal-Muscle,0.3684156054,0.04742163718,1136804
chr1,iDNA-ABT,Small-int-Epithelial,0.4503778585,0.08715843569,2261731
chr10,iDNA-ABT,Small-int-Epithelial,0.4252333326,0.07871156814,1342506
chr11,iDNA-ABT,Small-int-Epithelial,0.4258678862,0.08913355952,1285669
chr12,iDNA-ABT,Small-int-Epithelial,0.4179549171,0.08218074192,1279490
chr13,iDNA-ABT,Small-int-Epithelial,0.3872734898,0.0741139632,801909
chr14,iDNA-ABT,Small-int-Epithelial,0.4340240752,0.08352212299,851638
chr15,iDNA-ABT,Small-int-Epithelial,0.4511339789,0.08115184977,845646
chr16,iDNA-ABT,Small-int-Epithelial,0.4240833722,0.08883166981,1075833
chr17,iDNA-ABT,Small-int-Epithelial,0.4664757727,0.09647616358,1162051
chr18,iDNA-ABT,Small-int-Epithelial,0.3843531415,0.07448702761,685338
chr19,iDNA-ABT,Small-int-Epithelial,0.4147431235,0.1074220178,1041177
chr2,iDNA-ABT,Small-int-Epithelial,0.4322027136,0.0767773253,2146054
chr20,iDNA-ABT,Small-int-Epithelial,0.4292438918,0.08652192573,738328
chr21,iDNA-ABT,Small-int-Epithelial,0.3406815867,0.08200526908,379635
chr22,iDNA-ABT,Small-int-Epithelial,0.4192848572,0.09217758415,582434
chr3,iDNA-ABT,Small-int-Epithelial,0.4352878704,0.0746531337,1626871
chr4,iDNA-ABT,Small-int-Epithelial,0.400290618,0.07370478534,1459883
chr5,iDNA-ABT,Small-int-Epithelial,0.4088933215,0.07703096713,1482873
chr6,iDNA-ABT,Small-int-Epithelial,0.4207172977,0.08027556574,1475387
chr7,iDNA-ABT,Small-int-Epithelial,0.4074083437,0.07804481943,1546724
chr8,iDNA-ABT,Small-int-Epithelial,0.4082255077,0.07788214572,1283523
chr9,iDNA-ABT,Small-int-Epithelial,0.4387488572,0.08340671554,1183902
chrX,iDNA-ABT,Small-int-Epithelial,0.3871776945,0.07484394687,1134277
chr1,iDNA-ABT,Thyroid-Epithelial,0.5451471327,0.06980998914,2258284
chr10,iDNA-ABT,Thyroid-Epithelial,0.5140289849,0.06472743711,1345018
chr11,iDNA-ABT,Thyroid-Epithelial,0.5174666341,0.07104663164,1289188
chr12,iDNA-ABT,Thyroid-Epithelial,0.5031281685,0.06832317605,1279369
chr13,iDNA-ABT,Thyroid-Epithelial,0.4968563114,0.05715544835,801977
chr14,iDNA-ABT,Thyroid-Epithelial,0.5328651426,0.0673828539,851778
chr15,iDNA-ABT,Thyroid-Epithelial,0.5436305461,0.06743468276,844225
chr16,iDNA-ABT,Thyroid-Epithelial,0.5044729883,0.07285764036,1076338
chr17,iDNA-ABT,Thyroid-Epithelial,0.5481786,0.07945863449,1163023
chr18,iDNA-ABT,Thyroid-Epithelial,0.4768856629,0.06019127923,684169
chr19,iDNA-ABT,Thyroid-Epithelial,0.5027818556,0.09306828805,1042182
chr2,iDNA-ABT,Thyroid-Epithelial,0.5221368579,0.06160781957,2147261
chr20,iDNA-ABT,Thyroid-Epithelial,0.5207381722,0.07169083906,735958
chr21,iDNA-ABT,Thyroid-Epithelial,0.4792988918,0.06423861069,379454
chr22,iDNA-ABT,Thyroid-Epithelial,0.5058554597,0.07466813955,584578
chr3,iDNA-ABT,Thyroid-Epithelial,0.5268705378,0.05946416948,1627256
chr4,iDNA-ABT,Thyroid-Epithelial,0.5005901778,0.05719211538,1459624
chr5,iDNA-ABT,Thyroid-Epithelial,0.5237439127,0.06117451303,1483511
chr6,iDNA-ABT,Thyroid-Epithelial,0.5132873704,0.06584713971,1475358
chr7,iDNA-ABT,Thyroid-Epithelial,0.5033360926,0.06352039427,1547461
chr8,iDNA-ABT,Thyroid-Epithelial,0.5097570658,0.06087642656,1283505
chr9,iDNA-ABT,Thyroid-Epithelial,0.5205303486,0.0680664693,1183514
chrX,iDNA-ABT,Thyroid-Epithelial,0.400523948,0.05075361694,1136950
chr1,iDNA-ABT,Tonsil-Palatine-Epithelial,0.5019471892,0.08007845597,2263242
chr10,iDNA-ABT,Tonsil-Palatine-Epithelial,0.4754199696,0.07512074837,1343814
chr11,iDNA-ABT,Tonsil-Palatine-Epithelial,0.4774887085,0.08160668976,1286710
chr12,iDNA-ABT,Tonsil-Palatine-Epithelial,0.4734388654,0.07731278329,1278985
chr13,iDNA-ABT,Tonsil-Palatine-Epithelial,0.4440739182,0.07058308179,801973
chr14,iDNA-ABT,Tonsil-Palatine-Epithelial,0.4906497544,0.07760127395,851477
chr15,iDNA-ABT,Tonsil-Palatine-Epithelial,0.5030066449,0.07684746158,845504
chr16,iDNA-ABT,Tonsil-Palatine-Epithelial,0.4676640518,0.08226224866,1075755
chr17,iDNA-ABT,Tonsil-Palatine-Epithelial,0.5116864105,0.08759427319,1162090
chr18,iDNA-ABT,Tonsil-Palatine-Epithelial,0.4307173826,0.07266699612,684492
chr19,iDNA-ABT,Tonsil-Palatine-Epithelial,0.4721596591,0.09748524239,1041775
chr2,iDNA-ABT,Tonsil-Palatine-Epithelial,0.4738178156,0.07333501144,2146663
chr20,iDNA-ABT,Tonsil-Palatine-Epithelial,0.4806204224,0.08090949938,737293
chr21,iDNA-ABT,Tonsil-Palatine-Epithelial,0.4098456398,0.07959959405,380690
chr22,iDNA-ABT,Tonsil-Palatine-Epithelial,0.4624581469,0.08576183763,582986
chr3,iDNA-ABT,Tonsil-Palatine-Epithelial,0.4859397441,0.07091028651,1629436
chr4,iDNA-ABT,Tonsil-Palatine-Epithelial,0.458821653,0.06969391288,1459804
chr5,iDNA-ABT,Tonsil-Palatine-Epithelial,0.474762226,0.07228577933,1482732
chr6,iDNA-ABT,Tonsil-Palatine-Epithelial,0.4667377948,0.07656598148,1475469
chr7,iDNA-ABT,Tonsil-Palatine-Epithelial,0.4594277321,0.07468485218,1547002
chr8,iDNA-ABT,Tonsil-Palatine-Epithelial,0.4627041947,0.07342920728,1284728
chr9,iDNA-ABT,Tonsil-Palatine-Epithelial,0.4811866617,0.07797044569,1183535
chrX,iDNA-ABT,Tonsil-Palatine-Epithelial,0.4500061618,0.07260180817,1133954
chr1,CpGenie,Adipocytes,0.7944234535,0.03396185359,2261392
chr10,CpGenie,Adipocytes,0.7324321389,0.03871259699,1343916
chr11,CpGenie,Adipocytes,0.7683474978,0.03715697225,1286724
chr12,CpGenie,Adipocytes,0.778788706,0.03363077472,1279958
chr13,CpGenie,Adipocytes,0.7514881667,0.0321595319,802050
chr14,CpGenie,Adipocytes,0.7870262619,0.03318608582,851272
chr15,CpGenie,Adipocytes,0.790740254,0.03332227689,845140
chr16,CpGenie,Adipocytes,0.7771907149,0.03550498588,1075841
chr17,CpGenie,Adipocytes,0.8077073496,0.03579576465,1162529
chr18,CpGenie,Adipocytes,0.710778188,0.03814029165,684147
chr19,CpGenie,Adipocytes,0.827496649,0.03563165499,1041902
chr2,CpGenie,Adipocytes,0.7641539111,0.03335901957,2145318
chr20,CpGenie,Adipocytes,0.7591497976,0.03871904047,737523
chr21,CpGenie,Adipocytes,0.7275664486,0.03779006746,380325
chr22,CpGenie,Adipocytes,0.7754318999,0.03699366999,582668
chr3,CpGenie,Adipocytes,0.7615854943,0.0328324528,1627424
chr4,CpGenie,Adipocytes,0.7424854926,0.03308270136,1459849
chr5,CpGenie,Adipocytes,0.7664481374,0.03264451909,1482871
chr6,CpGenie,Adipocytes,0.7819495968,0.03258043533,1477069
chr7,CpGenie,Adipocytes,0.761819829,0.03389201665,1549069
chr8,CpGenie,Adipocytes,0.7311203036,0.03633265737,1284435
chr9,CpGenie,Adipocytes,0.7300889226,0.0414068212,1181338
chrX,CpGenie,Adipocytes,0.5857533428,0.04227013622,1136543
chr1,CpGenie,Aorta-Endothel,0.758614639,0.04159154068,2262556
chr10,CpGenie,Aorta-Endothel,0.6761024147,0.04977909084,1344172
chr11,CpGenie,Aorta-Endothel,0.7350939225,0.04464366378,1285654
chr12,CpGenie,Aorta-Endothel,0.7417321282,0.04209354645,1278813
chr13,CpGenie,Aorta-Endothel,0.6929537424,0.0420774314,801761
chr14,CpGenie,Aorta-Endothel,0.745096749,0.04204958065,851670
chr15,CpGenie,Aorta-Endothel,0.7490305998,0.04237802788,845128
chr16,CpGenie,Aorta-Endothel,0.7494003325,0.0429105783,1075906
chr17,CpGenie,Aorta-Endothel,0.7937754866,0.04055674171,1161205
chr18,CpGenie,Aorta-Endothel,0.6689988022,0.04726150194,685049
chr19,CpGenie,Aorta-Endothel,0.8192359652,0.03890561814,1041043
chr2,CpGenie,Aorta-Endothel,0.7202580101,0.04224017624,2146851
chr20,CpGenie,Aorta-Endothel,0.7331008636,0.04525453271,736722
chr21,CpGenie,Aorta-Endothel,0.6854646755,0.0466339559,379268
chr22,CpGenie,Aorta-Endothel,0.7565306092,0.04212329026,583715
chr3,CpGenie,Aorta-Endothel,0.7167020084,0.04215369515,1626783
chr4,CpGenie,Aorta-Endothel,0.6923608326,0.04259376359,1460920
chr5,CpGenie,Aorta-Endothel,0.7169505611,0.04226259391,1482800
chr6,CpGenie,Aorta-Endothel,0.7382627104,0.04119074492,1477076
chr7,CpGenie,Aorta-Endothel,0.7235379536,0.04200538454,1547307
chr8,CpGenie,Aorta-Endothel,0.6657210359,0.04825478082,1284483
chr9,CpGenie,Aorta-Endothel,0.687188692,0.05052763996,1183022
chrX,CpGenie,Aorta-Endothel,0.5420739787,0.05540799471,1136928
chr1,CpGenie,Aorta-Smooth-Muscle,0.7215925549,0.04465052506,2263318
chr10,CpGenie,Aorta-Smooth-Muscle,0.6459480098,0.05172026703,1345928
chr11,CpGenie,Aorta-Smooth-Muscle,0.6997167867,0.04687398261,1287043
chr12,CpGenie,Aorta-Smooth-Muscle,0.6969790327,0.04618849462,1278143
chr13,CpGenie,Aorta-Smooth-Muscle,0.6625848031,0.04460782431,802025
chr14,CpGenie,Aorta-Smooth-Muscle,0.7096370085,0.04442155081,851890
chr15,CpGenie,Aorta-Smooth-Muscle,0.7090488516,0.04577706425,844644
chr16,CpGenie,Aorta-Smooth-Muscle,0.7016412546,0.04787185506,1076254
chr17,CpGenie,Aorta-Smooth-Muscle,0.757236762,0.04371550475,1163088
chr18,CpGenie,Aorta-Smooth-Muscle,0.6392665016,0.04870715932,685140
chr19,CpGenie,Aorta-Smooth-Muscle,0.7718092983,0.04382484809,1042185
chr2,CpGenie,Aorta-Smooth-Muscle,0.6818110786,0.04569696075,2147528
chr20,CpGenie,Aorta-Smooth-Muscle,0.6979978203,0.04718052809,737061
chr21,CpGenie,Aorta-Smooth-Muscle,0.6418034492,0.05033829976,380386
chr22,CpGenie,Aorta-Smooth-Muscle,0.7142583873,0.04636977848,583096
chr3,CpGenie,Aorta-Smooth-Muscle,0.6900345927,0.04352755019,1629545
chr4,CpGenie,Aorta-Smooth-Muscle,0.6628861474,0.04425031547,1460807
chr5,CpGenie,Aorta-Smooth-Muscle,0.6806726457,0.04490455022,1483193
chr6,CpGenie,Aorta-Smooth-Muscle,0.6995279553,0.04427528974,1477925
chr7,CpGenie,Aorta-Smooth-Muscle,0.6821824223,0.04577789119,1546997
chr8,CpGenie,Aorta-Smooth-Muscle,0.6308427238,0.05076097497,1284774
chr9,CpGenie,Aorta-Smooth-Muscle,0.6572151449,0.05192419548,1184567
chrX,CpGenie,Aorta-Smooth-Muscle,0.6182062934,0.05293069058,1134492
chr1,CpGenie,Bladder-Epithelial,0.7463920404,0.04721285782,2264328
chr10,CpGenie,Bladder-Epithelial,0.6681545479,0.05478727412,1345632
chr11,CpGenie,Bladder-Epithelial,0.7207852554,0.05092880417,1287559
chr12,CpGenie,Bladder-Epithelial,0.7261795193,0.04757220523,1278712
chr13,CpGenie,Bladder-Epithelial,0.6867103123,0.04761407516,802162
chr14,CpGenie,Bladder-Epithelial,0.7337744307,0.0470484237,852505
chr15,CpGenie,Bladder-Epithelial,0.7415925919,0.04656343944,847373
chr16,CpGenie,Bladder-Epithelial,0.7383704697,0.04758944129,1077400
chr17,CpGenie,Bladder-Epithelial,0.7743488652,0.0463235702,1163563
chr18,CpGenie,Bladder-Epithelial,0.6672665478,0.05148108993,685212
chr19,CpGenie,Bladder-Epithelial,0.7996443428,0.04469954756,1042900
chr2,CpGenie,Bladder-Epithelial,0.7151987052,0.04660196674,2148301
chr20,CpGenie,Bladder-Epithelial,0.7177555774,0.05133189482,736760
chr21,CpGenie,Bladder-Epithelial,0.682330357,0.05195819083,380119
chr22,CpGenie,Bladder-Epithelial,0.7302643294,0.05032375635,585117
chr3,CpGenie,Bladder-Epithelial,0.7182235333,0.04536849743,1629713
chr4,CpGenie,Bladder-Epithelial,0.6890828832,0.04752295485,1459458
chr5,CpGenie,Bladder-Epithelial,0.7120654411,0.04642854456,1484111
chr6,CpGenie,Bladder-Epithelial,0.7266764297,0.04691098707,1476070
chr7,CpGenie,Bladder-Epithelial,0.7154463445,0.04671768423,1549614
chr8,CpGenie,Bladder-Epithelial,0.6587065927,0.05406244203,1284274
chr9,CpGenie,Bladder-Epithelial,0.6704502675,0.05709663528,1184418
chrX,CpGenie,Bladder-Epithelial,0.6360776101,0.05545134669,1134630
chr1,CpGenie,Blood-B,0.7744886583,0.03836728315,2275518
chr10,CpGenie,Blood-B,0.6857276894,0.04670236029,1349724
chr11,CpGenie,Blood-B,0.7489140124,0.04210731334,1294689
chr12,CpGenie,Blood-B,0.7576062251,0.0383381971,1284207
chr13,CpGenie,Blood-B,0.7034776548,0.03844854345,804016
chr14,CpGenie,Blood-B,0.7550500457,0.03989391127,853884
chr15,CpGenie,Blood-B,0.7616217295,0.03935342376,851538
chr16,CpGenie,Blood-B,0.7578829238,0.04101334564,1082281
chr17,CpGenie,Blood-B,0.798278074,0.04008020501,1170054
chr18,CpGenie,Blood-B,0.7037994454,0.03947764848,690259
chr19,CpGenie,Blood-B,0.8184710511,0.0405634367,1046614
chr2,CpGenie,Blood-B,0.7413352243,0.03755327674,2154824
chr20,CpGenie,Blood-B,0.7421731823,0.04340886591,741525
chr21,CpGenie,Blood-B,0.6830917128,0.04662670136,384212
chr22,CpGenie,Blood-B,0.7514556779,0.04369742011,587812
chr3,CpGenie,Blood-B,0.7417338956,0.03605744368,1633769
chr4,CpGenie,Blood-B,0.7095531264,0.03837624168,1465199
chr5,CpGenie,Blood-B,0.7335289224,0.03804788703,1488600
chr6,CpGenie,Blood-B,0.7525730141,0.03813341188,1480557
chr7,CpGenie,Blood-B,0.73952089,0.03827585113,1557606
chr8,CpGenie,Blood-B,0.6722746222,0.04574433277,1290133
chr9,CpGenie,Blood-B,0.6905709969,0.04902079833,1194463
chrX,CpGenie,Blood-B,0.654742331,0.04516892648,1140212
chr1,CpGenie,Blood-Granulocytes,0.7814341299,0.03791857633,2263426
chr10,CpGenie,Blood-Granulocytes,0.702854176,0.04518423967,1344606
chr11,CpGenie,Blood-Granulocytes,0.749690294,0.04222852425,1287502
chr12,CpGenie,Blood-Granulocytes,0.7544347643,0.0395997071,1276832
chr13,CpGenie,Blood-Granulocytes,0.7298580801,0.03450193218,801761
chr14,CpGenie,Blood-Granulocytes,0.7740367196,0.03667040673,851139
chr15,CpGenie,Blood-Granulocytes,0.7768323369,0.03769113014,845906
chr16,CpGenie,Blood-Granulocytes,0.7643463932,0.04033219147,1075960
chr17,CpGenie,Blood-Granulocytes,0.7931775167,0.04260746863,1161902
chr18,CpGenie,Blood-Granulocytes,0.6952840006,0.04133968456,684701
chr19,CpGenie,Blood-Granulocytes,0.8207373293,0.04026674723,1041190
chr2,CpGenie,Blood-Granulocytes,0.7514857503,0.03672926414,2145551
chr20,CpGenie,Blood-Granulocytes,0.7497567111,0.04309580508,737147
chr21,CpGenie,Blood-Granulocytes,0.7064024205,0.04255640965,379320
chr22,CpGenie,Blood-Granulocytes,0.7632511662,0.04179795194,582860
chr3,CpGenie,Blood-Granulocytes,0.7491503639,0.03532518901,1629332
chr4,CpGenie,Blood-Granulocytes,0.7297098851,0.03476609498,1460804
chr5,CpGenie,Blood-Granulocytes,0.750274359,0.03591081932,1482927
chr6,CpGenie,Blood-Granulocytes,0.7646581691,0.03646950143,1477313
chr7,CpGenie,Blood-Granulocytes,0.7510163798,0.03683505811,1547993
chr8,CpGenie,Blood-Granulocytes,0.7039794644,0.04137997011,1283420
chr9,CpGenie,Blood-Granulocytes,0.7180289732,0.04547953438,1180661
chrX,CpGenie,Blood-Granulocytes,0.5648728997,0.04441372212,1136842
chr1,CpGenie,Blood-Monocytes,0.7875053677,0.03742197113,2261141
chr10,CpGenie,Blood-Monocytes,0.704269538,0.04524002834,1343197
chr11,CpGenie,Blood-Monocytes,0.7611003818,0.04088144719,1286378
chr12,CpGenie,Blood-Monocytes,0.7631067586,0.0387233695,1275876
chr13,CpGenie,Blood-Monocytes,0.7349618795,0.03442931294,801271
chr14,CpGenie,Blood-Monocytes,0.7793195418,0.03627493962,850686
chr15,CpGenie,Blood-Monocytes,0.7797712064,0.03748708919,844897
chr16,CpGenie,Blood-Monocytes,0.7724512086,0.03949217169,1074290
chr17,CpGenie,Blood-Monocytes,0.8036924652,0.0409550379,1160355
chr18,CpGenie,Blood-Monocytes,0.7000746081,0.04118262083,683439
chr19,CpGenie,Blood-Monocytes,0.83206884,0.03853127301,1040491
chr2,CpGenie,Blood-Monocytes,0.75617579,0.03651392862,2143670
chr20,CpGenie,Blood-Monocytes,0.7610612962,0.04176180763,736580
chr21,CpGenie,Blood-Monocytes,0.7204767805,0.04154644724,379099
chr22,CpGenie,Blood-Monocytes,0.7742007502,0.04048440718,582068
chr3,CpGenie,Blood-Monocytes,0.7556868019,0.03476349556,1628198
chr4,CpGenie,Blood-Monocytes,0.7332255128,0.03497872923,1459705
chr5,CpGenie,Blood-Monocytes,0.7546276678,0.03577991212,1481674
chr6,CpGenie,Blood-Monocytes,0.7699346525,0.0362027716,1476337
chr7,CpGenie,Blood-Monocytes,0.760483004,0.03593867999,1546052
chr8,CpGenie,Blood-Monocytes,0.6978412567,0.04273187366,1282671
chr9,CpGenie,Blood-Monocytes,0.7099408378,0.04735822961,1178404
chrX,CpGenie,Blood-Monocytes,0.5651406793,0.0458589827,1136132
chr1,CpGenie,Blood-NK,0.8064429906,0.03190033247,2265447
chr10,CpGenie,Blood-NK,0.7207536816,0.04023468514,1345411
chr11,CpGenie,Blood-NK,0.7820885694,0.03520144953,1288750
chr12,CpGenie,Blood-NK,0.7782353433,0.03385696934,1277687
chr13,CpGenie,Blood-NK,0.7539437105,0.03041412342,802212
chr14,CpGenie,Blood-NK,0.7964530758,0.03181257509,851799
chr15,CpGenie,Blood-NK,0.8014992735,0.03178845987,847121
chr16,CpGenie,Blood-NK,0.7924260867,0.03384868966,1077112
chr17,CpGenie,Blood-NK,0.8193836395,0.03540511712,1163399
chr18,CpGenie,Blood-NK,0.7145628486,0.03667520497,685139
chr19,CpGenie,Blood-NK,0.8445328161,0.03411853762,1042593
chr2,CpGenie,Blood-NK,0.7782664662,0.03103809266,2147375
chr20,CpGenie,Blood-NK,0.775139424,0.03669130799,737955
chr21,CpGenie,Blood-NK,0.7384954284,0.03624070335,380029
chr22,CpGenie,Blood-NK,0.7911388254,0.03505090444,583672
chr3,CpGenie,Blood-NK,0.7777549642,0.02947945211,1630305
chr4,CpGenie,Blood-NK,0.7499753661,0.03107038558,1461484
chr5,CpGenie,Blood-NK,0.7742107633,0.03096934626,1483790
chr6,CpGenie,Blood-NK,0.7896901426,0.0311604165,1477898
chr7,CpGenie,Blood-NK,0.7778217105,0.03131744051,1549710
chr8,CpGenie,Blood-NK,0.72110695,0.0368573979,1284535
chr9,CpGenie,Blood-NK,0.7316761907,0.04099087302,1182686
chrX,CpGenie,Blood-NK,0.5720264773,0.04416959668,1137353
chr1,CpGenie,Blood-T-CD3,0.7735540552,0.03578222632,2265142
chr10,CpGenie,Blood-T-CD3,0.6967315361,0.04204765066,1345436
chr11,CpGenie,Blood-T-CD3,0.7352353935,0.04123142244,1288618
chr12,CpGenie,Blood-T-CD3,0.7448477611,0.03762531971,1277840
chr13,CpGenie,Blood-T-CD3,0.7087511444,0.03583669242,802098
chr14,CpGenie,Blood-T-CD3,0.7580355147,0.03661085656,851542
chr15,CpGenie,Blood-T-CD3,0.7664244945,0.03576315221,847066
chr16,CpGenie,Blood-T-CD3,0.7599511376,0.03753728355,1076964
chr17,CpGenie,Blood-T-CD3,0.7934236666,0.03844559723,1163038
chr18,CpGenie,Blood-T-CD3,0.6712105673,0.04163179062,685188
chr19,CpGenie,Blood-T-CD3,0.8229177804,0.03663968323,1042140
chr2,CpGenie,Blood-T-CD3,0.7355648447,0.03607862975,2147304
chr20,CpGenie,Blood-T-CD3,0.7382293004,0.040586092,737660
chr21,CpGenie,Blood-T-CD3,0.6954008346,0.04066495794,379975
chr22,CpGenie,Blood-T-CD3,0.7587421703,0.03824017241,583508
chr3,CpGenie,Blood-T-CD3,0.7412330934,0.03383351427,1630351
chr4,CpGenie,Blood-T-CD3,0.7066966332,0.03633257049,1461479
chr5,CpGenie,Blood-T-CD3,0.7318184274,0.03592939565,1483819
chr6,CpGenie,Blood-T-CD3,0.7537946848,0.0352764643,1477859
chr7,CpGenie,Blood-T-CD3,0.7398529639,0.03553548349,1549643
chr8,CpGenie,Blood-T-CD3,0.6835284502,0.04125299192,1284381
chr9,CpGenie,Blood-T-CD3,0.7015970486,0.04387128279,1182515
chrX,CpGenie,Blood-T-CD3,0.5222371551,0.04904064011,1137426
chr1,CpGenie,Bone-Osteoblasts,0.7367793988,0.04737211232,2264582
chr10,CpGenie,Bone-Osteoblasts,0.6743862433,0.05354945031,1344426
chr11,CpGenie,Bone-Osteoblasts,0.7244354652,0.04801478225,1290628
chr12,CpGenie,Bone-Osteoblasts,0.7174191367,0.04807801067,1279324
chr13,CpGenie,Bone-Osteoblasts,0.6841727491,0.04891007365,802125
chr14,CpGenie,Bone-Osteoblasts,0.7299528933,0.04634893455,852150
chr15,CpGenie,Bone-Osteoblasts,0.732790292,0.04784072062,847243
chr16,CpGenie,Bone-Osteoblasts,0.7201951225,0.04864177929,1077128
chr17,CpGenie,Bone-Osteoblasts,0.7693452992,0.04555943009,1164323
chr18,CpGenie,Bone-Osteoblasts,0.6733063216,0.05062563797,684911
chr19,CpGenie,Bone-Osteoblasts,0.7797761477,0.04503372564,1042426
chr2,CpGenie,Bone-Osteoblasts,0.7060839136,0.04866998881,2147504
chr20,CpGenie,Bone-Osteoblasts,0.7203059552,0.04810452665,738703
chr21,CpGenie,Bone-Osteoblasts,0.6783961506,0.05127106642,380008
chr22,CpGenie,Bone-Osteoblasts,0.7330027294,0.04709447201,583435
chr3,CpGenie,Bone-Osteoblasts,0.7111376079,0.04718351888,1629852
chr4,CpGenie,Bone-Osteoblasts,0.6901788404,0.04750647354,1460707
chr5,CpGenie,Bone-Osteoblasts,0.7027936417,0.04823314664,1483645
chr6,CpGenie,Bone-Osteoblasts,0.7136335075,0.04884594547,1475708
chr7,CpGenie,Bone-Osteoblasts,0.7015191737,0.04864522341,1547528
chr8,CpGenie,Bone-Osteoblasts,0.6662497502,0.05229757424,1284764
chr9,CpGenie,Bone-Osteoblasts,0.6806026795,0.05456378443,1184485
chrX,CpGenie,Bone-Osteoblasts,0.6054697325,0.04657473384,1137299
chr1,CpGenie,Bone_marrow-Erythrocyte_progenitors,0.7619523271,0.02918907331,2264264
chr10,CpGenie,Bone_marrow-Erythrocyte_progenitors,0.6802754472,0.03326113267,1346625
chr11,CpGenie,Bone_marrow-Erythrocyte_progenitors,0.744081129,0.03015852022,1290060
chr12,CpGenie,Bone_marrow-Erythrocyte_progenitors,0.752512929,0.0285567113,1281301
chr13,CpGenie,Bone_marrow-Erythrocyte_progenitors,0.718684871,0.02636122598,802342
chr14,CpGenie,Bone_marrow-Erythrocyte_progenitors,0.7612719336,0.02788559604,852521
chr15,CpGenie,Bone_marrow-Erythrocyte_progenitors,0.7574393591,0.02920395647,847714
chr16,CpGenie,Bone_marrow-Erythrocyte_progenitors,0.756064389,0.03046286889,1078569
chr17,CpGenie,Bone_marrow-Erythrocyte_progenitors,0.7846982856,0.03124283247,1164254
chr18,CpGenie,Bone_marrow-Erythrocyte_progenitors,0.6879964917,0.03041079707,682122
chr19,CpGenie,Bone_marrow-Erythrocyte_progenitors,0.8077483312,0.03104678234,1043514
chr2,CpGenie,Bone_marrow-Erythrocyte_progenitors,0.7387940801,0.02734642854,2149307
chr20,CpGenie,Bone_marrow-Erythrocyte_progenitors,0.7476138198,0.02995922296,739401
chr21,CpGenie,Bone_marrow-Erythrocyte_progenitors,0.7140172219,0.03053429876,381329
chr22,CpGenie,Bone_marrow-Erythrocyte_progenitors,0.7480618728,0.0325977451,584700
chr3,CpGenie,Bone_marrow-Erythrocyte_progenitors,0.74041254,0.02659060679,1630900
chr4,CpGenie,Bone_marrow-Erythrocyte_progenitors,0.7166945122,0.02672103434,1461191
chr5,CpGenie,Bone_marrow-Erythrocyte_progenitors,0.738995464,0.02666269462,1484300
chr6,CpGenie,Bone_marrow-Erythrocyte_progenitors,0.7481151732,0.02735055109,1478512
chr7,CpGenie,Bone_marrow-Erythrocyte_progenitors,0.7368087171,0.02839220828,1550620
chr8,CpGenie,Bone_marrow-Erythrocyte_progenitors,0.6692209081,0.03234299065,1285288
chr9,CpGenie,Bone_marrow-Erythrocyte_progenitors,0.6784833879,0.03643771963,1187187
chrX,CpGenie,Bone_marrow-Erythrocyte_progenitors,0.6533750958,0.03384317067,1136187
chr1,CpGenie,Breast-Basal-Epithelial,0.7556896215,0.04420905932,2264287
chr10,CpGenie,Breast-Basal-Epithelial,0.6832801654,0.05035429883,1345327
chr11,CpGenie,Breast-Basal-Epithelial,0.7251561749,0.04893721757,1289334
chr12,CpGenie,Breast-Basal-Epithelial,0.7324386632,0.04431415255,1278798
chr13,CpGenie,Breast-Basal-Epithelial,0.7057238971,0.04019956867,801972
chr14,CpGenie,Breast-Basal-Epithelial,0.7478766431,0.04286086042,851546
chr15,CpGenie,Breast-Basal-Epithelial,0.7494691517,0.04316727392,846247
chr16,CpGenie,Breast-Basal-Epithelial,0.7369371424,0.04797252879,1076361
chr17,CpGenie,Breast-Basal-Epithelial,0.7747474065,0.04715194591,1162939
chr18,CpGenie,Breast-Basal-Epithelial,0.6695845478,0.0474712327,685891
chr19,CpGenie,Breast-Basal-Epithelial,0.788465286,0.04896987287,1042087
chr2,CpGenie,Breast-Basal-Epithelial,0.7253028092,0.0421834453,2146543
chr20,CpGenie,Breast-Basal-Epithelial,0.7286164416,0.04906069539,736989
chr21,CpGenie,Breast-Basal-Epithelial,0.692437319,0.04877545459,380441
chr22,CpGenie,Breast-Basal-Epithelial,0.7301792818,0.05102259393,583149
chr3,CpGenie,Breast-Basal-Epithelial,0.7301680922,0.0401746093,1627740
chr4,CpGenie,Breast-Basal-Epithelial,0.7027480341,0.04111125716,1459043
chr5,CpGenie,Breast-Basal-Epithelial,0.7273837339,0.04120814778,1483729
chr6,CpGenie,Breast-Basal-Epithelial,0.7385327299,0.04158669795,1477374
chr7,CpGenie,Breast-Basal-Epithelial,0.722057018,0.0436762233,1548569
chr8,CpGenie,Breast-Basal-Epithelial,0.6777508855,0.04812876865,1283187
chr9,CpGenie,Breast-Basal-Epithelial,0.6935157632,0.05208927376,1182000
chrX,CpGenie,Breast-Basal-Epithelial,0.5300206092,0.0525089243,1136938
chr1,CpGenie,Breast-Luminal-Epithelial,0.7745159779,0.04062727094,2264221
chr10,CpGenie,Breast-Luminal-Epithelial,0.6973139309,0.0481598785,1346124
chr11,CpGenie,Breast-Luminal-Epithelial,0.7513735501,0.04397704998,1288029
chr12,CpGenie,Breast-Luminal-Epithelial,0.7553759126,0.04052670065,1279696
chr13,CpGenie,Breast-Luminal-Epithelial,0.7232963369,0.03835737247,802269
chr14,CpGenie,Breast-Luminal-Epithelial,0.7667708127,0.03975886633,851827
chr15,CpGenie,Breast-Luminal-Epithelial,0.7668385667,0.040537581,846437
chr16,CpGenie,Breast-Luminal-Epithelial,0.7647486143,0.04219167505,1077137
chr17,CpGenie,Breast-Luminal-Epithelial,0.7952413462,0.04232542618,1163850
chr18,CpGenie,Breast-Luminal-Epithelial,0.695726305,0.04420975268,685986
chr19,CpGenie,Breast-Luminal-Epithelial,0.8219675688,0.04038219001,1042995
chr2,CpGenie,Breast-Luminal-Epithelial,0.7453548894,0.03972647307,2147554
chr20,CpGenie,Breast-Luminal-Epithelial,0.7484318433,0.04498557552,739192
chr21,CpGenie,Breast-Luminal-Epithelial,0.7192659193,0.0439897411,380390
chr22,CpGenie,Breast-Luminal-Epithelial,0.7610350168,0.04435606315,584608
chr3,CpGenie,Breast-Luminal-Epithelial,0.7503930318,0.03748959465,1629770
chr4,CpGenie,Breast-Luminal-Epithelial,0.7225286534,0.03907168305,1460701
chr5,CpGenie,Breast-Luminal-Epithelial,0.7466578347,0.03840381334,1483675
chr6,CpGenie,Breast-Luminal-Epithelial,0.7556462226,0.03949684251,1476236
chr7,CpGenie,Breast-Luminal-Epithelial,0.7438709076,0.04016021933,1548258
chr8,CpGenie,Breast-Luminal-Epithelial,0.6882980165,0.04643433706,1284697
chr9,CpGenie,Breast-Luminal-Epithelial,0.7048956126,0.04958619403,1185153
chrX,CpGenie,Breast-Luminal-Epithelial,0.5587409083,0.04553017756,1137581
chr1,CpGenie,Colon-Fibroblasts,0.8030340712,0.03086536938,2263073
chr10,CpGenie,Colon-Fibroblasts,0.7233158228,0.03770193134,1345364
chr11,CpGenie,Colon-Fibroblasts,0.7824771207,0.03310166945,1288423
chr12,CpGenie,Colon-Fibroblasts,0.7850028406,0.0314130289,1279419
chr13,CpGenie,Colon-Fibroblasts,0.7548775604,0.02973021786,802252
chr14,CpGenie,Colon-Fibroblasts,0.7944328001,0.03030593426,852219
chr15,CpGenie,Colon-Fibroblasts,0.7941971153,0.03093740928,845291
chr16,CpGenie,Colon-Fibroblasts,0.7867625718,0.03273259461,1077123
chr17,CpGenie,Colon-Fibroblasts,0.8207099538,0.03217789703,1163415
chr18,CpGenie,Colon-Fibroblasts,0.7318104866,0.03298843248,685650
chr19,CpGenie,Colon-Fibroblasts,0.8388002156,0.03239026991,1042664
chr2,CpGenie,Colon-Fibroblasts,0.7801608715,0.0292862369,2149022
chr20,CpGenie,Colon-Fibroblasts,0.772759943,0.03471422289,738006
chr21,CpGenie,Colon-Fibroblasts,0.7426852291,0.034340625,380032
chr22,CpGenie,Colon-Fibroblasts,0.7876586809,0.03346470319,584192
chr3,CpGenie,Colon-Fibroblasts,0.774901348,0.02926432741,1627961
chr4,CpGenie,Colon-Fibroblasts,0.7512308268,0.03031326838,1460066
chr5,CpGenie,Colon-Fibroblasts,0.7741651849,0.02975106912,1482836
chr6,CpGenie,Colon-Fibroblasts,0.7848425846,0.03036389683,1476257
chr7,CpGenie,Colon-Fibroblasts,0.769568616,0.03122193379,1547549
chr8,CpGenie,Colon-Fibroblasts,0.7216940368,0.03559461593,1285015
chr9,CpGenie,Colon-Fibroblasts,0.7296435917,0.03935961681,1185867
chrX,CpGenie,Colon-Fibroblasts,0.7013365968,0.03634597842,1134913
chr1,CpGenie,Colon-Right-Epithelial,0.7435874371,0.04867456216,2262669
chr10,CpGenie,Colon-Right-Epithelial,0.6692499578,0.05483609071,1345062
chr11,CpGenie,Colon-Right-Epithelial,0.7200790471,0.05233471008,1287273
chr12,CpGenie,Colon-Right-Epithelial,0.7221218498,0.0482427392,1279369
chr13,CpGenie,Colon-Right-Epithelial,0.6864047328,0.046805337,801784
chr14,CpGenie,Colon-Right-Epithelial,0.7352294703,0.04749823029,851213
chr15,CpGenie,Colon-Right-Epithelial,0.7348669441,0.04826022646,845589
chr16,CpGenie,Colon-Right-Epithelial,0.736095026,0.04971799264,1076558
chr17,CpGenie,Colon-Right-Epithelial,0.76365303,0.05109864925,1160226
chr18,CpGenie,Colon-Right-Epithelial,0.6678565673,0.05021973488,685436
chr19,CpGenie,Colon-Right-Epithelial,0.7766849786,0.05187693876,1041760
chr2,CpGenie,Colon-Right-Epithelial,0.7220895588,0.04583156496,2147835
chr20,CpGenie,Colon-Right-Epithelial,0.7110434244,0.05336198569,737573
chr21,CpGenie,Colon-Right-Epithelial,0.6545980989,0.05488093485,379279
chr22,CpGenie,Colon-Right-Epithelial,0.722950344,0.0531703962,582689
chr3,CpGenie,Colon-Right-Epithelial,0.7201361647,0.04440286876,1630058
chr4,CpGenie,Colon-Right-Epithelial,0.6850022104,0.0477280352,1459572
chr5,CpGenie,Colon-Right-Epithelial,0.7129663201,0.04570791656,1483925
chr6,CpGenie,Colon-Right-Epithelial,0.7255933365,0.04668785001,1476250
chr7,CpGenie,Colon-Right-Epithelial,0.7114496999,0.04806167307,1547572
chr8,CpGenie,Colon-Right-Epithelial,0.6513952115,0.05467858729,1285314
chr9,CpGenie,Colon-Right-Epithelial,0.6740667633,0.05821704595,1184041
chrX,CpGenie,Colon-Right-Epithelial,0.6448667897,0.05136486562,1134294
chr1,CpGenie,Cortex-Neuron,0.8180235591,0.02787059752,2256474
chr10,CpGenie,Cortex-Neuron,0.7488329697,0.03361830219,1340330
chr11,CpGenie,Cortex-Neuron,0.789509122,0.03156527084,1286388
chr12,CpGenie,Cortex-Neuron,0.7917587347,0.02959720818,1276823
chr13,CpGenie,Cortex-Neuron,0.7684971302,0.02646763278,800643
chr14,CpGenie,Cortex-Neuron,0.8038520509,0.02856336273,850100
chr15,CpGenie,Cortex-Neuron,0.8024362308,0.0293492378,841652
chr16,CpGenie,Cortex-Neuron,0.7963723792,0.03098777801,1072030
chr17,CpGenie,Cortex-Neuron,0.8319620708,0.03022590839,1158175
chr18,CpGenie,Cortex-Neuron,0.7275510026,0.03331396238,682559
chr19,CpGenie,Cortex-Neuron,0.8463088999,0.03099446252,1040810
chr2,CpGenie,Cortex-Neuron,0.7892035663,0.02740253275,2140331
chr20,CpGenie,Cortex-Neuron,0.7875063614,0.03213946485,735392
chr21,CpGenie,Cortex-Neuron,0.7319748174,0.03465727024,378590
chr22,CpGenie,Cortex-Neuron,0.7943855906,0.03202295528,581453
chr3,CpGenie,Cortex-Neuron,0.7839982489,0.02703057683,1624350
chr4,CpGenie,Cortex-Neuron,0.7599124518,0.02817311944,1457370
chr5,CpGenie,Cortex-Neuron,0.7901854553,0.02692630238,1479686
chr6,CpGenie,Cortex-Neuron,0.8040416056,0.0268694187,1475155
chr7,CpGenie,Cortex-Neuron,0.7818646098,0.02894582411,1544777
chr8,CpGenie,Cortex-Neuron,0.742742197,0.03166459158,1281321
chr9,CpGenie,Cortex-Neuron,0.7469360206,0.03647795873,1175473
chrX,CpGenie,Cortex-Neuron,0.7065124198,0.03427662161,1129148
chr1,CpGenie,Dermal-Fibroblasts,0.7641990584,0.03878855788,2263498
chr10,CpGenie,Dermal-Fibroblasts,0.6850781909,0.04552903669,1344971
chr11,CpGenie,Dermal-Fibroblasts,0.7385304482,0.04171462621,1287400
chr12,CpGenie,Dermal-Fibroblasts,0.7437213274,0.0393342961,1279390
chr13,CpGenie,Dermal-Fibroblasts,0.7068663056,0.03877838692,801994
chr14,CpGenie,Dermal-Fibroblasts,0.7565480645,0.03806858741,851482
chr15,CpGenie,Dermal-Fibroblasts,0.7583473258,0.03879736533,846230
chr16,CpGenie,Dermal-Fibroblasts,0.7485270965,0.0405034361,1076154
chr17,CpGenie,Dermal-Fibroblasts,0.7931937897,0.03835237423,1162050
chr18,CpGenie,Dermal-Fibroblasts,0.68741227,0.04214115285,685427
chr19,CpGenie,Dermal-Fibroblasts,0.8113364046,0.03900369277,1041772
chr2,CpGenie,Dermal-Fibroblasts,0.7280706636,0.03868504646,2146430
chr20,CpGenie,Dermal-Fibroblasts,0.7345399395,0.0429973482,736978
chr21,CpGenie,Dermal-Fibroblasts,0.7042776978,0.04261380507,379566
chr22,CpGenie,Dermal-Fibroblasts,0.7570798958,0.04072415517,584240
chr3,CpGenie,Dermal-Fibroblasts,0.7374914551,0.03677814725,1629687
chr4,CpGenie,Dermal-Fibroblasts,0.7048725101,0.0388605418,1459970
chr5,CpGenie,Dermal-Fibroblasts,0.7290222421,0.03810430797,1483987
chr6,CpGenie,Dermal-Fibroblasts,0.744133266,0.03804584329,1475702
chr7,CpGenie,Dermal-Fibroblasts,0.7251448299,0.0395212884,1549177
chr8,CpGenie,Dermal-Fibroblasts,0.6803262574,0.04413368675,1282711
chr9,CpGenie,Dermal-Fibroblasts,0.6929091159,0.04683034078,1184169
chrX,CpGenie,Dermal-Fibroblasts,0.6540641621,0.04625073954,1133888
chr1,CpGenie,Epidermal-Keratinocytes,0.7564351574,0.04343316521,2264270
chr10,CpGenie,Epidermal-Keratinocytes,0.6758771521,0.05084064243,1343595
chr11,CpGenie,Epidermal-Keratinocytes,0.734288608,0.04640656147,1287013
chr12,CpGenie,Epidermal-Keratinocytes,0.7306481286,0.04395325929,1276389
chr13,CpGenie,Epidermal-Keratinocytes,0.6998957519,0.04132828032,801575
chr14,CpGenie,Epidermal-Keratinocytes,0.7493389186,0.04196559791,851521
chr15,CpGenie,Epidermal-Keratinocytes,0.7509109499,0.0427463335,844907
chr16,CpGenie,Epidermal-Keratinocytes,0.7372597537,0.04636879341,1076220
chr17,CpGenie,Epidermal-Keratinocytes,0.7758591272,0.04615981843,1162035
chr18,CpGenie,Epidermal-Keratinocytes,0.6774505449,0.04583611039,685245
chr19,CpGenie,Epidermal-Keratinocytes,0.8015578997,0.04449382006,1041679
chr2,CpGenie,Epidermal-Keratinocytes,0.7296930344,0.04144213931,2146027
chr20,CpGenie,Epidermal-Keratinocytes,0.7302691233,0.04767384797,736475
chr21,CpGenie,Epidermal-Keratinocytes,0.6964876596,0.04709242534,380724
chr22,CpGenie,Epidermal-Keratinocytes,0.7367494671,0.04808957219,584008
chr3,CpGenie,Epidermal-Keratinocytes,0.7315981358,0.03947691634,1629809
chr4,CpGenie,Epidermal-Keratinocytes,0.7091993617,0.04014772507,1460795
chr5,CpGenie,Epidermal-Keratinocytes,0.7253445143,0.04078879757,1482475
chr6,CpGenie,Epidermal-Keratinocytes,0.7391532228,0.04155923852,1475395
chr7,CpGenie,Epidermal-Keratinocytes,0.7233106372,0.04264107484,1546692
chr8,CpGenie,Epidermal-Keratinocytes,0.6748666692,0.0477646232,1283521
chr9,CpGenie,Epidermal-Keratinocytes,0.6959904167,0.05067862142,1184719
chrX,CpGenie,Epidermal-Keratinocytes,0.6652236046,0.04542855128,1133385
chr1,CpGenie,Fallopian-Epithelial,0.756250998,0.04656254822,2266833
chr10,CpGenie,Fallopian-Epithelial,0.6843916522,0.05418549161,1345778
chr11,CpGenie,Fallopian-Epithelial,0.7311989844,0.05091354807,1288496
chr12,CpGenie,Fallopian-Epithelial,0.7384544858,0.04623864154,1279805
chr13,CpGenie,Fallopian-Epithelial,0.6990633246,0.04496786037,802435
chr14,CpGenie,Fallopian-Epithelial,0.7412797483,0.04691072838,851788
chr15,CpGenie,Fallopian-Epithelial,0.7467994355,0.0466015395,846905
chr16,CpGenie,Fallopian-Epithelial,0.7286071401,0.0509552056,1076798
chr17,CpGenie,Fallopian-Epithelial,0.7775927985,0.04864806386,1163299
chr18,CpGenie,Fallopian-Epithelial,0.6745214727,0.05132881259,685772
chr19,CpGenie,Fallopian-Epithelial,0.7926129727,0.04843090636,1042386
chr2,CpGenie,Fallopian-Epithelial,0.7271459217,0.04553258303,2148358
chr20,CpGenie,Fallopian-Epithelial,0.7247192283,0.05229149941,737492
chr21,CpGenie,Fallopian-Epithelial,0.6777965836,0.05351776706,380915
chr22,CpGenie,Fallopian-Epithelial,0.7261260351,0.05355290893,583616
chr3,CpGenie,Fallopian-Epithelial,0.7268526994,0.04388079686,1628031
chr4,CpGenie,Fallopian-Epithelial,0.7072595247,0.04430876274,1460848
chr5,CpGenie,Fallopian-Epithelial,0.7276929342,0.04421035004,1484567
chr6,CpGenie,Fallopian-Epithelial,0.7356309095,0.04566061178,1476961
chr7,CpGenie,Fallopian-Epithelial,0.7237999284,0.04614904195,1548530
chr8,CpGenie,Fallopian-Epithelial,0.6814702581,0.05112955307,1285389
chr9,CpGenie,Fallopian-Epithelial,0.7022820982,0.05411233569,1184924
chrX,CpGenie,Fallopian-Epithelial,0.5311455495,0.0536358393,1137587
chr1,CpGenie,Gallbladder-Epithelial,0.7573231518,0.04716432113,2263483
chr10,CpGenie,Gallbladder-Epithelial,0.6858877282,0.05294085527,1344679
chr11,CpGenie,Gallbladder-Epithelial,0.740288014,0.04976828008,1289202
chr12,CpGenie,Gallbladder-Epithelial,0.7352442486,0.04656133957,1278134
chr13,CpGenie,Gallbladder-Epithelial,0.7050879726,0.04379162159,801932
chr14,CpGenie,Gallbladder-Epithelial,0.7487317217,0.04601022254,851419
chr15,CpGenie,Gallbladder-Epithelial,0.7489668663,0.04653149739,845935
chr16,CpGenie,Gallbladder-Epithelial,0.7400190037,0.04983557358,1075977
chr17,CpGenie,Gallbladder-Epithelial,0.7724139252,0.05055551751,1161406
chr18,CpGenie,Gallbladder-Epithelial,0.6709200769,0.05069745968,684134
chr19,CpGenie,Gallbladder-Epithelial,0.7988955441,0.04786354418,1041936
chr2,CpGenie,Gallbladder-Epithelial,0.730066329,0.04504823851,2146072
chr20,CpGenie,Gallbladder-Epithelial,0.7279916512,0.05125233949,736783
chr21,CpGenie,Gallbladder-Epithelial,0.6870816033,0.05182842395,379936
chr22,CpGenie,Gallbladder-Epithelial,0.7298792156,0.05338201645,584560
chr3,CpGenie,Gallbladder-Epithelial,0.7285100324,0.04333697291,1629403
chr4,CpGenie,Gallbladder-Epithelial,0.7121778008,0.04333017203,1458512
chr5,CpGenie,Gallbladder-Epithelial,0.7357016376,0.04323248123,1482863
chr6,CpGenie,Gallbladder-Epithelial,0.7387781031,0.04523715897,1475710
chr7,CpGenie,Gallbladder-Epithelial,0.7327270623,0.04495303165,1548801
chr8,CpGenie,Gallbladder-Epithelial,0.6777369107,0.05083809557,1282326
chr9,CpGenie,Gallbladder-Epithelial,0.6855929845,0.05688977229,1183023
chrX,CpGenie,Gallbladder-Epithelial,0.5511630422,0.05064777948,1136940
chr1,CpGenie,Gastric-fundus-Epithelial,0.7500238591,0.04559570917,2264676
chr10,CpGenie,Gastric-fundus-Epithelial,0.6819826446,0.0509437835,1345666
chr11,CpGenie,Gastric-fundus-Epithelial,0.7309451207,0.048065769,1290068
chr12,CpGenie,Gastric-fundus-Epithelial,0.7261928322,0.04610671614,1279621
chr13,CpGenie,Gastric-fundus-Epithelial,0.6972210135,0.04373419469,802144
chr14,CpGenie,Gastric-fundus-Epithelial,0.7401692835,0.04485902087,851527
chr15,CpGenie,Gastric-fundus-Epithelial,0.7465621761,0.04428446031,846213
chr16,CpGenie,Gastric-fundus-Epithelial,0.7372703598,0.04689437246,1076723
chr17,CpGenie,Gastric-fundus-Epithelial,0.7729535372,0.04693709962,1163647
chr18,CpGenie,Gastric-fundus-Epithelial,0.6698223682,0.0487226157,685995
chr19,CpGenie,Gastric-fundus-Epithelial,0.7918826407,0.04640528826,1041986
chr2,CpGenie,Gastric-fundus-Epithelial,0.7220865648,0.04417992459,2147322
chr20,CpGenie,Gastric-fundus-Epithelial,0.7188004268,0.04982132303,737928
chr21,CpGenie,Gastric-fundus-Epithelial,0.6593982685,0.05287272977,379852
chr22,CpGenie,Gastric-fundus-Epithelial,0.7335818905,0.04915683318,582826
chr3,CpGenie,Gastric-fundus-Epithelial,0.7135606936,0.04449168317,1627855
chr4,CpGenie,Gastric-fundus-Epithelial,0.6928873614,0.04500536058,1460312
chr5,CpGenie,Gastric-fundus-Epithelial,0.7142529889,0.0445047644,1483121
chr6,CpGenie,Gastric-fundus-Epithelial,0.7324346713,0.04447869438,1477447
chr7,CpGenie,Gastric-fundus-Epithelial,0.7195953745,0.04453968713,1548629
chr8,CpGenie,Gastric-fundus-Epithelial,0.6711642058,0.04999869502,1284835
chr9,CpGenie,Gastric-fundus-Epithelial,0.6902428392,0.05267101739,1185506
chrX,CpGenie,Gastric-fundus-Epithelial,0.5378455942,0.05155224079,1137282
chr1,CpGenie,Heart-Cardiomyocyte,0.6812829161,0.06202935981,2216484
chr10,CpGenie,Heart-Cardiomyocyte,0.6157276761,0.06759643267,1321419
chr11,CpGenie,Heart-Cardiomyocyte,0.6623337742,0.06474392802,1264244
chr12,CpGenie,Heart-Cardiomyocyte,0.6634183499,0.06127276651,1255965
chr13,CpGenie,Heart-Cardiomyocyte,0.6250862034,0.05778100738,789933
chr14,CpGenie,Heart-Cardiomyocyte,0.6733110292,0.06056206094,837060
chr15,CpGenie,Heart-Cardiomyocyte,0.675542522,0.06147665345,826061
chr16,CpGenie,Heart-Cardiomyocyte,0.6606530974,0.06461618424,1049750
chr17,CpGenie,Heart-Cardiomyocyte,0.7128088851,0.06304829702,1135615
chr18,CpGenie,Heart-Cardiomyocyte,0.5921190134,0.06565614854,669763
chr19,CpGenie,Heart-Cardiomyocyte,0.7264907361,0.06566115675,1018909
chr2,CpGenie,Heart-Cardiomyocyte,0.6488860658,0.0599425239,2109489
chr20,CpGenie,Heart-Cardiomyocyte,0.6505204484,0.06691265169,724551
chr21,CpGenie,Heart-Cardiomyocyte,0.5999091677,0.065550031,371829
chr22,CpGenie,Heart-Cardiomyocyte,0.6483165788,0.06870840729,567975
chr3,CpGenie,Heart-Cardiomyocyte,0.6419906246,0.05896380103,1604263
chr4,CpGenie,Heart-Cardiomyocyte,0.6195019314,0.05910838465,1436702
chr5,CpGenie,Heart-Cardiomyocyte,0.651737345,0.0593819508,1458972
chr6,CpGenie,Heart-Cardiomyocyte,0.6652996025,0.05948973246,1453421
chr7,CpGenie,Heart-Cardiomyocyte,0.644334842,0.06127871975,1515672
chr8,CpGenie,Heart-Cardiomyocyte,0.5972708936,0.06586358676,1263228
chr9,CpGenie,Heart-Cardiomyocyte,0.620464643,0.06981474352,1151883
chrX,CpGenie,Heart-Cardiomyocyte,0.4264962784,0.07917394429,1118873
chr1,CpGenie,Heart-Fibroblasts,0.6608083677,0.06185947478,2250148
chr10,CpGenie,Heart-Fibroblasts,0.596214829,0.06844141905,1339708
chr11,CpGenie,Heart-Fibroblasts,0.6470572726,0.06219070254,1281012
chr12,CpGenie,Heart-Fibroblasts,0.6377604248,0.06338156249,1273833
chr13,CpGenie,Heart-Fibroblasts,0.5946610237,0.06336798726,799505
chr14,CpGenie,Heart-Fibroblasts,0.6459830197,0.06315000783,848440
chr15,CpGenie,Heart-Fibroblasts,0.6558529246,0.06241642765,840778
chr16,CpGenie,Heart-Fibroblasts,0.6433019284,0.06525688726,1070757
chr17,CpGenie,Heart-Fibroblasts,0.7077687955,0.0581769204,1155245
chr18,CpGenie,Heart-Fibroblasts,0.5744299088,0.06789260432,679689
chr19,CpGenie,Heart-Fibroblasts,0.7099649495,0.06014327512,1036736
chr2,CpGenie,Heart-Fibroblasts,0.613202939,0.06521927188,2138006
chr20,CpGenie,Heart-Fibroblasts,0.6410134808,0.06322293115,734144
chr21,CpGenie,Heart-Fibroblasts,0.5875997312,0.06889781941,377841
chr22,CpGenie,Heart-Fibroblasts,0.655845326,0.0631118231,580076
chr3,CpGenie,Heart-Fibroblasts,0.6269925901,0.06205920222,1622821
chr4,CpGenie,Heart-Fibroblasts,0.5925935328,0.06425244159,1454461
chr5,CpGenie,Heart-Fibroblasts,0.6067866545,0.06551077648,1478098
chr6,CpGenie,Heart-Fibroblasts,0.6315383274,0.06328914178,1470849
chr7,CpGenie,Heart-Fibroblasts,0.613167635,0.06498688303,1540685
chr8,CpGenie,Heart-Fibroblasts,0.569666138,0.07018100253,1279911
chr9,CpGenie,Heart-Fibroblasts,0.6043839481,0.06896924185,1175719
chrX,CpGenie,Heart-Fibroblasts,0.5471715736,0.0778243116,1126768
chr1,CpGenie,Kidney-Tubular-Endothel,0.7833608881,0.03726846324,2261085
chr10,CpGenie,Kidney-Tubular-Endothel,0.7135890509,0.04348833569,1343469
chr11,CpGenie,Kidney-Tubular-Endothel,0.7584553392,0.04065756505,1284849
chr12,CpGenie,Kidney-Tubular-Endothel,0.7637866383,0.03758314578,1278027
chr13,CpGenie,Kidney-Tubular-Endothel,0.7302128387,0.0360218893,801148
chr14,CpGenie,Kidney-Tubular-Endothel,0.7708832464,0.03720905572,850159
chr15,CpGenie,Kidney-Tubular-Endothel,0.7783651467,0.03685643036,844318
chr16,CpGenie,Kidney-Tubular-Endothel,0.7689816548,0.03906625717,1074197
chr17,CpGenie,Kidney-Tubular-Endothel,0.8047349993,0.03873199562,1159556
chr18,CpGenie,Kidney-Tubular-Endothel,0.70020471,0.04112030663,683774
chr19,CpGenie,Kidney-Tubular-Endothel,0.8272703535,0.03830247174,1039546
chr2,CpGenie,Kidney-Tubular-Endothel,0.7524952237,0.03655211188,2143892
chr20,CpGenie,Kidney-Tubular-Endothel,0.7584059489,0.04152011484,735376
chr21,CpGenie,Kidney-Tubular-Endothel,0.6962061075,0.04385353066,380002
chr22,CpGenie,Kidney-Tubular-Endothel,0.7680583717,0.04065215318,582516
chr3,CpGenie,Kidney-Tubular-Endothel,0.7533575563,0.03501167263,1627601
chr4,CpGenie,Kidney-Tubular-Endothel,0.7259708805,0.03671932125,1458760
chr5,CpGenie,Kidney-Tubular-Endothel,0.7507293322,0.03635917956,1481935
chr6,CpGenie,Kidney-Tubular-Endothel,0.7596504015,0.03728966387,1475639
chr7,CpGenie,Kidney-Tubular-Endothel,0.7508175144,0.03715704852,1543866
chr8,CpGenie,Kidney-Tubular-Endothel,0.696906948,0.04292514608,1282811
chr9,CpGenie,Kidney-Tubular-Endothel,0.7155084333,0.04587693809,1181509
chrX,CpGenie,Kidney-Tubular-Endothel,0.5573260801,0.05147228314,1135754
chr1,CpGenie,Liver-Hepatocytes,0.7805066154,0.03811788871,2264784
chr10,CpGenie,Liver-Hepatocytes,0.6970990441,0.04622247834,1343309
chr11,CpGenie,Liver-Hepatocytes,0.7510683702,0.04228320976,1289883
chr12,CpGenie,Liver-Hepatocytes,0.7534852665,0.03973597162,1276237
chr13,CpGenie,Liver-Hepatocytes,0.711500687,0.03969281322,801884
chr14,CpGenie,Liver-Hepatocytes,0.765020766,0.0386961141,851356
chr15,CpGenie,Liver-Hepatocytes,0.7733572504,0.03774582516,845581
chr16,CpGenie,Liver-Hepatocytes,0.7656913178,0.04098225913,1076008
chr17,CpGenie,Liver-Hepatocytes,0.8095964433,0.03811977024,1163008
chr18,CpGenie,Liver-Hepatocytes,0.6913941956,0.04257452638,685093
chr19,CpGenie,Liver-Hepatocytes,0.831685211,0.03784902723,1042101
chr2,CpGenie,Liver-Hepatocytes,0.7433331774,0.03847788052,2146303
chr20,CpGenie,Liver-Hepatocytes,0.7561109344,0.04171695781,738233
chr21,CpGenie,Liver-Hepatocytes,0.7153112466,0.04378662139,379551
chr22,CpGenie,Liver-Hepatocytes,0.7741103753,0.04053422636,584083
chr3,CpGenie,Liver-Hepatocytes,0.7331183046,0.03868820477,1628140
chr4,CpGenie,Liver-Hepatocytes,0.7072016805,0.0412173224,1461127
chr5,CpGenie,Liver-Hepatocytes,0.739942984,0.0390534398,1482930
chr6,CpGenie,Liver-Hepatocytes,0.7557261487,0.03864638088,1476533
chr7,CpGenie,Liver-Hepatocytes,0.7468486937,0.03867140713,1547601
chr8,CpGenie,Liver-Hepatocytes,0.6755793655,0.04650752747,1283144
chr9,CpGenie,Liver-Hepatocytes,0.6885817337,0.05054494173,1183218
chrX,CpGenie,Liver-Hepatocytes,0.6519176976,0.04748278238,1134858
chr1,CpGenie,Lung-Alveolar-Epithelial,0.7689350405,0.04243361351,2266875
chr10,CpGenie,Lung-Alveolar-Epithelial,0.7056535673,0.04815276614,1346342
chr11,CpGenie,Lung-Alveolar-Epithelial,0.7517577332,0.04448284083,1291197
chr12,CpGenie,Lung-Alveolar-Epithelial,0.7528753966,0.04212308783,1280808
chr13,CpGenie,Lung-Alveolar-Epithelial,0.7207850175,0.04028091125,802150
chr14,CpGenie,Lung-Alveolar-Epithelial,0.7585172997,0.04186603846,852011
chr15,CpGenie,Lung-Alveolar-Epithelial,0.7612675233,0.04242497289,846904
chr16,CpGenie,Lung-Alveolar-Epithelial,0.7453423989,0.04559299839,1077407
chr17,CpGenie,Lung-Alveolar-Epithelial,0.7806758113,0.04564335203,1164228
chr18,CpGenie,Lung-Alveolar-Epithelial,0.7022591629,0.04459108539,686181
chr19,CpGenie,Lung-Alveolar-Epithelial,0.7970393944,0.0451765435,1043195
chr2,CpGenie,Lung-Alveolar-Epithelial,0.7451891342,0.0409678103,2149325
chr20,CpGenie,Lung-Alveolar-Epithelial,0.7357483887,0.04737717978,737933
chr21,CpGenie,Lung-Alveolar-Epithelial,0.6923833831,0.04804019937,380172
chr22,CpGenie,Lung-Alveolar-Epithelial,0.7339890665,0.04826893259,583777
chr3,CpGenie,Lung-Alveolar-Epithelial,0.7472194375,0.039576417,1630687
chr4,CpGenie,Lung-Alveolar-Epithelial,0.7272741936,0.03990515151,1461754
chr5,CpGenie,Lung-Alveolar-Epithelial,0.7458284665,0.03974777987,1484648
chr6,CpGenie,Lung-Alveolar-Epithelial,0.755000769,0.04094907778,1477651
chr7,CpGenie,Lung-Alveolar-Epithelial,0.7366089777,0.04258580267,1549133
chr8,CpGenie,Lung-Alveolar-Epithelial,0.6992091265,0.04640047607,1285294
chr9,CpGenie,Lung-Alveolar-Epithelial,0.7161733111,0.04885130747,1187765
chrX,CpGenie,Lung-Alveolar-Epithelial,0.6947569544,0.04341490688,1135700
chr1,CpGenie,Lung-Bronchus-Epithelial,0.7477711749,0.04738462425,2265357
chr10,CpGenie,Lung-Bronchus-Epithelial,0.6819370859,0.05282670997,1344188
chr11,CpGenie,Lung-Bronchus-Epithelial,0.725334997,0.05058644583,1288253
chr12,CpGenie,Lung-Bronchus-Epithelial,0.7329554174,0.04662767292,1279887
chr13,CpGenie,Lung-Bronchus-Epithelial,0.6980079505,0.04492418004,802062
chr14,CpGenie,Lung-Bronchus-Epithelial,0.7419840159,0.04561093586,850707
chr15,CpGenie,Lung-Bronchus-Epithelial,0.7433972803,0.04657648343,846466
chr16,CpGenie,Lung-Bronchus-Epithelial,0.7300859579,0.04896628636,1076829
chr17,CpGenie,Lung-Bronchus-Epithelial,0.767319775,0.04899019178,1163507
chr18,CpGenie,Lung-Bronchus-Epithelial,0.6602175293,0.05290397684,684344
chr19,CpGenie,Lung-Bronchus-Epithelial,0.7921581736,0.04704239305,1042445
chr2,CpGenie,Lung-Bronchus-Epithelial,0.7199684126,0.04634596187,2147018
chr20,CpGenie,Lung-Bronchus-Epithelial,0.7163906087,0.0514193151,738478
chr21,CpGenie,Lung-Bronchus-Epithelial,0.6867498216,0.05063540031,380750
chr22,CpGenie,Lung-Bronchus-Epithelial,0.7274230847,0.05082166861,583596
chr3,CpGenie,Lung-Bronchus-Epithelial,0.7243249139,0.04442443185,1629412
chr4,CpGenie,Lung-Bronchus-Epithelial,0.7003077419,0.04526779805,1460875
chr5,CpGenie,Lung-Bronchus-Epithelial,0.7231543307,0.04453192358,1483601
chr6,CpGenie,Lung-Bronchus-Epithelial,0.7306002725,0.04643944316,1477367
chr7,CpGenie,Lung-Bronchus-Epithelial,0.7186903703,0.04656305581,1546186
chr8,CpGenie,Lung-Bronchus-Epithelial,0.6814608237,0.05001132685,1282961
chr9,CpGenie,Lung-Bronchus-Epithelial,0.6874433342,0.054737666,1183744
chrX,CpGenie,Lung-Bronchus-Epithelial,0.580377956,0.04308088452,1137272
chr1,CpGenie,Oligodendrocytes,0.7904723802,0.03540856556,2258544
chr10,CpGenie,Oligodendrocytes,0.7237507467,0.04156018876,1338387
chr11,CpGenie,Oligodendrocytes,0.7620870473,0.03961780093,1287073
chr12,CpGenie,Oligodendrocytes,0.7713250261,0.0358995112,1277562
chr13,CpGenie,Oligodendrocytes,0.7412195725,0.03371390035,799667
chr14,CpGenie,Oligodendrocytes,0.7763621897,0.03627779322,849933
chr15,CpGenie,Oligodendrocytes,0.7806023248,0.03578790639,841595
chr16,CpGenie,Oligodendrocytes,0.7737079149,0.03834987492,1072063
chr17,CpGenie,Oligodendrocytes,0.8057415277,0.03793869321,1158687
chr18,CpGenie,Oligodendrocytes,0.7283077828,0.03728927256,684469
chr19,CpGenie,Oligodendrocytes,0.8205996695,0.03843416613,1041258
chr2,CpGenie,Oligodendrocytes,0.7669170815,0.03413243619,2141977
chr20,CpGenie,Oligodendrocytes,0.7695306777,0.03862285226,737817
chr21,CpGenie,Oligodendrocytes,0.7181794263,0.04131776444,379286
chr22,CpGenie,Oligodendrocytes,0.7643065755,0.04087264085,580459
chr3,CpGenie,Oligodendrocytes,0.7615797907,0.03317664108,1626078
chr4,CpGenie,Oligodendrocytes,0.7399571011,0.03407403562,1459127
chr5,CpGenie,Oligodendrocytes,0.764753675,0.03372709152,1480801
chr6,CpGenie,Oligodendrocytes,0.7775806829,0.03390233745,1475886
chr7,CpGenie,Oligodendrocytes,0.7585993662,0.03586695306,1543470
chr8,CpGenie,Oligodendrocytes,0.7198682871,0.03862572575,1280858
chr9,CpGenie,Oligodendrocytes,0.7253165733,0.04372025579,1177382
chrX,CpGenie,Oligodendrocytes,0.6876700368,0.04003627344,1131081
chr1,CpGenie,Ovary-Epithelial,0.7159539793,0.05523221758,2258270
chr10,CpGenie,Ovary-Epithelial,0.6213831048,0.06657408811,1341794
chr11,CpGenie,Ovary-Epithelial,0.6818001694,0.06215047138,1285595
chr12,CpGenie,Ovary-Epithelial,0.6967203653,0.05541873209,1276935
chr13,CpGenie,Ovary-Epithelial,0.6097801313,0.06352051722,800565
chr14,CpGenie,Ovary-Epithelial,0.690940571,0.0581561334,849188
chr15,CpGenie,Ovary-Epithelial,0.6986119605,0.05681436143,842469
chr16,CpGenie,Ovary-Epithelial,0.673639155,0.06528804815,1071724
chr17,CpGenie,Ovary-Epithelial,0.7500595244,0.0554484122,1155835
chr18,CpGenie,Ovary-Epithelial,0.6096488458,0.06370921085,682621
chr19,CpGenie,Ovary-Epithelial,0.7585279303,0.05790172033,1037467
chr2,CpGenie,Ovary-Epithelial,0.6730827573,0.05540571012,2141220
chr20,CpGenie,Ovary-Epithelial,0.6890625993,0.05959301,735719
chr21,CpGenie,Ovary-Epithelial,0.6332557696,0.0637828108,378382
chr22,CpGenie,Ovary-Epithelial,0.692413963,0.0639039546,580332
chr3,CpGenie,Ovary-Epithelial,0.6805992226,0.05283695464,1625528
chr4,CpGenie,Ovary-Epithelial,0.6400544458,0.05669213775,1457419
chr5,CpGenie,Ovary-Epithelial,0.6471539552,0.06087848171,1479186
chr6,CpGenie,Ovary-Epithelial,0.6830516234,0.05601736414,1473803
chr7,CpGenie,Ovary-Epithelial,0.6650304154,0.05871249682,1542164
chr8,CpGenie,Ovary-Epithelial,0.5985225366,0.06863903678,1281117
chr9,CpGenie,Ovary-Epithelial,0.6366212629,0.06712155168,1176367
chrX,CpGenie,Ovary-Epithelial,0.4022267515,0.08869731488,1135444
chr1,CpGenie,Pancreas-Acinar,0.735387665,0.04928671791,2268918
chr10,CpGenie,Pancreas-Acinar,0.6550910011,0.05802556366,1347269
chr11,CpGenie,Pancreas-Acinar,0.708537093,0.0540379411,1289588
chr12,CpGenie,Pancreas-Acinar,0.7175861184,0.05097367335,1280570
chr13,CpGenie,Pancreas-Acinar,0.6828491493,0.05135515225,802596
chr14,CpGenie,Pancreas-Acinar,0.7235348497,0.05027012511,852449
chr15,CpGenie,Pancreas-Acinar,0.7269417578,0.04940728919,847547
chr16,CpGenie,Pancreas-Acinar,0.7154689512,0.0546662367,1078700
chr17,CpGenie,Pancreas-Acinar,0.7579719798,0.04973457482,1165097
chr18,CpGenie,Pancreas-Acinar,0.6698294026,0.05471554058,686593
chr19,CpGenie,Pancreas-Acinar,0.772715885,0.05175837163,1043857
chr2,CpGenie,Pancreas-Acinar,0.7114336353,0.04822656701,2149801
chr20,CpGenie,Pancreas-Acinar,0.7061217667,0.0560655745,739638
chr21,CpGenie,Pancreas-Acinar,0.66080533,0.06099953305,380905
chr22,CpGenie,Pancreas-Acinar,0.7101289823,0.05640634739,584496
chr3,CpGenie,Pancreas-Acinar,0.7117960287,0.04730030587,1630187
chr4,CpGenie,Pancreas-Acinar,0.6790022438,0.05382954154,1461853
chr5,CpGenie,Pancreas-Acinar,0.6996873694,0.05112016192,1485005
chr6,CpGenie,Pancreas-Acinar,0.7109273661,0.05056171707,1477001
chr7,CpGenie,Pancreas-Acinar,0.7075638497,0.049565213,1550448
chr8,CpGenie,Pancreas-Acinar,0.6380208284,0.06102576321,1286878
chr9,CpGenie,Pancreas-Acinar,0.6610872609,0.05960838784,1187865
chrX,CpGenie,Pancreas-Acinar,0.6362291832,0.06016766337,1136143
chr1,CpGenie,Pancreas-Alpha,0.7705367736,0.03789978152,2265434
chr10,CpGenie,Pancreas-Alpha,0.69707264,0.04366172475,1345498
chr11,CpGenie,Pancreas-Alpha,0.7528150012,0.03962605065,1290003
chr12,CpGenie,Pancreas-Alpha,0.7515988933,0.03831397778,1280320
chr13,CpGenie,Pancreas-Alpha,0.7134476778,0.03773508626,802277
chr14,CpGenie,Pancreas-Alpha,0.7567466378,0.03845766822,851489
chr15,CpGenie,Pancreas-Alpha,0.7660347692,0.03710095612,845592
chr16,CpGenie,Pancreas-Alpha,0.7530973505,0.04065830623,1076195
chr17,CpGenie,Pancreas-Alpha,0.7924698891,0.03916347798,1160277
chr18,CpGenie,Pancreas-Alpha,0.6848653082,0.04180499283,684249
chr19,CpGenie,Pancreas-Alpha,0.810473902,0.03971585079,1042586
chr2,CpGenie,Pancreas-Alpha,0.7489714599,0.03603912997,2147895
chr20,CpGenie,Pancreas-Alpha,0.7412010561,0.04186677651,736851
chr21,CpGenie,Pancreas-Alpha,0.6955389825,0.04275097477,379974
chr22,CpGenie,Pancreas-Alpha,0.7559918126,0.04061579509,583003
chr3,CpGenie,Pancreas-Alpha,0.7409009547,0.03628207939,1627853
chr4,CpGenie,Pancreas-Alpha,0.7152465098,0.03747217379,1459650
chr5,CpGenie,Pancreas-Alpha,0.746653515,0.03597438559,1484150
chr6,CpGenie,Pancreas-Alpha,0.7477349905,0.03835195902,1475844
chr7,CpGenie,Pancreas-Alpha,0.7369197325,0.03842094063,1548384
chr8,CpGenie,Pancreas-Alpha,0.6894934428,0.04239938426,1284507
chr9,CpGenie,Pancreas-Alpha,0.7023744331,0.04558352289,1183530
chrX,CpGenie,Pancreas-Alpha,0.5693048522,0.04834714961,1137375
chr1,CpGenie,Pancreas-Beta,0.7720779599,0.03836692898,2263184
chr10,CpGenie,Pancreas-Beta,0.7004832922,0.0448243678,1344427
chr11,CpGenie,Pancreas-Beta,0.7535497653,0.04050078521,1288996
chr12,CpGenie,Pancreas-Beta,0.7514330837,0.03894221714,1279394
chr13,CpGenie,Pancreas-Beta,0.7144533947,0.03832831649,801855
chr14,CpGenie,Pancreas-Beta,0.7570954242,0.03891689563,850851
chr15,CpGenie,Pancreas-Beta,0.7684256649,0.03756877015,844371
chr16,CpGenie,Pancreas-Beta,0.7549022171,0.04106315694,1074609
chr17,CpGenie,Pancreas-Beta,0.791863043,0.04023512813,1159026
chr18,CpGenie,Pancreas-Beta,0.6813147376,0.04417472213,683348
chr19,CpGenie,Pancreas-Beta,0.8144668687,0.03926474798,1041997
chr2,CpGenie,Pancreas-Beta,0.7467688273,0.036965296,2146141
chr20,CpGenie,Pancreas-Beta,0.7422876398,0.04278737918,736204
chr21,CpGenie,Pancreas-Beta,0.6974856669,0.04349653453,379324
chr22,CpGenie,Pancreas-Beta,0.7543298591,0.04138850674,581944
chr3,CpGenie,Pancreas-Beta,0.7409326662,0.03689787601,1626728
chr4,CpGenie,Pancreas-Beta,0.7178035888,0.03778968178,1458687
chr5,CpGenie,Pancreas-Beta,0.7496991226,0.03613462131,1483231
chr6,CpGenie,Pancreas-Beta,0.7506508793,0.03867812456,1475120
chr7,CpGenie,Pancreas-Beta,0.7391944354,0.03897158567,1546650
chr8,CpGenie,Pancreas-Beta,0.6922721904,0.0430259075,1283349
chr9,CpGenie,Pancreas-Beta,0.7070478459,0.04624616959,1181431
chrX,CpGenie,Pancreas-Beta,0.5628414645,0.04954830004,1136617
chr1,CpGenie,Pancreas-Delta,0.7593739361,0.04017789222,2262499
chr10,CpGenie,Pancreas-Delta,0.6943834031,0.04496263247,1343942
chr11,CpGenie,Pancreas-Delta,0.7329443189,0.04339316552,1288117
chr12,CpGenie,Pancreas-Delta,0.739369504,0.04060201676,1278879
chr13,CpGenie,Pancreas-Delta,0.7063681709,0.03905876247,801700
chr14,CpGenie,Pancreas-Delta,0.7476259342,0.04032399197,850790
chr15,CpGenie,Pancreas-Delta,0.7568517101,0.03908935402,844392
chr16,CpGenie,Pancreas-Delta,0.7354501148,0.04416676236,1074473
chr17,CpGenie,Pancreas-Delta,0.7802352497,0.04191004299,1159159
chr18,CpGenie,Pancreas-Delta,0.667468239,0.04549917254,683121
chr19,CpGenie,Pancreas-Delta,0.7945637976,0.04314909209,1041249
chr2,CpGenie,Pancreas-Delta,0.7362305943,0.03812066262,2145330
chr20,CpGenie,Pancreas-Delta,0.7275170125,0.04459499461,735957
chr21,CpGenie,Pancreas-Delta,0.6843612262,0.04545590261,379231
chr22,CpGenie,Pancreas-Delta,0.7400863524,0.0436612049,581828
chr3,CpGenie,Pancreas-Delta,0.7298381042,0.03810522841,1626422
chr4,CpGenie,Pancreas-Delta,0.70624641,0.03927891324,1458536
chr5,CpGenie,Pancreas-Delta,0.7377491391,0.03782585586,1482840
chr6,CpGenie,Pancreas-Delta,0.7389272044,0.0402110424,1474822
chr7,CpGenie,Pancreas-Delta,0.7252098583,0.04060427369,1546606
chr8,CpGenie,Pancreas-Delta,0.6874358267,0.0434779794,1283167
chr9,CpGenie,Pancreas-Delta,0.7047037939,0.04618002817,1180809
chrX,CpGenie,Pancreas-Delta,0.539630548,0.05707180161,1136497
chr1,CpGenie,Pancreas-Duct,0.7822460246,0.03875915011,2261612
chr10,CpGenie,Pancreas-Duct,0.6958790814,0.04784586705,1345088
chr11,CpGenie,Pancreas-Duct,0.7611093021,0.041614852,1287100
chr12,CpGenie,Pancreas-Duct,0.7613856191,0.03937041134,1279311
chr13,CpGenie,Pancreas-Duct,0.726165673,0.03807237384,802011
chr14,CpGenie,Pancreas-Duct,0.7700709186,0.03883075301,851264
chr15,CpGenie,Pancreas-Duct,0.7734848656,0.03866826195,845610
chr16,CpGenie,Pancreas-Duct,0.7670173356,0.04085321908,1075890
chr17,CpGenie,Pancreas-Duct,0.8052071366,0.0396808562,1162317
chr18,CpGenie,Pancreas-Duct,0.7010679008,0.04323926262,684936
chr19,CpGenie,Pancreas-Duct,0.8310214689,0.03832385059,1041539
chr2,CpGenie,Pancreas-Duct,0.7573246148,0.03715779758,2147495
chr20,CpGenie,Pancreas-Duct,0.7566568612,0.04257748381,738307
chr21,CpGenie,Pancreas-Duct,0.7125939476,0.04404288134,379966
chr22,CpGenie,Pancreas-Duct,0.766387026,0.04214044605,582465
chr3,CpGenie,Pancreas-Duct,0.75084347,0.03665218705,1629807
chr4,CpGenie,Pancreas-Duct,0.7245108693,0.0387229133,1458887
chr5,CpGenie,Pancreas-Duct,0.7518353529,0.03767820312,1483601
chr6,CpGenie,Pancreas-Duct,0.761723133,0.03827343491,1475980
chr7,CpGenie,Pancreas-Duct,0.7531942781,0.0383686412,1549679
chr8,CpGenie,Pancreas-Duct,0.6868494559,0.04566476106,1284764
chr9,CpGenie,Pancreas-Duct,0.6960085448,0.05047104119,1183019
chrX,CpGenie,Pancreas-Duct,0.5537172153,0.05375514048,1137102
chr1,CpGenie,Prostate-Epithelial,0.7845767449,0.03874576098,2266097
chr10,CpGenie,Prostate-Epithelial,0.6925432708,0.04853078302,1345336
chr11,CpGenie,Prostate-Epithelial,0.7692477002,0.04071426037,1290571
chr12,CpGenie,Prostate-Epithelial,0.76658173,0.0390908388,1279683
chr13,CpGenie,Prostate-Epithelial,0.7299928274,0.03831041364,801830
chr14,CpGenie,Prostate-Epithelial,0.7730664619,0.03869792398,852083
chr15,CpGenie,Prostate-Epithelial,0.7789652056,0.03837939475,846728
chr16,CpGenie,Prostate-Epithelial,0.7806127169,0.03871748809,1077347
chr17,CpGenie,Prostate-Epithelial,0.8060701043,0.03940906212,1162564
chr18,CpGenie,Prostate-Epithelial,0.7165661303,0.04146344051,686019
chr19,CpGenie,Prostate-Epithelial,0.8314615107,0.03773129267,1042759
chr2,CpGenie,Prostate-Epithelial,0.7568124345,0.03794778272,2147382
chr20,CpGenie,Prostate-Epithelial,0.7566768161,0.04301262335,737268
chr21,CpGenie,Prostate-Epithelial,0.725962829,0.04249329927,380489
chr22,CpGenie,Prostate-Epithelial,0.7773267967,0.04049138443,584826
chr3,CpGenie,Prostate-Epithelial,0.7561458034,0.03715669042,1629621
chr4,CpGenie,Prostate-Epithelial,0.7313883121,0.03857673906,1459986
chr5,CpGenie,Prostate-Epithelial,0.7527955248,0.0376113224,1484012
chr6,CpGenie,Prostate-Epithelial,0.7665414564,0.03789938032,1477388
chr7,CpGenie,Prostate-Epithelial,0.7541500615,0.03857958239,1548382
chr8,CpGenie,Prostate-Epithelial,0.6895113349,0.04647810218,1285067
chr9,CpGenie,Prostate-Epithelial,0.7043566434,0.04944150184,1184300
chrX,CpGenie,Prostate-Epithelial,0.6746969574,0.04553394668,1134655
chr1,CpGenie,Skeletal-Muscle,0.7811875261,0.03480160074,2262728
chr10,CpGenie,Skeletal-Muscle,0.7146161967,0.04000985001,1343533
chr11,CpGenie,Skeletal-Muscle,0.7638037749,0.03643078489,1288430
chr12,CpGenie,Skeletal-Muscle,0.7592819192,0.03562766426,1278422
chr13,CpGenie,Skeletal-Muscle,0.7406617231,0.03241494763,801659
chr14,CpGenie,Skeletal-Muscle,0.7776038297,0.03348640284,850912
chr15,CpGenie,Skeletal-Muscle,0.7785581936,0.03412309133,844937
chr16,CpGenie,Skeletal-Muscle,0.761306862,0.03721820328,1075832
chr17,CpGenie,Skeletal-Muscle,0.7971527964,0.03663064542,1161632
chr18,CpGenie,Skeletal-Muscle,0.7114113152,0.03689873744,684407
chr19,CpGenie,Skeletal-Muscle,0.8112587059,0.03828695063,1040241
chr2,CpGenie,Skeletal-Muscle,0.75661904,0.03312605708,2145410
chr20,CpGenie,Skeletal-Muscle,0.7562633666,0.03804856685,735957
chr21,CpGenie,Skeletal-Muscle,0.7237557661,0.03775136504,379682
chr22,CpGenie,Skeletal-Muscle,0.7594095134,0.03842851667,582576
chr3,CpGenie,Skeletal-Muscle,0.7552986959,0.03245086236,1627112
chr4,CpGenie,Skeletal-Muscle,0.734483007,0.03325730408,1459373
chr5,CpGenie,Skeletal-Muscle,0.7586064772,0.03275157961,1483224
chr6,CpGenie,Skeletal-Muscle,0.7731240069,0.03261882519,1476818
chr7,CpGenie,Skeletal-Muscle,0.7507182623,0.03457351896,1546077
chr8,CpGenie,Skeletal-Muscle,0.7169123478,0.03735063658,1283840
chr9,CpGenie,Skeletal-Muscle,0.7239367195,0.04088329766,1180828
chrX,CpGenie,Skeletal-Muscle,0.5772783445,0.04347062835,1136804
chr1,CpGenie,Small-int-Epithelial,0.7326477759,0.04981763127,2261731
chr10,CpGenie,Small-int-Epithelial,0.6480323151,0.05645210073,1342506
chr11,CpGenie,Small-int-Epithelial,0.7097933415,0.05340712016,1285669
chr12,CpGenie,Small-int-Epithelial,0.7105069582,0.04906051019,1279490
chr13,CpGenie,Small-int-Epithelial,0.6735697127,0.04782633992,801909
chr14,CpGenie,Small-int-Epithelial,0.7242515421,0.0484507476,851638
chr15,CpGenie,Small-int-Epithelial,0.723837041,0.0482099523,845646
chr16,CpGenie,Small-int-Epithelial,0.7258649711,0.05106144828,1075833
chr17,CpGenie,Small-int-Epithelial,0.7544211549,0.05199049313,1162051
chr18,CpGenie,Small-int-Epithelial,0.6488136683,0.05136746287,685338
chr19,CpGenie,Small-int-Epithelial,0.7732100331,0.05127000202,1041177
chr2,CpGenie,Small-int-Epithelial,0.7102358117,0.04654737367,2146054
chr20,CpGenie,Small-int-Epithelial,0.6946924346,0.05467281077,738328
chr21,CpGenie,Small-int-Epithelial,0.6401263924,0.05573032253,379635
chr22,CpGenie,Small-int-Epithelial,0.7183156202,0.05406472134,582434
chr3,CpGenie,Small-int-Epithelial,0.6990071536,0.0467191596,1626871
chr4,CpGenie,Small-int-Epithelial,0.6720137815,0.04823434883,1459883
chr5,CpGenie,Small-int-Epithelial,0.6940552293,0.04778553988,1482873
chr6,CpGenie,Small-int-Epithelial,0.7139332842,0.04744970269,1475387
chr7,CpGenie,Small-int-Epithelial,0.7014598771,0.0478183508,1546724
chr8,CpGenie,Small-int-Epithelial,0.6347833189,0.05634537767,1283523
chr9,CpGenie,Small-int-Epithelial,0.6542960446,0.05960778698,1183902
chrX,CpGenie,Small-int-Epithelial,0.6242312272,0.05393918642,1134277
chr1,CpGenie,Thyroid-Epithelial,0.7798847863,0.03826612814,2258284
chr10,CpGenie,Thyroid-Epithelial,0.7078279577,0.04474693211,1345018
chr11,CpGenie,Thyroid-Epithelial,0.7595824637,0.04089881278,1289188
chr12,CpGenie,Thyroid-Epithelial,0.7608746503,0.03831500714,1279369
chr13,CpGenie,Thyroid-Epithelial,0.7392713808,0.03455878298,801977
chr14,CpGenie,Thyroid-Epithelial,0.7745216332,0.03713225019,851778
chr15,CpGenie,Thyroid-Epithelial,0.7738187097,0.03806656048,844225
chr16,CpGenie,Thyroid-Epithelial,0.760426886,0.04116107334,1076338
chr17,CpGenie,Thyroid-Epithelial,0.7912699094,0.04187303854,1163023
chr18,CpGenie,Thyroid-Epithelial,0.6999227789,0.04137415672,684169
chr19,CpGenie,Thyroid-Epithelial,0.8150615064,0.04073236973,1042182
chr2,CpGenie,Thyroid-Epithelial,0.7572275986,0.03632925155,2147261
chr20,CpGenie,Thyroid-Epithelial,0.7472852305,0.04317492506,735958
chr21,CpGenie,Thyroid-Epithelial,0.7210046235,0.0405106054,379454
chr22,CpGenie,Thyroid-Epithelial,0.7535457062,0.04323141586,584578
chr3,CpGenie,Thyroid-Epithelial,0.7524478234,0.03554814596,1627256
chr4,CpGenie,Thyroid-Epithelial,0.7398109472,0.03474722506,1459624
chr5,CpGenie,Thyroid-Epithelial,0.7619880685,0.03503182087,1483511
chr6,CpGenie,Thyroid-Epithelial,0.766132856,0.03657180653,1475358
chr7,CpGenie,Thyroid-Epithelial,0.7577945454,0.03649636769,1547461
chr8,CpGenie,Thyroid-Epithelial,0.7097527849,0.04120793661,1283505
chr9,CpGenie,Thyroid-Epithelial,0.7182933282,0.04598473578,1183514
chrX,CpGenie,Thyroid-Epithelial,0.5743031473,0.04561226736,1136950
chr1,CpGenie,Tonsil-Palatine-Epithelial,0.7408119579,0.04757110218,2263242
chr10,CpGenie,Tonsil-Palatine-Epithelial,0.6659089546,0.05415607711,1343814
chr11,CpGenie,Tonsil-Palatine-Epithelial,0.7159204721,0.05106636024,1286710
chr12,CpGenie,Tonsil-Palatine-Epithelial,0.7292357487,0.04636240841,1278985
chr13,CpGenie,Tonsil-Palatine-Epithelial,0.6848796328,0.04663793254,801973
chr14,CpGenie,Tonsil-Palatine-Epithelial,0.7323657814,0.04683038553,851477
chr15,CpGenie,Tonsil-Palatine-Epithelial,0.7347832943,0.04710207844,845504
chr16,CpGenie,Tonsil-Palatine-Epithelial,0.7264152979,0.0495680784,1075755
chr17,CpGenie,Tonsil-Palatine-Epithelial,0.7585071774,0.04962339208,1162090
chr18,CpGenie,Tonsil-Palatine-Epithelial,0.6719389482,0.04970956898,684492
chr19,CpGenie,Tonsil-Palatine-Epithelial,0.7799601189,0.04831183971,1041775
chr2,CpGenie,Tonsil-Palatine-Epithelial,0.7144136444,0.04631934506,2146663
chr20,CpGenie,Tonsil-Palatine-Epithelial,0.714664752,0.05108887701,737293
chr21,CpGenie,Tonsil-Palatine-Epithelial,0.6754909432,0.05240422706,380690
chr22,CpGenie,Tonsil-Palatine-Epithelial,0.7247217946,0.05163414925,582986
chr3,CpGenie,Tonsil-Palatine-Epithelial,0.7174648462,0.04463911867,1629436
chr4,CpGenie,Tonsil-Palatine-Epithelial,0.6887986648,0.04629824517,1459804
chr5,CpGenie,Tonsil-Palatine-Epithelial,0.7070455745,0.04630009473,1482732
chr6,CpGenie,Tonsil-Palatine-Epithelial,0.720596627,0.04689803595,1475469
chr7,CpGenie,Tonsil-Palatine-Epithelial,0.7088963382,0.0472313901,1547002
chr8,CpGenie,Tonsil-Palatine-Epithelial,0.6563404702,0.05344580727,1284728
chr9,CpGenie,Tonsil-Palatine-Epithelial,0.6740386324,0.05583372112,1183535
chrX,CpGenie,Tonsil-Palatine-Epithelial,0.639841589,0.0534776331,1133954
chr1,INTERACT,Adipocytes,0.83225354,0.02828772849,2261392
chr10,INTERACT,Adipocytes,0.7722224498,0.03409123941,1343916
chr11,INTERACT,Adipocytes,0.8085502648,0.03139201635,1286724
chr12,INTERACT,Adipocytes,0.8168620991,0.02851219332,1279958
chr13,INTERACT,Adipocytes,0.7895286028,0.02807009534,802050
chr14,INTERACT,Adipocytes,0.8236945354,0.02805522991,851272
chr15,INTERACT,Adipocytes,0.82795354,0.0282494373,845140
chr16,INTERACT,Adipocytes,0.8169929171,0.02979361447,1075841
chr17,INTERACT,Adipocytes,0.843854177,0.02965760654,1162529
chr18,INTERACT,Adipocytes,0.7487944458,0.03471531224,684147
chr19,INTERACT,Adipocytes,0.8635673142,0.02839146233,1041902
chr2,INTERACT,Adipocytes,0.8070343831,0.02831256325,2145318
chr20,INTERACT,Adipocytes,0.8050793368,0.03203652091,737523
chr21,INTERACT,Adipocytes,0.7700986675,0.03269970023,380325
chr22,INTERACT,Adipocytes,0.8167742683,0.03065253727,582668
chr3,INTERACT,Adipocytes,0.8009491393,0.02834183325,1627424
chr4,INTERACT,Adipocytes,0.7795445276,0.02914680143,1459849
chr5,INTERACT,Adipocytes,0.8060616277,0.02790910165,1482871
chr6,INTERACT,Adipocytes,0.8167589881,0.02819118477,1477069
chr7,INTERACT,Adipocytes,0.8023094671,0.02902618873,1549069
chr8,INTERACT,Adipocytes,0.7736049071,0.03152345805,1284435
chr9,INTERACT,Adipocytes,0.7723029672,0.03590858043,1181338
chrX,INTERACT,Adipocytes,0.6292634968,0.03820893316,1136543
chr1,INTERACT,Aorta-Endothel,0.7918806524,0.03664294695,2262556
chr10,INTERACT,Aorta-Endothel,0.7195815145,0.04402925583,1344172
chr11,INTERACT,Aorta-Endothel,0.7694036278,0.03965535266,1285654
chr12,INTERACT,Aorta-Endothel,0.775652838,0.03732139526,1278813
chr13,INTERACT,Aorta-Endothel,0.7297191429,0.03774819095,801761
chr14,INTERACT,Aorta-Endothel,0.7788403376,0.03717471383,851670
chr15,INTERACT,Aorta-Endothel,0.7814653413,0.03763824849,845128
chr16,INTERACT,Aorta-Endothel,0.7801938665,0.03831296915,1075906
chr17,INTERACT,Aorta-Endothel,0.8199142904,0.0362996583,1161205
chr18,INTERACT,Aorta-Endothel,0.7081323995,0.0424551954,685049
chr19,INTERACT,Aorta-Endothel,0.8441400981,0.03419587075,1041043
chr2,INTERACT,Aorta-Endothel,0.755485862,0.03769397125,2146851
chr20,INTERACT,Aorta-Endothel,0.769821756,0.03989064302,736722
chr21,INTERACT,Aorta-Endothel,0.7216517835,0.04206280221,379268
chr22,INTERACT,Aorta-Endothel,0.7887050429,0.03737857214,583715
chr3,INTERACT,Aorta-Endothel,0.7502872674,0.03787891247,1626783
chr4,INTERACT,Aorta-Endothel,0.730157006,0.03809984859,1460920
chr5,INTERACT,Aorta-Endothel,0.7550702898,0.03734153867,1482800
chr6,INTERACT,Aorta-Endothel,0.7706374084,0.03680387928,1477076
chr7,INTERACT,Aorta-Endothel,0.7565932562,0.03775505296,1547307
chr8,INTERACT,Aorta-Endothel,0.713498607,0.0423131964,1284483
chr9,INTERACT,Aorta-Endothel,0.7283223991,0.04494187082,1183022
chrX,INTERACT,Aorta-Endothel,0.5941143852,0.05124703023,1136928
chr1,INTERACT,Aorta-Smooth-Muscle,0.7672306568,0.03822443221,2263318
chr10,INTERACT,Aorta-Smooth-Muscle,0.6926949208,0.04566852758,1345928
chr11,INTERACT,Aorta-Smooth-Muscle,0.7512000875,0.03982255238,1287043
chr12,INTERACT,Aorta-Smooth-Muscle,0.7445052707,0.03985236688,1278143
chr13,INTERACT,Aorta-Smooth-Muscle,0.7171582467,0.03852855138,802025
chr14,INTERACT,Aorta-Smooth-Muscle,0.7589538833,0.03787817865,851890
chr15,INTERACT,Aorta-Smooth-Muscle,0.7565993351,0.03919433401,844644
chr16,INTERACT,Aorta-Smooth-Muscle,0.7570273198,0.0401049148,1076254
chr17,INTERACT,Aorta-Smooth-Muscle,0.800966054,0.0365086204,1163088
chr18,INTERACT,Aorta-Smooth-Muscle,0.6964848237,0.04193425678,685140
chr19,INTERACT,Aorta-Smooth-Muscle,0.8152272041,0.03617341391,1042185
chr2,INTERACT,Aorta-Smooth-Muscle,0.7367874711,0.03888939653,2147528
chr20,INTERACT,Aorta-Smooth-Muscle,0.7495703789,0.04002791084,737061
chr21,INTERACT,Aorta-Smooth-Muscle,0.7016149579,0.04310924831,380386
chr22,INTERACT,Aorta-Smooth-Muscle,0.769431237,0.03844953573,583096
chr3,INTERACT,Aorta-Smooth-Muscle,0.7401800398,0.03756212029,1629545
chr4,INTERACT,Aorta-Smooth-Muscle,0.7170234103,0.03822491647,1460807
chr5,INTERACT,Aorta-Smooth-Muscle,0.7323471677,0.03868211763,1483193
chr6,INTERACT,Aorta-Smooth-Muscle,0.7481925745,0.03810700433,1477925
chr7,INTERACT,Aorta-Smooth-Muscle,0.734334592,0.03923342608,1546997
chr8,INTERACT,Aorta-Smooth-Muscle,0.6875403292,0.04411536562,1284774
chr9,INTERACT,Aorta-Smooth-Muscle,0.7075103519,0.04506210419,1184567
chrX,INTERACT,Aorta-Smooth-Muscle,0.665524574,0.04753976476,1134492
chr1,INTERACT,Bladder-Epithelial,0.8144978422,0.03675725334,2264328
chr10,INTERACT,Bladder-Epithelial,0.7168738287,0.0494471461,1345632
chr11,INTERACT,Bladder-Epithelial,0.792066745,0.04005821456,1287559
chr12,INTERACT,Bladder-Epithelial,0.7895352005,0.03880882116,1278712
chr13,INTERACT,Bladder-Epithelial,0.7597854525,0.03832354061,802162
chr14,INTERACT,Bladder-Epithelial,0.8009571918,0.03701945866,852505
chr15,INTERACT,Bladder-Epithelial,0.8087647192,0.03694693485,847373
chr16,INTERACT,Bladder-Epithelial,0.8070349658,0.03723094558,1077400
chr17,INTERACT,Bladder-Epithelial,0.8381407358,0.03564754947,1163563
chr18,INTERACT,Bladder-Epithelial,0.7395165967,0.04286797614,685212
chr19,INTERACT,Bladder-Epithelial,0.8536781719,0.03470221904,1042900
chr2,INTERACT,Bladder-Epithelial,0.7886007934,0.03711921026,2148301
chr20,INTERACT,Bladder-Epithelial,0.7938135341,0.03976709497,736760
chr21,INTERACT,Bladder-Epithelial,0.7595547356,0.04142731714,380119
chr22,INTERACT,Bladder-Epithelial,0.8102054954,0.03735350601,585117
chr3,INTERACT,Bladder-Epithelial,0.788662975,0.03638975846,1629713
chr4,INTERACT,Bladder-Epithelial,0.7581409132,0.03892183826,1459458
chr5,INTERACT,Bladder-Epithelial,0.7823413481,0.03715908824,1484111
chr6,INTERACT,Bladder-Epithelial,0.7965370255,0.03727004582,1476070
chr7,INTERACT,Bladder-Epithelial,0.7832609667,0.03783829655,1549614
chr8,INTERACT,Bladder-Epithelial,0.7153554966,0.04721077652,1284274
chr9,INTERACT,Bladder-Epithelial,0.7253120504,0.05019637227,1184418
chrX,INTERACT,Bladder-Epithelial,0.6906220823,0.04945223104,1134630
chr1,INTERACT,Blood-B,0.8178505404,0.03099707586,2275518
chr10,INTERACT,Blood-B,0.7432020126,0.03822538881,1349724
chr11,INTERACT,Blood-B,0.7995266158,0.03358238309,1294689
chr12,INTERACT,Blood-B,0.8017536579,0.03139595924,1284207
chr13,INTERACT,Blood-B,0.7547271625,0.03176455969,804016
chr14,INTERACT,Blood-B,0.8008477872,0.03242338039,853884
chr15,INTERACT,Blood-B,0.8095133831,0.03148807967,851538
chr16,INTERACT,Blood-B,0.8055533699,0.03281123241,1082281
chr17,INTERACT,Blood-B,0.8394942878,0.03187813622,1170054
chr18,INTERACT,Blood-B,0.7583746357,0.03226006689,690259
chr19,INTERACT,Blood-B,0.854278537,0.03237296447,1046614
chr2,INTERACT,Blood-B,0.7903256819,0.03049912121,2154824
chr20,INTERACT,Blood-B,0.7957752265,0.03431502416,741525
chr21,INTERACT,Blood-B,0.7371898022,0.03851836003,384212
chr22,INTERACT,Blood-B,0.8030215336,0.0345279426,587812
chr3,INTERACT,Blood-B,0.7895105263,0.02949525569,1633769
chr4,INTERACT,Blood-B,0.7587655832,0.03182370367,1465199
chr5,INTERACT,Blood-B,0.7820100582,0.03113897504,1488600
chr6,INTERACT,Blood-B,0.7961561912,0.03145060163,1480557
chr7,INTERACT,Blood-B,0.7865321229,0.03135031459,1557606
chr8,INTERACT,Blood-B,0.7344128167,0.03717097156,1290133
chr9,INTERACT,Blood-B,0.747665786,0.04003426375,1194463
chrX,INTERACT,Blood-B,0.7090518215,0.03824580637,1140212
chr1,INTERACT,Blood-Granulocytes,0.8107304828,0.03356207306,2263426
chr10,INTERACT,Blood-Granulocytes,0.7438369787,0.03978997983,1344606
chr11,INTERACT,Blood-Granulocytes,0.7846440007,0.03701262102,1287502
chr12,INTERACT,Blood-Granulocytes,0.7834841864,0.03570222196,1276832
chr13,INTERACT,Blood-Granulocytes,0.7571976755,0.03168507123,801761
chr14,INTERACT,Blood-Granulocytes,0.804802309,0.03233824139,851139
chr15,INTERACT,Blood-Granulocytes,0.8068438847,0.03336476182,845906
chr16,INTERACT,Blood-Granulocytes,0.7943871446,0.03582640289,1075960
chr17,INTERACT,Blood-Granulocytes,0.8261768559,0.03632954085,1161902
chr18,INTERACT,Blood-Granulocytes,0.7295427217,0.03783180465,684701
chr19,INTERACT,Blood-Granulocytes,0.8451966068,0.0352356478,1041190
chr2,INTERACT,Blood-Granulocytes,0.7825461248,0.03296320492,2145551
chr20,INTERACT,Blood-Granulocytes,0.7872330708,0.03750591733,737147
chr21,INTERACT,Blood-Granulocytes,0.7364675249,0.03910150858,379320
chr22,INTERACT,Blood-Granulocytes,0.7985740367,0.03618618806,582860
chr3,INTERACT,Blood-Granulocytes,0.7807381627,0.03167871795,1629332
chr4,INTERACT,Blood-Granulocytes,0.7561204646,0.0320223852,1460804
chr5,INTERACT,Blood-Granulocytes,0.7829016221,0.03190805234,1482927
chr6,INTERACT,Blood-Granulocytes,0.7919374183,0.03289525034,1477313
chr7,INTERACT,Blood-Granulocytes,0.7797698575,0.03328006156,1547993
chr8,INTERACT,Blood-Granulocytes,0.7486740778,0.03591555989,1283420
chr9,INTERACT,Blood-Granulocytes,0.7579012212,0.03985408545,1180661
chrX,INTERACT,Blood-Granulocytes,0.6146674527,0.04044065598,1136842
chr1,INTERACT,Blood-Monocytes,0.8218520054,0.03196650367,2261141
chr10,INTERACT,Blood-Monocytes,0.7448099859,0.04009950445,1343197
chr11,INTERACT,Blood-Monocytes,0.7926068333,0.03631637215,1286378
chr12,INTERACT,Blood-Monocytes,0.7969806052,0.03387915613,1275876
chr13,INTERACT,Blood-Monocytes,0.7681911902,0.03080522777,801271
chr14,INTERACT,Blood-Monocytes,0.8130682492,0.03137637065,850686
chr15,INTERACT,Blood-Monocytes,0.8155766187,0.03203050434,844897
chr16,INTERACT,Blood-Monocytes,0.8074738207,0.03412379131,1074290
chr17,INTERACT,Blood-Monocytes,0.8356748636,0.03485576374,1160355
chr18,INTERACT,Blood-Monocytes,0.7432478131,0.03588631742,683439
chr19,INTERACT,Blood-Monocytes,0.8598539358,0.03275158338,1040491
chr2,INTERACT,Blood-Monocytes,0.7955766229,0.03117083438,2143670
chr20,INTERACT,Blood-Monocytes,0.8005035973,0.03562496826,736580
chr21,INTERACT,Blood-Monocytes,0.7569368544,0.03688561183,379099
chr22,INTERACT,Blood-Monocytes,0.811981843,0.03431897356,582068
chr3,INTERACT,Blood-Monocytes,0.7905358765,0.030447904,1628198
chr4,INTERACT,Blood-Monocytes,0.766847129,0.03126975851,1459705
chr5,INTERACT,Blood-Monocytes,0.791903152,0.03104529613,1481674
chr6,INTERACT,Blood-Monocytes,0.8031687699,0.03162656454,1476337
chr7,INTERACT,Blood-Monocytes,0.78959564,0.03225554109,1546052
chr8,INTERACT,Blood-Monocytes,0.7444604663,0.03705891123,1282671
chr9,INTERACT,Blood-Monocytes,0.7548403588,0.04090789143,1178404
chrX,INTERACT,Blood-Monocytes,0.6022618256,0.0445713126,1136132
chr1,INTERACT,Blood-NK,0.834075196,0.02773353894,2265447
chr10,INTERACT,Blood-NK,0.7540227105,0.03583405379,1345411
chr11,INTERACT,Blood-NK,0.8124810914,0.03077430392,1288750
chr12,INTERACT,Blood-NK,0.807906585,0.02979371455,1277687
chr13,INTERACT,Blood-NK,0.7848737583,0.02694740971,802212
chr14,INTERACT,Blood-NK,0.8267031894,0.0274672513,851799
chr15,INTERACT,Blood-NK,0.8303831717,0.02757314665,847121
chr16,INTERACT,Blood-NK,0.8223502077,0.02931547292,1077112
chr17,INTERACT,Blood-NK,0.8499644743,0.02965688111,1163399
chr18,INTERACT,Blood-NK,0.7562001675,0.03174436079,685139
chr19,INTERACT,Blood-NK,0.8714992271,0.0285411027,1042593
chr2,INTERACT,Blood-NK,0.8064918738,0.02751717437,2147375
chr20,INTERACT,Blood-NK,0.8094020279,0.03162684281,737955
chr21,INTERACT,Blood-NK,0.7729228945,0.03193865793,380029
chr22,INTERACT,Blood-NK,0.8258900587,0.02961451971,583672
chr3,INTERACT,Blood-NK,0.8080231111,0.02589228405,1630305
chr4,INTERACT,Blood-NK,0.7816456195,0.02752882457,1461484
chr5,INTERACT,Blood-NK,0.8039327954,0.02728273846,1483790
chr6,INTERACT,Blood-NK,0.820012988,0.02705824933,1477898
chr7,INTERACT,Blood-NK,0.804921761,0.02788747893,1549710
chr8,INTERACT,Blood-NK,0.7531186309,0.03311138573,1284535
chr9,INTERACT,Blood-NK,0.7623934498,0.03674797204,1182686
chrX,INTERACT,Blood-NK,0.6131147729,0.04097137075,1137353
chr1,INTERACT,Blood-T-CD3,0.8196518671,0.02874942468,2265142
chr10,INTERACT,Blood-T-CD3,0.7404647413,0.0360543204,1345436
chr11,INTERACT,Blood-T-CD3,0.7911972122,0.0328923884,1288618
chr12,INTERACT,Blood-T-CD3,0.7925224799,0.03088240931,1277840
chr13,INTERACT,Blood-T-CD3,0.7673961224,0.02940254336,802098
chr14,INTERACT,Blood-T-CD3,0.8069635077,0.02971557758,851542
chr15,INTERACT,Blood-T-CD3,0.8169410063,0.02818888875,847066
chr16,INTERACT,Blood-T-CD3,0.8145018522,0.02916853257,1076964
chr17,INTERACT,Blood-T-CD3,0.8394989524,0.0295483785,1163038
chr18,INTERACT,Blood-T-CD3,0.7359756795,0.0336646014,685188
chr19,INTERACT,Blood-T-CD3,0.8640880318,0.02788034617,1042140
chr2,INTERACT,Blood-T-CD3,0.786805297,0.02942532929,2147304
chr20,INTERACT,Blood-T-CD3,0.79406293,0.03205138511,737660
chr21,INTERACT,Blood-T-CD3,0.7564191143,0.03295201743,379975
chr22,INTERACT,Blood-T-CD3,0.8173187817,0.02908703882,583508
chr3,INTERACT,Blood-T-CD3,0.7925798143,0.02762450644,1630351
chr4,INTERACT,Blood-T-CD3,0.7640576215,0.03007201147,1461479
chr5,INTERACT,Blood-T-CD3,0.7864535516,0.02929085944,1483819
chr6,INTERACT,Blood-T-CD3,0.8026176731,0.02884622871,1477859
chr7,INTERACT,Blood-T-CD3,0.791848774,0.02875427717,1549643
chr8,INTERACT,Blood-T-CD3,0.738725959,0.0344184697,1284381
chr9,INTERACT,Blood-T-CD3,0.7479115794,0.03705850305,1182515
chrX,INTERACT,Blood-T-CD3,0.5942202438,0.042704164,1137426
chr1,INTERACT,Bone-Osteoblasts,0.7703565442,0.04087493757,2264582
chr10,INTERACT,Bone-Osteoblasts,0.7047260062,0.04799563948,1344426
chr11,INTERACT,Bone-Osteoblasts,0.7554635202,0.04293430082,1290628
chr12,INTERACT,Bone-Osteoblasts,0.7489507906,0.0426665495,1279324
chr13,INTERACT,Bone-Osteoblasts,0.7129547497,0.04481306141,802125
chr14,INTERACT,Bone-Osteoblasts,0.7582385843,0.04237816717,852150
chr15,INTERACT,Bone-Osteoblasts,0.7665192848,0.04091996868,847243
chr16,INTERACT,Bone-Osteoblasts,0.7576889825,0.04306280838,1077128
chr17,INTERACT,Bone-Osteoblasts,0.8018800179,0.03892762476,1164323
chr18,INTERACT,Bone-Osteoblasts,0.7002971069,0.04590466758,684911
chr19,INTERACT,Bone-Osteoblasts,0.810351167,0.04026607522,1042426
chr2,INTERACT,Bone-Osteoblasts,0.7408044977,0.04154525724,2147504
chr20,INTERACT,Bone-Osteoblasts,0.752798819,0.04344838065,738703
chr21,INTERACT,Bone-Osteoblasts,0.7105351205,0.04662022368,380008
chr22,INTERACT,Bone-Osteoblasts,0.7718867338,0.04103667809,583435
chr3,INTERACT,Bone-Osteoblasts,0.7427769187,0.04093334914,1629852
chr4,INTERACT,Bone-Osteoblasts,0.7169904039,0.04348155047,1460707
chr5,INTERACT,Bone-Osteoblasts,0.7335396275,0.04278557952,1483645
chr6,INTERACT,Bone-Osteoblasts,0.746374145,0.04223115296,1475708
chr7,INTERACT,Bone-Osteoblasts,0.7353478433,0.04300136929,1547528
chr8,INTERACT,Bone-Osteoblasts,0.699022702,0.04732118787,1284764
chr9,INTERACT,Bone-Osteoblasts,0.7135746328,0.04813665355,1184485
chrX,INTERACT,Bone-Osteoblasts,0.6020561682,0.05665164701,1137299
chr1,INTERACT,Bone_marrow-Erythrocyte_progenitors,0.8066248039,0.02432017403,2264264
chr10,INTERACT,Bone_marrow-Erythrocyte_progenitors,0.7252407027,0.02965120084,1346625
chr11,INTERACT,Bone_marrow-Erythrocyte_progenitors,0.7931309943,0.02527407929,1290060
chr12,INTERACT,Bone_marrow-Erythrocyte_progenitors,0.794130747,0.02448693347,1281301
chr13,INTERACT,Bone_marrow-Erythrocyte_progenitors,0.7679827281,0.02255379787,802342
chr14,INTERACT,Bone_marrow-Erythrocyte_progenitors,0.8065491384,0.0233344413,852521
chr15,INTERACT,Bone_marrow-Erythrocyte_progenitors,0.8013421565,0.02454545155,847714
chr16,INTERACT,Bone_marrow-Erythrocyte_progenitors,0.8060384504,0.02512817226,1078569
chr17,INTERACT,Bone_marrow-Erythrocyte_progenitors,0.8293675123,0.02531416557,1164254
chr18,INTERACT,Bone_marrow-Erythrocyte_progenitors,0.7358621362,0.02671300563,682122
chr19,INTERACT,Bone_marrow-Erythrocyte_progenitors,0.8501216301,0.02478262645,1043514
chr2,INTERACT,Bone_marrow-Erythrocyte_progenitors,0.784549577,0.02323799964,2149307
chr20,INTERACT,Bone_marrow-Erythrocyte_progenitors,0.7920955944,0.02566116063,739401
chr21,INTERACT,Bone_marrow-Erythrocyte_progenitors,0.7696602043,0.02559205169,381329
chr22,INTERACT,Bone_marrow-Erythrocyte_progenitors,0.8049433377,0.02608688015,584700
chr3,INTERACT,Bone_marrow-Erythrocyte_progenitors,0.7838605776,0.02279744062,1630900
chr4,INTERACT,Bone_marrow-Erythrocyte_progenitors,0.7595669365,0.02362017612,1461191
chr5,INTERACT,Bone_marrow-Erythrocyte_progenitors,0.7818601731,0.02307872968,1484300
chr6,INTERACT,Bone_marrow-Erythrocyte_progenitors,0.7907034752,0.02341584475,1478512
chr7,INTERACT,Bone_marrow-Erythrocyte_progenitors,0.783306517,0.02416213667,1550620
chr8,INTERACT,Bone_marrow-Erythrocyte_progenitors,0.7266228818,0.02781901674,1285288
chr9,INTERACT,Bone_marrow-Erythrocyte_progenitors,0.7229975684,0.03241153961,1187187
chrX,INTERACT,Bone_marrow-Erythrocyte_progenitors,0.6915894226,0.0310993735,1136187
chr1,INTERACT,Breast-Basal-Epithelial,0.8185812777,0.03403593395,2264287
chr10,INTERACT,Breast-Basal-Epithelial,0.7356107005,0.04322110197,1345327
chr11,INTERACT,Breast-Basal-Epithelial,0.7967236062,0.03743034204,1289334
chr12,INTERACT,Breast-Basal-Epithelial,0.7936893951,0.03529788934,1278798
chr13,INTERACT,Breast-Basal-Epithelial,0.7680875705,0.03292374922,801972
chr14,INTERACT,Breast-Basal-Epithelial,0.8099419491,0.03343974405,851546
chr15,INTERACT,Breast-Basal-Epithelial,0.809565119,0.03409425099,846247
chr16,INTERACT,Breast-Basal-Epithelial,0.8094645886,0.03591145574,1076361
chr17,INTERACT,Breast-Basal-Epithelial,0.8360031748,0.03533788032,1162939
chr18,INTERACT,Breast-Basal-Epithelial,0.7409265568,0.03849930245,685891
chr19,INTERACT,Breast-Basal-Epithelial,0.8515931077,0.03513425946,1042087
chr2,INTERACT,Breast-Basal-Epithelial,0.7918668969,0.03334846576,2146543
chr20,INTERACT,Breast-Basal-Epithelial,0.7971530841,0.03789017625,736989
chr21,INTERACT,Breast-Basal-Epithelial,0.76824127,0.03806463529,380441
chr22,INTERACT,Breast-Basal-Epithelial,0.8048570018,0.03816482144,583149
chr3,INTERACT,Breast-Basal-Epithelial,0.7885452619,0.0328105374,1627740
chr4,INTERACT,Breast-Basal-Epithelial,0.7654516736,0.03359071902,1459043
chr5,INTERACT,Breast-Basal-Epithelial,0.7896470261,0.03300339849,1483729
chr6,INTERACT,Breast-Basal-Epithelial,0.7993332116,0.03321377706,1477374
chr7,INTERACT,Breast-Basal-Epithelial,0.7871011938,0.03464448812,1548569
chr8,INTERACT,Breast-Basal-Epithelial,0.7329030955,0.04103532955,1283187
chr9,INTERACT,Breast-Basal-Epithelial,0.7468974718,0.0440299296,1182000
chrX,INTERACT,Breast-Basal-Epithelial,0.592446306,0.04553530769,1136938
chr1,INTERACT,Breast-Luminal-Epithelial,0.8331694463,0.03163451775,2264221
chr10,INTERACT,Breast-Luminal-Epithelial,0.7436461328,0.04257161209,1346124
chr11,INTERACT,Breast-Luminal-Epithelial,0.8134937494,0.03457218271,1288029
chr12,INTERACT,Breast-Luminal-Epithelial,0.8137989353,0.03246376666,1279696
chr13,INTERACT,Breast-Luminal-Epithelial,0.7888873019,0.03123851311,802269
chr14,INTERACT,Breast-Luminal-Epithelial,0.8261594457,0.03113531221,851827
chr15,INTERACT,Breast-Luminal-Epithelial,0.8237769029,0.03229956511,846437
chr16,INTERACT,Breast-Luminal-Epithelial,0.8245586492,0.03268464352,1077137
chr17,INTERACT,Breast-Luminal-Epithelial,0.8524120656,0.03173701986,1163850
chr18,INTERACT,Breast-Luminal-Epithelial,0.7641399875,0.03631488235,685986
chr19,INTERACT,Breast-Luminal-Epithelial,0.8702012748,0.0301407478,1042995
chr2,INTERACT,Breast-Luminal-Epithelial,0.8089083707,0.03189725725,2147554
chr20,INTERACT,Breast-Luminal-Epithelial,0.8131162182,0.0347393582,739192
chr21,INTERACT,Breast-Luminal-Epithelial,0.786022688,0.03506477755,380390
chr22,INTERACT,Breast-Luminal-Epithelial,0.8274307059,0.03316741706,584608
chr3,INTERACT,Breast-Luminal-Epithelial,0.8091026314,0.03071416687,1629770
chr4,INTERACT,Breast-Luminal-Epithelial,0.7827970951,0.03244630953,1460701
chr5,INTERACT,Breast-Luminal-Epithelial,0.808402762,0.03096907918,1483675
chr6,INTERACT,Breast-Luminal-Epithelial,0.8138906113,0.03205758098,1476236
chr7,INTERACT,Breast-Luminal-Epithelial,0.8042688826,0.03231732239,1548258
chr8,INTERACT,Breast-Luminal-Epithelial,0.7450031741,0.03958288973,1284697
chr9,INTERACT,Breast-Luminal-Epithelial,0.7548409811,0.04272753333,1185153
chrX,INTERACT,Breast-Luminal-Epithelial,0.6161019755,0.03949776299,1137581
chr1,INTERACT,Colon-Fibroblasts,0.8244971573,0.02738459008,2263073
chr10,INTERACT,Colon-Fibroblasts,0.7639758998,0.03195835998,1345364
chr11,INTERACT,Colon-Fibroblasts,0.8048229608,0.0294373622,1288423
chr12,INTERACT,Colon-Fibroblasts,0.8075486191,0.02804441129,1279419
chr13,INTERACT,Colon-Fibroblasts,0.7805776455,0.02669261978,802252
chr14,INTERACT,Colon-Fibroblasts,0.8161748665,0.02709417539,852219
chr15,INTERACT,Colon-Fibroblasts,0.8170600096,0.02740084292,845291
chr16,INTERACT,Colon-Fibroblasts,0.8089095073,0.02901770627,1077123
chr17,INTERACT,Colon-Fibroblasts,0.8390317964,0.02849737481,1163415
chr18,INTERACT,Colon-Fibroblasts,0.7474089911,0.03080486342,685650
chr19,INTERACT,Colon-Fibroblasts,0.8526560283,0.02898288088,1042664
chr2,INTERACT,Colon-Fibroblasts,0.8068656894,0.02579164052,2149022
chr20,INTERACT,Colon-Fibroblasts,0.7965000181,0.0306623424,738006
chr21,INTERACT,Colon-Fibroblasts,0.7698873514,0.03048816146,380032
chr22,INTERACT,Colon-Fibroblasts,0.8136887877,0.02917303225,584192
chr3,INTERACT,Colon-Fibroblasts,0.7974004076,0.02634730305,1627961
chr4,INTERACT,Colon-Fibroblasts,0.7740349267,0.02743310593,1460066
chr5,INTERACT,Colon-Fibroblasts,0.7977211741,0.02663658046,1482836
chr6,INTERACT,Colon-Fibroblasts,0.8038136273,0.02764243649,1476257
chr7,INTERACT,Colon-Fibroblasts,0.7937313981,0.02779307927,1547549
chr8,INTERACT,Colon-Fibroblasts,0.767712742,0.02971650856,1285015
chr9,INTERACT,Colon-Fibroblasts,0.7607515948,0.034462799,1185867
chrX,INTERACT,Colon-Fibroblasts,0.7359119808,0.03216881501,1134913
chr1,INTERACT,Colon-Right-Epithelial,0.7990841177,0.03937898285,2262669
chr10,INTERACT,Colon-Right-Epithelial,0.7191474694,0.04801833537,1345062
chr11,INTERACT,Colon-Right-Epithelial,0.7765849726,0.04301068508,1287273
chr12,INTERACT,Colon-Right-Epithelial,0.7782214855,0.0397845801,1279369
chr13,INTERACT,Colon-Right-Epithelial,0.7451462887,0.03930530991,801784
chr14,INTERACT,Colon-Right-Epithelial,0.7915171774,0.03858592962,851213
chr15,INTERACT,Colon-Right-Epithelial,0.7898004363,0.03956837144,845589
chr16,INTERACT,Colon-Right-Epithelial,0.7950300851,0.03968015341,1076558
chr17,INTERACT,Colon-Right-Epithelial,0.8183077221,0.04044617198,1160226
chr18,INTERACT,Colon-Right-Epithelial,0.7173774782,0.04428724946,685436
chr19,INTERACT,Colon-Right-Epithelial,0.8306459688,0.04013870364,1041760
chr2,INTERACT,Colon-Right-Epithelial,0.7787568232,0.03781695686,2147835
chr20,INTERACT,Colon-Right-Epithelial,0.7731372589,0.043130263,737573
chr21,INTERACT,Colon-Right-Epithelial,0.7167977543,0.04635838892,379279
chr22,INTERACT,Colon-Right-Epithelial,0.7919531194,0.04116196083,582689
chr3,INTERACT,Colon-Right-Epithelial,0.7736911706,0.03722557239,1630058
chr4,INTERACT,Colon-Right-Epithelial,0.7412622997,0.04043522375,1459572
chr5,INTERACT,Colon-Right-Epithelial,0.7697392513,0.0378769937,1483925
chr6,INTERACT,Colon-Right-Epithelial,0.7805927807,0.03869583191,1476250
chr7,INTERACT,Colon-Right-Epithelial,0.7691563879,0.03976045148,1547572
chr8,INTERACT,Colon-Right-Epithelial,0.7077691861,0.04708062609,1285314
chr9,INTERACT,Colon-Right-Epithelial,0.7193363031,0.0513034322,1184041
chrX,INTERACT,Colon-Right-Epithelial,0.6868132197,0.04649916086,1134294
chr1,INTERACT,Cortex-Neuron,0.8382928448,0.02476516206,2256474
chr10,INTERACT,Cortex-Neuron,0.7843209303,0.02873374491,1340330
chr11,INTERACT,Cortex-Neuron,0.8166674349,0.02722380678,1286388
chr12,INTERACT,Cortex-Neuron,0.8145749502,0.02617861827,1276823
chr13,INTERACT,Cortex-Neuron,0.7883609102,0.02457868161,800643
chr14,INTERACT,Cortex-Neuron,0.8241194701,0.02560759152,850100
chr15,INTERACT,Cortex-Neuron,0.8238276956,0.02607494445,841652
chr16,INTERACT,Cortex-Neuron,0.8196284917,0.0271732322,1072030
chr17,INTERACT,Cortex-Neuron,0.8476957014,0.02686821807,1158175
chr18,INTERACT,Cortex-Neuron,0.7435312137,0.03139504504,682559
chr19,INTERACT,Cortex-Neuron,0.8634952942,0.02690484071,1040810
chr2,INTERACT,Cortex-Neuron,0.8098834568,0.02492480187,2140331
chr20,INTERACT,Cortex-Neuron,0.8105475406,0.02812003556,735392
chr21,INTERACT,Cortex-Neuron,0.7590370926,0.030758354,378590
chr22,INTERACT,Cortex-Neuron,0.8209086531,0.02774935337,581453
chr3,INTERACT,Cortex-Neuron,0.8040519588,0.02470682063,1624350
chr4,INTERACT,Cortex-Neuron,0.7816798686,0.02567248388,1457370
chr5,INTERACT,Cortex-Neuron,0.8093286931,0.02451784096,1479686
chr6,INTERACT,Cortex-Neuron,0.8225217383,0.02451976985,1475155
chr7,INTERACT,Cortex-Neuron,0.8056541969,0.02575833846,1544777
chr8,INTERACT,Cortex-Neuron,0.7802382766,0.02709912658,1281321
chr9,INTERACT,Cortex-Neuron,0.7817310134,0.03098072733,1175473
chrX,INTERACT,Cortex-Neuron,0.7368917015,0.03074640703,1129148
chr1,INTERACT,Dermal-Fibroblasts,0.8022674968,0.03360154339,2263498
chr10,INTERACT,Dermal-Fibroblasts,0.7323566542,0.04011613978,1344971
chr11,INTERACT,Dermal-Fibroblasts,0.7742694134,0.03749735688,1287400
chr12,INTERACT,Dermal-Fibroblasts,0.7824311821,0.03450500792,1279390
chr13,INTERACT,Dermal-Fibroblasts,0.7466639535,0.03491894442,801994
chr14,INTERACT,Dermal-Fibroblasts,0.7910357163,0.03390730479,851482
chr15,INTERACT,Dermal-Fibroblasts,0.7950336303,0.03381662321,846230
chr16,INTERACT,Dermal-Fibroblasts,0.7839097315,0.03615538269,1076154
chr17,INTERACT,Dermal-Fibroblasts,0.8259696782,0.03332081624,1162050
chr18,INTERACT,Dermal-Fibroblasts,0.7240334116,0.03856606801,685427
chr19,INTERACT,Dermal-Fibroblasts,0.8397475633,0.03422486442,1041772
chr2,INTERACT,Dermal-Fibroblasts,0.7701430547,0.03360989895,2146430
chr20,INTERACT,Dermal-Fibroblasts,0.7771485402,0.03769942948,736978
chr21,INTERACT,Dermal-Fibroblasts,0.7429812638,0.03860826098,379566
chr22,INTERACT,Dermal-Fibroblasts,0.7917425691,0.03622172289,584240
chr3,INTERACT,Dermal-Fibroblasts,0.7764419857,0.03215297137,1629687
chr4,INTERACT,Dermal-Fibroblasts,0.7441899825,0.03511676741,1459970
chr5,INTERACT,Dermal-Fibroblasts,0.7707614097,0.0334018794,1483987
chr6,INTERACT,Dermal-Fibroblasts,0.7817666267,0.03331223293,1475702
chr7,INTERACT,Dermal-Fibroblasts,0.7644006932,0.03513815273,1549177
chr8,INTERACT,Dermal-Fibroblasts,0.7269577676,0.03935737111,1282711
chr9,INTERACT,Dermal-Fibroblasts,0.734923604,0.04197228469,1184169
chrX,INTERACT,Dermal-Fibroblasts,0.6925947527,0.04303567061,1133888
chr1,INTERACT,Epidermal-Keratinocytes,0.8229299675,0.03251171494,2264270
chr10,INTERACT,Epidermal-Keratinocytes,0.7312257146,0.04297253052,1343595
chr11,INTERACT,Epidermal-Keratinocytes,0.8041557191,0.03515700415,1287013
chr12,INTERACT,Epidermal-Keratinocytes,0.7981224415,0.0338806723,1276389
chr13,INTERACT,Epidermal-Keratinocytes,0.7756105673,0.03196207443,801575
chr14,INTERACT,Epidermal-Keratinocytes,0.8159760668,0.03170122278,851521
chr15,INTERACT,Epidermal-Keratinocytes,0.8146097042,0.03273903501,844907
chr16,INTERACT,Epidermal-Keratinocytes,0.8175313172,0.03303213828,1076220
chr17,INTERACT,Epidermal-Keratinocytes,0.8399418362,0.03371447694,1162035
chr18,INTERACT,Epidermal-Keratinocytes,0.7508536137,0.03648333402,685245
chr19,INTERACT,Epidermal-Keratinocytes,0.8638417102,0.0311283591,1041679
chr2,INTERACT,Epidermal-Keratinocytes,0.797484423,0.03205669979,2146027
chr20,INTERACT,Epidermal-Keratinocytes,0.8036352545,0.03559091378,736475
chr21,INTERACT,Epidermal-Keratinocytes,0.7761382241,0.03583390126,380724
chr22,INTERACT,Epidermal-Keratinocytes,0.8191731254,0.03407610818,584008
chr3,INTERACT,Epidermal-Keratinocytes,0.7974384587,0.03083730488,1629809
chr4,INTERACT,Epidermal-Keratinocytes,0.7758834495,0.03190851401,1460795
chr5,INTERACT,Epidermal-Keratinocytes,0.7952432657,0.03135106859,1482475
chr6,INTERACT,Epidermal-Keratinocytes,0.8058160102,0.03195784841,1475395
chr7,INTERACT,Epidermal-Keratinocytes,0.7963023134,0.03231530926,1546692
chr8,INTERACT,Epidermal-Keratinocytes,0.7329040275,0.04011658839,1283521
chr9,INTERACT,Epidermal-Keratinocytes,0.7394855703,0.04421011669,1184719
chrX,INTERACT,Epidermal-Keratinocytes,0.715417381,0.03954682849,1133385
chr1,INTERACT,Fallopian-Epithelial,0.8233754874,0.03492579527,2266833
chr10,INTERACT,Fallopian-Epithelial,0.7413896007,0.04526386983,1345778
chr11,INTERACT,Fallopian-Epithelial,0.8038314463,0.03827969361,1288496
chr12,INTERACT,Fallopian-Epithelial,0.8064361765,0.03543528306,1279805
chr13,INTERACT,Fallopian-Epithelial,0.7737609367,0.03515380004,802435
chr14,INTERACT,Fallopian-Epithelial,0.8120596238,0.03519449546,851788
chr15,INTERACT,Fallopian-Epithelial,0.8152563126,0.03520224152,846905
chr16,INTERACT,Fallopian-Epithelial,0.8089984695,0.03664762428,1076798
chr17,INTERACT,Fallopian-Epithelial,0.8444488621,0.03486744976,1163299
chr18,INTERACT,Fallopian-Epithelial,0.7586604913,0.03926427979,685772
chr19,INTERACT,Fallopian-Epithelial,0.857629608,0.03388762515,1042386
chr2,INTERACT,Fallopian-Epithelial,0.8009944965,0.03456183598,2148358
chr20,INTERACT,Fallopian-Epithelial,0.8014878741,0.0386531117,737492
chr21,INTERACT,Fallopian-Epithelial,0.7675138586,0.03976013324,380915
chr22,INTERACT,Fallopian-Epithelial,0.8126775776,0.03763171516,583616
chr3,INTERACT,Fallopian-Epithelial,0.7949623252,0.03450344556,1628031
chr4,INTERACT,Fallopian-Epithelial,0.7750041794,0.03537822011,1460848
chr5,INTERACT,Fallopian-Epithelial,0.7953912855,0.03438897161,1484567
chr6,INTERACT,Fallopian-Epithelial,0.8046023398,0.03518468967,1476961
chr7,INTERACT,Fallopian-Epithelial,0.7964593981,0.03512159938,1548530
chr8,INTERACT,Fallopian-Epithelial,0.7382754877,0.04299381324,1285389
chr9,INTERACT,Fallopian-Epithelial,0.7494739763,0.04625777327,1184924
chrX,INTERACT,Fallopian-Epithelial,0.5872828857,0.0480155012,1137587
chr1,INTERACT,Gallbladder-Epithelial,0.8242616296,0.03529579361,2263483
chr10,INTERACT,Gallbladder-Epithelial,0.7416011361,0.0446857536,1344679
chr11,INTERACT,Gallbladder-Epithelial,0.8099769785,0.03762452381,1289202
chr12,INTERACT,Gallbladder-Epithelial,0.8041903876,0.03552347611,1278134
chr13,INTERACT,Gallbladder-Epithelial,0.7764198459,0.03443414379,801932
chr14,INTERACT,Gallbladder-Epithelial,0.8151334347,0.03504660172,851419
chr15,INTERACT,Gallbladder-Epithelial,0.8139695766,0.03556874075,845935
chr16,INTERACT,Gallbladder-Epithelial,0.8143815628,0.03676328994,1075977
chr17,INTERACT,Gallbladder-Epithelial,0.8385028399,0.03692915152,1161406
chr18,INTERACT,Gallbladder-Epithelial,0.7520429263,0.0394121189,684134
chr19,INTERACT,Gallbladder-Epithelial,0.8591752598,0.0345911656,1041936
chr2,INTERACT,Gallbladder-Epithelial,0.8026578545,0.03399907422,2146072
chr20,INTERACT,Gallbladder-Epithelial,0.8019346565,0.03857237488,736783
chr21,INTERACT,Gallbladder-Epithelial,0.7649175244,0.04046147293,379936
chr22,INTERACT,Gallbladder-Epithelial,0.8102858251,0.03907990873,584560
chr3,INTERACT,Gallbladder-Epithelial,0.7987923185,0.03324279283,1629403
chr4,INTERACT,Gallbladder-Epithelial,0.7782726343,0.03448390593,1458512
chr5,INTERACT,Gallbladder-Epithelial,0.8008271037,0.03364655035,1482863
chr6,INTERACT,Gallbladder-Epithelial,0.804652395,0.0349963498,1475710
chr7,INTERACT,Gallbladder-Epithelial,0.8008838035,0.03449054074,1548801
chr8,INTERACT,Gallbladder-Epithelial,0.7355074621,0.0430324027,1282326
chr9,INTERACT,Gallbladder-Epithelial,0.7419870217,0.04781832818,1183023
chrX,INTERACT,Gallbladder-Epithelial,0.604778062,0.04790333366,1136940
chr1,INTERACT,Gastric-fundus-Epithelial,0.8118178368,0.03626166942,2264676
chr10,INTERACT,Gastric-fundus-Epithelial,0.7344191781,0.04447022948,1345666
chr11,INTERACT,Gastric-fundus-Epithelial,0.7945286133,0.0385210995,1290068
chr12,INTERACT,Gastric-fundus-Epithelial,0.7940193962,0.03654963118,1279621
chr13,INTERACT,Gastric-fundus-Epithelial,0.7592880657,0.03663964381,802144
chr14,INTERACT,Gastric-fundus-Epithelial,0.7998036949,0.03625783416,851527
chr15,INTERACT,Gastric-fundus-Epithelial,0.8060050388,0.0359088142,846213
chr16,INTERACT,Gastric-fundus-Epithelial,0.802776702,0.03681942858,1076723
chr17,INTERACT,Gastric-fundus-Epithelial,0.8369747437,0.03565016817,1163647
chr18,INTERACT,Gastric-fundus-Epithelial,0.7431490533,0.03974721651,685995
chr19,INTERACT,Gastric-fundus-Epithelial,0.8491837493,0.03498956077,1041986
chr2,INTERACT,Gastric-fundus-Epithelial,0.7879600434,0.03596571658,2147322
chr20,INTERACT,Gastric-fundus-Epithelial,0.7907684343,0.03887702283,737928
chr21,INTERACT,Gastric-fundus-Epithelial,0.7319602831,0.04347961034,379852
chr22,INTERACT,Gastric-fundus-Epithelial,0.80484668,0.03764154603,582826
chr3,INTERACT,Gastric-fundus-Epithelial,0.7770513978,0.03677068658,1627855
chr4,INTERACT,Gastric-fundus-Epithelial,0.7561421337,0.03742258057,1460312
chr5,INTERACT,Gastric-fundus-Epithelial,0.7767630098,0.03642989331,1483121
chr6,INTERACT,Gastric-fundus-Epithelial,0.7954294619,0.03614384976,1477447
chr7,INTERACT,Gastric-fundus-Epithelial,0.7794931529,0.03694892129,1548629
chr8,INTERACT,Gastric-fundus-Epithelial,0.7176362997,0.04450546677,1284835
chr9,INTERACT,Gastric-fundus-Epithelial,0.7385448549,0.04654330735,1185506
chrX,INTERACT,Gastric-fundus-Epithelial,0.5898334363,0.0458587342,1137282
chr1,INTERACT,Heart-Cardiomyocyte,0.7104147661,0.05739456219,2216484
chr10,INTERACT,Heart-Cardiomyocyte,0.6541071604,0.06208488982,1321419
chr11,INTERACT,Heart-Cardiomyocyte,0.69370527,0.05973715877,1264244
chr12,INTERACT,Heart-Cardiomyocyte,0.6922602709,0.05699479912,1255965
chr13,INTERACT,Heart-Cardiomyocyte,0.6559838192,0.05483786525,789933
chr14,INTERACT,Heart-Cardiomyocyte,0.7043727956,0.05582495726,837060
chr15,INTERACT,Heart-Cardiomyocyte,0.7068208063,0.05683465913,826061
chr16,INTERACT,Heart-Cardiomyocyte,0.6957915324,0.05866827975,1049750
chr17,INTERACT,Heart-Cardiomyocyte,0.7413477048,0.05719431022,1135615
chr18,INTERACT,Heart-Cardiomyocyte,0.6266768755,0.06189938617,669763
chr19,INTERACT,Heart-Cardiomyocyte,0.7543777646,0.05857303204,1018909
chr2,INTERACT,Heart-Cardiomyocyte,0.6782129182,0.05658860798,2109489
chr20,INTERACT,Heart-Cardiomyocyte,0.6832954716,0.06129493799,724551
chr21,INTERACT,Heart-Cardiomyocyte,0.6397326631,0.06020901768,371829
chr22,INTERACT,Heart-Cardiomyocyte,0.6916938319,0.06081957243,567975
chr3,INTERACT,Heart-Cardiomyocyte,0.6723356406,0.05559126435,1604263
chr4,INTERACT,Heart-Cardiomyocyte,0.6495080141,0.05599648407,1436702
chr5,INTERACT,Heart-Cardiomyocyte,0.6798514029,0.05597167653,1458972
chr6,INTERACT,Heart-Cardiomyocyte,0.6923776672,0.056027085,1453421
chr7,INTERACT,Heart-Cardiomyocyte,0.6752082825,0.05727387387,1515672
chr8,INTERACT,Heart-Cardiomyocyte,0.6422494785,0.05994345776,1263228
chr9,INTERACT,Heart-Cardiomyocyte,0.6597287116,0.06333909606,1151883
chrX,INTERACT,Heart-Cardiomyocyte,0.4662410205,0.07193406101,1118873
chr1,INTERACT,Heart-Fibroblasts,0.7141799404,0.05376651566,2250148
chr10,INTERACT,Heart-Fibroblasts,0.6486913282,0.06077436776,1339708
chr11,INTERACT,Heart-Fibroblasts,0.7035964984,0.05381559338,1281012
chr12,INTERACT,Heart-Fibroblasts,0.6911275392,0.05559516813,1273833
chr13,INTERACT,Heart-Fibroblasts,0.6590205372,0.05542441402,799505
chr14,INTERACT,Heart-Fibroblasts,0.704525712,0.05459356986,848440
chr15,INTERACT,Heart-Fibroblasts,0.7071774627,0.05475379568,840778
chr16,INTERACT,Heart-Fibroblasts,0.7038007174,0.05573740855,1070757
chr17,INTERACT,Heart-Fibroblasts,0.7552535552,0.04966473043,1155245
chr18,INTERACT,Heart-Fibroblasts,0.6316406242,0.0601395099,679689
chr19,INTERACT,Heart-Fibroblasts,0.7645926255,0.04960423715,1036736
chr2,INTERACT,Heart-Fibroblasts,0.6689330911,0.05760309684,2138006
chr20,INTERACT,Heart-Fibroblasts,0.6969827572,0.05453328524,734144
chr21,INTERACT,Heart-Fibroblasts,0.6539686521,0.05966768363,377841
chr22,INTERACT,Heart-Fibroblasts,0.7175867302,0.05336660646,580076
chr3,INTERACT,Heart-Fibroblasts,0.683279413,0.0547035264,1622821
chr4,INTERACT,Heart-Fibroblasts,0.6545883608,0.05633731209,1454461
chr5,INTERACT,Heart-Fibroblasts,0.6661383794,0.05744740658,1478098
chr6,INTERACT,Heart-Fibroblasts,0.6883498409,0.05548265417,1470849
chr7,INTERACT,Heart-Fibroblasts,0.6724164578,0.05655247837,1540685
chr8,INTERACT,Heart-Fibroblasts,0.6287812757,0.06217205328,1279911
chr9,INTERACT,Heart-Fibroblasts,0.6581058631,0.06080756247,1175719
chrX,INTERACT,Heart-Fibroblasts,0.6021343434,0.07022727507,1126768
chr1,INTERACT,Kidney-Tubular-Endothel,0.8036117247,0.03406322374,2261085
chr10,INTERACT,Kidney-Tubular-Endothel,0.748699066,0.03825075146,1343469
chr11,INTERACT,Kidney-Tubular-Endothel,0.7788017385,0.03739565268,1284849
chr12,INTERACT,Kidney-Tubular-Endothel,0.7817090719,0.03499111991,1278027
chr13,INTERACT,Kidney-Tubular-Endothel,0.7510619475,0.03365417427,801148
chr14,INTERACT,Kidney-Tubular-Endothel,0.7926332044,0.03413338105,850159
chr15,INTERACT,Kidney-Tubular-Endothel,0.7996746961,0.03343559511,844318
chr16,INTERACT,Kidney-Tubular-Endothel,0.786879996,0.03613341501,1074197
chr17,INTERACT,Kidney-Tubular-Endothel,0.8206234874,0.03544276043,1159556
chr18,INTERACT,Kidney-Tubular-Endothel,0.7255608966,0.03750449815,683774
chr19,INTERACT,Kidney-Tubular-Endothel,0.8403305452,0.03553167959,1039546
chr2,INTERACT,Kidney-Tubular-Endothel,0.772935324,0.03357892252,2143892
chr20,INTERACT,Kidney-Tubular-Endothel,0.7767883444,0.03849132875,735376
chr21,INTERACT,Kidney-Tubular-Endothel,0.7211175486,0.0404693589,380002
chr22,INTERACT,Kidney-Tubular-Endothel,0.7910577979,0.03702335332,582516
chr3,INTERACT,Kidney-Tubular-Endothel,0.7778337731,0.03186633949,1627601
chr4,INTERACT,Kidney-Tubular-Endothel,0.7482362934,0.03414533145,1458760
chr5,INTERACT,Kidney-Tubular-Endothel,0.7726111082,0.03355528947,1481935
chr6,INTERACT,Kidney-Tubular-Endothel,0.7826344156,0.03403618668,1475639
chr7,INTERACT,Kidney-Tubular-Endothel,0.7718854374,0.03416994193,1543866
chr8,INTERACT,Kidney-Tubular-Endothel,0.7391169171,0.03739480968,1282811
chr9,INTERACT,Kidney-Tubular-Endothel,0.7508091131,0.04019428582,1181509
chrX,INTERACT,Kidney-Tubular-Endothel,0.6001453018,0.04774072125,1135754
chr1,INTERACT,Liver-Hepatocytes,0.8067719766,0.03379836971,2264784
chr10,INTERACT,Liver-Hepatocytes,0.7380216026,0.04023934382,1343309
chr11,INTERACT,Liver-Hepatocytes,0.7787858254,0.03770423471,1289883
chr12,INTERACT,Liver-Hepatocytes,0.7797579756,0.03565898317,1276237
chr13,INTERACT,Liver-Hepatocytes,0.7424230187,0.03582397077,801884
chr14,INTERACT,Liver-Hepatocytes,0.79141936,0.03464190742,851356
chr15,INTERACT,Liver-Hepatocytes,0.8009446273,0.03336099673,845581
chr16,INTERACT,Liver-Hepatocytes,0.7898688754,0.03679603939,1076008
chr17,INTERACT,Liver-Hepatocytes,0.8299933548,0.03398280441,1163008
chr18,INTERACT,Liver-Hepatocytes,0.7245102246,0.03810610993,685093
chr19,INTERACT,Liver-Hepatocytes,0.8492001623,0.03356011616,1042101
chr2,INTERACT,Liver-Hepatocytes,0.7747813891,0.03402463532,2146303
chr20,INTERACT,Liver-Hepatocytes,0.7850640055,0.03687240166,738233
chr21,INTERACT,Liver-Hepatocytes,0.7407197523,0.03996483123,379551
chr22,INTERACT,Liver-Hepatocytes,0.8024064684,0.0356444074,584083
chr3,INTERACT,Liver-Hepatocytes,0.7656040477,0.03430475246,1628140
chr4,INTERACT,Liver-Hepatocytes,0.7349973955,0.03758748567,1461127
chr5,INTERACT,Liver-Hepatocytes,0.7719383131,0.03456888123,1482930
chr6,INTERACT,Liver-Hepatocytes,0.7845817099,0.03442741976,1476533
chr7,INTERACT,Liver-Hepatocytes,0.7745978993,0.03459494245,1547601
chr8,INTERACT,Liver-Hepatocytes,0.7227017709,0.04023731736,1283144
chr9,INTERACT,Liver-Hepatocytes,0.7404089688,0.04234291424,1183218
chrX,INTERACT,Liver-Hepatocytes,0.6950467951,0.04211381841,1134858
chr1,INTERACT,Lung-Alveolar-Epithelial,0.8257991494,0.0321967922,2266875
chr10,INTERACT,Lung-Alveolar-Epithelial,0.7596306701,0.03882190292,1346342
chr11,INTERACT,Lung-Alveolar-Epithelial,0.8142908407,0.03352376085,1291197
chr12,INTERACT,Lung-Alveolar-Epithelial,0.8152972979,0.03181885871,1280808
chr13,INTERACT,Lung-Alveolar-Epithelial,0.7864169783,0.03092279655,802150
chr14,INTERACT,Lung-Alveolar-Epithelial,0.8170558067,0.03204572607,852011
chr15,INTERACT,Lung-Alveolar-Epithelial,0.8205850256,0.03189334754,846904
chr16,INTERACT,Lung-Alveolar-Epithelial,0.8133535436,0.03372761775,1077407
chr17,INTERACT,Lung-Alveolar-Epithelial,0.8379746756,0.03378524291,1164228
chr18,INTERACT,Lung-Alveolar-Epithelial,0.7694060869,0.0341645207,686181
chr19,INTERACT,Lung-Alveolar-Epithelial,0.8486363527,0.03400772661,1043195
chr2,INTERACT,Lung-Alveolar-Epithelial,0.807708876,0.03080161465,2149325
chr20,INTERACT,Lung-Alveolar-Epithelial,0.8009171389,0.0359389592,737933
chr21,INTERACT,Lung-Alveolar-Epithelial,0.7625892679,0.03719636496,380172
chr22,INTERACT,Lung-Alveolar-Epithelial,0.8076406578,0.03560272898,583777
chr3,INTERACT,Lung-Alveolar-Epithelial,0.8090590068,0.03004873293,1630687
chr4,INTERACT,Lung-Alveolar-Epithelial,0.7880499328,0.03105287252,1461754
chr5,INTERACT,Lung-Alveolar-Epithelial,0.8052098884,0.03048050145,1484648
chr6,INTERACT,Lung-Alveolar-Epithelial,0.8130183484,0.03132879076,1477651
chr7,INTERACT,Lung-Alveolar-Epithelial,0.7977332065,0.03265565027,1549133
chr8,INTERACT,Lung-Alveolar-Epithelial,0.7599122549,0.03677729712,1285294
chr9,INTERACT,Lung-Alveolar-Epithelial,0.7645247695,0.04019183892,1187765
chrX,INTERACT,Lung-Alveolar-Epithelial,0.7442101658,0.03626440348,1135700
chr1,INTERACT,Lung-Bronchus-Epithelial,0.8226380273,0.03434802334,2265357
chr10,INTERACT,Lung-Bronchus-Epithelial,0.7467316141,0.04263474406,1344188
chr11,INTERACT,Lung-Bronchus-Epithelial,0.8014676531,0.03761751012,1288253
chr12,INTERACT,Lung-Bronchus-Epithelial,0.8078650612,0.034448221,1279887
chr13,INTERACT,Lung-Bronchus-Epithelial,0.7833942635,0.03309299175,802062
chr14,INTERACT,Lung-Bronchus-Epithelial,0.8172300792,0.03326883679,850707
chr15,INTERACT,Lung-Bronchus-Epithelial,0.8204008968,0.03327556131,846466
chr16,INTERACT,Lung-Bronchus-Epithelial,0.8168927052,0.03430654553,1076829
chr17,INTERACT,Lung-Bronchus-Epithelial,0.8383512513,0.0350215568,1163507
chr18,INTERACT,Lung-Bronchus-Epithelial,0.7491740002,0.03950901872,684344
chr19,INTERACT,Lung-Bronchus-Epithelial,0.8578965637,0.03319372139,1042445
chr2,INTERACT,Lung-Bronchus-Epithelial,0.8029951834,0.03326248337,2147018
chr20,INTERACT,Lung-Bronchus-Epithelial,0.8031218161,0.03678291135,738478
chr21,INTERACT,Lung-Bronchus-Epithelial,0.7767869697,0.03728071117,380750
chr22,INTERACT,Lung-Bronchus-Epithelial,0.8195253415,0.03521635351,583596
chr3,INTERACT,Lung-Bronchus-Epithelial,0.8028672073,0.03255377846,1629412
chr4,INTERACT,Lung-Bronchus-Epithelial,0.7768165767,0.03447992678,1460875
chr5,INTERACT,Lung-Bronchus-Epithelial,0.8008995438,0.03274788945,1483601
chr6,INTERACT,Lung-Bronchus-Epithelial,0.8079165641,0.0339034023,1477367
chr7,INTERACT,Lung-Bronchus-Epithelial,0.7977268756,0.03429389248,1546186
chr8,INTERACT,Lung-Bronchus-Epithelial,0.7494014447,0.03997631325,1282961
chr9,INTERACT,Lung-Bronchus-Epithelial,0.7468418159,0.04503926212,1183744
chrX,INTERACT,Lung-Bronchus-Epithelial,0.6332873232,0.03990216543,1137272
chr1,INTERACT,Oligodendrocytes,0.8317859414,0.02924283158,2258544
chr10,INTERACT,Oligodendrocytes,0.7620079082,0.03689399288,1338387
chr11,INTERACT,Oligodendrocytes,0.8070372395,0.03297493562,1287073
chr12,INTERACT,Oligodendrocytes,0.8149757969,0.02984652709,1277562
chr13,INTERACT,Oligodendrocytes,0.7826109705,0.02933617698,799667
chr14,INTERACT,Oligodendrocytes,0.8166345367,0.03045042969,849933
chr15,INTERACT,Oligodendrocytes,0.8222940806,0.0298317156,841595
chr16,INTERACT,Oligodendrocytes,0.8198787679,0.03130822583,1072063
chr17,INTERACT,Oligodendrocytes,0.8454644372,0.03084832216,1158687
chr18,INTERACT,Oligodendrocytes,0.7643872857,0.03370691893,684469
chr19,INTERACT,Oligodendrocytes,0.8610379819,0.0300325818,1041258
chr2,INTERACT,Oligodendrocytes,0.8073459568,0.02928208145,2141977
chr20,INTERACT,Oligodendrocytes,0.8122307841,0.03236218451,737817
chr21,INTERACT,Oligodendrocytes,0.7615917452,0.03579823767,379286
chr22,INTERACT,Oligodendrocytes,0.8130596758,0.03317171026,580459
chr3,INTERACT,Oligodendrocytes,0.8017528506,0.02860453499,1626078
chr4,INTERACT,Oligodendrocytes,0.7810642055,0.02956308331,1459127
chr5,INTERACT,Oligodendrocytes,0.8073842238,0.02849948102,1480801
chr6,INTERACT,Oligodendrocytes,0.8158967639,0.02890671422,1475886
chr7,INTERACT,Oligodendrocytes,0.8008780651,0.03046586158,1543470
chr8,INTERACT,Oligodendrocytes,0.7590313581,0.03436076886,1280858
chr9,INTERACT,Oligodendrocytes,0.7631468139,0.03863566283,1177382
chrX,INTERACT,Oligodendrocytes,0.7217976197,0.03662578759,1131081
chr1,INTERACT,Ovary-Epithelial,0.7750616294,0.04737024983,2258270
chr10,INTERACT,Ovary-Epithelial,0.6662435583,0.06293235098,1341794
chr11,INTERACT,Ovary-Epithelial,0.7461989629,0.05309706087,1285595
chr12,INTERACT,Ovary-Epithelial,0.7534147195,0.04850520335,1276935
chr13,INTERACT,Ovary-Epithelial,0.6697969795,0.05597501962,800565
chr14,INTERACT,Ovary-Epithelial,0.7496718914,0.04977823149,849188
chr15,INTERACT,Ovary-Epithelial,0.7551819564,0.04966634956,842469
chr16,INTERACT,Ovary-Epithelial,0.7375584518,0.05448714633,1071724
chr17,INTERACT,Ovary-Epithelial,0.8078407608,0.04589879121,1155835
chr18,INTERACT,Ovary-Epithelial,0.6711679672,0.05783305127,682621
chr19,INTERACT,Ovary-Epithelial,0.811860646,0.04680799303,1037467
chr2,INTERACT,Ovary-Epithelial,0.7340103811,0.04949965035,2141220
chr20,INTERACT,Ovary-Epithelial,0.755680551,0.0509169065,735719
chr21,INTERACT,Ovary-Epithelial,0.7017198884,0.05576254936,378382
chr22,INTERACT,Ovary-Epithelial,0.7635365368,0.05155027776,580332
chr3,INTERACT,Ovary-Epithelial,0.7383318529,0.04739856447,1625528
chr4,INTERACT,Ovary-Epithelial,0.6970177038,0.05122896362,1457419
chr5,INTERACT,Ovary-Epithelial,0.7050384952,0.05326620314,1479186
chr6,INTERACT,Ovary-Epithelial,0.741274973,0.04939969795,1473803
chr7,INTERACT,Ovary-Epithelial,0.7229034132,0.05151589614,1542164
chr8,INTERACT,Ovary-Epithelial,0.641624328,0.06397529274,1281117
chr9,INTERACT,Ovary-Epithelial,0.6820937027,0.06292438954,1176367
chrX,INTERACT,Ovary-Epithelial,0.4542591483,0.07688061733,1135444
chr1,INTERACT,Pancreas-Acinar,0.7934218236,0.03960105175,2268918
chr10,INTERACT,Pancreas-Acinar,0.7049069011,0.05128024345,1347269
chr11,INTERACT,Pancreas-Acinar,0.77101741,0.04342103909,1289588
chr12,INTERACT,Pancreas-Acinar,0.7774436696,0.04113624059,1280570
chr13,INTERACT,Pancreas-Acinar,0.7472340348,0.04181496253,802596
chr14,INTERACT,Pancreas-Acinar,0.7837389509,0.04047231438,852449
chr15,INTERACT,Pancreas-Acinar,0.7830091081,0.04061289795,847547
chr16,INTERACT,Pancreas-Acinar,0.7764631611,0.04339550547,1078700
chr17,INTERACT,Pancreas-Acinar,0.8136976219,0.03921891147,1165097
chr18,INTERACT,Pancreas-Acinar,0.728063534,0.0459238215,686593
chr19,INTERACT,Pancreas-Acinar,0.8239680689,0.04010246471,1043857
chr2,INTERACT,Pancreas-Acinar,0.7717540201,0.03966968266,2149801
chr20,INTERACT,Pancreas-Acinar,0.7700633745,0.04422250318,739638
chr21,INTERACT,Pancreas-Acinar,0.730419184,0.04856162218,380905
chr22,INTERACT,Pancreas-Acinar,0.7774771297,0.04397955674,584496
chr3,INTERACT,Pancreas-Acinar,0.7705118701,0.0390569411,1630187
chr4,INTERACT,Pancreas-Acinar,0.7387173985,0.044491573,1461853
chr5,INTERACT,Pancreas-Acinar,0.7631000111,0.04123628544,1485005
chr6,INTERACT,Pancreas-Acinar,0.770223403,0.04137974854,1477001
chr7,INTERACT,Pancreas-Acinar,0.7660587044,0.04104012723,1550448
chr8,INTERACT,Pancreas-Acinar,0.6950420086,0.05231687517,1286878
chr9,INTERACT,Pancreas-Acinar,0.7071553819,0.05282277348,1187865
chrX,INTERACT,Pancreas-Acinar,0.6839792919,0.05272641033,1136143
chr1,INTERACT,Pancreas-Alpha,0.8077789186,0.03267041008,2265434
chr10,INTERACT,Pancreas-Alpha,0.7413196041,0.03869010859,1345498
chr11,INTERACT,Pancreas-Alpha,0.7900718278,0.03469393722,1290003
chr12,INTERACT,Pancreas-Alpha,0.7902113779,0.03326407868,1280320
chr13,INTERACT,Pancreas-Alpha,0.7558635307,0.03305153375,802277
chr14,INTERACT,Pancreas-Alpha,0.7941458472,0.03338318578,851489
chr15,INTERACT,Pancreas-Alpha,0.8027324392,0.0322143183,845592
chr16,INTERACT,Pancreas-Alpha,0.789822514,0.03547883235,1076195
chr17,INTERACT,Pancreas-Alpha,0.8278572727,0.03343099291,1160277
chr18,INTERACT,Pancreas-Alpha,0.719509936,0.03881070868,684249
chr19,INTERACT,Pancreas-Alpha,0.8452099633,0.03296557303,1042586
chr2,INTERACT,Pancreas-Alpha,0.7866348768,0.03159750371,2147895
chr20,INTERACT,Pancreas-Alpha,0.7803218956,0.03670925011,736851
chr21,INTERACT,Pancreas-Alpha,0.7351094155,0.03827867503,379974
chr22,INTERACT,Pancreas-Alpha,0.7957389274,0.03484103095,583003
chr3,INTERACT,Pancreas-Alpha,0.7825894388,0.03136186093,1627853
chr4,INTERACT,Pancreas-Alpha,0.7566250659,0.03294535755,1459650
chr5,INTERACT,Pancreas-Alpha,0.7870307934,0.03112049843,1484150
chr6,INTERACT,Pancreas-Alpha,0.7881084862,0.03317969129,1475844
chr7,INTERACT,Pancreas-Alpha,0.7763324627,0.03367293131,1548384
chr8,INTERACT,Pancreas-Alpha,0.7367176302,0.03720871104,1284507
chr9,INTERACT,Pancreas-Alpha,0.7451471918,0.04051640233,1183530
chrX,INTERACT,Pancreas-Alpha,0.6142189485,0.04671087761,1137375
chr1,INTERACT,Pancreas-Beta,0.8121923483,0.03201740895,2263184
chr10,INTERACT,Pancreas-Beta,0.7384219845,0.03921782729,1344427
chr11,INTERACT,Pancreas-Beta,0.7943493476,0.03414475407,1288996
chr12,INTERACT,Pancreas-Beta,0.7951187011,0.03254756508,1279394
chr13,INTERACT,Pancreas-Beta,0.7615193632,0.03266985533,801855
chr14,INTERACT,Pancreas-Beta,0.799474636,0.03260424449,850851
chr15,INTERACT,Pancreas-Beta,0.8062083921,0.03177492657,844371
chr16,INTERACT,Pancreas-Beta,0.7992716149,0.03402145105,1074609
chr17,INTERACT,Pancreas-Beta,0.8291586319,0.0331749185,1159026
chr18,INTERACT,Pancreas-Beta,0.7393349087,0.03624345034,683348
chr19,INTERACT,Pancreas-Beta,0.8461154037,0.03271424516,1041997
chr2,INTERACT,Pancreas-Beta,0.7923800125,0.03073322269,2146141
chr20,INTERACT,Pancreas-Beta,0.7866929222,0.03562009486,736204
chr21,INTERACT,Pancreas-Beta,0.7473771166,0.03683104163,379324
chr22,INTERACT,Pancreas-Beta,0.7988565594,0.03433688359,581944
chr3,INTERACT,Pancreas-Beta,0.7862156362,0.03102269875,1626728
chr4,INTERACT,Pancreas-Beta,0.7618885388,0.03237413375,1458687
chr5,INTERACT,Pancreas-Beta,0.7934663245,0.03029051211,1483231
chr6,INTERACT,Pancreas-Beta,0.7922966333,0.03276375046,1475120
chr7,INTERACT,Pancreas-Beta,0.7816621858,0.0330275013,1546650
chr8,INTERACT,Pancreas-Beta,0.7358074488,0.03730039985,1283349
chr9,INTERACT,Pancreas-Beta,0.7444355308,0.04032915926,1181431
chrX,INTERACT,Pancreas-Beta,0.6026682574,0.04490385617,1136617
chr1,INTERACT,Pancreas-Delta,0.808907926,0.03296711721,2262499
chr10,INTERACT,Pancreas-Delta,0.7339499986,0.04063272274,1343942
chr11,INTERACT,Pancreas-Delta,0.7899046205,0.03538828859,1288117
chr12,INTERACT,Pancreas-Delta,0.7899325701,0.03378504481,1278879
chr13,INTERACT,Pancreas-Delta,0.7605484861,0.03306319975,801700
chr14,INTERACT,Pancreas-Delta,0.797639514,0.03324761316,850790
chr15,INTERACT,Pancreas-Delta,0.8032256352,0.03266128722,844392
chr16,INTERACT,Pancreas-Delta,0.790822524,0.03584137622,1074473
chr17,INTERACT,Pancreas-Delta,0.8291132393,0.03351025533,1159159
chr18,INTERACT,Pancreas-Delta,0.7232765833,0.03977660472,683121
chr19,INTERACT,Pancreas-Delta,0.8428197432,0.03344035262,1041249
chr2,INTERACT,Pancreas-Delta,0.7867389987,0.03214479526,2145330
chr20,INTERACT,Pancreas-Delta,0.7822460251,0.03687789884,735957
chr21,INTERACT,Pancreas-Delta,0.7429051621,0.03821684124,379231
chr22,INTERACT,Pancreas-Delta,0.7956961905,0.0352850894,581828
chr3,INTERACT,Pancreas-Delta,0.78202045,0.03202866316,1626422
chr4,INTERACT,Pancreas-Delta,0.7572248718,0.03358428739,1458536
chr5,INTERACT,Pancreas-Delta,0.787414707,0.0317494267,1482840
chr6,INTERACT,Pancreas-Delta,0.7896208556,0.03356866098,1474822
chr7,INTERACT,Pancreas-Delta,0.7782017878,0.03397204266,1546606
chr8,INTERACT,Pancreas-Delta,0.7297831805,0.03875851584,1283167
chr9,INTERACT,Pancreas-Delta,0.7417475549,0.04156766438,1180809
chrX,INTERACT,Pancreas-Delta,0.5829829097,0.05307642117,1136497
chr1,INTERACT,Pancreas-Duct,0.8117586977,0.03395964026,2261612
chr10,INTERACT,Pancreas-Duct,0.7451689236,0.04082606743,1345088
chr11,INTERACT,Pancreas-Duct,0.7912490904,0.03683674949,1287100
chr12,INTERACT,Pancreas-Duct,0.795473911,0.03415168258,1279311
chr13,INTERACT,Pancreas-Duct,0.7582236392,0.03418110836,802011
chr14,INTERACT,Pancreas-Duct,0.8013766623,0.03399866396,851264
chr15,INTERACT,Pancreas-Duct,0.8054059115,0.03377628189,845610
chr16,INTERACT,Pancreas-Duct,0.7986810936,0.03555876655,1075890
chr17,INTERACT,Pancreas-Duct,0.8308087513,0.03476343375,1162317
chr18,INTERACT,Pancreas-Duct,0.7372852711,0.03854474773,684936
chr19,INTERACT,Pancreas-Duct,0.8521788299,0.03334828745,1041539
chr2,INTERACT,Pancreas-Duct,0.7928809984,0.03232079465,2147495
chr20,INTERACT,Pancreas-Duct,0.7914167931,0.03684133143,738307
chr21,INTERACT,Pancreas-Duct,0.7402979164,0.04014779298,379966
chr22,INTERACT,Pancreas-Duct,0.7988747493,0.03656135625,582465
chr3,INTERACT,Pancreas-Duct,0.7905705159,0.03137058315,1629807
chr4,INTERACT,Pancreas-Duct,0.7573252615,0.03458561074,1458887
chr5,INTERACT,Pancreas-Duct,0.7879734402,0.03274947159,1483601
chr6,INTERACT,Pancreas-Duct,0.7930094261,0.03381431877,1475980
chr7,INTERACT,Pancreas-Duct,0.7872626026,0.0335130222,1549679
chr8,INTERACT,Pancreas-Duct,0.7397529529,0.03861638859,1284764
chr9,INTERACT,Pancreas-Duct,0.7460794109,0.04284738271,1183019
chrX,INTERACT,Pancreas-Duct,0.5959556959,0.04955433679,1137102
chr1,INTERACT,Prostate-Epithelial,0.8250145668,0.0322086935,2266097
chr10,INTERACT,Prostate-Epithelial,0.7394175937,0.0425499165,1345336
chr11,INTERACT,Prostate-Epithelial,0.8096015243,0.03440970076,1290571
chr12,INTERACT,Prostate-Epithelial,0.8017055278,0.03400747492,1279683
chr13,INTERACT,Prostate-Epithelial,0.7746755085,0.03276350266,801830
chr14,INTERACT,Prostate-Epithelial,0.8151374411,0.03223052589,852083
chr15,INTERACT,Prostate-Epithelial,0.8205124796,0.03191763128,846728
chr16,INTERACT,Prostate-Epithelial,0.8186766331,0.03270464335,1077347
chr17,INTERACT,Prostate-Epithelial,0.8434450342,0.03247917011,1162564
chr18,INTERACT,Prostate-Epithelial,0.7511543101,0.03747550817,686019
chr19,INTERACT,Prostate-Epithelial,0.8636731297,0.03098769755,1042759
chr2,INTERACT,Prostate-Epithelial,0.7994321554,0.03205056375,2147382
chr20,INTERACT,Prostate-Epithelial,0.801146789,0.03605211962,737268
chr21,INTERACT,Prostate-Epithelial,0.7702980281,0.0365227269,380489
chr22,INTERACT,Prostate-Epithelial,0.8227844926,0.03290790313,584826
chr3,INTERACT,Prostate-Epithelial,0.7994045561,0.03132315131,1629621
chr4,INTERACT,Prostate-Epithelial,0.7746505098,0.03311663267,1459986
chr5,INTERACT,Prostate-Epithelial,0.7969568282,0.03169820786,1484012
chr6,INTERACT,Prostate-Epithelial,0.8071552127,0.03206010291,1477388
chr7,INTERACT,Prostate-Epithelial,0.7953877066,0.03290363828,1548382
chr8,INTERACT,Prostate-Epithelial,0.740868052,0.03995384153,1285067
chr9,INTERACT,Prostate-Epithelial,0.7492202169,0.04319435439,1184300
chrX,INTERACT,Prostate-Epithelial,0.7200784869,0.0403505893,1134655
chr1,INTERACT,Skeletal-Muscle,0.8172549943,0.02963644737,2262728
chr10,INTERACT,Skeletal-Muscle,0.7570848055,0.03484113204,1343533
chr11,INTERACT,Skeletal-Muscle,0.7987413825,0.03169694746,1288430
chr12,INTERACT,Skeletal-Muscle,0.799176374,0.03035110333,1278422
chr13,INTERACT,Skeletal-Muscle,0.7791864001,0.0282016873,801659
chr14,INTERACT,Skeletal-Muscle,0.8126768387,0.02877299343,850912
chr15,INTERACT,Skeletal-Muscle,0.8139436224,0.02924066355,844937
chr16,INTERACT,Skeletal-Muscle,0.7989445727,0.03206787448,1075832
chr17,INTERACT,Skeletal-Muscle,0.8324569648,0.03082481948,1161632
chr18,INTERACT,Skeletal-Muscle,0.7446646028,0.0335927057,684407
chr19,INTERACT,Skeletal-Muscle,0.8402572231,0.03311347918,1040241
chr2,INTERACT,Skeletal-Muscle,0.7925831009,0.02886722301,2145410
chr20,INTERACT,Skeletal-Muscle,0.7935724238,0.0329447943,735957
chr21,INTERACT,Skeletal-Muscle,0.7660267054,0.03274287986,379682
chr22,INTERACT,Skeletal-Muscle,0.8025115899,0.03243085965,582576
chr3,INTERACT,Skeletal-Muscle,0.7934358847,0.02799208303,1627112
chr4,INTERACT,Skeletal-Muscle,0.7721987199,0.02914561218,1459373
chr5,INTERACT,Skeletal-Muscle,0.7947132504,0.02842317045,1483224
chr6,INTERACT,Skeletal-Muscle,0.8069149268,0.02830101459,1476818
chr7,INTERACT,Skeletal-Muscle,0.7887180183,0.029926438,1546077
chr8,INTERACT,Skeletal-Muscle,0.7642098742,0.03189340474,1283840
chr9,INTERACT,Skeletal-Muscle,0.7654666386,0.03543356581,1180828
chrX,INTERACT,Skeletal-Muscle,0.6330454968,0.03914798861,1136804
chr1,INTERACT,Small-int-Epithelial,0.7891008338,0.04110693573,2261731
chr10,INTERACT,Small-int-Epithelial,0.7055113944,0.04970708477,1342506
chr11,INTERACT,Small-int-Epithelial,0.7701181448,0.04399508154,1285669
chr12,INTERACT,Small-int-Epithelial,0.7680523277,0.04118449489,1279490
chr13,INTERACT,Small-int-Epithelial,0.7323263727,0.04072323631,801909
chr14,INTERACT,Small-int-Epithelial,0.7800211671,0.0402391452,851638
chr15,INTERACT,Small-int-Epithelial,0.7807560894,0.04038741902,845646
chr16,INTERACT,Small-int-Epithelial,0.7822651828,0.04199526686,1075833
chr17,INTERACT,Small-int-Epithelial,0.8087455571,0.04204047242,1162051
chr18,INTERACT,Small-int-Epithelial,0.7051925947,0.0457969866,685338
chr19,INTERACT,Small-int-Epithelial,0.8210344701,0.04146357455,1041177
chr2,INTERACT,Small-int-Epithelial,0.7654273309,0.03985902659,2146054
chr20,INTERACT,Small-int-Epithelial,0.7639643262,0.04377054057,738328
chr21,INTERACT,Small-int-Epithelial,0.7070111698,0.04722267717,379635
chr22,INTERACT,Small-int-Epithelial,0.7851008132,0.04224784523,582434
chr3,INTERACT,Small-int-Epithelial,0.757164183,0.03985624937,1626871
chr4,INTERACT,Small-int-Epithelial,0.7297643508,0.04149894726,1459883
chr5,INTERACT,Small-int-Epithelial,0.7545206167,0.03994671893,1482873
chr6,INTERACT,Small-int-Epithelial,0.7686464009,0.04049905185,1475387
chr7,INTERACT,Small-int-Epithelial,0.7562456315,0.0411981607,1546724
chr8,INTERACT,Small-int-Epithelial,0.6944881334,0.04891875012,1283523
chr9,INTERACT,Small-int-Epithelial,0.7155090121,0.05114868161,1183902
chrX,INTERACT,Small-int-Epithelial,0.6771586368,0.04832789203,1134277
chr1,INTERACT,Thyroid-Epithelial,0.8167153515,0.03251774435,2258284
chr10,INTERACT,Thyroid-Epithelial,0.7548641403,0.03826457751,1345018
chr11,INTERACT,Thyroid-Epithelial,0.8026536775,0.03422976779,1289188
chr12,INTERACT,Thyroid-Epithelial,0.8034017142,0.03216826782,1279369
chr13,INTERACT,Thyroid-Epithelial,0.7802462122,0.02995841995,801977
chr14,INTERACT,Thyroid-Epithelial,0.8112040553,0.03175246802,851778
chr15,INTERACT,Thyroid-Epithelial,0.8111759962,0.03251897762,844225
chr16,INTERACT,Thyroid-Epithelial,0.8018873747,0.03458858494,1076338
chr17,INTERACT,Thyroid-Epithelial,0.8314487958,0.0343181569,1163023
chr18,INTERACT,Thyroid-Epithelial,0.7418788368,0.03643322047,684169
chr19,INTERACT,Thyroid-Epithelial,0.845424185,0.03421180205,1042182
chr2,INTERACT,Thyroid-Epithelial,0.7972963528,0.03124127059,2147261
chr20,INTERACT,Thyroid-Epithelial,0.7891884947,0.03649128638,735958
chr21,INTERACT,Thyroid-Epithelial,0.7628543845,0.0349569219,379454
chr22,INTERACT,Thyroid-Epithelial,0.7984785956,0.03594799163,584578
chr3,INTERACT,Thyroid-Epithelial,0.7896583754,0.03110380578,1627256
chr4,INTERACT,Thyroid-Epithelial,0.7748006882,0.03082211626,1459624
chr5,INTERACT,Thyroid-Epithelial,0.7996490212,0.03018950175,1483511
chr6,INTERACT,Thyroid-Epithelial,0.8012254981,0.03180139462,1475358
chr7,INTERACT,Thyroid-Epithelial,0.7935929884,0.03184680244,1547461
chr8,INTERACT,Thyroid-Epithelial,0.7560389676,0.03544495581,1283505
chr9,INTERACT,Thyroid-Epithelial,0.7524610884,0.0409032647,1183514
chrX,INTERACT,Thyroid-Epithelial,0.6190197499,0.0393525299,1136950
chr1,INTERACT,Tonsil-Palatine-Epithelial,0.8084340679,0.03653867422,2263242
chr10,INTERACT,Tonsil-Palatine-Epithelial,0.7195559675,0.04736220987,1343814
chr11,INTERACT,Tonsil-Palatine-Epithelial,0.7849702454,0.04014869688,1286710
chr12,INTERACT,Tonsil-Palatine-Epithelial,0.7904128628,0.03730182237,1278985
chr13,INTERACT,Tonsil-Palatine-Epithelial,0.7589538621,0.03723138811,801973
chr14,INTERACT,Tonsil-Palatine-Epithelial,0.7993489241,0.03646222702,851477
chr15,INTERACT,Tonsil-Palatine-Epithelial,0.8010335688,0.03676916846,845504
chr16,INTERACT,Tonsil-Palatine-Epithelial,0.7973879913,0.03816004003,1075755
chr17,INTERACT,Tonsil-Palatine-Epithelial,0.8255795993,0.0371561175,1162090
chr18,INTERACT,Tonsil-Palatine-Epithelial,0.7422823196,0.04100847975,684492
chr19,INTERACT,Tonsil-Palatine-Epithelial,0.8394377333,0.03622580077,1041775
chr2,INTERACT,Tonsil-Palatine-Epithelial,0.7840147375,0.03656328938,2146663
chr20,INTERACT,Tonsil-Palatine-Epithelial,0.7883732362,0.03946531962,737293
chr21,INTERACT,Tonsil-Palatine-Epithelial,0.7519519059,0.04191086112,380690
chr22,INTERACT,Tonsil-Palatine-Epithelial,0.805975646,0.03797553549,582986
chr3,INTERACT,Tonsil-Palatine-Epithelial,0.783339318,0.03571044418,1629436
chr4,INTERACT,Tonsil-Palatine-Epithelial,0.7563462503,0.03778329645,1459804
chr5,INTERACT,Tonsil-Palatine-Epithelial,0.7757924414,0.03689352081,1482732
chr6,INTERACT,Tonsil-Palatine-Epithelial,0.7885099562,0.03702149112,1475469
chr7,INTERACT,Tonsil-Palatine-Epithelial,0.7793170675,0.03733843036,1547002
chr8,INTERACT,Tonsil-Palatine-Epithelial,0.7222916339,0.04499593102,1284728
chr9,INTERACT,Tonsil-Palatine-Epithelial,0.7291175517,0.04821146424,1183535
chrX,INTERACT,Tonsil-Palatine-Epithelial,0.6956210059,0.046820814,1133954
chr1,Melody-ST,GSM5652176_Adipocytes-Z000000T7.hg38,0.868810964,0.02414354142,4544762
chr10,Melody-ST,GSM5652176_Adipocytes-Z000000T7.hg38,0.8114138694,0.03072213749,2696960
chr11,Melody-ST,GSM5652176_Adipocytes-Z000000T7.hg38,0.859381994,0.025361255,2583726
chr12,Melody-ST,GSM5652176_Adipocytes-Z000000T7.hg38,0.8568514436,0.02437157403,2575520
chr13,Melody-ST,GSM5652176_Adipocytes-Z000000T7.hg38,0.8237531297,0.02594707065,1607746
chr14,Melody-ST,GSM5652176_Adipocytes-Z000000T7.hg38,0.8586821593,0.0244694508,1709000
chr15,Melody-ST,GSM5652176_Adipocytes-Z000000T7.hg38,0.8620332866,0.02466597694,1703602
chr16,Melody-ST,GSM5652176_Adipocytes-Z000000T7.hg38,0.8623742524,0.02436438312,2164830
chr17,Melody-ST,GSM5652176_Adipocytes-Z000000T7.hg38,0.8859675057,0.02329003623,2342232
chr18,Melody-ST,GSM5652176_Adipocytes-Z000000T7.hg38,0.8278101535,0.02638064351,1377320
chr19,Melody-ST,GSM5652176_Adipocytes-Z000000T7.hg38,0.8960329145,0.02325209037,2093914
chr2,Melody-ST,GSM5652176_Adipocytes-Z000000T7.hg38,0.848996698,0.0247403562,4303564
chr20,Melody-ST,GSM5652176_Adipocytes-Z000000T7.hg38,0.8596758389,0.02529431446,1481536
chr21,Melody-ST,GSM5652176_Adipocytes-Z000000T7.hg38,0.8188190774,0.02896894452,772122
chr22,Melody-ST,GSM5652176_Adipocytes-Z000000T7.hg38,0.8606859997,0.02517669692,1171582
chr3,Melody-ST,GSM5652176_Adipocytes-Z000000T7.hg38,0.8451581472,0.02466415995,3262554
chr4,Melody-ST,GSM5652176_Adipocytes-Z000000T7.hg38,0.8263260793,0.02567452604,2930056
chr5,Melody-ST,GSM5652176_Adipocytes-Z000000T7.hg38,0.8456774088,0.02481215727,2977094
chr6,Melody-ST,GSM5652176_Adipocytes-Z000000T7.hg38,0.8543879187,0.02473972088,2963786
chr7,Melody-ST,GSM5652176_Adipocytes-Z000000T7.hg38,0.8459302143,0.02494816273,3115672
chr8,Melody-ST,GSM5652176_Adipocytes-Z000000T7.hg38,0.8076927583,0.02940397244,2580136
chr9,Melody-ST,GSM5652176_Adipocytes-Z000000T7.hg38,0.8179756916,0.03124118839,2378568
chrX,Melody-ST,GSM5652176_Adipocytes-Z000000T7.hg38,0.7569733134,0.0241555962,2294958
chr1,Melody-ST,GSM5652179_Aorta-Endothel-Z00000422.hg38,0.8266070314,0.03297966689,4548632
chr10,Melody-ST,GSM5652179_Aorta-Endothel-Z00000422.hg38,0.7776570665,0.03824599314,2697986
chr11,Melody-ST,GSM5652179_Aorta-Endothel-Z00000422.hg38,0.8227772904,0.03289470668,2591034
chr12,Melody-ST,GSM5652179_Aorta-Endothel-Z00000422.hg38,0.8161054666,0.03356887147,2573848
chr13,Melody-ST,GSM5652179_Aorta-Endothel-Z00000422.hg38,0.783268384,0.03481108661,1606842
chr14,Melody-ST,GSM5652179_Aorta-Endothel-Z00000422.hg38,0.8237588667,0.03179047505,1708768
chr15,Melody-ST,GSM5652179_Aorta-Endothel-Z00000422.hg38,0.8190358036,0.03347873451,1703992
chr16,Melody-ST,GSM5652179_Aorta-Endothel-Z00000422.hg38,0.8332915225,0.03052190182,2165070
chr17,Melody-ST,GSM5652179_Aorta-Endothel-Z00000422.hg38,0.8560605544,0.03006499725,2339454
chr18,Melody-ST,GSM5652179_Aorta-Endothel-Z00000422.hg38,0.787401534,0.03480341164,1382062
chr19,Melody-ST,GSM5652179_Aorta-Endothel-Z00000422.hg38,0.8663020577,0.0298687508,2092506
chr2,Melody-ST,GSM5652179_Aorta-Endothel-Z00000422.hg38,0.809140396,0.03310264926,4308016
chr20,Melody-ST,GSM5652179_Aorta-Endothel-Z00000422.hg38,0.8231390653,0.03246812698,1479540
chr21,Melody-ST,GSM5652179_Aorta-Endothel-Z00000422.hg38,0.7794911708,0.03667716269,768028
chr22,Melody-ST,GSM5652179_Aorta-Endothel-Z00000422.hg38,0.8300964788,0.03139463087,1175488
chr3,Melody-ST,GSM5652179_Aorta-Endothel-Z00000422.hg38,0.8041171523,0.03408052995,3263636
chr4,Melody-ST,GSM5652179_Aorta-Endothel-Z00000422.hg38,0.7877030603,0.03421885257,2933438
chr5,Melody-ST,GSM5652179_Aorta-Endothel-Z00000422.hg38,0.8056059715,0.03313131694,2976758
chr6,Melody-ST,GSM5652179_Aorta-Endothel-Z00000422.hg38,0.8121150644,0.03418846777,2963942
chr7,Melody-ST,GSM5652179_Aorta-Endothel-Z00000422.hg38,0.8035464514,0.0333411692,3112034
chr8,Melody-ST,GSM5652179_Aorta-Endothel-Z00000422.hg38,0.7698973527,0.03764390572,2580462
chr9,Melody-ST,GSM5652179_Aorta-Endothel-Z00000422.hg38,0.7807273211,0.03938408052,2384070
chrX,Melody-ST,GSM5652179_Aorta-Endothel-Z00000422.hg38,0.7403165854,0.03048919532,2294844
chr1,Melody-ST,GSM5652189_Kidney-Tubular-Endothel-Z0000042R.hg38,0.838321516,0.03122011402,4540386
chr10,Melody-ST,GSM5652189_Kidney-Tubular-Endothel-Z0000042R.hg38,0.7817389381,0.03800701777,2695204
chr11,Melody-ST,GSM5652189_Kidney-Tubular-Endothel-Z0000042R.hg38,0.8245895261,0.03337042366,2587240
chr12,Melody-ST,GSM5652189_Kidney-Tubular-Endothel-Z0000042R.hg38,0.8260223999,0.03143605006,2565114
chr13,Melody-ST,GSM5652189_Kidney-Tubular-Endothel-Z0000042R.hg38,0.7889157253,0.03268415259,1605436
chr14,Melody-ST,GSM5652189_Kidney-Tubular-Endothel-Z0000042R.hg38,0.8256705831,0.03168464451,1705150
chr15,Melody-ST,GSM5652189_Kidney-Tubular-Endothel-Z0000042R.hg38,0.8296422524,0.0322289745,1700192
chr16,Melody-ST,GSM5652189_Kidney-Tubular-Endothel-Z0000042R.hg38,0.8259755759,0.03281493136,2159350
chr17,Melody-ST,GSM5652189_Kidney-Tubular-Endothel-Z0000042R.hg38,0.8574347439,0.03127859511,2333676
chr18,Melody-ST,GSM5652189_Kidney-Tubular-Endothel-Z0000042R.hg38,0.7918210379,0.03384190789,1378556
chr19,Melody-ST,GSM5652189_Kidney-Tubular-Endothel-Z0000042R.hg38,0.8679533027,0.0310958186,2087116
chr2,Melody-ST,GSM5652189_Kidney-Tubular-Endothel-Z0000042R.hg38,0.81356067,0.0324255033,4299826
chr20,Melody-ST,GSM5652189_Kidney-Tubular-Endothel-Z0000042R.hg38,0.8272521041,0.03307742204,1475776
chr21,Melody-ST,GSM5652189_Kidney-Tubular-Endothel-Z0000042R.hg38,0.7766922992,0.03624170907,767864
chr22,Melody-ST,GSM5652189_Kidney-Tubular-Endothel-Z0000042R.hg38,0.8280655272,0.03322085678,1170698
chr3,Melody-ST,GSM5652189_Kidney-Tubular-Endothel-Z0000042R.hg38,0.814717976,0.03110611185,3262022
chr4,Melody-ST,GSM5652189_Kidney-Tubular-Endothel-Z0000042R.hg38,0.7928054535,0.03223146217,2925476
chr5,Melody-ST,GSM5652189_Kidney-Tubular-Endothel-Z0000042R.hg38,0.8122450365,0.03176514826,2974612
chr6,Melody-ST,GSM5652189_Kidney-Tubular-Endothel-Z0000042R.hg38,0.8175154717,0.03255532496,2958520
chr7,Melody-ST,GSM5652189_Kidney-Tubular-Endothel-Z0000042R.hg38,0.8127627391,0.03191001425,3103954
chr8,Melody-ST,GSM5652189_Kidney-Tubular-Endothel-Z0000042R.hg38,0.7754336008,0.03643431237,2574706
chr9,Melody-ST,GSM5652189_Kidney-Tubular-Endothel-Z0000042R.hg38,0.7878943625,0.03807633348,2378194
chrX,Melody-ST,GSM5652189_Kidney-Tubular-Endothel-Z0000042R.hg38,0.7255282653,0.03024849623,2288794
chr1,Melody-ST,GSM5652198_Colon-Fibroblasts-Z0000042A.hg38,0.8558116534,0.02441296638,4552796
chr10,Melody-ST,GSM5652198_Colon-Fibroblasts-Z0000042A.hg38,0.809378816,0.02858005545,2701214
chr11,Melody-ST,GSM5652198_Colon-Fibroblasts-Z0000042A.hg38,0.8447227344,0.02537718337,2596782
chr12,Melody-ST,GSM5652198_Colon-Fibroblasts-Z0000042A.hg38,0.8446011377,0.02460346599,2574580
chr13,Melody-ST,GSM5652198_Colon-Fibroblasts-Z0000042A.hg38,0.8119235827,0.02516080936,1608288
chr14,Melody-ST,GSM5652198_Colon-Fibroblasts-Z0000042A.hg38,0.8467738231,0.02426951899,1711682
chr15,Melody-ST,GSM5652198_Colon-Fibroblasts-Z0000042A.hg38,0.8446254419,0.02535484072,1705440
chr16,Melody-ST,GSM5652198_Colon-Fibroblasts-Z0000042A.hg38,0.8422398932,0.02582033467,2168956
chr17,Melody-ST,GSM5652198_Colon-Fibroblasts-Z0000042A.hg38,0.8716101874,0.02429108602,2343328
chr18,Melody-ST,GSM5652198_Colon-Fibroblasts-Z0000042A.hg38,0.8095093152,0.02620362044,1385262
chr19,Melody-ST,GSM5652198_Colon-Fibroblasts-Z0000042A.hg38,0.8772293443,0.02578118785,2097362
chr2,Melody-ST,GSM5652198_Colon-Fibroblasts-Z0000042A.hg38,0.8361927631,0.0244360513,4313978
chr20,Melody-ST,GSM5652198_Colon-Fibroblasts-Z0000042A.hg38,0.8452215624,0.02515735542,1482994
chr21,Melody-ST,GSM5652198_Colon-Fibroblasts-Z0000042A.hg38,0.8046183034,0.02820802861,770286
chr22,Melody-ST,GSM5652198_Colon-Fibroblasts-Z0000042A.hg38,0.8434420109,0.02605472821,1176616
chr3,Melody-ST,GSM5652198_Colon-Fibroblasts-Z0000042A.hg38,0.8371840084,0.0236631249,3264854
chr4,Melody-ST,GSM5652198_Colon-Fibroblasts-Z0000042A.hg38,0.8164879871,0.02465654554,2930508
chr5,Melody-ST,GSM5652198_Colon-Fibroblasts-Z0000042A.hg38,0.8331999882,0.02432785903,2976992
chr6,Melody-ST,GSM5652198_Colon-Fibroblasts-Z0000042A.hg38,0.842658283,0.02462245777,2961448
chr7,Melody-ST,GSM5652198_Colon-Fibroblasts-Z0000042A.hg38,0.8306664745,0.02513234514,3114236
chr8,Melody-ST,GSM5652198_Colon-Fibroblasts-Z0000042A.hg38,0.8053952946,0.02745017767,2580446
chr9,Melody-ST,GSM5652198_Colon-Fibroblasts-Z0000042A.hg38,0.8099100965,0.0297969681,2392254
chrX,Melody-ST,GSM5652198_Colon-Fibroblasts-Z0000042A.hg38,0.8046688334,0.02687063921,2285520
chr1,Melody-ST,GSM5652200_Heart-Fibroblasts-Z0000043R.hg38,0.7706569483,0.04743595775,4518546
chr10,Melody-ST,GSM5652200_Heart-Fibroblasts-Z0000043R.hg38,0.7219691212,0.05429970927,2686738
chr11,Melody-ST,GSM5652200_Heart-Fibroblasts-Z0000043R.hg38,0.7644963664,0.04783052307,2573586
chr12,Melody-ST,GSM5652200_Heart-Fibroblasts-Z0000043R.hg38,0.7571437957,0.04928147202,2557042
chr13,Melody-ST,GSM5652200_Heart-Fibroblasts-Z0000043R.hg38,0.7328907487,0.05023581316,1602646
chr14,Melody-ST,GSM5652200_Heart-Fibroblasts-Z0000043R.hg38,0.7780035761,0.04406184397,1702360
chr15,Melody-ST,GSM5652200_Heart-Fibroblasts-Z0000043R.hg38,0.7612262025,0.04918801369,1694084
chr16,Melody-ST,GSM5652200_Heart-Fibroblasts-Z0000043R.hg38,0.770038213,0.04637029148,2151504
chr17,Melody-ST,GSM5652200_Heart-Fibroblasts-Z0000043R.hg38,0.8018198375,0.04300494952,2326028
chr18,Melody-ST,GSM5652200_Heart-Fibroblasts-Z0000043R.hg38,0.7263923174,0.0516144082,1369394
chr19,Melody-ST,GSM5652200_Heart-Fibroblasts-Z0000043R.hg38,0.7936490532,0.04625608048,2082478
chr2,Melody-ST,GSM5652200_Heart-Fibroblasts-Z0000043R.hg38,0.7466982684,0.05036192253,4286970
chr20,Melody-ST,GSM5652200_Heart-Fibroblasts-Z0000043R.hg38,0.7734880583,0.04419282826,1473914
chr21,Melody-ST,GSM5652200_Heart-Fibroblasts-Z0000043R.hg38,0.7270722564,0.05347016452,762600
chr22,Melody-ST,GSM5652200_Heart-Fibroblasts-Z0000043R.hg38,0.7701470815,0.04640627452,1166714
chr3,Melody-ST,GSM5652200_Heart-Fibroblasts-Z0000043R.hg38,0.7488349781,0.04957932363,3251828
chr4,Melody-ST,GSM5652200_Heart-Fibroblasts-Z0000043R.hg38,0.7373621885,0.04878202984,2917368
chr5,Melody-ST,GSM5652200_Heart-Fibroblasts-Z0000043R.hg38,0.7413341834,0.050271648,2966100
chr6,Melody-ST,GSM5652200_Heart-Fibroblasts-Z0000043R.hg38,0.7457511098,0.05125747251,2948088
chr7,Melody-ST,GSM5652200_Heart-Fibroblasts-Z0000043R.hg38,0.7406811377,0.04963626637,3094006
chr8,Melody-ST,GSM5652200_Heart-Fibroblasts-Z0000043R.hg38,0.7107084672,0.05352216953,2569160
chr9,Melody-ST,GSM5652200_Heart-Fibroblasts-Z0000043R.hg38,0.7303718381,0.05390041134,2366528
chrX,Melody-ST,GSM5652200_Heart-Fibroblasts-Z0000043R.hg38,0.7074407064,0.0576807,2264308
chr1,Melody-ST,GSM5652204_Dermal-Fibroblasts-Z00000423.hg38,0.8491805791,0.02771406592,4551882
chr10,Melody-ST,GSM5652204_Dermal-Fibroblasts-Z00000423.hg38,0.7853665981,0.03502692747,2699794
chr11,Melody-ST,GSM5652204_Dermal-Fibroblasts-Z00000423.hg38,0.8402201743,0.02827618091,2588728
chr12,Melody-ST,GSM5652204_Dermal-Fibroblasts-Z00000423.hg38,0.8386251861,0.02795578654,2568784
chr13,Melody-ST,GSM5652204_Dermal-Fibroblasts-Z00000423.hg38,0.8068879943,0.02877264107,1608112
chr14,Melody-ST,GSM5652204_Dermal-Fibroblasts-Z00000423.hg38,0.8450940139,0.02652363845,1710070
chr15,Melody-ST,GSM5652204_Dermal-Fibroblasts-Z00000423.hg38,0.8368151304,0.02920152729,1708250
chr16,Melody-ST,GSM5652204_Dermal-Fibroblasts-Z00000423.hg38,0.8438680468,0.02752762723,2167078
chr17,Melody-ST,GSM5652204_Dermal-Fibroblasts-Z00000423.hg38,0.8705534561,0.02627116008,2342884
chr18,Melody-ST,GSM5652204_Dermal-Fibroblasts-Z00000423.hg38,0.8052410857,0.03004900191,1385770
chr19,Melody-ST,GSM5652204_Dermal-Fibroblasts-Z00000423.hg38,0.8793964805,0.02657334174,2095008
chr2,Melody-ST,GSM5652204_Dermal-Fibroblasts-Z00000423.hg38,0.825064462,0.02875588158,4308090
chr20,Melody-ST,GSM5652204_Dermal-Fibroblasts-Z00000423.hg38,0.8445466087,0.02772190231,1480182
chr21,Melody-ST,GSM5652204_Dermal-Fibroblasts-Z00000423.hg38,0.8092954866,0.03095424091,769048
chr22,Melody-ST,GSM5652204_Dermal-Fibroblasts-Z00000423.hg38,0.8488966109,0.02744674214,1176508
chr3,Melody-ST,GSM5652204_Dermal-Fibroblasts-Z00000423.hg38,0.82585181,0.02806873191,3269960
chr4,Melody-ST,GSM5652204_Dermal-Fibroblasts-Z00000423.hg38,0.8096782322,0.02844530585,2932262
chr5,Melody-ST,GSM5652204_Dermal-Fibroblasts-Z00000423.hg38,0.8249297555,0.02826626106,2982984
chr6,Melody-ST,GSM5652204_Dermal-Fibroblasts-Z00000423.hg38,0.8333208274,0.02849674083,2959984
chr7,Melody-ST,GSM5652204_Dermal-Fibroblasts-Z00000423.hg38,0.8239621111,0.02837429182,3115580
chr8,Melody-ST,GSM5652204_Dermal-Fibroblasts-Z00000423.hg38,0.7785370661,0.03436182277,2575312
chr9,Melody-ST,GSM5652204_Dermal-Fibroblasts-Z00000423.hg38,0.7904369132,0.0355041505,2387860
chrX,Melody-ST,GSM5652204_Dermal-Fibroblasts-Z00000423.hg38,0.7992945297,0.03075884693,2284248
chr1,Melody-ST,GSM5652205_Skeletal-Muscle-Z00000427.hg38,0.8516543914,0.02709375792,4547414
chr10,Melody-ST,GSM5652205_Skeletal-Muscle-Z00000427.hg38,0.7953079274,0.03291146107,2698492
chr11,Melody-ST,GSM5652205_Skeletal-Muscle-Z00000427.hg38,0.8427123183,0.02799118586,2587932
chr12,Melody-ST,GSM5652205_Skeletal-Muscle-Z00000427.hg38,0.841984225,0.02699053068,2565508
chr13,Melody-ST,GSM5652205_Skeletal-Muscle-Z00000427.hg38,0.8110547493,0.02802497901,1607064
chr14,Melody-ST,GSM5652205_Skeletal-Muscle-Z00000427.hg38,0.8440671874,0.02687168172,1707572
chr15,Melody-ST,GSM5652205_Skeletal-Muscle-Z00000427.hg38,0.8440952538,0.0278976476,1705156
chr16,Melody-ST,GSM5652205_Skeletal-Muscle-Z00000427.hg38,0.8433408201,0.02751611353,2164272
chr17,Melody-ST,GSM5652205_Skeletal-Muscle-Z00000427.hg38,0.8682893623,0.0265979737,2338926
chr18,Melody-ST,GSM5652205_Skeletal-Muscle-Z00000427.hg38,0.8080287462,0.02928045413,1380248
chr19,Melody-ST,GSM5652205_Skeletal-Muscle-Z00000427.hg38,0.8756058135,0.02741175129,2089930
chr2,Melody-ST,GSM5652205_Skeletal-Muscle-Z00000427.hg38,0.8323083533,0.02761219126,4304484
chr20,Melody-ST,GSM5652205_Skeletal-Muscle-Z00000427.hg38,0.8424918164,0.02790967389,1477454
chr21,Melody-ST,GSM5652205_Skeletal-Muscle-Z00000427.hg38,0.8034110504,0.03117310152,768142
chr22,Melody-ST,GSM5652205_Skeletal-Muscle-Z00000427.hg38,0.83941055,0.02834923473,1172198
chr3,Melody-ST,GSM5652205_Skeletal-Muscle-Z00000427.hg38,0.8307257457,0.02713110613,3263130
chr4,Melody-ST,GSM5652205_Skeletal-Muscle-Z00000427.hg38,0.8152620682,0.02759917299,2929618
chr5,Melody-ST,GSM5652205_Skeletal-Muscle-Z00000427.hg38,0.8314867432,0.02700986927,2981166
chr6,Melody-ST,GSM5652205_Skeletal-Muscle-Z00000427.hg38,0.8404911859,0.02724389857,2963308
chr7,Melody-ST,GSM5652205_Skeletal-Muscle-Z00000427.hg38,0.8295785219,0.02764395187,3109108
chr8,Melody-ST,GSM5652205_Skeletal-Muscle-Z00000427.hg38,0.7923005126,0.03166947296,2578870
chr9,Melody-ST,GSM5652205_Skeletal-Muscle-Z00000427.hg38,0.7981426646,0.03388337879,2379880
chrX,Melody-ST,GSM5652205_Skeletal-Muscle-Z00000427.hg38,0.7514397989,0.02388365547,2293292
chr1,Melody-ST,GSM5652207_Aorta-Smooth-Muscle-Z0000041U.hg38,0.8195075412,0.03230726435,4552188
chr10,Melody-ST,GSM5652207_Aorta-Smooth-Muscle-Z0000041U.hg38,0.7594012118,0.03920126251,2702806
chr11,Melody-ST,GSM5652207_Aorta-Smooth-Muscle-Z0000041U.hg38,0.8153517421,0.03218905861,2593946
chr12,Melody-ST,GSM5652207_Aorta-Smooth-Muscle-Z0000041U.hg38,0.8095767685,0.03279284931,2573054
chr13,Melody-ST,GSM5652207_Aorta-Smooth-Muscle-Z0000041U.hg38,0.783615846,0.0328881713,1608344
chr14,Melody-ST,GSM5652207_Aorta-Smooth-Muscle-Z0000041U.hg38,0.8186835674,0.03055955305,1711252
chr15,Melody-ST,GSM5652207_Aorta-Smooth-Muscle-Z0000041U.hg38,0.81097308,0.03280295026,1705848
chr16,Melody-ST,GSM5652207_Aorta-Smooth-Muscle-Z0000041U.hg38,0.8218763948,0.03117730352,2165996
chr17,Melody-ST,GSM5652207_Aorta-Smooth-Muscle-Z0000041U.hg38,0.8482869317,0.02959069865,2343784
chr18,Melody-ST,GSM5652207_Aorta-Smooth-Muscle-Z0000041U.hg38,0.781723054,0.03374742546,1381908
chr19,Melody-ST,GSM5652207_Aorta-Smooth-Muscle-Z0000041U.hg38,0.8545722442,0.02989294809,2096526
chr2,Melody-ST,GSM5652207_Aorta-Smooth-Muscle-Z0000041U.hg38,0.7989496421,0.03293586212,4311124
chr20,Melody-ST,GSM5652207_Aorta-Smooth-Muscle-Z0000041U.hg38,0.8157311207,0.03182571057,1480834
chr21,Melody-ST,GSM5652207_Aorta-Smooth-Muscle-Z0000041U.hg38,0.7702620163,0.03710797142,772060
chr22,Melody-ST,GSM5652207_Aorta-Smooth-Muscle-Z0000041U.hg38,0.8202845762,0.03195372098,1174554
chr3,Melody-ST,GSM5652207_Aorta-Smooth-Muscle-Z0000041U.hg38,0.8001010651,0.0324483179,3268922
chr4,Melody-ST,GSM5652207_Aorta-Smooth-Muscle-Z0000041U.hg38,0.7872406605,0.03226777614,2935738
chr5,Melody-ST,GSM5652207_Aorta-Smooth-Muscle-Z0000041U.hg38,0.7991103218,0.03220309985,2978932
chr6,Melody-ST,GSM5652207_Aorta-Smooth-Muscle-Z0000041U.hg38,0.8072496694,0.0321749166,2966776
chr7,Melody-ST,GSM5652207_Aorta-Smooth-Muscle-Z0000041U.hg38,0.7977476195,0.03271691935,3112468
chr8,Melody-ST,GSM5652207_Aorta-Smooth-Muscle-Z0000041U.hg38,0.747555756,0.03866690722,2580492
chr9,Melody-ST,GSM5652207_Aorta-Smooth-Muscle-Z0000041U.hg38,0.764501095,0.03983824132,2388840
chrX,Melody-ST,GSM5652207_Aorta-Smooth-Muscle-Z0000041U.hg38,0.7737382482,0.03558481539,2285466
chr1,Melody-ST,GSM5652215_Heart-Cardiomyocyte-Z0000044P.hg38,0.7351574131,0.05662664154,4442464
chr10,Melody-ST,GSM5652215_Heart-Cardiomyocyte-Z0000044P.hg38,0.6953269625,0.05942864752,2647524
chr11,Melody-ST,GSM5652215_Heart-Cardiomyocyte-Z0000044P.hg38,0.7230573893,0.05855647345,2537348
chr12,Melody-ST,GSM5652215_Heart-Cardiomyocyte-Z0000044P.hg38,0.7212826874,0.05578449222,2515244
chr13,Melody-ST,GSM5652215_Heart-Cardiomyocyte-Z0000044P.hg38,0.6801453705,0.05603123823,1582024
chr14,Melody-ST,GSM5652215_Heart-Cardiomyocyte-Z0000044P.hg38,0.725078291,0.05604242144,1678358
chr15,Melody-ST,GSM5652215_Heart-Cardiomyocyte-Z0000044P.hg38,0.7289199167,0.05691716202,1658476
chr16,Melody-ST,GSM5652215_Heart-Cardiomyocyte-Z0000044P.hg38,0.7119750217,0.05945278161,2104388
chr17,Melody-ST,GSM5652215_Heart-Cardiomyocyte-Z0000044P.hg38,0.7589304245,0.05659781567,2279448
chr18,Melody-ST,GSM5652215_Heart-Cardiomyocyte-Z0000044P.hg38,0.6814899833,0.05772457023,1342824
chr19,Melody-ST,GSM5652215_Heart-Cardiomyocyte-Z0000044P.hg38,0.7545375556,0.06062245607,2042490
chr2,Melody-ST,GSM5652215_Heart-Cardiomyocyte-Z0000044P.hg38,0.7105930494,0.05587922496,4224740
chr20,Melody-ST,GSM5652215_Heart-Cardiomyocyte-Z0000044P.hg38,0.7189528435,0.05846287963,1451784
chr21,Melody-ST,GSM5652215_Heart-Cardiomyocyte-Z0000044P.hg38,0.6602201878,0.06160436492,748422
chr22,Melody-ST,GSM5652215_Heart-Cardiomyocyte-Z0000044P.hg38,0.7080541779,0.06105651387,1138758
chr3,Melody-ST,GSM5652215_Heart-Cardiomyocyte-Z0000044P.hg38,0.7101494432,0.05416336268,3212248
chr4,Melody-ST,GSM5652215_Heart-Cardiomyocyte-Z0000044P.hg38,0.6835100137,0.05535193509,2878940
chr5,Melody-ST,GSM5652215_Heart-Cardiomyocyte-Z0000044P.hg38,0.7114464403,0.05533520057,2924334
chr6,Melody-ST,GSM5652215_Heart-Cardiomyocyte-Z0000044P.hg38,0.714652952,0.05636832361,2910928
chr7,Melody-ST,GSM5652215_Heart-Cardiomyocyte-Z0000044P.hg38,0.7028603196,0.05691110775,3038978
chr8,Melody-ST,GSM5652215_Heart-Cardiomyocyte-Z0000044P.hg38,0.6821021215,0.05827886993,2530598
chr9,Melody-ST,GSM5652215_Heart-Cardiomyocyte-Z0000044P.hg38,0.7002821718,0.06012559094,2312596
chrX,Melody-ST,GSM5652215_Heart-Cardiomyocyte-Z0000044P.hg38,0.5507372738,0.06171502684,2248162
chr1,Melody-ST,GSM5652218_Bone-Osteoblasts-Z0000042Z.hg38,0.8111790754,0.03648153057,4557666
chr10,Melody-ST,GSM5652218_Bone-Osteoblasts-Z0000042Z.hg38,0.7681408932,0.04123518562,2700160
chr11,Melody-ST,GSM5652218_Bone-Osteoblasts-Z0000042Z.hg38,0.8056128795,0.0365648057,2603376
chr12,Melody-ST,GSM5652218_Bone-Osteoblasts-Z0000042Z.hg38,0.803078515,0.0362547124,2569880
chr13,Melody-ST,GSM5652218_Bone-Osteoblasts-Z0000042Z.hg38,0.7768897854,0.03766214109,1608762
chr14,Melody-ST,GSM5652218_Bone-Osteoblasts-Z0000042Z.hg38,0.8118737627,0.0343696589,1711740
chr15,Melody-ST,GSM5652218_Bone-Osteoblasts-Z0000042Z.hg38,0.8072143263,0.0366693413,1711918
chr16,Melody-ST,GSM5652218_Bone-Osteoblasts-Z0000042Z.hg38,0.7997584392,0.03708000047,2170000
chr17,Melody-ST,GSM5652218_Bone-Osteoblasts-Z0000042Z.hg38,0.8346889061,0.03437567719,2349694
chr18,Melody-ST,GSM5652218_Bone-Osteoblasts-Z0000042Z.hg38,0.7824443998,0.03718106205,1383704
chr19,Melody-ST,GSM5652218_Bone-Osteoblasts-Z0000042Z.hg38,0.8364593135,0.03545149381,2098242
chr2,Melody-ST,GSM5652218_Bone-Osteoblasts-Z0000042Z.hg38,0.7919985871,0.03757109865,4311940
chr20,Melody-ST,GSM5652218_Bone-Osteoblasts-Z0000042Z.hg38,0.8050316037,0.03578682757,1485424
chr21,Melody-ST,GSM5652218_Bone-Osteoblasts-Z0000042Z.hg38,0.7687877676,0.04022014313,768834
chr22,Melody-ST,GSM5652218_Bone-Osteoblasts-Z0000042Z.hg38,0.8112722832,0.03531126932,1174770
chr3,Melody-ST,GSM5652218_Bone-Osteoblasts-Z0000042Z.hg38,0.7956489978,0.03650038514,3269260
chr4,Melody-ST,GSM5652218_Bone-Osteoblasts-Z0000042Z.hg38,0.7835225346,0.0366540045,2934258
chr5,Melody-ST,GSM5652218_Bone-Osteoblasts-Z0000042Z.hg38,0.7869084481,0.03793854532,2982092
chr6,Melody-ST,GSM5652218_Bone-Osteoblasts-Z0000042Z.hg38,0.7948089168,0.03803445214,2960194
chr7,Melody-ST,GSM5652218_Bone-Osteoblasts-Z0000042Z.hg38,0.7864665368,0.03758327637,3113742
chr8,Melody-ST,GSM5652218_Bone-Osteoblasts-Z0000042Z.hg38,0.7622545892,0.04073103569,2581228
chr9,Melody-ST,GSM5652218_Bone-Osteoblasts-Z0000042Z.hg38,0.7695724571,0.04257583489,2390380
chrX,Melody-ST,GSM5652218_Bone-Osteoblasts-Z0000042Z.hg38,0.7531347348,0.03066626113,2299056
chr1,Melody-ST,GSM5652219_Oligodendrocytes-Z000000TK.hg38,0.8399862745,0.03064622363,4537494
chr10,Melody-ST,GSM5652219_Oligodendrocytes-Z000000TK.hg38,0.788598654,0.03613474451,2687506
chr11,Melody-ST,GSM5652219_Oligodendrocytes-Z000000TK.hg38,0.823621946,0.03304668813,2586928
chr12,Melody-ST,GSM5652219_Oligodendrocytes-Z000000TK.hg38,0.8312476565,0.03000403972,2568148
chr13,Melody-ST,GSM5652219_Oligodendrocytes-Z000000TK.hg38,0.7866227565,0.03224991852,1602642
chr14,Melody-ST,GSM5652219_Oligodendrocytes-Z000000TK.hg38,0.8265980963,0.03139593288,1705446
chr15,Melody-ST,GSM5652219_Oligodendrocytes-Z000000TK.hg38,0.8267931039,0.03176341319,1693092
chr16,Melody-ST,GSM5652219_Oligodendrocytes-Z000000TK.hg38,0.8304080695,0.03234635661,2154574
chr17,Melody-ST,GSM5652219_Oligodendrocytes-Z000000TK.hg38,0.8556388061,0.03112985677,2331734
chr18,Melody-ST,GSM5652219_Oligodendrocytes-Z000000TK.hg38,0.7941506634,0.03302762768,1381838
chr19,Melody-ST,GSM5652219_Oligodendrocytes-Z000000TK.hg38,0.8539946158,0.03307746903,2092776
chr2,Melody-ST,GSM5652219_Oligodendrocytes-Z000000TK.hg38,0.8194835923,0.03099548951,4296192
chr20,Melody-ST,GSM5652219_Oligodendrocytes-Z000000TK.hg38,0.8303622057,0.03207479536,1482332
chr21,Melody-ST,GSM5652219_Oligodendrocytes-Z000000TK.hg38,0.7760777167,0.03720734089,771260
chr22,Melody-ST,GSM5652219_Oligodendrocytes-Z000000TK.hg38,0.8193247429,0.03482921196,1166442
chr3,Melody-ST,GSM5652219_Oligodendrocytes-Z000000TK.hg38,0.8190618542,0.02940055871,3260834
chr4,Melody-ST,GSM5652219_Oligodendrocytes-Z000000TK.hg38,0.7973546561,0.0305689082,2931212
chr5,Melody-ST,GSM5652219_Oligodendrocytes-Z000000TK.hg38,0.8198987298,0.02978572114,2970550
chr6,Melody-ST,GSM5652219_Oligodendrocytes-Z000000TK.hg38,0.8266472367,0.03022533991,2961338
chr7,Melody-ST,GSM5652219_Oligodendrocytes-Z000000TK.hg38,0.8137881473,0.03151069808,3100814
chr8,Melody-ST,GSM5652219_Oligodendrocytes-Z000000TK.hg38,0.7822186305,0.03494433265,2570432
chr9,Melody-ST,GSM5652219_Oligodendrocytes-Z000000TK.hg38,0.7937961811,0.03701659186,2367218
chrX,Melody-ST,GSM5652219_Oligodendrocytes-Z000000TK.hg38,0.7835650259,0.0328729441,2274326
chr1,Melody-ST,GSM5652223_Cortex-Neuron-Z000000TF.hg38,0.8562580079,0.02333726224,4529500
chr10,Melody-ST,GSM5652223_Cortex-Neuron-Z000000TF.hg38,0.8138264565,0.02650176616,2687606
chr11,Melody-ST,GSM5652223_Cortex-Neuron-Z000000TF.hg38,0.8422053902,0.02475002035,2581180
chr12,Melody-ST,GSM5652223_Cortex-Neuron-Z000000TF.hg38,0.8450844305,0.02332919354,2560822
chr13,Melody-ST,GSM5652223_Cortex-Neuron-Z000000TF.hg38,0.7995458707,0.02506673393,1604240
chr14,Melody-ST,GSM5652223_Cortex-Neuron-Z000000TF.hg38,0.8396939802,0.02452740873,1705980
chr15,Melody-ST,GSM5652223_Cortex-Neuron-Z000000TF.hg38,0.8411425632,0.02477621782,1693014
chr16,Melody-ST,GSM5652223_Cortex-Neuron-Z000000TF.hg38,0.8436989076,0.02458962374,2153794
chr17,Melody-ST,GSM5652223_Cortex-Neuron-Z000000TF.hg38,0.8722611649,0.0234329975,2327966
chr18,Melody-ST,GSM5652223_Cortex-Neuron-Z000000TF.hg38,0.8069380908,0.02530111144,1371852
chr19,Melody-ST,GSM5652223_Cortex-Neuron-Z000000TF.hg38,0.8723813814,0.02557884376,2090254
chr2,Melody-ST,GSM5652223_Cortex-Neuron-Z000000TF.hg38,0.8363549603,0.02322969164,4290934
chr20,Melody-ST,GSM5652223_Cortex-Neuron-Z000000TF.hg38,0.8440359552,0.02438045798,1475506
chr21,Melody-ST,GSM5652223_Cortex-Neuron-Z000000TF.hg38,0.7826196013,0.02993607866,769008
chr22,Melody-ST,GSM5652223_Cortex-Neuron-Z000000TF.hg38,0.8370260499,0.02604203757,1168490
chr3,Melody-ST,GSM5652223_Cortex-Neuron-Z000000TF.hg38,0.8343920418,0.02271357575,3254786
chr4,Melody-ST,GSM5652223_Cortex-Neuron-Z000000TF.hg38,0.8079422216,0.02448321353,2926384
chr5,Melody-ST,GSM5652223_Cortex-Neuron-Z000000TF.hg38,0.8325585168,0.02327274431,2967356
chr6,Melody-ST,GSM5652223_Cortex-Neuron-Z000000TF.hg38,0.8416828812,0.02370017022,2958976
chr7,Melody-ST,GSM5652223_Cortex-Neuron-Z000000TF.hg38,0.8297797644,0.0240849978,3103740
chr8,Melody-ST,GSM5652223_Cortex-Neuron-Z000000TF.hg38,0.80772389,0.02559990048,2570482
chr9,Melody-ST,GSM5652223_Cortex-Neuron-Z000000TF.hg38,0.8154507199,0.02773096188,2362650
chrX,Melody-ST,GSM5652223_Cortex-Neuron-Z000000TF.hg38,0.7907698795,0.02737602158,2271578
chr1,Melody-ST,GSM5652233_Liver-Hepatocytes-Z000000R3.hg38,0.8234149897,0.03224716505,4552870
chr10,Melody-ST,GSM5652233_Liver-Hepatocytes-Z000000R3.hg38,0.7801817198,0.03569659376,2697742
chr11,Melody-ST,GSM5652233_Liver-Hepatocytes-Z000000R3.hg38,0.8094662383,0.03345785065,2594250
chr12,Melody-ST,GSM5652233_Liver-Hepatocytes-Z000000R3.hg38,0.8088043068,0.03241005418,2567052
chr13,Melody-ST,GSM5652233_Liver-Hepatocytes-Z000000R3.hg38,0.7695520981,0.03314476858,1607502
chr14,Melody-ST,GSM5652233_Liver-Hepatocytes-Z000000R3.hg38,0.8113979304,0.03223759829,1708740
chr15,Melody-ST,GSM5652233_Liver-Hepatocytes-Z000000R3.hg38,0.8099582219,0.03309257362,1705980
chr16,Melody-ST,GSM5652233_Liver-Hepatocytes-Z000000R3.hg38,0.8126102588,0.03348819012,2165380
chr17,Melody-ST,GSM5652233_Liver-Hepatocytes-Z000000R3.hg38,0.8476265051,0.03124764946,2341504
chr18,Melody-ST,GSM5652233_Liver-Hepatocytes-Z000000R3.hg38,0.7728245198,0.03356758622,1383880
chr19,Melody-ST,GSM5652233_Liver-Hepatocytes-Z000000R3.hg38,0.8423310814,0.0353155973,2094096
chr2,Melody-ST,GSM5652233_Liver-Hepatocytes-Z000000R3.hg38,0.8014807499,0.03178424376,4306244
chr20,Melody-ST,GSM5652233_Liver-Hepatocytes-Z000000R3.hg38,0.8104651638,0.03340880643,1483226
chr21,Melody-ST,GSM5652233_Liver-Hepatocytes-Z000000R3.hg38,0.7698607528,0.03682608871,770058
chr22,Melody-ST,GSM5652233_Liver-Hepatocytes-Z000000R3.hg38,0.8196018061,0.03328777362,1176172
chr3,Melody-ST,GSM5652233_Liver-Hepatocytes-Z000000R3.hg38,0.7978435985,0.03144084053,3264976
chr4,Melody-ST,GSM5652233_Liver-Hepatocytes-Z000000R3.hg38,0.7771437678,0.03246508237,2934588
chr5,Melody-ST,GSM5652233_Liver-Hepatocytes-Z000000R3.hg38,0.7983267449,0.03181573061,2977830
chr6,Melody-ST,GSM5652233_Liver-Hepatocytes-Z000000R3.hg38,0.8076508276,0.03224562597,2962260
chr7,Melody-ST,GSM5652233_Liver-Hepatocytes-Z000000R3.hg38,0.7986157699,0.03240317195,3112824
chr8,Melody-ST,GSM5652233_Liver-Hepatocytes-Z000000R3.hg38,0.7652418951,0.03535647308,2575230
chr9,Melody-ST,GSM5652233_Liver-Hepatocytes-Z000000R3.hg38,0.7826117085,0.03706226076,2384978
chrX,Melody-ST,GSM5652233_Liver-Hepatocytes-Z000000R3.hg38,0.7632746139,0.03521644995,2285558
chr1,Melody-ST,GSM5652239_Pancreas-Duct-Z0000043T.hg38,0.8285503452,0.03387691455,4546900
chr10,Melody-ST,GSM5652239_Pancreas-Duct-Z0000043T.hg38,0.7722011743,0.03998627093,2700524
chr11,Melody-ST,GSM5652239_Pancreas-Duct-Z0000043T.hg38,0.8162267025,0.03556518487,2585596
chr12,Melody-ST,GSM5652239_Pancreas-Duct-Z0000043T.hg38,0.8151551984,0.03346160164,2567698
chr13,Melody-ST,GSM5652239_Pancreas-Duct-Z0000043T.hg38,0.7793664582,0.03482381532,1607492
chr14,Melody-ST,GSM5652239_Pancreas-Duct-Z0000043T.hg38,0.8178976336,0.03366725632,1709200
chr15,Melody-ST,GSM5652239_Pancreas-Duct-Z0000043T.hg38,0.8149241959,0.03502750421,1707146
chr16,Melody-ST,GSM5652239_Pancreas-Duct-Z0000043T.hg38,0.8162373072,0.03443402971,2164996
chr17,Melody-ST,GSM5652239_Pancreas-Duct-Z0000043T.hg38,0.8483583235,0.03341249239,2339966
chr18,Melody-ST,GSM5652239_Pancreas-Duct-Z0000043T.hg38,0.7812998602,0.03536723699,1383298
chr19,Melody-ST,GSM5652239_Pancreas-Duct-Z0000043T.hg38,0.8559186049,0.03371771198,2093884
chr2,Melody-ST,GSM5652239_Pancreas-Duct-Z0000043T.hg38,0.8075512378,0.03388838435,4310098
chr20,Melody-ST,GSM5652239_Pancreas-Duct-Z0000043T.hg38,0.8169607402,0.03457059219,1484162
chr21,Melody-ST,GSM5652239_Pancreas-Duct-Z0000043T.hg38,0.7707558004,0.03839476567,769856
chr22,Melody-ST,GSM5652239_Pancreas-Duct-Z0000043T.hg38,0.8154030294,0.03542859854,1171844
chr3,Melody-ST,GSM5652239_Pancreas-Duct-Z0000043T.hg38,0.8069041129,0.03244403369,3269496
chr4,Melody-ST,GSM5652239_Pancreas-Duct-Z0000043T.hg38,0.7820159161,0.03412358958,2929670
chr5,Melody-ST,GSM5652239_Pancreas-Duct-Z0000043T.hg38,0.8036344092,0.0333753345,2978348
chr6,Melody-ST,GSM5652239_Pancreas-Duct-Z0000043T.hg38,0.8122210891,0.03382247711,2960704
chr7,Melody-ST,GSM5652239_Pancreas-Duct-Z0000043T.hg38,0.8045740181,0.03362570333,3118204
chr8,Melody-ST,GSM5652239_Pancreas-Duct-Z0000043T.hg38,0.7644210481,0.03766187673,2580396
chr9,Melody-ST,GSM5652239_Pancreas-Duct-Z0000043T.hg38,0.7756004444,0.04062140728,2384050
chrX,Melody-ST,GSM5652239_Pancreas-Duct-Z0000043T.hg38,0.6902713217,0.03374730369,2295014
chr1,Melody-ST,GSM5652243_Pancreas-Acinar-Z000000QX.hg38,0.7874174132,0.04616144165,4574060
chr10,Melody-ST,GSM5652243_Pancreas-Acinar-Z000000QX.hg38,0.7444663151,0.05105575596,2710692
chr11,Melody-ST,GSM5652243_Pancreas-Acinar-Z000000QX.hg38,0.7792575343,0.04664481019,2596512
chr12,Melody-ST,GSM5652243_Pancreas-Acinar-Z000000QX.hg38,0.781430881,0.04527222887,2577714
chr13,Melody-ST,GSM5652243_Pancreas-Acinar-Z000000QX.hg38,0.7591902805,0.04521948239,1611360
chr14,Melody-ST,GSM5652243_Pancreas-Acinar-Z000000QX.hg38,0.7853735709,0.04546210868,1713198
chr15,Melody-ST,GSM5652243_Pancreas-Acinar-Z000000QX.hg38,0.7754872389,0.04734093353,1718420
chr16,Melody-ST,GSM5652243_Pancreas-Acinar-Z000000QX.hg38,0.7777279651,0.04589942586,2178720
chr17,Melody-ST,GSM5652243_Pancreas-Acinar-Z000000QX.hg38,0.8033560368,0.04471012964,2354098
chr18,Melody-ST,GSM5652243_Pancreas-Acinar-Z000000QX.hg38,0.7555811929,0.046407723,1391090
chr19,Melody-ST,GSM5652243_Pancreas-Acinar-Z000000QX.hg38,0.7971361023,0.04923048341,2104370
chr2,Melody-ST,GSM5652243_Pancreas-Acinar-Z000000QX.hg38,0.7697698651,0.04763498622,4322160
chr20,Melody-ST,GSM5652243_Pancreas-Acinar-Z000000QX.hg38,0.7821169885,0.04396888297,1490428
chr21,Melody-ST,GSM5652243_Pancreas-Acinar-Z000000QX.hg38,0.7434098316,0.04764219667,775468
chr22,Melody-ST,GSM5652243_Pancreas-Acinar-Z000000QX.hg38,0.7700384974,0.04770967165,1180554
chr3,Melody-ST,GSM5652243_Pancreas-Acinar-Z000000QX.hg38,0.7718850425,0.04612147055,3272370
chr4,Melody-ST,GSM5652243_Pancreas-Acinar-Z000000QX.hg38,0.7595233941,0.04562515742,2939260
chr5,Melody-ST,GSM5652243_Pancreas-Acinar-Z000000QX.hg38,0.7692885362,0.04556122051,2988022
chr6,Melody-ST,GSM5652243_Pancreas-Acinar-Z000000QX.hg38,0.7766263175,0.04644885114,2965546
chr7,Melody-ST,GSM5652243_Pancreas-Acinar-Z000000QX.hg38,0.7654158164,0.04796007945,3123204
chr8,Melody-ST,GSM5652243_Pancreas-Acinar-Z000000QX.hg38,0.7416192616,0.04927840083,2589508
chr9,Melody-ST,GSM5652243_Pancreas-Acinar-Z000000QX.hg38,0.7502075814,0.05114351567,2404972
chrX,Melody-ST,GSM5652243_Pancreas-Acinar-Z000000QX.hg38,0.748908672,0.0476669681,2293398
chr1,Melody-ST,GSM5652247_Pancreas-Delta-Z00000451.hg38,0.8107207118,0.03598579161,4547728
chr10,Melody-ST,GSM5652247_Pancreas-Delta-Z00000451.hg38,0.7704099884,0.0387997199,2697452
chr11,Melody-ST,GSM5652247_Pancreas-Delta-Z00000451.hg38,0.7982650156,0.03759840328,2590440
chr12,Melody-ST,GSM5652247_Pancreas-Delta-Z00000451.hg38,0.7986953343,0.03539513445,2574284
chr13,Melody-ST,GSM5652247_Pancreas-Delta-Z00000451.hg38,0.7606316868,0.03689349919,1607446
chr14,Melody-ST,GSM5652247_Pancreas-Delta-Z00000451.hg38,0.800896973,0.03550301101,1706686
chr15,Melody-ST,GSM5652247_Pancreas-Delta-Z00000451.hg38,0.7993050268,0.03632494328,1704104
chr16,Melody-ST,GSM5652247_Pancreas-Delta-Z00000451.hg38,0.7979901089,0.03643324608,2161628
chr17,Melody-ST,GSM5652247_Pancreas-Delta-Z00000451.hg38,0.8331183377,0.03512194823,2336770
chr18,Melody-ST,GSM5652247_Pancreas-Delta-Z00000451.hg38,0.7584712506,0.03809648571,1375780
chr19,Melody-ST,GSM5652247_Pancreas-Delta-Z00000451.hg38,0.8313132956,0.03698347498,2093578
chr2,Melody-ST,GSM5652247_Pancreas-Delta-Z00000451.hg38,0.7933146767,0.03543040822,4304710
chr20,Melody-ST,GSM5652247_Pancreas-Delta-Z00000451.hg38,0.798303912,0.03684857132,1478510
chr21,Melody-ST,GSM5652247_Pancreas-Delta-Z00000451.hg38,0.7459671363,0.04037255573,766388
chr22,Melody-ST,GSM5652247_Pancreas-Delta-Z00000451.hg38,0.7957421463,0.03764585898,1170258
chr3,Melody-ST,GSM5652247_Pancreas-Delta-Z00000451.hg38,0.7903523382,0.03509165706,3260498
chr4,Melody-ST,GSM5652247_Pancreas-Delta-Z00000451.hg38,0.7686896636,0.03562108838,2928030
chr5,Melody-ST,GSM5652247_Pancreas-Delta-Z00000451.hg38,0.792596325,0.03502686303,2978008
chr6,Melody-ST,GSM5652247_Pancreas-Delta-Z00000451.hg38,0.7953119558,0.0362857243,2959188
chr7,Melody-ST,GSM5652247_Pancreas-Delta-Z00000451.hg38,0.7841656456,0.03648006058,3108382
chr8,Melody-ST,GSM5652247_Pancreas-Delta-Z00000451.hg38,0.7602303915,0.03780780096,2576826
chr9,Melody-ST,GSM5652247_Pancreas-Delta-Z00000451.hg38,0.7731521006,0.03991082496,2379162
chrX,Melody-ST,GSM5652247_Pancreas-Delta-Z00000451.hg38,0.6786130442,0.03442403889,2293452
chr1,Melody-ST,GSM5652250_Pancreas-Beta-Z00000452.hg38,0.8320149011,0.03316945516,4548350
chr10,Melody-ST,GSM5652250_Pancreas-Beta-Z00000452.hg38,0.7683436494,0.03984184989,2698456
chr11,Melody-ST,GSM5652250_Pancreas-Beta-Z00000452.hg38,0.8220623063,0.03414968401,2591902
chr12,Melody-ST,GSM5652250_Pancreas-Beta-Z00000452.hg38,0.8185978262,0.0330902888,2575008
chr13,Melody-ST,GSM5652250_Pancreas-Beta-Z00000452.hg38,0.7820907309,0.03464546476,1607708
chr14,Melody-ST,GSM5652250_Pancreas-Beta-Z00000452.hg38,0.8208797288,0.0327478637,1706636
chr15,Melody-ST,GSM5652250_Pancreas-Beta-Z00000452.hg38,0.8207591604,0.03357477681,1703654
chr16,Melody-ST,GSM5652250_Pancreas-Beta-Z00000452.hg38,0.8229970956,0.03313499723,2161124
chr17,Melody-ST,GSM5652250_Pancreas-Beta-Z00000452.hg38,0.8521813433,0.03240775948,2335712
chr18,Melody-ST,GSM5652250_Pancreas-Beta-Z00000452.hg38,0.7840097976,0.03467560982,1375426
chr19,Melody-ST,GSM5652250_Pancreas-Beta-Z00000452.hg38,0.8573150139,0.03330658211,2094190
chr2,Melody-ST,GSM5652250_Pancreas-Beta-Z00000452.hg38,0.8138313447,0.03294262875,4306108
chr20,Melody-ST,GSM5652250_Pancreas-Beta-Z00000452.hg38,0.8173511841,0.03432203189,1478528
chr21,Melody-ST,GSM5652250_Pancreas-Beta-Z00000452.hg38,0.7706227039,0.03732640062,766154
chr22,Melody-ST,GSM5652250_Pancreas-Beta-Z00000452.hg38,0.8207127306,0.03406549135,1170370
chr3,Melody-ST,GSM5652250_Pancreas-Beta-Z00000452.hg38,0.8090398195,0.03297654077,3261230
chr4,Melody-ST,GSM5652250_Pancreas-Beta-Z00000452.hg38,0.7894225312,0.03350205745,2928364
chr5,Melody-ST,GSM5652250_Pancreas-Beta-Z00000452.hg38,0.8129021412,0.03245473608,2978358
chr6,Melody-ST,GSM5652250_Pancreas-Beta-Z00000452.hg38,0.8182567984,0.03343415146,2959614
chr7,Melody-ST,GSM5652250_Pancreas-Beta-Z00000452.hg38,0.808675241,0.03353609027,3107988
chr8,Melody-ST,GSM5652250_Pancreas-Beta-Z00000452.hg38,0.7612986181,0.03819081561,2577036
chr9,Melody-ST,GSM5652250_Pancreas-Beta-Z00000452.hg38,0.7701019966,0.04102923395,2379752
chrX,Melody-ST,GSM5652250_Pancreas-Beta-Z00000452.hg38,0.7003810454,0.03010742939,2293712
chr1,Melody-ST,GSM5652253_Pancreas-Alpha-Z00000453.hg38,0.8318347552,0.03095146091,4556958
chr10,Melody-ST,GSM5652253_Pancreas-Alpha-Z00000453.hg38,0.7729333704,0.03625749448,2702172
chr11,Melody-ST,GSM5652253_Pancreas-Alpha-Z00000453.hg38,0.8198439006,0.03223404677,2595980
chr12,Melody-ST,GSM5652253_Pancreas-Alpha-Z00000453.hg38,0.8185060742,0.03098450716,2578632
chr13,Melody-ST,GSM5652253_Pancreas-Alpha-Z00000453.hg38,0.7810809913,0.03255056902,1608970
chr14,Melody-ST,GSM5652253_Pancreas-Alpha-Z00000453.hg38,0.8205993135,0.03093501672,1708644
chr15,Melody-ST,GSM5652253_Pancreas-Alpha-Z00000453.hg38,0.8161373419,0.03197006325,1708252
chr16,Melody-ST,GSM5652253_Pancreas-Alpha-Z00000453.hg38,0.8212565766,0.03154100051,2166678
chr17,Melody-ST,GSM5652253_Pancreas-Alpha-Z00000453.hg38,0.8533880825,0.03026281582,2341130
chr18,Melody-ST,GSM5652253_Pancreas-Alpha-Z00000453.hg38,0.7773495494,0.03278849596,1378830
chr19,Melody-ST,GSM5652253_Pancreas-Alpha-Z00000453.hg38,0.8598992623,0.03099634483,2097754
chr2,Melody-ST,GSM5652253_Pancreas-Alpha-Z00000453.hg38,0.812474633,0.03083669204,4312226
chr20,Melody-ST,GSM5652253_Pancreas-Alpha-Z00000453.hg38,0.8180264991,0.03242618565,1480494
chr21,Melody-ST,GSM5652253_Pancreas-Alpha-Z00000453.hg38,0.7682821493,0.0351177713,769492
chr22,Melody-ST,GSM5652253_Pancreas-Alpha-Z00000453.hg38,0.8209166388,0.03243828042,1173414
chr3,Melody-ST,GSM5652253_Pancreas-Alpha-Z00000453.hg38,0.8103150145,0.03048296337,3264128
chr4,Melody-ST,GSM5652253_Pancreas-Alpha-Z00000453.hg38,0.7893149075,0.03121987215,2931856
chr5,Melody-ST,GSM5652253_Pancreas-Alpha-Z00000453.hg38,0.8129883491,0.03029904886,2981748
chr6,Melody-ST,GSM5652253_Pancreas-Alpha-Z00000453.hg38,0.8178811933,0.03137343261,2962194
chr7,Melody-ST,GSM5652253_Pancreas-Alpha-Z00000453.hg38,0.8090841198,0.03136698531,3113860
chr8,Melody-ST,GSM5652253_Pancreas-Alpha-Z00000453.hg38,0.7618937569,0.03617527113,2581262
chr9,Melody-ST,GSM5652253_Pancreas-Alpha-Z00000453.hg38,0.7751093773,0.03831265375,2387042
chrX,Melody-ST,GSM5652253_Pancreas-Alpha-Z00000453.hg38,0.7011598457,0.03104339908,2297920
chr1,Melody-ST,GSM5652264_Thyroid-Epithelial-Z0000042S.hg38,0.838265655,0.03392034955,4541672
chr10,Melody-ST,GSM5652264_Thyroid-Epithelial-Z0000042S.hg38,0.7804750663,0.04040615076,2700316
chr11,Melody-ST,GSM5652264_Thyroid-Epithelial-Z0000042S.hg38,0.8275977451,0.03529701806,2592394
chr12,Melody-ST,GSM5652264_Thyroid-Epithelial-Z0000042S.hg38,0.8280837744,0.03321629857,2573676
chr13,Melody-ST,GSM5652264_Thyroid-Epithelial-Z0000042S.hg38,0.7967068941,0.03299643302,1608090
chr14,Melody-ST,GSM5652264_Thyroid-Epithelial-Z0000042S.hg38,0.8258371686,0.03432888958,1710318
chr15,Melody-ST,GSM5652264_Thyroid-Epithelial-Z0000042S.hg38,0.8260527132,0.03534344074,1704504
chr16,Melody-ST,GSM5652264_Thyroid-Epithelial-Z0000042S.hg38,0.8282828857,0.03500989943,2165570
chr17,Melody-ST,GSM5652264_Thyroid-Epithelial-Z0000042S.hg38,0.8537842036,0.03458650328,2342848
chr18,Melody-ST,GSM5652264_Thyroid-Epithelial-Z0000042S.hg38,0.7935818181,0.03482274408,1379082
chr19,Melody-ST,GSM5652264_Thyroid-Epithelial-Z0000042S.hg38,0.8568598293,0.03660577397,2095662
chr2,Melody-ST,GSM5652264_Thyroid-Epithelial-Z0000042S.hg38,0.8201696995,0.03351966573,4308684
chr20,Melody-ST,GSM5652264_Thyroid-Epithelial-Z0000042S.hg38,0.8242444774,0.03554672259,1477280
chr21,Melody-ST,GSM5652264_Thyroid-Epithelial-Z0000042S.hg38,0.7823909216,0.03746158073,767424
chr22,Melody-ST,GSM5652264_Thyroid-Epithelial-Z0000042S.hg38,0.8191296305,0.03732350832,1177064
chr3,Melody-ST,GSM5652264_Thyroid-Epithelial-Z0000042S.hg38,0.815197133,0.03313629618,3262616
chr4,Melody-ST,GSM5652264_Thyroid-Epithelial-Z0000042S.hg38,0.8001039014,0.03299057985,2931678
chr5,Melody-ST,GSM5652264_Thyroid-Epithelial-Z0000042S.hg38,0.8196114696,0.03271046964,2980646
chr6,Melody-ST,GSM5652264_Thyroid-Epithelial-Z0000042S.hg38,0.8258277322,0.03334760692,2959596
chr7,Melody-ST,GSM5652264_Thyroid-Epithelial-Z0000042S.hg38,0.8159600955,0.03389807692,3113826
chr8,Melody-ST,GSM5652264_Thyroid-Epithelial-Z0000042S.hg38,0.7708628957,0.03911037296,2577186
chr9,Melody-ST,GSM5652264_Thyroid-Epithelial-Z0000042S.hg38,0.7842798733,0.04161900886,2382880
chrX,Melody-ST,GSM5652264_Thyroid-Epithelial-Z0000042S.hg38,0.7073278914,0.03037961039,2294610
chr1,Melody-ST,GSM5652267_Fallopian-Epithelial-Z000000Q7.hg38,0.8435259829,0.0322551055,4561832
chr10,Melody-ST,GSM5652267_Fallopian-Epithelial-Z000000Q7.hg38,0.7870962314,0.03916129449,2702694
chr11,Melody-ST,GSM5652267_Fallopian-Epithelial-Z000000Q7.hg38,0.8336681987,0.03390638544,2591906
chr12,Melody-ST,GSM5652267_Fallopian-Epithelial-Z000000Q7.hg38,0.8330564408,0.03199686088,2570246
chr13,Melody-ST,GSM5652267_Fallopian-Epithelial-Z000000Q7.hg38,0.7975530974,0.03309346953,1609336
chr14,Melody-ST,GSM5652267_Fallopian-Epithelial-Z000000Q7.hg38,0.8321888148,0.03264973005,1710338
chr15,Melody-ST,GSM5652267_Fallopian-Epithelial-Z000000Q7.hg38,0.8341102603,0.03280303361,1711068
chr16,Melody-ST,GSM5652267_Fallopian-Epithelial-Z000000Q7.hg38,0.8317684075,0.03317832586,2168630
chr17,Melody-ST,GSM5652267_Fallopian-Epithelial-Z000000Q7.hg38,0.862538014,0.03154833934,2346840
chr18,Melody-ST,GSM5652267_Fallopian-Epithelial-Z000000Q7.hg38,0.7997262675,0.03417285838,1386836
chr19,Melody-ST,GSM5652267_Fallopian-Epithelial-Z000000Q7.hg38,0.8654650538,0.03262824519,2096898
chr2,Melody-ST,GSM5652267_Fallopian-Epithelial-Z000000Q7.hg38,0.8250185126,0.03210467246,4313956
chr20,Melody-ST,GSM5652267_Fallopian-Epithelial-Z000000Q7.hg38,0.8344049746,0.03354469579,1482040
chr21,Melody-ST,GSM5652267_Fallopian-Epithelial-Z000000Q7.hg38,0.7902302087,0.037509175,772696
chr22,Melody-ST,GSM5652267_Fallopian-Epithelial-Z000000Q7.hg38,0.8338064636,0.03418820355,1175670
chr3,Melody-ST,GSM5652267_Fallopian-Epithelial-Z000000Q7.hg38,0.8223910364,0.03181520697,3266690
chr4,Melody-ST,GSM5652267_Fallopian-Epithelial-Z000000Q7.hg38,0.8030095228,0.03300079821,2934762
chr5,Melody-ST,GSM5652267_Fallopian-Epithelial-Z000000Q7.hg38,0.8196367177,0.03206917655,2983818
chr6,Melody-ST,GSM5652267_Fallopian-Epithelial-Z000000Q7.hg38,0.8309689147,0.03219382263,2963468
chr7,Melody-ST,GSM5652267_Fallopian-Epithelial-Z000000Q7.hg38,0.8211295694,0.03219696623,3116580
chr8,Melody-ST,GSM5652267_Fallopian-Epithelial-Z000000Q7.hg38,0.779486807,0.03803827648,2582250
chr9,Melody-ST,GSM5652267_Fallopian-Epithelial-Z000000Q7.hg38,0.7922435108,0.03990536238,2390628
chrX,Melody-ST,GSM5652267_Fallopian-Epithelial-Z000000Q7.hg38,0.6884878365,0.03566179021,2298540
chr1,Melody-ST,GSM5652270_Ovary-Epithelial-Z000000QT.hg38,0.8239354398,0.04138784589,4536008
chr10,Melody-ST,GSM5652270_Ovary-Epithelial-Z000000QT.hg38,0.7107581052,0.05901937783,2691640
chr11,Melody-ST,GSM5652270_Ovary-Epithelial-Z000000QT.hg38,0.8176813719,0.04329147949,2580372
chr12,Melody-ST,GSM5652270_Ovary-Epithelial-Z000000QT.hg38,0.8097467122,0.0425320022,2568720
chr13,Melody-ST,GSM5652270_Ovary-Epithelial-Z000000QT.hg38,0.778818794,0.04532810187,1604660
chr14,Melody-ST,GSM5652270_Ovary-Epithelial-Z000000QT.hg38,0.8164600352,0.04167339321,1703512
chr15,Melody-ST,GSM5652270_Ovary-Epithelial-Z000000QT.hg38,0.81925734,0.0407125659,1697050
chr16,Melody-ST,GSM5652270_Ovary-Epithelial-Z000000QT.hg38,0.8270151087,0.04004398525,2154920
chr17,Melody-ST,GSM5652270_Ovary-Epithelial-Z000000QT.hg38,0.8529680115,0.03736087352,2324028
chr18,Melody-ST,GSM5652270_Ovary-Epithelial-Z000000QT.hg38,0.7800441116,0.04546577598,1376176
chr19,Melody-ST,GSM5652270_Ovary-Epithelial-Z000000QT.hg38,0.8565406303,0.03847593314,2083902
chr2,Melody-ST,GSM5652270_Ovary-Epithelial-Z000000QT.hg38,0.7974671801,0.04351598537,4293752
chr20,Melody-ST,GSM5652270_Ovary-Epithelial-Z000000QT.hg38,0.8179996894,0.04211041233,1477552
chr21,Melody-ST,GSM5652270_Ovary-Epithelial-Z000000QT.hg38,0.7913412713,0.04537438314,764162
chr22,Melody-ST,GSM5652270_Ovary-Epithelial-Z000000QT.hg38,0.8346944403,0.03935665921,1166742
chr3,Melody-ST,GSM5652270_Ovary-Epithelial-Z000000QT.hg38,0.7940938287,0.0433435512,3257768
chr4,Melody-ST,GSM5652270_Ovary-Epithelial-Z000000QT.hg38,0.7711954793,0.04689959014,2923528
chr5,Melody-ST,GSM5652270_Ovary-Epithelial-Z000000QT.hg38,0.7962323098,0.04376024779,2967782
chr6,Melody-ST,GSM5652270_Ovary-Epithelial-Z000000QT.hg38,0.8050407686,0.04312209827,2954510
chr7,Melody-ST,GSM5652270_Ovary-Epithelial-Z000000QT.hg38,0.804506127,0.0418424424,3099264
chr8,Melody-ST,GSM5652270_Ovary-Epithelial-Z000000QT.hg38,0.6858091909,0.06170465761,2570700
chr9,Melody-ST,GSM5652270_Ovary-Epithelial-Z000000QT.hg38,0.7203697674,0.06033693879,2366580
chrX,Melody-ST,GSM5652270_Ovary-Epithelial-Z000000QT.hg38,0.6813964994,0.04297910926,2288202
chr1,Melody-ST,GSM5652274_Bone_marrow-Erythrocyte_progenitors-Z000000RF.hg38,0.8481643235,0.02017337727,4560452
chr10,Melody-ST,GSM5652274_Bone_marrow-Erythrocyte_progenitors-Z000000RF.hg38,0.7825587063,0.02426835766,2706970
chr11,Melody-ST,GSM5652274_Bone_marrow-Erythrocyte_progenitors-Z000000RF.hg38,0.8427154517,0.01985406594,2598218
chr12,Melody-ST,GSM5652274_Bone_marrow-Erythrocyte_progenitors-Z000000RF.hg38,0.8417959625,0.01980111132,2574848
chr13,Melody-ST,GSM5652274_Bone_marrow-Erythrocyte_progenitors-Z000000RF.hg38,0.8182505662,0.01874556034,1609870
chr14,Melody-ST,GSM5652274_Bone_marrow-Erythrocyte_progenitors-Z000000RF.hg38,0.8500563039,0.01879680068,1713276
chr15,Melody-ST,GSM5652274_Bone_marrow-Erythrocyte_progenitors-Z000000RF.hg38,0.8404533486,0.02070158016,1713832
chr16,Melody-ST,GSM5652274_Bone_marrow-Erythrocyte_progenitors-Z000000RF.hg38,0.8519143608,0.01985202035,2175574
chr17,Melody-ST,GSM5652274_Bone_marrow-Erythrocyte_progenitors-Z000000RF.hg38,0.8685491528,0.02025929091,2351420
chr18,Melody-ST,GSM5652274_Bone_marrow-Erythrocyte_progenitors-Z000000RF.hg38,0.805618972,0.02059612202,1374206
chr19,Melody-ST,GSM5652274_Bone_marrow-Erythrocyte_progenitors-Z000000RF.hg38,0.8781309801,0.02083439078,2101696
chr2,Melody-ST,GSM5652274_Bone_marrow-Erythrocyte_progenitors-Z000000RF.hg38,0.8342759247,0.0190328073,4317226
chr20,Melody-ST,GSM5652274_Bone_marrow-Erythrocyte_progenitors-Z000000RF.hg38,0.8483175803,0.01911555044,1488364
chr21,Melody-ST,GSM5652274_Bone_marrow-Erythrocyte_progenitors-Z000000RF.hg38,0.816453404,0.02178704732,775558
chr22,Melody-ST,GSM5652274_Bone_marrow-Erythrocyte_progenitors-Z000000RF.hg38,0.8491610298,0.02103636632,1179216
chr3,Melody-ST,GSM5652274_Bone_marrow-Erythrocyte_progenitors-Z000000RF.hg38,0.8333082739,0.01876774538,3273120
chr4,Melody-ST,GSM5652274_Bone_marrow-Erythrocyte_progenitors-Z000000RF.hg38,0.8162976922,0.01861659826,2938540
chr5,Melody-ST,GSM5652274_Bone_marrow-Erythrocyte_progenitors-Z000000RF.hg38,0.8327238874,0.01853193136,2984690
chr6,Melody-ST,GSM5652274_Bone_marrow-Erythrocyte_progenitors-Z000000RF.hg38,0.836774578,0.01929279117,2968472
chr7,Melody-ST,GSM5652274_Bone_marrow-Erythrocyte_progenitors-Z000000RF.hg38,0.8310094839,0.01984495638,3123584
chr8,Melody-ST,GSM5652274_Bone_marrow-Erythrocyte_progenitors-Z000000RF.hg38,0.7733299526,0.02378674803,2583594
chr9,Melody-ST,GSM5652274_Bone_marrow-Erythrocyte_progenitors-Z000000RF.hg38,0.7762454367,0.02706615808,2396514
chrX,Melody-ST,GSM5652274_Bone_marrow-Erythrocyte_progenitors-Z000000RF.hg38,0.7932119405,0.02236174592,2292640
chr1,Melody-ST,GSM5652277_Blood-T-CD3-Z000000TV.hg38,0.8598056284,0.02576121249,4554274
chr10,Melody-ST,GSM5652277_Blood-T-CD3-Z000000TV.hg38,0.791645668,0.03266315206,2705064
chr11,Melody-ST,GSM5652277_Blood-T-CD3-Z000000TV.hg38,0.8523871846,0.02629283269,2592166
chr12,Melody-ST,GSM5652277_Blood-T-CD3-Z000000TV.hg38,0.8502349528,0.02588181496,2573768
chr13,Melody-ST,GSM5652277_Blood-T-CD3-Z000000TV.hg38,0.8216226281,0.0263970591,1608272
chr14,Melody-ST,GSM5652277_Blood-T-CD3-Z000000TV.hg38,0.8533638067,0.02569869612,1710298
chr15,Melody-ST,GSM5652277_Blood-T-CD3-Z000000TV.hg38,0.8538692869,0.02551757113,1712184
chr16,Melody-ST,GSM5652277_Blood-T-CD3-Z000000TV.hg38,0.8639264542,0.02410676219,2169260
chr17,Melody-ST,GSM5652277_Blood-T-CD3-Z000000TV.hg38,0.8784763375,0.02494722354,2343714
chr18,Melody-ST,GSM5652277_Blood-T-CD3-Z000000TV.hg38,0.8201163183,0.02669230223,1385590
chr19,Melody-ST,GSM5652277_Blood-T-CD3-Z000000TV.hg38,0.8934387893,0.02423025155,2096192
chr2,Melody-ST,GSM5652277_Blood-T-CD3-Z000000TV.hg38,0.8421439903,0.02591248735,4309884
chr20,Melody-ST,GSM5652277_Blood-T-CD3-Z000000TV.hg38,0.854935295,0.02549625905,1482158
chr21,Melody-ST,GSM5652277_Blood-T-CD3-Z000000TV.hg38,0.8222752217,0.0277222182,769412
chr22,Melody-ST,GSM5652277_Blood-T-CD3-Z000000TV.hg38,0.8566304386,0.02521678225,1175828
chr3,Melody-ST,GSM5652277_Blood-T-CD3-Z000000TV.hg38,0.8376144056,0.02594556803,3271982
chr4,Melody-ST,GSM5652277_Blood-T-CD3-Z000000TV.hg38,0.822736588,0.02623759958,2936206
chr5,Melody-ST,GSM5652277_Blood-T-CD3-Z000000TV.hg38,0.8369712888,0.02611381092,2981596
chr6,Melody-ST,GSM5652277_Blood-T-CD3-Z000000TV.hg38,0.8469124674,0.02626789062,2966292
chr7,Melody-ST,GSM5652277_Blood-T-CD3-Z000000TV.hg38,0.8441984546,0.02497481148,3118998
chr8,Melody-ST,GSM5652277_Blood-T-CD3-Z000000TV.hg38,0.7878925775,0.03197671204,2580232
chr9,Melody-ST,GSM5652277_Blood-T-CD3-Z000000TV.hg38,0.7919280963,0.03394589403,2383830
chrX,Melody-ST,GSM5652277_Blood-T-CD3-Z000000TV.hg38,0.7868445276,0.02130727554,2298390
chr1,Melody-ST,GSM5652299_Blood-NK-Z000000TM.hg38,0.8683379307,0.02387716101,4555046
chr10,Melody-ST,GSM5652299_Blood-NK-Z000000TM.hg38,0.7892266668,0.03212076116,2704646
chr11,Melody-ST,GSM5652299_Blood-NK-Z000000TM.hg38,0.8567821143,0.02516006323,2592096
chr12,Melody-ST,GSM5652299_Blood-NK-Z000000TM.hg38,0.8556089326,0.02416495011,2573060
chr13,Melody-ST,GSM5652299_Blood-NK-Z000000TM.hg38,0.8188402978,0.02475163035,1608406
chr14,Melody-ST,GSM5652299_Blood-NK-Z000000TM.hg38,0.8599667848,0.02388790351,1711328
chr15,Melody-ST,GSM5652299_Blood-NK-Z000000TM.hg38,0.8622125511,0.02404888019,1712122
chr16,Melody-ST,GSM5652299_Blood-NK-Z000000TM.hg38,0.8643321921,0.02389562614,2169508
chr17,Melody-ST,GSM5652299_Blood-NK-Z000000TM.hg38,0.884645989,0.02429653472,2345156
chr18,Melody-ST,GSM5652299_Blood-NK-Z000000TM.hg38,0.8209240884,0.02514559539,1384586
chr19,Melody-ST,GSM5652299_Blood-NK-Z000000TM.hg38,0.8981909324,0.02404449447,2096688
chr2,Melody-ST,GSM5652299_Blood-NK-Z000000TM.hg38,0.8480429299,0.0238375295,4310286
chr20,Melody-ST,GSM5652299_Blood-NK-Z000000TM.hg38,0.8589866663,0.02488317508,1482540
chr21,Melody-ST,GSM5652299_Blood-NK-Z000000TM.hg38,0.8203143027,0.02728747733,769988
chr22,Melody-ST,GSM5652299_Blood-NK-Z000000TM.hg38,0.8622754613,0.02482275153,1176356
chr3,Melody-ST,GSM5652299_Blood-NK-Z000000TM.hg38,0.843380633,0.02338508482,3271996
chr4,Melody-ST,GSM5652299_Blood-NK-Z000000TM.hg38,0.8199638057,0.02446293894,2936394
chr5,Melody-ST,GSM5652299_Blood-NK-Z000000TM.hg38,0.841517621,0.02403336542,2981128
chr6,Melody-ST,GSM5652299_Blood-NK-Z000000TM.hg38,0.8546879627,0.02383803387,2966314
chr7,Melody-ST,GSM5652299_Blood-NK-Z000000TM.hg38,0.847044501,0.02374729655,3119232
chr8,Melody-ST,GSM5652299_Blood-NK-Z000000TM.hg38,0.7814933584,0.03103337373,2580500
chr9,Melody-ST,GSM5652299_Blood-NK-Z000000TM.hg38,0.7926336623,0.03346936348,2384104
chrX,Melody-ST,GSM5652299_Blood-NK-Z000000TM.hg38,0.7304757932,0.02366187078,2298132
chr1,Melody-ST,GSM5652302_Blood-Monocytes-Z000000TP.hg38,0.8426057311,0.03091959823,4540296
chr10,Melody-ST,GSM5652302_Blood-Monocytes-Z000000TP.hg38,0.7865575642,0.03591988442,2697222
chr11,Melody-ST,GSM5652302_Blood-Monocytes-Z000000TP.hg38,0.8314627447,0.03158108207,2584336
chr12,Melody-ST,GSM5652302_Blood-Monocytes-Z000000TP.hg38,0.8293364594,0.031051289,2566438
chr13,Melody-ST,GSM5652302_Blood-Monocytes-Z000000TP.hg38,0.789201205,0.03094012767,1605798
chr14,Melody-ST,GSM5652302_Blood-Monocytes-Z000000TP.hg38,0.8352250161,0.03005478137,1707716
chr15,Melody-ST,GSM5652302_Blood-Monocytes-Z000000TP.hg38,0.8342536185,0.03135023208,1704400
chr16,Melody-ST,GSM5652302_Blood-Monocytes-Z000000TP.hg38,0.8335626393,0.03132451556,2160118
chr17,Melody-ST,GSM5652302_Blood-Monocytes-Z000000TP.hg38,0.8606773991,0.03144486203,2335038
chr18,Melody-ST,GSM5652302_Blood-Monocytes-Z000000TP.hg38,0.7959304865,0.03133559631,1377736
chr19,Melody-ST,GSM5652302_Blood-Monocytes-Z000000TP.hg38,0.8664603128,0.03238719721,2089630
chr2,Melody-ST,GSM5652302_Blood-Monocytes-Z000000TP.hg38,0.8233896948,0.03021944001,4299096
chr20,Melody-ST,GSM5652302_Blood-Monocytes-Z000000TP.hg38,0.8337072606,0.03174751083,1478392
chr21,Melody-ST,GSM5652302_Blood-Monocytes-Z000000TP.hg38,0.7892695066,0.03473660743,765690
chr22,Melody-ST,GSM5652302_Blood-Monocytes-Z000000TP.hg38,0.8316867261,0.03253514068,1171500
chr3,Melody-ST,GSM5652302_Blood-Monocytes-Z000000TP.hg38,0.8195386173,0.02959555866,3265190
chr4,Melody-ST,GSM5652302_Blood-Monocytes-Z000000TP.hg38,0.7927067705,0.03049603378,2930442
chr5,Melody-ST,GSM5652302_Blood-Monocytes-Z000000TP.hg38,0.8160655711,0.03046216495,2973812
chr6,Melody-ST,GSM5652302_Blood-Monocytes-Z000000TP.hg38,0.8262927453,0.0307565617,2961266
chr7,Melody-ST,GSM5652302_Blood-Monocytes-Z000000TP.hg38,0.8176073269,0.03059806597,3107290
chr8,Melody-ST,GSM5652302_Blood-Monocytes-Z000000TP.hg38,0.7820925443,0.03437338676,2574224
chr9,Melody-ST,GSM5652302_Blood-Monocytes-Z000000TP.hg38,0.7903239184,0.03712819844,2371394
chrX,Melody-ST,GSM5652302_Blood-Monocytes-Z000000TP.hg38,0.6991319619,0.02954275941,2291620
chr1,Melody-ST,GSM5652313_Blood-Granulocytes-Z000000TZ.hg38,0.8335291753,0.03303049102,4547534
chr10,Melody-ST,GSM5652313_Blood-Granulocytes-Z000000TZ.hg38,0.7833778638,0.03757169832,2701700
chr11,Melody-ST,GSM5652313_Blood-Granulocytes-Z000000TZ.hg38,0.8172947088,0.03444493045,2588048
chr12,Melody-ST,GSM5652313_Blood-Granulocytes-Z000000TZ.hg38,0.8205904554,0.03285035937,2570148
chr13,Melody-ST,GSM5652313_Blood-Granulocytes-Z000000TZ.hg38,0.7797428436,0.0320672513,1607068
chr14,Melody-ST,GSM5652313_Blood-Granulocytes-Z000000TZ.hg38,0.8254043484,0.03205129314,1709060
chr15,Melody-ST,GSM5652313_Blood-Granulocytes-Z000000TZ.hg38,0.8250672932,0.03355232775,1707932
chr16,Melody-ST,GSM5652313_Blood-Granulocytes-Z000000TZ.hg38,0.8204577036,0.03479952303,2165164
chr17,Melody-ST,GSM5652313_Blood-Granulocytes-Z000000TZ.hg38,0.8469010746,0.03514523223,2339516
chr18,Melody-ST,GSM5652313_Blood-Granulocytes-Z000000TZ.hg38,0.781969686,0.03357360503,1382434
chr19,Melody-ST,GSM5652313_Blood-Granulocytes-Z000000TZ.hg38,0.8487726846,0.03706821706,2092578
chr2,Melody-ST,GSM5652313_Blood-Granulocytes-Z000000TZ.hg38,0.8136912461,0.03210675406,4304482
chr20,Melody-ST,GSM5652313_Blood-Granulocytes-Z000000TZ.hg38,0.8195372408,0.03528913758,1480274
chr21,Melody-ST,GSM5652313_Blood-Granulocytes-Z000000TZ.hg38,0.773842395,0.03754871982,767542
chr22,Melody-ST,GSM5652313_Blood-Granulocytes-Z000000TZ.hg38,0.8158990499,0.03663252583,1173254
chr3,Melody-ST,GSM5652313_Blood-Granulocytes-Z000000TZ.hg38,0.8120651281,0.03064069237,3268946
chr4,Melody-ST,GSM5652313_Blood-Granulocytes-Z000000TZ.hg38,0.7841719289,0.03114235774,2934176
chr5,Melody-ST,GSM5652313_Blood-Granulocytes-Z000000TZ.hg38,0.8076020043,0.03168546913,2977298
chr6,Melody-ST,GSM5652313_Blood-Granulocytes-Z000000TZ.hg38,0.8156411643,0.03238531707,2964340
chr7,Melody-ST,GSM5652313_Blood-Granulocytes-Z000000TZ.hg38,0.8090564414,0.03242975451,3113216
chr8,Melody-ST,GSM5652313_Blood-Granulocytes-Z000000TZ.hg38,0.7790904134,0.03538211673,2576798
chr9,Melody-ST,GSM5652313_Blood-Granulocytes-Z000000TZ.hg38,0.7892163906,0.03807178567,2378016
chrX,Melody-ST,GSM5652313_Blood-Granulocytes-Z000000TZ.hg38,0.6852265801,0.0313822799,2295036
chr1,Melody-ST,GSM5652317_Blood-B-Z000000UB.hg38,0.8107011941,0.03428763607,4550568
chr10,Melody-ST,GSM5652317_Blood-B-Z000000UB.hg38,0.7641723046,0.03750519436,2699202
chr11,Melody-ST,GSM5652317_Blood-B-Z000000UB.hg38,0.7952683959,0.03601843873,2589162
chr12,Melody-ST,GSM5652317_Blood-B-Z000000UB.hg38,0.8010686288,0.03365653416,2568132
chr13,Melody-ST,GSM5652317_Blood-B-Z000000UB.hg38,0.7634078564,0.0327242677,1607880
chr14,Melody-ST,GSM5652317_Blood-B-Z000000UB.hg38,0.800993863,0.03389764329,1707612
chr15,Melody-ST,GSM5652317_Blood-B-Z000000UB.hg38,0.803052119,0.03457980525,1702928
chr16,Melody-ST,GSM5652317_Blood-B-Z000000UB.hg38,0.7966458617,0.03659595236,2164354
chr17,Melody-ST,GSM5652317_Blood-B-Z000000UB.hg38,0.8270448492,0.03641717346,2339904
chr18,Melody-ST,GSM5652317_Blood-B-Z000000UB.hg38,0.7596656134,0.03491608314,1380376
chr19,Melody-ST,GSM5652317_Blood-B-Z000000UB.hg38,0.8255166211,0.04022743505,2092988
chr2,Melody-ST,GSM5652317_Blood-B-Z000000UB.hg38,0.7903109329,0.03320509228,4309204
chr20,Melody-ST,GSM5652317_Blood-B-Z000000UB.hg38,0.7973860166,0.03589380529,1482898
chr21,Melody-ST,GSM5652317_Blood-B-Z000000UB.hg38,0.7413242228,0.04010939775,768306
chr22,Melody-ST,GSM5652317_Blood-B-Z000000UB.hg38,0.7942943794,0.03822459557,1175518
chr3,Melody-ST,GSM5652317_Blood-B-Z000000UB.hg38,0.7927260728,0.03151005653,3267254
chr4,Melody-ST,GSM5652317_Blood-B-Z000000UB.hg38,0.7691100469,0.03221154242,2930090
chr5,Melody-ST,GSM5652317_Blood-B-Z000000UB.hg38,0.786912258,0.03246550444,2976924
chr6,Melody-ST,GSM5652317_Blood-B-Z000000UB.hg38,0.7966934783,0.0333914289,2960812
chr7,Melody-ST,GSM5652317_Blood-B-Z000000UB.hg38,0.7818544381,0.03448439332,3114950
chr8,Melody-ST,GSM5652317_Blood-B-Z000000UB.hg38,0.760510389,0.035907603,2580036
chr9,Melody-ST,GSM5652317_Blood-B-Z000000UB.hg38,0.7687110633,0.03858704106,2388722
chrX,Melody-ST,GSM5652317_Blood-B-Z000000UB.hg38,0.7569474035,0.03484381195,2280208
chr1,Melody-ST,GSM5652321_Epidermal-Keratinocytes-Z00000424.hg38,0.8356181447,0.03432612473,4551842
chr10,Melody-ST,GSM5652321_Epidermal-Keratinocytes-Z00000424.hg38,0.7750223489,0.04096436011,2696056
chr11,Melody-ST,GSM5652321_Epidermal-Keratinocytes-Z00000424.hg38,0.825588936,0.03563502658,2583446
chr12,Melody-ST,GSM5652321_Epidermal-Keratinocytes-Z00000424.hg38,0.8194609473,0.03463820733,2569732
chr13,Melody-ST,GSM5652321_Epidermal-Keratinocytes-Z00000424.hg38,0.7859618218,0.03506734477,1606924
chr14,Melody-ST,GSM5652321_Epidermal-Keratinocytes-Z00000424.hg38,0.8245767418,0.03419275448,1709652
chr15,Melody-ST,GSM5652321_Epidermal-Keratinocytes-Z00000424.hg38,0.8212580946,0.03584927361,1703224
chr16,Melody-ST,GSM5652321_Epidermal-Keratinocytes-Z00000424.hg38,0.8233552578,0.03584680834,2167026
chr17,Melody-ST,GSM5652321_Epidermal-Keratinocytes-Z00000424.hg38,0.8533059543,0.03423518918,2339080
chr18,Melody-ST,GSM5652321_Epidermal-Keratinocytes-Z00000424.hg38,0.7880028594,0.03599075496,1383848
chr19,Melody-ST,GSM5652321_Epidermal-Keratinocytes-Z00000424.hg38,0.8626020138,0.0342254551,2093828
chr2,Melody-ST,GSM5652321_Epidermal-Keratinocytes-Z00000424.hg38,0.8116770297,0.03507472123,4305380
chr20,Melody-ST,GSM5652321_Epidermal-Keratinocytes-Z00000424.hg38,0.8276878897,0.03539669729,1479394
chr21,Melody-ST,GSM5652321_Epidermal-Keratinocytes-Z00000424.hg38,0.7906722951,0.03822176354,770402
chr22,Melody-ST,GSM5652321_Epidermal-Keratinocytes-Z00000424.hg38,0.8293585118,0.03566634757,1176070
chr3,Melody-ST,GSM5652321_Epidermal-Keratinocytes-Z00000424.hg38,0.8147180021,0.03316501208,3268984
chr4,Melody-ST,GSM5652321_Epidermal-Keratinocytes-Z00000424.hg38,0.7904157168,0.03477408537,2935814
chr5,Melody-ST,GSM5652321_Epidermal-Keratinocytes-Z00000424.hg38,0.8066917758,0.03454117768,2975618
chr6,Melody-ST,GSM5652321_Epidermal-Keratinocytes-Z00000424.hg38,0.8190121672,0.03480965482,2958726
chr7,Melody-ST,GSM5652321_Epidermal-Keratinocytes-Z00000424.hg38,0.809843765,0.03446585154,3110414
chr8,Melody-ST,GSM5652321_Epidermal-Keratinocytes-Z00000424.hg38,0.7722017128,0.03942476268,2576948
chr9,Melody-ST,GSM5652321_Epidermal-Keratinocytes-Z00000424.hg38,0.7791000348,0.04238096816,2389810
chrX,Melody-ST,GSM5652321_Epidermal-Keratinocytes-Z00000424.hg38,0.7846740119,0.03572943971,2280020
chr1,Melody-ST,GSM5652322_Tonsil-Palatine-Epithelial-Z000000QF.hg38,0.8310112444,0.03763432261,4550332
chr10,Melody-ST,GSM5652322_Tonsil-Palatine-Epithelial-Z000000QF.hg38,0.7780117261,0.04386039449,2696414
chr11,Melody-ST,GSM5652322_Tonsil-Palatine-Epithelial-Z000000QF.hg38,0.8215180622,0.03832400507,2584090
chr12,Melody-ST,GSM5652322_Tonsil-Palatine-Epithelial-Z000000QF.hg38,0.8176865325,0.03849648818,2566924
chr13,Melody-ST,GSM5652322_Tonsil-Palatine-Epithelial-Z000000QF.hg38,0.791447139,0.03843374488,1607794
chr14,Melody-ST,GSM5652322_Tonsil-Palatine-Epithelial-Z000000QF.hg38,0.821925403,0.03740711218,1709354
chr15,Melody-ST,GSM5652322_Tonsil-Palatine-Epithelial-Z000000QF.hg38,0.8208464891,0.03880161804,1704086
chr16,Melody-ST,GSM5652322_Tonsil-Palatine-Epithelial-Z000000QF.hg38,0.8219286729,0.03831431345,2164360
chr17,Melody-ST,GSM5652322_Tonsil-Palatine-Epithelial-Z000000QF.hg38,0.8479635438,0.03670354392,2338858
chr18,Melody-ST,GSM5652322_Tonsil-Palatine-Epithelial-Z000000QF.hg38,0.793574815,0.04027379718,1380568
chr19,Melody-ST,GSM5652322_Tonsil-Palatine-Epithelial-Z000000QF.hg38,0.8482544377,0.03830180882,2094170
chr2,Melody-ST,GSM5652322_Tonsil-Palatine-Epithelial-Z000000QF.hg38,0.8094131076,0.03922499736,4307352
chr20,Melody-ST,GSM5652322_Tonsil-Palatine-Epithelial-Z000000QF.hg38,0.820806655,0.03817030068,1481046
chr21,Melody-ST,GSM5652322_Tonsil-Palatine-Epithelial-Z000000QF.hg38,0.78524641,0.04322904707,772008
chr22,Melody-ST,GSM5652322_Tonsil-Palatine-Epithelial-Z000000QF.hg38,0.8246010994,0.03852940898,1173042
chr3,Melody-ST,GSM5652322_Tonsil-Palatine-Epithelial-Z000000QF.hg38,0.8100560697,0.03864625545,3268482
chr4,Melody-ST,GSM5652322_Tonsil-Palatine-Epithelial-Z000000QF.hg38,0.7936773548,0.03935936184,2930066
chr5,Melody-ST,GSM5652322_Tonsil-Palatine-Epithelial-Z000000QF.hg38,0.8069378152,0.03830160381,2976954
chr6,Melody-ST,GSM5652322_Tonsil-Palatine-Epithelial-Z000000QF.hg38,0.8142247122,0.03958293747,2959320
chr7,Melody-ST,GSM5652322_Tonsil-Palatine-Epithelial-Z000000QF.hg38,0.8078324752,0.03865259329,3108134
chr8,Melody-ST,GSM5652322_Tonsil-Palatine-Epithelial-Z000000QF.hg38,0.7757968213,0.0436493521,2580630
chr9,Melody-ST,GSM5652322_Tonsil-Palatine-Epithelial-Z000000QF.hg38,0.7782421052,0.04636702728,2384762
chrX,Melody-ST,GSM5652322_Tonsil-Palatine-Epithelial-Z000000QF.hg38,0.782626175,0.04146235253,2283912
chr1,Melody-ST,GSM5652335_Lung-Bronchus-Epithelial-Z000000QD.hg38,0.8194732769,0.03913733024,4556970
chr10,Melody-ST,GSM5652335_Lung-Bronchus-Epithelial-Z000000QD.hg38,0.7737068385,0.0436652874,2698826
chr11,Melody-ST,GSM5652335_Lung-Bronchus-Epithelial-Z000000QD.hg38,0.8066158776,0.04095490513,2590194
chr12,Melody-ST,GSM5652335_Lung-Bronchus-Epithelial-Z000000QD.hg38,0.8070243242,0.03910040629,2575894
chr13,Melody-ST,GSM5652335_Lung-Bronchus-Epithelial-Z000000QD.hg38,0.7733332322,0.03924757986,1608040
chr14,Melody-ST,GSM5652335_Lung-Bronchus-Epithelial-Z000000QD.hg38,0.8081578372,0.03878787378,1707738
chr15,Melody-ST,GSM5652335_Lung-Bronchus-Epithelial-Z000000QD.hg38,0.8125319834,0.03951099652,1709422
chr16,Melody-ST,GSM5652335_Lung-Bronchus-Epithelial-Z000000QD.hg38,0.8026060119,0.04193938203,2169034
chr17,Melody-ST,GSM5652335_Lung-Bronchus-Epithelial-Z000000QD.hg38,0.8350195441,0.03988176103,2348294
chr18,Melody-ST,GSM5652335_Lung-Bronchus-Epithelial-Z000000QD.hg38,0.7716485302,0.04160285549,1381986
chr19,Melody-ST,GSM5652335_Lung-Bronchus-Epithelial-Z000000QD.hg38,0.8309273711,0.04382888487,2096712
chr2,Melody-ST,GSM5652335_Lung-Bronchus-Epithelial-Z000000QD.hg38,0.7992526603,0.03903683277,4310088
chr20,Melody-ST,GSM5652335_Lung-Bronchus-Epithelial-Z000000QD.hg38,0.8098451587,0.04009023259,1484216
chr21,Melody-ST,GSM5652335_Lung-Bronchus-Epithelial-Z000000QD.hg38,0.7676194609,0.04407341763,771566
chr22,Melody-ST,GSM5652335_Lung-Bronchus-Epithelial-Z000000QD.hg38,0.8042840189,0.04237388818,1176066
chr3,Melody-ST,GSM5652335_Lung-Bronchus-Epithelial-Z000000QD.hg38,0.8035785789,0.03716937091,3268988
chr4,Melody-ST,GSM5652335_Lung-Bronchus-Epithelial-Z000000QD.hg38,0.7772879293,0.03897300911,2933200
chr5,Melody-ST,GSM5652335_Lung-Bronchus-Epithelial-Z000000QD.hg38,0.7949909034,0.03848417534,2981008
chr6,Melody-ST,GSM5652335_Lung-Bronchus-Epithelial-Z000000QD.hg38,0.7996758052,0.04015657644,2963470
chr7,Melody-ST,GSM5652335_Lung-Bronchus-Epithelial-Z000000QD.hg38,0.7887009612,0.04107911283,3110434
chr8,Melody-ST,GSM5652335_Lung-Bronchus-Epithelial-Z000000QD.hg38,0.7685615794,0.04252291408,2577284
chr9,Melody-ST,GSM5652335_Lung-Bronchus-Epithelial-Z000000QD.hg38,0.7783608458,0.04474681476,2387992
chrX,Melody-ST,GSM5652335_Lung-Bronchus-Epithelial-Z000000QD.hg38,0.6908980384,0.03478334198,2297372
chr1,Melody-ST,GSM5652338_Prostate-Epithelial-Z000000RV.hg38,0.8478381227,0.02996495834,4558838
chr10,Melody-ST,GSM5652338_Prostate-Epithelial-Z000000RV.hg38,0.788346704,0.03720780805,2701930
chr11,Melody-ST,GSM5652338_Prostate-Epithelial-Z000000RV.hg38,0.8346163342,0.03208256218,2595326
chr12,Melody-ST,GSM5652338_Prostate-Epithelial-Z000000RV.hg38,0.8328389621,0.03087381323,2570280
chr13,Melody-ST,GSM5652338_Prostate-Epithelial-Z000000RV.hg38,0.8020483763,0.03129516913,1607902
chr14,Melody-ST,GSM5652338_Prostate-Epithelial-Z000000RV.hg38,0.8339847841,0.03084631219,1711922
chr15,Melody-ST,GSM5652338_Prostate-Epithelial-Z000000RV.hg38,0.8363843653,0.03141148214,1708060
chr16,Melody-ST,GSM5652338_Prostate-Epithelial-Z000000RV.hg38,0.8411184078,0.03065512626,2170702
chr17,Melody-ST,GSM5652338_Prostate-Epithelial-Z000000RV.hg38,0.8625090149,0.03027442689,2343692
chr18,Melody-ST,GSM5652338_Prostate-Epithelial-Z000000RV.hg38,0.8035478688,0.0322562916,1387716
chr19,Melody-ST,GSM5652338_Prostate-Epithelial-Z000000RV.hg38,0.8672313138,0.03178398946,2097634
chr2,Melody-ST,GSM5652338_Prostate-Epithelial-Z000000RV.hg38,0.825368243,0.03074255917,4311266
chr20,Melody-ST,GSM5652338_Prostate-Epithelial-Z000000RV.hg38,0.8347723541,0.03187602469,1481524
chr21,Melody-ST,GSM5652338_Prostate-Epithelial-Z000000RV.hg38,0.7947189689,0.03541133873,771966
chr22,Melody-ST,GSM5652338_Prostate-Epithelial-Z000000RV.hg38,0.8393136874,0.03164987556,1179196
chr3,Melody-ST,GSM5652338_Prostate-Epithelial-Z000000RV.hg38,0.8277150138,0.02975851103,3270362
chr4,Melody-ST,GSM5652338_Prostate-Epithelial-Z000000RV.hg38,0.8069115144,0.0311042212,2933268
chr5,Melody-ST,GSM5652338_Prostate-Epithelial-Z000000RV.hg38,0.8210202507,0.03064966585,2980908
chr6,Melody-ST,GSM5652338_Prostate-Epithelial-Z000000RV.hg38,0.8314874872,0.03064717716,2964840
chr7,Melody-ST,GSM5652338_Prostate-Epithelial-Z000000RV.hg38,0.8243745514,0.03066510292,3113272
chr8,Melody-ST,GSM5652338_Prostate-Epithelial-Z000000RV.hg38,0.7842980761,0.03601746973,2581516
chr9,Melody-ST,GSM5652338_Prostate-Epithelial-Z000000RV.hg38,0.7947065802,0.03794351948,2388518
chrX,Melody-ST,GSM5652338_Prostate-Epithelial-Z000000RV.hg38,0.7970104576,0.03300376416,2283512
chr1,Melody-ST,GSM5652342_Bladder-Epithelial-Z000000QM.hg38,0.8205956698,0.03826785303,4559268
chr10,Melody-ST,GSM5652342_Bladder-Epithelial-Z000000QM.hg38,0.7644180917,0.04483425031,2702234
chr11,Melody-ST,GSM5652342_Bladder-Epithelial-Z000000QM.hg38,0.8093652061,0.03965010263,2586916
chr12,Melody-ST,GSM5652342_Bladder-Epithelial-Z000000QM.hg38,0.8052603325,0.0388023069,2568072
chr13,Melody-ST,GSM5652342_Bladder-Epithelial-Z000000QM.hg38,0.7761510829,0.0389883001,1608902
chr14,Melody-ST,GSM5652342_Bladder-Epithelial-Z000000QM.hg38,0.8090399535,0.03808967512,1713214
chr15,Melody-ST,GSM5652342_Bladder-Epithelial-Z000000QM.hg38,0.8117203845,0.03900005876,1713484
chr16,Melody-ST,GSM5652342_Bladder-Epithelial-Z000000QM.hg38,0.8101078642,0.03866218742,2172700
chr17,Melody-ST,GSM5652342_Bladder-Epithelial-Z000000QM.hg38,0.8357302307,0.03753011821,2347344
chr18,Melody-ST,GSM5652342_Bladder-Epithelial-Z000000QM.hg38,0.7738963104,0.04113214143,1387928
chr19,Melody-ST,GSM5652342_Bladder-Epithelial-Z000000QM.hg38,0.8387052467,0.03944615261,2099694
chr2,Melody-ST,GSM5652342_Bladder-Epithelial-Z000000QM.hg38,0.7967747439,0.03929427218,4315178
chr20,Melody-ST,GSM5652342_Bladder-Epithelial-Z000000QM.hg38,0.8073188512,0.039687738,1480854
chr21,Melody-ST,GSM5652342_Bladder-Epithelial-Z000000QM.hg38,0.7698945183,0.04296300804,772206
chr22,Melody-ST,GSM5652342_Bladder-Epithelial-Z000000QM.hg38,0.8071297719,0.03979558426,1180472
chr3,Melody-ST,GSM5652342_Bladder-Epithelial-Z000000QM.hg38,0.7993820216,0.03816961981,3270876
chr4,Melody-ST,GSM5652342_Bladder-Epithelial-Z000000QM.hg38,0.7797232895,0.03922391442,2932438
chr5,Melody-ST,GSM5652342_Bladder-Epithelial-Z000000QM.hg38,0.7937109075,0.03882998877,2984722
chr6,Melody-ST,GSM5652342_Bladder-Epithelial-Z000000QM.hg38,0.8059885519,0.03888048318,2961480
chr7,Melody-ST,GSM5652342_Bladder-Epithelial-Z000000QM.hg38,0.7947860797,0.03881364085,3119858
chr8,Melody-ST,GSM5652342_Bladder-Epithelial-Z000000QM.hg38,0.7653255763,0.04296227353,2580988
chr9,Melody-ST,GSM5652342_Bladder-Epithelial-Z000000QM.hg38,0.7711086327,0.04517131964,2392234
chrX,Melody-ST,GSM5652342_Bladder-Epithelial-Z000000QM.hg38,0.759218814,0.04447293551,2287788
chr1,Melody-ST,GSM5652347_Breast-Luminal-Epithelial-Z000000V2.hg38,0.8434835301,0.03124586295,4556468
chr10,Melody-ST,GSM5652347_Breast-Luminal-Epithelial-Z000000V2.hg38,0.7879549247,0.03747503021,2704216
chr11,Melody-ST,GSM5652347_Breast-Luminal-Epithelial-Z000000V2.hg38,0.8345502588,0.03235709894,2587028
chr12,Melody-ST,GSM5652347_Breast-Luminal-Epithelial-Z000000V2.hg38,0.8286097236,0.03161297457,2569966
chr13,Melody-ST,GSM5652347_Breast-Luminal-Epithelial-Z000000V2.hg38,0.7953386563,0.03226026243,1609112
chr14,Melody-ST,GSM5652347_Breast-Luminal-Epithelial-Z000000V2.hg38,0.8331238404,0.03134383069,1709830
chr15,Melody-ST,GSM5652347_Breast-Luminal-Epithelial-Z000000V2.hg38,0.8288848897,0.03282150437,1708402
chr16,Melody-ST,GSM5652347_Breast-Luminal-Epithelial-Z000000V2.hg38,0.8302161191,0.03311331415,2169494
chr17,Melody-ST,GSM5652347_Breast-Luminal-Epithelial-Z000000V2.hg38,0.8596633641,0.03137620497,2345382
chr18,Melody-ST,GSM5652347_Breast-Luminal-Epithelial-Z000000V2.hg38,0.7905329581,0.03423825748,1387518
chr19,Melody-ST,GSM5652347_Breast-Luminal-Epithelial-Z000000V2.hg38,0.8655996192,0.03228156646,2098868
chr2,Melody-ST,GSM5652347_Breast-Luminal-Epithelial-Z000000V2.hg38,0.8207589762,0.03194567049,4311150
chr20,Melody-ST,GSM5652347_Breast-Luminal-Epithelial-Z000000V2.hg38,0.8305556099,0.03298762008,1486030
chr21,Melody-ST,GSM5652347_Breast-Luminal-Epithelial-Z000000V2.hg38,0.7962107082,0.03570584292,771794
chr22,Melody-ST,GSM5652347_Breast-Luminal-Epithelial-Z000000V2.hg38,0.8330818063,0.03343983717,1178194
chr3,Melody-ST,GSM5652347_Breast-Luminal-Epithelial-Z000000V2.hg38,0.8232049406,0.03041110401,3270868
chr4,Melody-ST,GSM5652347_Breast-Luminal-Epithelial-Z000000V2.hg38,0.7980409659,0.03230656065,2933198
chr5,Melody-ST,GSM5652347_Breast-Luminal-Epithelial-Z000000V2.hg38,0.8189455871,0.03139980376,2982518
chr6,Melody-ST,GSM5652347_Breast-Luminal-Epithelial-Z000000V2.hg38,0.8230117599,0.03234173208,2961548
chr7,Melody-ST,GSM5652347_Breast-Luminal-Epithelial-Z000000V2.hg38,0.817613131,0.03183951983,3117266
chr8,Melody-ST,GSM5652347_Breast-Luminal-Epithelial-Z000000V2.hg38,0.7819616266,0.03614417154,2580452
chr9,Melody-ST,GSM5652347_Breast-Luminal-Epithelial-Z000000V2.hg38,0.7952658489,0.03800520418,2387918
chrX,Melody-ST,GSM5652347_Breast-Luminal-Epithelial-Z000000V2.hg38,0.7024197509,0.03134486658,2298430
chr1,Melody-ST,GSM5652350_Breast-Basal-Epithelial-Z000000V6.hg38,0.8402212555,0.03284629717,4553040
chr10,Melody-ST,GSM5652350_Breast-Basal-Epithelial-Z000000V6.hg38,0.7756669678,0.03955267423,2700938
chr11,Melody-ST,GSM5652350_Breast-Basal-Epithelial-Z000000V6.hg38,0.8274766581,0.03475992679,2592754
chr12,Melody-ST,GSM5652350_Breast-Basal-Epithelial-Z000000V6.hg38,0.8229226016,0.03312632607,2566386
chr13,Melody-ST,GSM5652350_Breast-Basal-Epithelial-Z000000V6.hg38,0.7869878857,0.03417585433,1608116
chr14,Melody-ST,GSM5652350_Breast-Basal-Epithelial-Z000000V6.hg38,0.8271402282,0.03319519317,1709830
chr15,Melody-ST,GSM5652350_Breast-Basal-Epithelial-Z000000V6.hg38,0.828512261,0.03345200263,1707812
chr16,Melody-ST,GSM5652350_Breast-Basal-Epithelial-Z000000V6.hg38,0.8319923114,0.03363645892,2165378
chr17,Melody-ST,GSM5652350_Breast-Basal-Epithelial-Z000000V6.hg38,0.8566457565,0.03284867196,2345580
chr18,Melody-ST,GSM5652350_Breast-Basal-Epithelial-Z000000V6.hg38,0.7890110209,0.03484501821,1387796
chr19,Melody-ST,GSM5652350_Breast-Basal-Epithelial-Z000000V6.hg38,0.8597687363,0.03412918567,2095554
chr2,Melody-ST,GSM5652350_Breast-Basal-Epithelial-Z000000V6.hg38,0.8158882486,0.03328708064,4307514
chr20,Melody-ST,GSM5652350_Breast-Basal-Epithelial-Z000000V6.hg38,0.829510226,0.03433659954,1480010
chr21,Melody-ST,GSM5652350_Breast-Basal-Epithelial-Z000000V6.hg38,0.7958209467,0.03683816363,769716
chr22,Melody-ST,GSM5652350_Breast-Basal-Epithelial-Z000000V6.hg38,0.8332283998,0.03457407996,1174042
chr3,Melody-ST,GSM5652350_Breast-Basal-Epithelial-Z000000V6.hg38,0.81670012,0.03230189237,3265476
chr4,Melody-ST,GSM5652350_Breast-Basal-Epithelial-Z000000V6.hg38,0.7923413201,0.03370468909,2928366
chr5,Melody-ST,GSM5652350_Breast-Basal-Epithelial-Z000000V6.hg38,0.8119389276,0.03324452851,2983120
chr6,Melody-ST,GSM5652350_Breast-Basal-Epithelial-Z000000V6.hg38,0.8193095679,0.03339049949,2963476
chr7,Melody-ST,GSM5652350_Breast-Basal-Epithelial-Z000000V6.hg38,0.813640328,0.03320938428,3115694
chr8,Melody-ST,GSM5652350_Breast-Basal-Epithelial-Z000000V6.hg38,0.7710345685,0.03851506918,2577978
chr9,Melody-ST,GSM5652350_Breast-Basal-Epithelial-Z000000V6.hg38,0.7808710836,0.04111332688,2380816
chrX,Melody-ST,GSM5652350_Breast-Basal-Epithelial-Z000000V6.hg38,0.7011999404,0.03206441405,2293560
chr1,Melody-ST,GSM5652354_Lung-Alveolar-Epithelial-Z000000T1.hg38,0.8496112898,0.02958180642,4562662
chr10,Melody-ST,GSM5652354_Lung-Alveolar-Epithelial-Z000000T1.hg38,0.799785058,0.03489161127,2705436
chr11,Melody-ST,GSM5652354_Lung-Alveolar-Epithelial-Z000000T1.hg38,0.8358706291,0.03139200758,2598790
chr12,Melody-ST,GSM5652354_Lung-Alveolar-Epithelial-Z000000T1.hg38,0.8395691673,0.02936273407,2574308
chr13,Melody-ST,GSM5652354_Lung-Alveolar-Epithelial-Z000000T1.hg38,0.8089665708,0.02972979961,1608948
chr14,Melody-ST,GSM5652354_Lung-Alveolar-Epithelial-Z000000T1.hg38,0.8370521816,0.03003669976,1711992
chr15,Melody-ST,GSM5652354_Lung-Alveolar-Epithelial-Z000000T1.hg38,0.8378490728,0.0307464842,1710522
chr16,Melody-ST,GSM5652354_Lung-Alveolar-Epithelial-Z000000T1.hg38,0.8346547898,0.0314111981,2170678
chr17,Melody-ST,GSM5652354_Lung-Alveolar-Epithelial-Z000000T1.hg38,0.8621108684,0.03028980422,2346622
chr18,Melody-ST,GSM5652354_Lung-Alveolar-Epithelial-Z000000T1.hg38,0.8063176104,0.03110905768,1387620
chr19,Melody-ST,GSM5652354_Lung-Alveolar-Epithelial-Z000000T1.hg38,0.8605567139,0.03251846543,2100676
chr2,Melody-ST,GSM5652354_Lung-Alveolar-Epithelial-Z000000T1.hg38,0.8319054199,0.0292699105,4316540
chr20,Melody-ST,GSM5652354_Lung-Alveolar-Epithelial-Z000000T1.hg38,0.834335435,0.03137415601,1483980
chr21,Melody-ST,GSM5652354_Lung-Alveolar-Epithelial-Z000000T1.hg38,0.7884644696,0.0355636996,771058
chr22,Melody-ST,GSM5652354_Lung-Alveolar-Epithelial-Z000000T1.hg38,0.8293032199,0.03299978448,1177064
chr3,Melody-ST,GSM5652354_Lung-Alveolar-Epithelial-Z000000T1.hg38,0.8332741616,0.02839864103,3272880
chr4,Melody-ST,GSM5652354_Lung-Alveolar-Epithelial-Z000000T1.hg38,0.8124629183,0.02959035229,2938696
chr5,Melody-ST,GSM5652354_Lung-Alveolar-Epithelial-Z000000T1.hg38,0.8288560114,0.02888593298,2987554
chr6,Melody-ST,GSM5652354_Lung-Alveolar-Epithelial-Z000000T1.hg38,0.8377419479,0.02921526338,2966510
chr7,Melody-ST,GSM5652354_Lung-Alveolar-Epithelial-Z000000T1.hg38,0.826118063,0.03017012621,3119528
chr8,Melody-ST,GSM5652354_Lung-Alveolar-Epithelial-Z000000T1.hg38,0.7944766694,0.03395650529,2584422
chr9,Melody-ST,GSM5652354_Lung-Alveolar-Epithelial-Z000000T1.hg38,0.7992965751,0.03657216945,2398546
chrX,Melody-ST,GSM5652354_Lung-Alveolar-Epithelial-Z000000T1.hg38,0.8086978986,0.030288173,2289048
chr1,Melody-ST,GSM5652358_Gallbladder-Epithelial-Z00000432.hg38,0.8203674331,0.04272050083,4550250
chr10,Melody-ST,GSM5652358_Gallbladder-Epithelial-Z00000432.hg38,0.7607396992,0.04940242888,2699090
chr11,Melody-ST,GSM5652358_Gallbladder-Epithelial-Z00000432.hg38,0.808163771,0.04499825844,2591010
chr12,Melody-ST,GSM5652358_Gallbladder-Epithelial-Z00000432.hg38,0.8042276955,0.04213050807,2564460
chr13,Melody-ST,GSM5652358_Gallbladder-Epithelial-Z00000432.hg38,0.7672296867,0.04256025824,1607572
chr14,Melody-ST,GSM5652358_Gallbladder-Epithelial-Z00000432.hg38,0.8065161702,0.0427055717,1709586
chr15,Melody-ST,GSM5652358_Gallbladder-Epithelial-Z00000432.hg38,0.8045449826,0.04404706991,1707530
chr16,Melody-ST,GSM5652358_Gallbladder-Epithelial-Z00000432.hg38,0.8024609706,0.04561756066,2165680
chr17,Melody-ST,GSM5652358_Gallbladder-Epithelial-Z00000432.hg38,0.8347608438,0.04388823641,2337794
chr18,Melody-ST,GSM5652358_Gallbladder-Epithelial-Z00000432.hg38,0.7705928994,0.04411598243,1380986
chr19,Melody-ST,GSM5652358_Gallbladder-Epithelial-Z00000432.hg38,0.8320998703,0.04693295593,2094734
chr2,Melody-ST,GSM5652358_Gallbladder-Epithelial-Z00000432.hg38,0.7970568194,0.04295956891,4306364
chr20,Melody-ST,GSM5652358_Gallbladder-Epithelial-Z00000432.hg38,0.8035354207,0.04507947662,1479596
chr21,Melody-ST,GSM5652358_Gallbladder-Epithelial-Z00000432.hg38,0.7567447898,0.04831904562,768844
chr22,Melody-ST,GSM5652358_Gallbladder-Epithelial-Z00000432.hg38,0.8004433536,0.04680342373,1178016
chr3,Melody-ST,GSM5652358_Gallbladder-Epithelial-Z00000432.hg38,0.7960490874,0.04097474165,3268066
chr4,Melody-ST,GSM5652358_Gallbladder-Epithelial-Z00000432.hg38,0.7769131732,0.04151068219,2926362
chr5,Melody-ST,GSM5652358_Gallbladder-Epithelial-Z00000432.hg38,0.7973078461,0.04106317231,2978412
chr6,Melody-ST,GSM5652358_Gallbladder-Epithelial-Z00000432.hg38,0.8015326026,0.04263010935,2959938
chr7,Melody-ST,GSM5652358_Gallbladder-Epithelial-Z00000432.hg38,0.7944197435,0.04272090548,3116208
chr8,Melody-ST,GSM5652358_Gallbladder-Epithelial-Z00000432.hg38,0.7554718944,0.04700249661,2573762
chr9,Melody-ST,GSM5652358_Gallbladder-Epithelial-Z00000432.hg38,0.7685628488,0.04971307843,2386020
chrX,Melody-ST,GSM5652358_Gallbladder-Epithelial-Z00000432.hg38,0.6760601216,0.0375112288,2296332
chr1,Melody-ST,GSM5652359_Gastric-fundus-Epithelial-Z000000RX.hg38,0.8245257635,0.03769865631,4555978
chr10,Melody-ST,GSM5652359_Gastric-fundus-Epithelial-Z000000RX.hg38,0.7742087688,0.04239836935,2702794
chr11,Melody-ST,GSM5652359_Gastric-fundus-Epithelial-Z000000RX.hg38,0.8120722065,0.03934553913,2596478
chr12,Melody-ST,GSM5652359_Gastric-fundus-Epithelial-Z000000RX.hg38,0.8123722398,0.03730365848,2574772
chr13,Melody-ST,GSM5652359_Gastric-fundus-Epithelial-Z000000RX.hg38,0.7785114225,0.03894709051,1609044
chr14,Melody-ST,GSM5652359_Gastric-fundus-Epithelial-Z000000RX.hg38,0.8138711696,0.03754262345,1709372
chr15,Melody-ST,GSM5652359_Gastric-fundus-Epithelial-Z000000RX.hg38,0.8155589087,0.0378355155,1709280
chr16,Melody-ST,GSM5652359_Gastric-fundus-Epithelial-Z000000RX.hg38,0.814134294,0.0381723953,2169170
chr17,Melody-ST,GSM5652359_Gastric-fundus-Epithelial-Z000000RX.hg38,0.8441467988,0.03707272062,2345106
chr18,Melody-ST,GSM5652359_Gastric-fundus-Epithelial-Z000000RX.hg38,0.7768983122,0.03927616895,1390346
chr19,Melody-ST,GSM5652359_Gastric-fundus-Epithelial-Z000000RX.hg38,0.8430967002,0.03894118384,2096944
chr2,Melody-ST,GSM5652359_Gastric-fundus-Epithelial-Z000000RX.hg38,0.8020808746,0.03871589781,4310182
chr20,Melody-ST,GSM5652359_Gastric-fundus-Epithelial-Z000000RX.hg38,0.8093387283,0.03884892711,1482720
chr21,Melody-ST,GSM5652359_Gastric-fundus-Epithelial-Z000000RX.hg38,0.7629548563,0.04270555663,770690
chr22,Melody-ST,GSM5652359_Gastric-fundus-Epithelial-Z000000RX.hg38,0.8166874245,0.03815967756,1173970
chr3,Melody-ST,GSM5652359_Gastric-fundus-Epithelial-Z000000RX.hg38,0.8014095368,0.03789157019,3265576
chr4,Melody-ST,GSM5652359_Gastric-fundus-Epithelial-Z000000RX.hg38,0.7834475401,0.03822635249,2933838
chr5,Melody-ST,GSM5652359_Gastric-fundus-Epithelial-Z000000RX.hg38,0.7978267342,0.03764859529,2981694
chr6,Melody-ST,GSM5652359_Gastric-fundus-Epithelial-Z000000RX.hg38,0.8087433068,0.03861387535,2965540
chr7,Melody-ST,GSM5652359_Gastric-fundus-Epithelial-Z000000RX.hg38,0.7979001014,0.03817564293,3116430
chr8,Melody-ST,GSM5652359_Gastric-fundus-Epithelial-Z000000RX.hg38,0.7681436281,0.04124835812,2581456
chr9,Melody-ST,GSM5652359_Gastric-fundus-Epithelial-Z000000RX.hg38,0.7759824799,0.04456627095,2393080
chrX,Melody-ST,GSM5652359_Gastric-fundus-Epithelial-Z000000RX.hg38,0.7215699569,0.03133463806,2300170
chr1,Melody-ST,GSM5652370_Colon-Right-Epithelial-Z000000V0.hg38,0.8191701009,0.04045671856,4549328
chr10,Melody-ST,GSM5652370_Colon-Right-Epithelial-Z000000V0.hg38,0.7609118655,0.04694580131,2700576
chr11,Melody-ST,GSM5652370_Colon-Right-Epithelial-Z000000V0.hg38,0.8070894133,0.04278163107,2586752
chr12,Melody-ST,GSM5652370_Colon-Right-Epithelial-Z000000V0.hg38,0.8041804711,0.04049388651,2573646
chr13,Melody-ST,GSM5652370_Colon-Right-Epithelial-Z000000V0.hg38,0.7715504928,0.04073330881,1607668
chr14,Melody-ST,GSM5652370_Colon-Right-Epithelial-Z000000V0.hg38,0.8107209229,0.03995711064,1709018
chr15,Melody-ST,GSM5652370_Colon-Right-Epithelial-Z000000V0.hg38,0.8085578181,0.04115604209,1705192
chr16,Melody-ST,GSM5652370_Colon-Right-Epithelial-Z000000V0.hg38,0.8101143074,0.04177147059,2167760
chr17,Melody-ST,GSM5652370_Colon-Right-Epithelial-Z000000V0.hg38,0.8342628986,0.04128255643,2338638
chr18,Melody-ST,GSM5652370_Colon-Right-Epithelial-Z000000V0.hg38,0.7764746582,0.04072905092,1382978
chr19,Melody-ST,GSM5652370_Colon-Right-Epithelial-Z000000V0.hg38,0.8236110705,0.04677130372,2094854
chr2,Melody-ST,GSM5652370_Colon-Right-Epithelial-Z000000V0.hg38,0.7989777829,0.04055116636,4311146
chr20,Melody-ST,GSM5652370_Colon-Right-Epithelial-Z000000V0.hg38,0.8085575751,0.04090513493,1481484
chr21,Melody-ST,GSM5652370_Colon-Right-Epithelial-Z000000V0.hg38,0.7542447812,0.04623536527,768294
chr22,Melody-ST,GSM5652370_Colon-Right-Epithelial-Z000000V0.hg38,0.8058824696,0.04237667389,1173274
chr3,Melody-ST,GSM5652370_Colon-Right-Epithelial-Z000000V0.hg38,0.7959788673,0.03980074192,3269656
chr4,Melody-ST,GSM5652370_Colon-Right-Epithelial-Z000000V0.hg38,0.7730109074,0.04157551044,2932390
chr5,Melody-ST,GSM5652370_Colon-Right-Epithelial-Z000000V0.hg38,0.7952176738,0.03919035568,2983028
chr6,Melody-ST,GSM5652370_Colon-Right-Epithelial-Z000000V0.hg38,0.8028563,0.04041856317,2960492
chr7,Melody-ST,GSM5652370_Colon-Right-Epithelial-Z000000V0.hg38,0.7929065752,0.04163367885,3113136
chr8,Melody-ST,GSM5652370_Colon-Right-Epithelial-Z000000V0.hg38,0.7552355587,0.04559624461,2582942
chr9,Melody-ST,GSM5652370_Colon-Right-Epithelial-Z000000V0.hg38,0.7642119862,0.0488161998,2387270
chrX,Melody-ST,GSM5652370_Colon-Right-Epithelial-Z000000V0.hg38,0.7682664203,0.04184441519,2283140
chr1,Melody-ST,GSM5652378_Small-int-Epithelial-Z0000042V.hg38,0.8190230712,0.0382094644,4547454
chr10,Melody-ST,GSM5652378_Small-int-Epithelial-Z0000042V.hg38,0.7570498921,0.044607771,2694152
chr11,Melody-ST,GSM5652378_Small-int-Epithelial-Z0000042V.hg38,0.8100545333,0.03962778107,2591546
chr12,Melody-ST,GSM5652378_Small-int-Epithelial-Z0000042V.hg38,0.8046177007,0.03771225029,2574496
chr13,Melody-ST,GSM5652378_Small-int-Epithelial-Z0000042V.hg38,0.7750657989,0.03789469549,1607768
chr14,Melody-ST,GSM5652378_Small-int-Epithelial-Z0000042V.hg38,0.8135980817,0.03696218805,1710458
chr15,Melody-ST,GSM5652378_Small-int-Epithelial-Z0000042V.hg38,0.8067820269,0.03822419145,1706394
chr16,Melody-ST,GSM5652378_Small-int-Epithelial-Z0000042V.hg38,0.8161835733,0.03808511183,2166470
chr17,Melody-ST,GSM5652378_Small-int-Epithelial-Z0000042V.hg38,0.8385364391,0.03747157915,2338320
chr18,Melody-ST,GSM5652378_Small-int-Epithelial-Z0000042V.hg38,0.775733621,0.03892889303,1386028
chr19,Melody-ST,GSM5652378_Small-int-Epithelial-Z0000042V.hg38,0.8308884687,0.04151472324,2092558
chr2,Melody-ST,GSM5652378_Small-int-Epithelial-Z0000042V.hg38,0.7977107127,0.03800529917,4307376
chr20,Melody-ST,GSM5652378_Small-int-Epithelial-Z0000042V.hg38,0.8065056658,0.03852448195,1483422
chr21,Melody-ST,GSM5652378_Small-int-Epithelial-Z0000042V.hg38,0.7669139655,0.0413651033,770030
chr22,Melody-ST,GSM5652378_Small-int-Epithelial-Z0000042V.hg38,0.8129931635,0.03887988558,1172610
chr3,Melody-ST,GSM5652378_Small-int-Epithelial-Z0000042V.hg38,0.7960266329,0.03728842683,3262582
chr4,Melody-ST,GSM5652378_Small-int-Epithelial-Z0000042V.hg38,0.7756652815,0.03855722026,2931434
chr5,Melody-ST,GSM5652378_Small-int-Epithelial-Z0000042V.hg38,0.7931944326,0.03717104704,2977798
chr6,Melody-ST,GSM5652378_Small-int-Epithelial-Z0000042V.hg38,0.8018447682,0.03824935612,2960256
chr7,Melody-ST,GSM5652378_Small-int-Epithelial-Z0000042V.hg38,0.7923096673,0.03858437995,3112002
chr8,Melody-ST,GSM5652378_Small-int-Epithelial-Z0000042V.hg38,0.7575657979,0.04266016703,2577724
chr9,Melody-ST,GSM5652378_Small-int-Epithelial-Z0000042V.hg38,0.7641084635,0.04551256338,2386332
chrX,Melody-ST,GSM5652378_Small-int-Epithelial-Z0000042V.hg38,0.76705486,0.04024505598,2282956
chr1,Melody-MT,GSM5652176_Adipocytes-Z000000T7.hg38,0.8850407007,0.02096612373,4544762
chr10,Melody-MT,GSM5652176_Adipocytes-Z000000T7.hg38,0.8106209748,0.03039430048,2696960
chr11,Melody-MT,GSM5652176_Adipocytes-Z000000T7.hg38,0.8754434981,0.02234315467,2583726
chr12,Melody-MT,GSM5652176_Adipocytes-Z000000T7.hg38,0.8739859803,0.02139955809,2575520
chr13,Melody-MT,GSM5652176_Adipocytes-Z000000T7.hg38,0.8432624603,0.02294350068,1607746
chr14,Melody-MT,GSM5652176_Adipocytes-Z000000T7.hg38,0.8771848958,0.02143934614,1709000
chr15,Melody-MT,GSM5652176_Adipocytes-Z000000T7.hg38,0.878922527,0.02160288876,1703602
chr16,Melody-MT,GSM5652176_Adipocytes-Z000000T7.hg38,0.8821508763,0.02126773585,2164830
chr17,Melody-MT,GSM5652176_Adipocytes-Z000000T7.hg38,0.9003830509,0.020457126,2342232
chr18,Melody-MT,GSM5652176_Adipocytes-Z000000T7.hg38,0.8439051692,0.02363322312,1377320
chr19,Melody-MT,GSM5652176_Adipocytes-Z000000T7.hg38,0.9161705402,0.01903851281,2093914
chr2,Melody-MT,GSM5652176_Adipocytes-Z000000T7.hg38,0.8651632308,0.02152597883,4303564
chr20,Melody-MT,GSM5652176_Adipocytes-Z000000T7.hg38,0.8802274634,0.02184367461,1481536
chr21,Melody-MT,GSM5652176_Adipocytes-Z000000T7.hg38,0.851556595,0.0241351947,772122
chr22,Melody-MT,GSM5652176_Adipocytes-Z000000T7.hg38,0.8826301034,0.02166585205,1171582
chr3,Melody-MT,GSM5652176_Adipocytes-Z000000T7.hg38,0.8610305766,0.02156807224,3262554
chr4,Melody-MT,GSM5652176_Adipocytes-Z000000T7.hg38,0.8437932891,0.02281413334,2930056
chr5,Melody-MT,GSM5652176_Adipocytes-Z000000T7.hg38,0.8611634583,0.02204749745,2977094
chr6,Melody-MT,GSM5652176_Adipocytes-Z000000T7.hg38,0.8715147132,0.02148127234,2963786
chr7,Melody-MT,GSM5652176_Adipocytes-Z000000T7.hg38,0.8658381146,0.02163877093,3115672
chr8,Melody-MT,GSM5652176_Adipocytes-Z000000T7.hg38,0.8056725875,0.02919044895,2580136
chr9,Melody-MT,GSM5652176_Adipocytes-Z000000T7.hg38,0.8159709123,0.03112970074,2378568
chrX,Melody-MT,GSM5652176_Adipocytes-Z000000T7.hg38,0.8010403241,0.01973360486,2294958
chr1,Melody-MT,GSM5652179_Aorta-Endothel-Z00000422.hg38,0.8651380932,0.02609273735,4548632
chr10,Melody-MT,GSM5652179_Aorta-Endothel-Z00000422.hg38,0.7775981447,0.03792244566,2697986
chr11,Melody-MT,GSM5652179_Aorta-Endothel-Z00000422.hg38,0.8584894669,0.02689986065,2591034
chr12,Melody-MT,GSM5652179_Aorta-Endothel-Z00000422.hg38,0.8559648048,0.02665659364,2573848
chr13,Melody-MT,GSM5652179_Aorta-Endothel-Z00000422.hg38,0.8244035762,0.0280960813,1606842
chr14,Melody-MT,GSM5652179_Aorta-Endothel-Z00000422.hg38,0.8649611424,0.02506034496,1708768
chr15,Melody-MT,GSM5652179_Aorta-Endothel-Z00000422.hg38,0.8608000521,0.02619991216,1703992
chr16,Melody-MT,GSM5652179_Aorta-Endothel-Z00000422.hg38,0.8703248156,0.02478692861,2165070
chr17,Melody-MT,GSM5652179_Aorta-Endothel-Z00000422.hg38,0.8836291041,0.02516058481,2339454
chr18,Melody-MT,GSM5652179_Aorta-Endothel-Z00000422.hg38,0.8290978868,0.02778003095,1382062
chr19,Melody-MT,GSM5652179_Aorta-Endothel-Z00000422.hg38,0.9064153025,0.0219019795,2092506
chr2,Melody-MT,GSM5652179_Aorta-Endothel-Z00000422.hg38,0.8472166486,0.02601561017,4308016
chr20,Melody-MT,GSM5652179_Aorta-Endothel-Z00000422.hg38,0.8615688318,0.02655941837,1479540
chr21,Melody-MT,GSM5652179_Aorta-Endothel-Z00000422.hg38,0.8377702719,0.02791854115,768028
chr22,Melody-MT,GSM5652179_Aorta-Endothel-Z00000422.hg38,0.8729140998,0.0249822429,1175488
chr3,Melody-MT,GSM5652179_Aorta-Endothel-Z00000422.hg38,0.8414882345,0.02689776737,3263636
chr4,Melody-MT,GSM5652179_Aorta-Endothel-Z00000422.hg38,0.829717315,0.02724494298,2933438
chr5,Melody-MT,GSM5652179_Aorta-Endothel-Z00000422.hg38,0.8449198026,0.02639633625,2976758
chr6,Melody-MT,GSM5652179_Aorta-Endothel-Z00000422.hg38,0.8506319126,0.02669336256,2963942
chr7,Melody-MT,GSM5652179_Aorta-Endothel-Z00000422.hg38,0.8514021406,0.02564296595,3112034
chr8,Melody-MT,GSM5652179_Aorta-Endothel-Z00000422.hg38,0.7713083251,0.03697195819,2580462
chr9,Melody-MT,GSM5652179_Aorta-Endothel-Z00000422.hg38,0.7833371906,0.03884055785,2384070
chrX,Melody-MT,GSM5652179_Aorta-Endothel-Z00000422.hg38,0.8099777407,0.02141261774,2294844
chr1,Melody-MT,GSM5652189_Kidney-Tubular-Endothel-Z0000042R.hg38,0.8699258794,0.02440077911,4540386
chr10,Melody-MT,GSM5652189_Kidney-Tubular-Endothel-Z0000042R.hg38,0.7934902707,0.0343601478,2695204
chr11,Melody-MT,GSM5652189_Kidney-Tubular-Endothel-Z0000042R.hg38,0.857072692,0.02657174417,2587240
chr12,Melody-MT,GSM5652189_Kidney-Tubular-Endothel-Z0000042R.hg38,0.8597905531,0.02468446487,2565114
chr13,Melody-MT,GSM5652189_Kidney-Tubular-Endothel-Z0000042R.hg38,0.8252607364,0.02624377217,1605436
chr14,Melody-MT,GSM5652189_Kidney-Tubular-Endothel-Z0000042R.hg38,0.8631805526,0.02468052284,1705150
chr15,Melody-MT,GSM5652189_Kidney-Tubular-Endothel-Z0000042R.hg38,0.8631641336,0.02521063269,1700192
chr16,Melody-MT,GSM5652189_Kidney-Tubular-Endothel-Z0000042R.hg38,0.8616574897,0.02610892134,2159350
chr17,Melody-MT,GSM5652189_Kidney-Tubular-Endothel-Z0000042R.hg38,0.8840138292,0.0250326478,2333676
chr18,Melody-MT,GSM5652189_Kidney-Tubular-Endothel-Z0000042R.hg38,0.8238628565,0.02731045543,1378556
chr19,Melody-MT,GSM5652189_Kidney-Tubular-Endothel-Z0000042R.hg38,0.9020082356,0.02321767962,2087116
chr2,Melody-MT,GSM5652189_Kidney-Tubular-Endothel-Z0000042R.hg38,0.8474895216,0.02506954135,4299826
chr20,Melody-MT,GSM5652189_Kidney-Tubular-Endothel-Z0000042R.hg38,0.8643118319,0.02582172148,1475776
chr21,Melody-MT,GSM5652189_Kidney-Tubular-Endothel-Z0000042R.hg38,0.8322025887,0.02759391329,767864
chr22,Melody-MT,GSM5652189_Kidney-Tubular-Endothel-Z0000042R.hg38,0.8684161243,0.02573420995,1170698
chr3,Melody-MT,GSM5652189_Kidney-Tubular-Endothel-Z0000042R.hg38,0.847352045,0.02417482487,3262022
chr4,Melody-MT,GSM5652189_Kidney-Tubular-Endothel-Z0000042R.hg38,0.8278304599,0.02586003065,2925476
chr5,Melody-MT,GSM5652189_Kidney-Tubular-Endothel-Z0000042R.hg38,0.8450552563,0.02532085843,2974612
chr6,Melody-MT,GSM5652189_Kidney-Tubular-Endothel-Z0000042R.hg38,0.8551079938,0.02489384604,2958520
chr7,Melody-MT,GSM5652189_Kidney-Tubular-Endothel-Z0000042R.hg38,0.8519357054,0.02457651165,3103954
chr8,Melody-MT,GSM5652189_Kidney-Tubular-Endothel-Z0000042R.hg38,0.7856120622,0.03329593938,2574706
chr9,Melody-MT,GSM5652189_Kidney-Tubular-Endothel-Z0000042R.hg38,0.7978591855,0.03517939489,2378194
chrX,Melody-MT,GSM5652189_Kidney-Tubular-Endothel-Z0000042R.hg38,0.7879436456,0.02302329944,2288794
chr1,Melody-MT,GSM5652198_Colon-Fibroblasts-Z0000042A.hg38,0.8827120692,0.02006833787,4552796
chr10,Melody-MT,GSM5652198_Colon-Fibroblasts-Z0000042A.hg38,0.8104546918,0.02826922477,2701214
chr11,Melody-MT,GSM5652198_Colon-Fibroblasts-Z0000042A.hg38,0.8730646912,0.02107536639,2596782
chr12,Melody-MT,GSM5652198_Colon-Fibroblasts-Z0000042A.hg38,0.8723041972,0.02048199404,2574580
chr13,Melody-MT,GSM5652198_Colon-Fibroblasts-Z0000042A.hg38,0.8414015181,0.02145937702,1608288
chr14,Melody-MT,GSM5652198_Colon-Fibroblasts-Z0000042A.hg38,0.8757921529,0.02019666957,1711682
chr15,Melody-MT,GSM5652198_Colon-Fibroblasts-Z0000042A.hg38,0.8728490779,0.0209568831,1705440
chr16,Melody-MT,GSM5652198_Colon-Fibroblasts-Z0000042A.hg38,0.8777211189,0.02081804862,2168956
chr17,Melody-MT,GSM5652198_Colon-Fibroblasts-Z0000042A.hg38,0.8989456192,0.01953482401,2343328
chr18,Melody-MT,GSM5652198_Colon-Fibroblasts-Z0000042A.hg38,0.8385916853,0.02224820388,1385262
chr19,Melody-MT,GSM5652198_Colon-Fibroblasts-Z0000042A.hg38,0.914090795,0.01860806898,2097362
chr2,Melody-MT,GSM5652198_Colon-Fibroblasts-Z0000042A.hg38,0.86199647,0.02044402335,4313978
chr20,Melody-MT,GSM5652198_Colon-Fibroblasts-Z0000042A.hg38,0.877022045,0.02071875499,1482994
chr21,Melody-MT,GSM5652198_Colon-Fibroblasts-Z0000042A.hg38,0.847440996,0.02288062772,770286
chr22,Melody-MT,GSM5652198_Colon-Fibroblasts-Z0000042A.hg38,0.8810610554,0.02078165062,1176616
chr3,Melody-MT,GSM5652198_Colon-Fibroblasts-Z0000042A.hg38,0.8619739474,0.01993840958,3264854
chr4,Melody-MT,GSM5652198_Colon-Fibroblasts-Z0000042A.hg38,0.8409811002,0.02152456124,2930508
chr5,Melody-MT,GSM5652198_Colon-Fibroblasts-Z0000042A.hg38,0.8585542966,0.02079877203,2976992
chr6,Melody-MT,GSM5652198_Colon-Fibroblasts-Z0000042A.hg38,0.8708908285,0.02019386049,2961448
chr7,Melody-MT,GSM5652198_Colon-Fibroblasts-Z0000042A.hg38,0.8627492935,0.02071328631,3114236
chr8,Melody-MT,GSM5652198_Colon-Fibroblasts-Z0000042A.hg38,0.8051630266,0.02738707277,2580446
chr9,Melody-MT,GSM5652198_Colon-Fibroblasts-Z0000042A.hg38,0.8105744277,0.02971680598,2392254
chrX,Melody-MT,GSM5652198_Colon-Fibroblasts-Z0000042A.hg38,0.822661257,0.02613501328,2285520
chr1,Melody-MT,GSM5652200_Heart-Fibroblasts-Z0000043R.hg38,0.8314186789,0.03551341575,4518546
chr10,Melody-MT,GSM5652200_Heart-Fibroblasts-Z0000043R.hg38,0.7160159133,0.05477523844,2686738
chr11,Melody-MT,GSM5652200_Heart-Fibroblasts-Z0000043R.hg38,0.8208280738,0.03720450234,2573586
chr12,Melody-MT,GSM5652200_Heart-Fibroblasts-Z0000043R.hg38,0.8226642919,0.03686128933,2557042
chr13,Melody-MT,GSM5652200_Heart-Fibroblasts-Z0000043R.hg38,0.8008986309,0.03811210624,1602646
chr14,Melody-MT,GSM5652200_Heart-Fibroblasts-Z0000043R.hg38,0.841236816,0.03252724383,1702360
chr15,Melody-MT,GSM5652200_Heart-Fibroblasts-Z0000043R.hg38,0.8265529233,0.03671223478,1694084
chr16,Melody-MT,GSM5652200_Heart-Fibroblasts-Z0000043R.hg38,0.8380469808,0.03452091841,2151504
chr17,Melody-MT,GSM5652200_Heart-Fibroblasts-Z0000043R.hg38,0.8536779586,0.03271424031,2326028
chr18,Melody-MT,GSM5652200_Heart-Fibroblasts-Z0000043R.hg38,0.7921150533,0.03968736844,1369394
chr19,Melody-MT,GSM5652200_Heart-Fibroblasts-Z0000043R.hg38,0.8629879219,0.03236414811,2082478
chr2,Melody-MT,GSM5652200_Heart-Fibroblasts-Z0000043R.hg38,0.8121691045,0.03701614784,4286970
chr20,Melody-MT,GSM5652200_Heart-Fibroblasts-Z0000043R.hg38,0.8311818178,0.03435423689,1473914
chr21,Melody-MT,GSM5652200_Heart-Fibroblasts-Z0000043R.hg38,0.8051803216,0.03972077631,762600
chr22,Melody-MT,GSM5652200_Heart-Fibroblasts-Z0000043R.hg38,0.837696816,0.03469258419,1166714
chr3,Melody-MT,GSM5652200_Heart-Fibroblasts-Z0000043R.hg38,0.8113292349,0.03682453187,3251828
chr4,Melody-MT,GSM5652200_Heart-Fibroblasts-Z0000043R.hg38,0.8032084976,0.03695462012,2917368
chr5,Melody-MT,GSM5652200_Heart-Fibroblasts-Z0000043R.hg38,0.806876381,0.03812776019,2966100
chr6,Melody-MT,GSM5652200_Heart-Fibroblasts-Z0000043R.hg38,0.8149565543,0.03704889358,2948088
chr7,Melody-MT,GSM5652200_Heart-Fibroblasts-Z0000043R.hg38,0.8148165957,0.03633943096,3094006
chr8,Melody-MT,GSM5652200_Heart-Fibroblasts-Z0000043R.hg38,0.7042711245,0.05431295642,2569160
chr9,Melody-MT,GSM5652200_Heart-Fibroblasts-Z0000043R.hg38,0.7282002291,0.05397047633,2366528
chrX,Melody-MT,GSM5652200_Heart-Fibroblasts-Z0000043R.hg38,0.747655078,0.05585476374,2264308
chr1,Melody-MT,GSM5652204_Dermal-Fibroblasts-Z00000423.hg38,0.8668059686,0.02429949969,4551882
chr10,Melody-MT,GSM5652204_Dermal-Fibroblasts-Z00000423.hg38,0.7792621928,0.03550189876,2699794
chr11,Melody-MT,GSM5652204_Dermal-Fibroblasts-Z00000423.hg38,0.8579501382,0.02522930375,2588728
chr12,Melody-MT,GSM5652204_Dermal-Fibroblasts-Z00000423.hg38,0.8573435204,0.02460163017,2568784
chr13,Melody-MT,GSM5652204_Dermal-Fibroblasts-Z00000423.hg38,0.8292541501,0.02536174095,1608112
chr14,Melody-MT,GSM5652204_Dermal-Fibroblasts-Z00000423.hg38,0.8651571099,0.02337449715,1710070
chr15,Melody-MT,GSM5652204_Dermal-Fibroblasts-Z00000423.hg38,0.8581819728,0.02532944459,1708250
chr16,Melody-MT,GSM5652204_Dermal-Fibroblasts-Z00000423.hg38,0.8646537138,0.02449405035,2167078
chr17,Melody-MT,GSM5652204_Dermal-Fibroblasts-Z00000423.hg38,0.8841841731,0.02363376745,2342884
chr18,Melody-MT,GSM5652204_Dermal-Fibroblasts-Z00000423.hg38,0.826234998,0.02647922716,1385770
chr19,Melody-MT,GSM5652204_Dermal-Fibroblasts-Z00000423.hg38,0.9021496139,0.02193590981,2095008
chr2,Melody-MT,GSM5652204_Dermal-Fibroblasts-Z00000423.hg38,0.8435209034,0.02504868759,4308090
chr20,Melody-MT,GSM5652204_Dermal-Fibroblasts-Z00000423.hg38,0.862033084,0.02485275941,1480182
chr21,Melody-MT,GSM5652204_Dermal-Fibroblasts-Z00000423.hg38,0.8383978277,0.02671102792,769048
chr22,Melody-MT,GSM5652204_Dermal-Fibroblasts-Z00000423.hg38,0.8723086516,0.02377895031,1176508
chr3,Melody-MT,GSM5652204_Dermal-Fibroblasts-Z00000423.hg38,0.8432412661,0.0246693709,3269960
chr4,Melody-MT,GSM5652204_Dermal-Fibroblasts-Z00000423.hg38,0.8292134791,0.02541168654,2932262
chr5,Melody-MT,GSM5652204_Dermal-Fibroblasts-Z00000423.hg38,0.8415063339,0.02537912938,2982984
chr6,Melody-MT,GSM5652204_Dermal-Fibroblasts-Z00000423.hg38,0.8538361149,0.02443907233,2959984
chr7,Melody-MT,GSM5652204_Dermal-Fibroblasts-Z00000423.hg38,0.84638986,0.02473742813,3115580
chr8,Melody-MT,GSM5652204_Dermal-Fibroblasts-Z00000423.hg38,0.772500885,0.03486229021,2575312
chr9,Melody-MT,GSM5652204_Dermal-Fibroblasts-Z00000423.hg38,0.7864321485,0.03605815936,2387860
chrX,Melody-MT,GSM5652204_Dermal-Fibroblasts-Z00000423.hg38,0.805447366,0.03264013229,2284248
chr1,Melody-MT,GSM5652205_Skeletal-Muscle-Z00000427.hg38,0.868859314,0.02340764077,4547414
chr10,Melody-MT,GSM5652205_Skeletal-Muscle-Z00000427.hg38,0.7948576839,0.03198898763,2698492
chr11,Melody-MT,GSM5652205_Skeletal-Muscle-Z00000427.hg38,0.8615174296,0.02438081694,2587932
chr12,Melody-MT,GSM5652205_Skeletal-Muscle-Z00000427.hg38,0.8608754049,0.02319686479,2565508
chr13,Melody-MT,GSM5652205_Skeletal-Muscle-Z00000427.hg38,0.8322940246,0.02399323903,1607064
chr14,Melody-MT,GSM5652205_Skeletal-Muscle-Z00000427.hg38,0.8643302374,0.02326997256,1707572
chr15,Melody-MT,GSM5652205_Skeletal-Muscle-Z00000427.hg38,0.8627148986,0.02409945342,1705156
chr16,Melody-MT,GSM5652205_Skeletal-Muscle-Z00000427.hg38,0.864496672,0.02406750953,2164272
chr17,Melody-MT,GSM5652205_Skeletal-Muscle-Z00000427.hg38,0.8841276854,0.02337937514,2338926
chr18,Melody-MT,GSM5652205_Skeletal-Muscle-Z00000427.hg38,0.8279124405,0.02513585449,1380248
chr19,Melody-MT,GSM5652205_Skeletal-Muscle-Z00000427.hg38,0.901022742,0.02202638788,2089930
chr2,Melody-MT,GSM5652205_Skeletal-Muscle-Z00000427.hg38,0.8487778752,0.02363497784,4304484
chr20,Melody-MT,GSM5652205_Skeletal-Muscle-Z00000427.hg38,0.8619176313,0.0247383083,1477454
chr21,Melody-MT,GSM5652205_Skeletal-Muscle-Z00000427.hg38,0.8359977895,0.02623163863,768142
chr22,Melody-MT,GSM5652205_Skeletal-Muscle-Z00000427.hg38,0.8638975778,0.02487701959,1172198
chr3,Melody-MT,GSM5652205_Skeletal-Muscle-Z00000427.hg38,0.8471498437,0.02323315922,3263130
chr4,Melody-MT,GSM5652205_Skeletal-Muscle-Z00000427.hg38,0.832875737,0.02392076152,2929618
chr5,Melody-MT,GSM5652205_Skeletal-Muscle-Z00000427.hg38,0.8496089883,0.02324473833,2981166
chr6,Melody-MT,GSM5652205_Skeletal-Muscle-Z00000427.hg38,0.8601560671,0.02282830765,2963308
chr7,Melody-MT,GSM5652205_Skeletal-Muscle-Z00000427.hg38,0.8506337693,0.02357969061,3109108
chr8,Melody-MT,GSM5652205_Skeletal-Muscle-Z00000427.hg38,0.7911563322,0.03077007941,2578870
chr9,Melody-MT,GSM5652205_Skeletal-Muscle-Z00000427.hg38,0.7980640057,0.03327861351,2379880
chrX,Melody-MT,GSM5652205_Skeletal-Muscle-Z00000427.hg38,0.7988568444,0.01949740877,2293292
chr1,Melody-MT,GSM5652207_Aorta-Smooth-Muscle-Z0000041U.hg38,0.8544919683,0.02658760866,4552188
chr10,Melody-MT,GSM5652207_Aorta-Smooth-Muscle-Z0000041U.hg38,0.7556910346,0.04005425613,2702806
chr11,Melody-MT,GSM5652207_Aorta-Smooth-Muscle-Z0000041U.hg38,0.8485433487,0.02707210136,2593946
chr12,Melody-MT,GSM5652207_Aorta-Smooth-Muscle-Z0000041U.hg38,0.8466453461,0.02701152672,2573054
chr13,Melody-MT,GSM5652207_Aorta-Smooth-Muscle-Z0000041U.hg38,0.8243480661,0.02737355143,1608344
chr14,Melody-MT,GSM5652207_Aorta-Smooth-Muscle-Z0000041U.hg38,0.8554936156,0.02527952878,1711252
chr15,Melody-MT,GSM5652207_Aorta-Smooth-Muscle-Z0000041U.hg38,0.849604844,0.02684029943,1705848
chr16,Melody-MT,GSM5652207_Aorta-Smooth-Muscle-Z0000041U.hg38,0.8597103415,0.02557400603,2165996
chr17,Melody-MT,GSM5652207_Aorta-Smooth-Muscle-Z0000041U.hg38,0.8766732161,0.02464436225,2343784
chr18,Melody-MT,GSM5652207_Aorta-Smooth-Muscle-Z0000041U.hg38,0.820626802,0.02823856415,1381908
chr19,Melody-MT,GSM5652207_Aorta-Smooth-Muscle-Z0000041U.hg38,0.8934080065,0.02283812988,2096526
chr2,Melody-MT,GSM5652207_Aorta-Smooth-Muscle-Z0000041U.hg38,0.8376034865,0.02660986725,4311124
chr20,Melody-MT,GSM5652207_Aorta-Smooth-Muscle-Z0000041U.hg38,0.8532191879,0.02646430689,1480834
chr21,Melody-MT,GSM5652207_Aorta-Smooth-Muscle-Z0000041U.hg38,0.826379338,0.02960880236,772060
chr22,Melody-MT,GSM5652207_Aorta-Smooth-Muscle-Z0000041U.hg38,0.8580603409,0.02671881057,1174554
chr3,Melody-MT,GSM5652207_Aorta-Smooth-Muscle-Z0000041U.hg38,0.835612607,0.02659010692,3268922
chr4,Melody-MT,GSM5652207_Aorta-Smooth-Muscle-Z0000041U.hg38,0.8244672411,0.02707789424,2935738
chr5,Melody-MT,GSM5652207_Aorta-Smooth-Muscle-Z0000041U.hg38,0.8360594825,0.02673269198,2978932
chr6,Melody-MT,GSM5652207_Aorta-Smooth-Muscle-Z0000041U.hg38,0.8447728251,0.02598839677,2966776
chr7,Melody-MT,GSM5652207_Aorta-Smooth-Muscle-Z0000041U.hg38,0.8429594932,0.02600988,3112468
chr8,Melody-MT,GSM5652207_Aorta-Smooth-Muscle-Z0000041U.hg38,0.7441778716,0.0394727175,2580492
chr9,Melody-MT,GSM5652207_Aorta-Smooth-Muscle-Z0000041U.hg38,0.7625906503,0.04050215861,2388840
chrX,Melody-MT,GSM5652207_Aorta-Smooth-Muscle-Z0000041U.hg38,0.7924597661,0.03655754116,2285466
chr1,Melody-MT,GSM5652215_Heart-Cardiomyocyte-Z0000044P.hg38,0.772731728,0.05086019287,4442464
chr10,Melody-MT,GSM5652215_Heart-Cardiomyocyte-Z0000044P.hg38,0.7029098101,0.05921430838,2647524
chr11,Melody-MT,GSM5652215_Heart-Cardiomyocyte-Z0000044P.hg38,0.7611326397,0.05334196286,2537348
chr12,Melody-MT,GSM5652215_Heart-Cardiomyocyte-Z0000044P.hg38,0.7604051523,0.05012473625,2515244
chr13,Melody-MT,GSM5652215_Heart-Cardiomyocyte-Z0000044P.hg38,0.7181487187,0.05156317461,1582024
chr14,Melody-MT,GSM5652215_Heart-Cardiomyocyte-Z0000044P.hg38,0.7653937972,0.05053455096,1678358
chr15,Melody-MT,GSM5652215_Heart-Cardiomyocyte-Z0000044P.hg38,0.7654955399,0.05141433781,1658476
chr16,Melody-MT,GSM5652215_Heart-Cardiomyocyte-Z0000044P.hg38,0.7603053997,0.05334465536,2104388
chr17,Melody-MT,GSM5652215_Heart-Cardiomyocyte-Z0000044P.hg38,0.7996534729,0.04991435211,2279448
chr18,Melody-MT,GSM5652215_Heart-Cardiomyocyte-Z0000044P.hg38,0.7182685247,0.05259305097,1342824
chr19,Melody-MT,GSM5652215_Heart-Cardiomyocyte-Z0000044P.hg38,0.8167987356,0.04924420189,2042490
chr2,Melody-MT,GSM5652215_Heart-Cardiomyocyte-Z0000044P.hg38,0.7464158779,0.05032109153,4224740
chr20,Melody-MT,GSM5652215_Heart-Cardiomyocyte-Z0000044P.hg38,0.763333377,0.05273822296,1451784
chr21,Melody-MT,GSM5652215_Heart-Cardiomyocyte-Z0000044P.hg38,0.7232866788,0.05440734736,748422
chr22,Melody-MT,GSM5652215_Heart-Cardiomyocyte-Z0000044P.hg38,0.7606993569,0.05437422069,1138758
chr3,Melody-MT,GSM5652215_Heart-Cardiomyocyte-Z0000044P.hg38,0.7433044724,0.04937659227,3212248
chr4,Melody-MT,GSM5652215_Heart-Cardiomyocyte-Z0000044P.hg38,0.7190816958,0.05118069135,2878940
chr5,Melody-MT,GSM5652215_Heart-Cardiomyocyte-Z0000044P.hg38,0.7456628763,0.05080444511,2924334
chr6,Melody-MT,GSM5652215_Heart-Cardiomyocyte-Z0000044P.hg38,0.7583853826,0.04978030131,2910928
chr7,Melody-MT,GSM5652215_Heart-Cardiomyocyte-Z0000044P.hg38,0.7471526468,0.05067267127,3038978
chr8,Melody-MT,GSM5652215_Heart-Cardiomyocyte-Z0000044P.hg38,0.6857191656,0.05897387942,2530598
chr9,Melody-MT,GSM5652215_Heart-Cardiomyocyte-Z0000044P.hg38,0.707669596,0.06057515365,2312596
chrX,Melody-MT,GSM5652215_Heart-Cardiomyocyte-Z0000044P.hg38,0.6123564916,0.05685788508,2248162
chr1,Melody-MT,GSM5652218_Bone-Osteoblasts-Z0000042Z.hg38,0.8535977655,0.02915072868,4557666
chr10,Melody-MT,GSM5652218_Bone-Osteoblasts-Z0000042Z.hg38,0.7626342235,0.04248051532,2700160
chr11,Melody-MT,GSM5652218_Bone-Osteoblasts-Z0000042Z.hg38,0.8477505373,0.02976831563,2603376
chr12,Melody-MT,GSM5652218_Bone-Osteoblasts-Z0000042Z.hg38,0.8490473708,0.02857028714,2569880
chr13,Melody-MT,GSM5652218_Bone-Osteoblasts-Z0000042Z.hg38,0.8266673388,0.03017851326,1608762
chr14,Melody-MT,GSM5652218_Bone-Osteoblasts-Z0000042Z.hg38,0.8580556046,0.02703063348,1711740
chr15,Melody-MT,GSM5652218_Bone-Osteoblasts-Z0000042Z.hg38,0.8530553078,0.02890052374,1711918
chr16,Melody-MT,GSM5652218_Bone-Osteoblasts-Z0000042Z.hg38,0.8545367274,0.02879165708,2170000
chr17,Melody-MT,GSM5652218_Bone-Osteoblasts-Z0000042Z.hg38,0.8742220414,0.02731117169,2349694
chr18,Melody-MT,GSM5652218_Bone-Osteoblasts-Z0000042Z.hg38,0.8259708635,0.03035898824,1383704
chr19,Melody-MT,GSM5652218_Bone-Osteoblasts-Z0000042Z.hg38,0.8939663698,0.02444481694,2098242
chr2,Melody-MT,GSM5652218_Bone-Osteoblasts-Z0000042Z.hg38,0.8370616578,0.02968970467,4311940
chr20,Melody-MT,GSM5652218_Bone-Osteoblasts-Z0000042Z.hg38,0.8516019192,0.02883025385,1485424
chr21,Melody-MT,GSM5652218_Bone-Osteoblasts-Z0000042Z.hg38,0.8293294496,0.03160146148,768834
chr22,Melody-MT,GSM5652218_Bone-Osteoblasts-Z0000042Z.hg38,0.8606893798,0.02804714929,1174770
chr3,Melody-MT,GSM5652218_Bone-Osteoblasts-Z0000042Z.hg38,0.8385335546,0.02903336939,3269260
chr4,Melody-MT,GSM5652218_Bone-Osteoblasts-Z0000042Z.hg38,0.8234164772,0.03064164253,2934258
chr5,Melody-MT,GSM5652218_Bone-Osteoblasts-Z0000042Z.hg38,0.8313949496,0.03090749391,2982092
chr6,Melody-MT,GSM5652218_Bone-Osteoblasts-Z0000042Z.hg38,0.8409899384,0.02973529003,2960194
chr7,Melody-MT,GSM5652218_Bone-Osteoblasts-Z0000042Z.hg38,0.8383591757,0.02943992905,3113742
chr8,Melody-MT,GSM5652218_Bone-Osteoblasts-Z0000042Z.hg38,0.7541397425,0.04236356568,2581228
chr9,Melody-MT,GSM5652218_Bone-Osteoblasts-Z0000042Z.hg38,0.7651458682,0.04401704536,2390380
chrX,Melody-MT,GSM5652218_Bone-Osteoblasts-Z0000042Z.hg38,0.8187680607,0.02182404994,2299056
chr1,Melody-MT,GSM5652219_Oligodendrocytes-Z000000TK.hg38,0.862425053,0.02578713075,4537494
chr10,Melody-MT,GSM5652219_Oligodendrocytes-Z000000TK.hg38,0.7972554484,0.03355653528,2687506
chr11,Melody-MT,GSM5652219_Oligodendrocytes-Z000000TK.hg38,0.8504690227,0.02762183181,2586928
chr12,Melody-MT,GSM5652219_Oligodendrocytes-Z000000TK.hg38,0.8554632541,0.0251066635,2568148
chr13,Melody-MT,GSM5652219_Oligodendrocytes-Z000000TK.hg38,0.813987293,0.02729963422,1602642
chr14,Melody-MT,GSM5652219_Oligodendrocytes-Z000000TK.hg38,0.8557100543,0.02609986424,1705446
chr15,Melody-MT,GSM5652219_Oligodendrocytes-Z000000TK.hg38,0.8547334337,0.02634400894,1693092
chr16,Melody-MT,GSM5652219_Oligodendrocytes-Z000000TK.hg38,0.8624713546,0.02621916936,2154574
chr17,Melody-MT,GSM5652219_Oligodendrocytes-Z000000TK.hg38,0.8816736525,0.0253550302,2331734
chr18,Melody-MT,GSM5652219_Oligodendrocytes-Z000000TK.hg38,0.8154955355,0.02815834937,1381838
chr19,Melody-MT,GSM5652219_Oligodendrocytes-Z000000TK.hg38,0.8946307209,0.02403374381,2092776
chr2,Melody-MT,GSM5652219_Oligodendrocytes-Z000000TK.hg38,0.8424865954,0.02576987784,4296192
chr20,Melody-MT,GSM5652219_Oligodendrocytes-Z000000TK.hg38,0.8611666693,0.02623710727,1482332
chr21,Melody-MT,GSM5652219_Oligodendrocytes-Z000000TK.hg38,0.8377000351,0.02774125829,771260
chr22,Melody-MT,GSM5652219_Oligodendrocytes-Z000000TK.hg38,0.8611039341,0.02727910568,1166442
chr3,Melody-MT,GSM5652219_Oligodendrocytes-Z000000TK.hg38,0.8379546843,0.0252797497,3260834
chr4,Melody-MT,GSM5652219_Oligodendrocytes-Z000000TK.hg38,0.8205123303,0.02615941714,2931212
chr5,Melody-MT,GSM5652219_Oligodendrocytes-Z000000TK.hg38,0.8417289674,0.02530728654,2970550
chr6,Melody-MT,GSM5652219_Oligodendrocytes-Z000000TK.hg38,0.8494554559,0.02536890321,2961338
chr7,Melody-MT,GSM5652219_Oligodendrocytes-Z000000TK.hg38,0.8471677856,0.02544888281,3100814
chr8,Melody-MT,GSM5652219_Oligodendrocytes-Z000000TK.hg38,0.7909568753,0.03212021072,2570432
chr9,Melody-MT,GSM5652219_Oligodendrocytes-Z000000TK.hg38,0.8011914003,0.03472571925,2367218
chrX,Melody-MT,GSM5652219_Oligodendrocytes-Z000000TK.hg38,0.7959985047,0.03180615214,2274326
chr1,Melody-MT,GSM5652223_Cortex-Neuron-Z000000TF.hg38,0.8839789699,0.01893703676,4529500
chr10,Melody-MT,GSM5652223_Cortex-Neuron-Z000000TF.hg38,0.8215487544,0.02514739307,2687606
chr11,Melody-MT,GSM5652223_Cortex-Neuron-Z000000TF.hg38,0.8721795584,0.02037134503,2581180
chr12,Melody-MT,GSM5652223_Cortex-Neuron-Z000000TF.hg38,0.8746815649,0.0189323246,2560822
chr13,Melody-MT,GSM5652223_Cortex-Neuron-Z000000TF.hg38,0.8348021144,0.02052505262,1604240
chr14,Melody-MT,GSM5652223_Cortex-Neuron-Z000000TF.hg38,0.8768000741,0.01929047432,1705980
chr15,Melody-MT,GSM5652223_Cortex-Neuron-Z000000TF.hg38,0.8734568488,0.01996572157,1693014
chr16,Melody-MT,GSM5652223_Cortex-Neuron-Z000000TF.hg38,0.8814114181,0.0194612143,2153794
chr17,Melody-MT,GSM5652223_Cortex-Neuron-Z000000TF.hg38,0.9017660329,0.01859130024,2327966
chr18,Melody-MT,GSM5652223_Cortex-Neuron-Z000000TF.hg38,0.8403538255,0.02047457001,1371852
chr19,Melody-MT,GSM5652223_Cortex-Neuron-Z000000TF.hg38,0.9121105338,0.01833696695,2090254
chr2,Melody-MT,GSM5652223_Cortex-Neuron-Z000000TF.hg38,0.8650936261,0.01875270401,4290934
chr20,Melody-MT,GSM5652223_Cortex-Neuron-Z000000TF.hg38,0.8791964747,0.01959107259,1475506
chr21,Melody-MT,GSM5652223_Cortex-Neuron-Z000000TF.hg38,0.8474953937,0.02211755216,769008
chr22,Melody-MT,GSM5652223_Cortex-Neuron-Z000000TF.hg38,0.8822940054,0.01992369196,1168490
chr3,Melody-MT,GSM5652223_Cortex-Neuron-Z000000TF.hg38,0.8614368259,0.01858502369,3254786
chr4,Melody-MT,GSM5652223_Cortex-Neuron-Z000000TF.hg38,0.8385449004,0.02027330795,2926384
chr5,Melody-MT,GSM5652223_Cortex-Neuron-Z000000TF.hg38,0.8611592499,0.01907768852,2967356
chr6,Melody-MT,GSM5652223_Cortex-Neuron-Z000000TF.hg38,0.8715370981,0.01888935156,2958976
chr7,Melody-MT,GSM5652223_Cortex-Neuron-Z000000TF.hg38,0.865440728,0.01921268375,3103740
chr8,Melody-MT,GSM5652223_Cortex-Neuron-Z000000TF.hg38,0.8122604994,0.02453191127,2570482
chr9,Melody-MT,GSM5652223_Cortex-Neuron-Z000000TF.hg38,0.824521052,0.02650211758,2362650
chrX,Melody-MT,GSM5652223_Cortex-Neuron-Z000000TF.hg38,0.8092295567,0.02584497248,2271578
chr1,Melody-MT,GSM5652233_Liver-Hepatocytes-Z000000R3.hg38,0.8603296257,0.02686554009,4552870
chr10,Melody-MT,GSM5652233_Liver-Hepatocytes-Z000000R3.hg38,0.7841647805,0.0362733305,2697742
chr11,Melody-MT,GSM5652233_Liver-Hepatocytes-Z000000R3.hg38,0.8491464052,0.02794894549,2594250
chr12,Melody-MT,GSM5652233_Liver-Hepatocytes-Z000000R3.hg38,0.8473281152,0.02731570502,2567052
chr13,Melody-MT,GSM5652233_Liver-Hepatocytes-Z000000R3.hg38,0.8165796777,0.02775060555,1607502
chr14,Melody-MT,GSM5652233_Liver-Hepatocytes-Z000000R3.hg38,0.8536208354,0.02665895719,1708740
chr15,Melody-MT,GSM5652233_Liver-Hepatocytes-Z000000R3.hg38,0.8529093561,0.02691418651,1705980
chr16,Melody-MT,GSM5652233_Liver-Hepatocytes-Z000000R3.hg38,0.8617974111,0.02646290605,2165380
chr17,Melody-MT,GSM5652233_Liver-Hepatocytes-Z000000R3.hg38,0.8823637767,0.02559345295,2341504
chr18,Melody-MT,GSM5652233_Liver-Hepatocytes-Z000000R3.hg38,0.8169093208,0.02847812322,1383880
chr19,Melody-MT,GSM5652233_Liver-Hepatocytes-Z000000R3.hg38,0.8979605884,0.02412381406,2094096
chr2,Melody-MT,GSM5652233_Liver-Hepatocytes-Z000000R3.hg38,0.8407227484,0.02647619775,4306244
chr20,Melody-MT,GSM5652233_Liver-Hepatocytes-Z000000R3.hg38,0.8589087131,0.02682923411,1483226
chr21,Melody-MT,GSM5652233_Liver-Hepatocytes-Z000000R3.hg38,0.835711297,0.02814854203,770058
chr22,Melody-MT,GSM5652233_Liver-Hepatocytes-Z000000R3.hg38,0.8635565318,0.02741567244,1176172
chr3,Melody-MT,GSM5652233_Liver-Hepatocytes-Z000000R3.hg38,0.8346519604,0.02672883063,3264976
chr4,Melody-MT,GSM5652233_Liver-Hepatocytes-Z000000R3.hg38,0.8217342775,0.02708788794,2934588
chr5,Melody-MT,GSM5652233_Liver-Hepatocytes-Z000000R3.hg38,0.8394095427,0.02654730144,2977830
chr6,Melody-MT,GSM5652233_Liver-Hepatocytes-Z000000R3.hg38,0.8469346167,0.02667741531,2962260
chr7,Melody-MT,GSM5652233_Liver-Hepatocytes-Z000000R3.hg38,0.8471927936,0.02597090709,3112824
chr8,Melody-MT,GSM5652233_Liver-Hepatocytes-Z000000R3.hg38,0.7686349544,0.03586460575,2575230
chr9,Melody-MT,GSM5652233_Liver-Hepatocytes-Z000000R3.hg38,0.7853622235,0.03771178986,2384978
chrX,Melody-MT,GSM5652233_Liver-Hepatocytes-Z000000R3.hg38,0.7985446924,0.03426619082,2285558
chr1,Melody-MT,GSM5652239_Pancreas-Duct-Z0000043T.hg38,0.8708751257,0.02519829203,4546900
chr10,Melody-MT,GSM5652239_Pancreas-Duct-Z0000043T.hg38,0.7864604419,0.03632153495,2700524
chr11,Melody-MT,GSM5652239_Pancreas-Duct-Z0000043T.hg38,0.8613094139,0.02678712106,2585596
chr12,Melody-MT,GSM5652239_Pancreas-Duct-Z0000043T.hg38,0.8620543865,0.02484548814,2567698
chr13,Melody-MT,GSM5652239_Pancreas-Duct-Z0000043T.hg38,0.8284341744,0.02699977401,1607492
chr14,Melody-MT,GSM5652239_Pancreas-Duct-Z0000043T.hg38,0.8646293923,0.0251992763,1709200
chr15,Melody-MT,GSM5652239_Pancreas-Duct-Z0000043T.hg38,0.8625099363,0.02589640022,1707146
chr16,Melody-MT,GSM5652239_Pancreas-Duct-Z0000043T.hg38,0.8709508062,0.02463708314,2164996
chr17,Melody-MT,GSM5652239_Pancreas-Duct-Z0000043T.hg38,0.89135573,0.0239289245,2339966
chr18,Melody-MT,GSM5652239_Pancreas-Duct-Z0000043T.hg38,0.8258701303,0.02774038273,1383298
chr19,Melody-MT,GSM5652239_Pancreas-Duct-Z0000043T.hg38,0.9084657164,0.02175662644,2093884
chr2,Melody-MT,GSM5652239_Pancreas-Duct-Z0000043T.hg38,0.8510611363,0.02537753558,4310098
chr20,Melody-MT,GSM5652239_Pancreas-Duct-Z0000043T.hg38,0.8703563912,0.02486918789,1484162
chr21,Melody-MT,GSM5652239_Pancreas-Duct-Z0000043T.hg38,0.8396054587,0.02775430702,769856
chr22,Melody-MT,GSM5652239_Pancreas-Duct-Z0000043T.hg38,0.8737105206,0.02484166668,1171844
chr3,Melody-MT,GSM5652239_Pancreas-Duct-Z0000043T.hg38,0.8493627555,0.02453994511,3269496
chr4,Melody-MT,GSM5652239_Pancreas-Duct-Z0000043T.hg38,0.8256786121,0.02701384591,2929670
chr5,Melody-MT,GSM5652239_Pancreas-Duct-Z0000043T.hg38,0.8485322382,0.0253950511,2978348
chr6,Melody-MT,GSM5652239_Pancreas-Duct-Z0000043T.hg38,0.8579363505,0.02519307054,2960704
chr7,Melody-MT,GSM5652239_Pancreas-Duct-Z0000043T.hg38,0.8545099399,0.02491005452,3118204
chr8,Melody-MT,GSM5652239_Pancreas-Duct-Z0000043T.hg38,0.7767437694,0.03484138044,2580396
chr9,Melody-MT,GSM5652239_Pancreas-Duct-Z0000043T.hg38,0.7892578013,0.03728466202,2384050
chrX,Melody-MT,GSM5652239_Pancreas-Duct-Z0000043T.hg38,0.7815573978,0.0222472489,2295014
chr1,Melody-MT,GSM5652243_Pancreas-Acinar-Z000000QX.hg38,0.8393507749,0.03425482602,4574060
chr10,Melody-MT,GSM5652243_Pancreas-Acinar-Z000000QX.hg38,0.7498059617,0.04833798996,2710692
chr11,Melody-MT,GSM5652243_Pancreas-Acinar-Z000000QX.hg38,0.8313504612,0.03535011459,2596512
chr12,Melody-MT,GSM5652243_Pancreas-Acinar-Z000000QX.hg38,0.8346029107,0.03393640394,2577714
chr13,Melody-MT,GSM5652243_Pancreas-Acinar-Z000000QX.hg38,0.8129231092,0.03494670214,1611360
chr14,Melody-MT,GSM5652243_Pancreas-Acinar-Z000000QX.hg38,0.83606569,0.03493561323,1713198
chr15,Melody-MT,GSM5652243_Pancreas-Acinar-Z000000QX.hg38,0.826597976,0.03609884446,1718420
chr16,Melody-MT,GSM5652243_Pancreas-Acinar-Z000000QX.hg38,0.8411938509,0.03377824412,2178720
chr17,Melody-MT,GSM5652243_Pancreas-Acinar-Z000000QX.hg38,0.8574495158,0.03253608173,2354098
chr18,Melody-MT,GSM5652243_Pancreas-Acinar-Z000000QX.hg38,0.8144892197,0.03487829651,1391090
chr19,Melody-MT,GSM5652243_Pancreas-Acinar-Z000000QX.hg38,0.8737894013,0.03117645974,2104370
chr2,Melody-MT,GSM5652243_Pancreas-Acinar-Z000000QX.hg38,0.8193288057,0.03562987818,4322160
chr20,Melody-MT,GSM5652243_Pancreas-Acinar-Z000000QX.hg38,0.8410751244,0.03289526177,1490428
chr21,Melody-MT,GSM5652243_Pancreas-Acinar-Z000000QX.hg38,0.813114173,0.03568168227,775468
chr22,Melody-MT,GSM5652243_Pancreas-Acinar-Z000000QX.hg38,0.8395506618,0.03476079487,1180554
chr3,Melody-MT,GSM5652243_Pancreas-Acinar-Z000000QX.hg38,0.8188710873,0.03501549211,3272370
chr4,Melody-MT,GSM5652243_Pancreas-Acinar-Z000000QX.hg38,0.8137929254,0.03512749385,2939260
chr5,Melody-MT,GSM5652243_Pancreas-Acinar-Z000000QX.hg38,0.8192864844,0.03514856951,2988022
chr6,Melody-MT,GSM5652243_Pancreas-Acinar-Z000000QX.hg38,0.8304839362,0.03403831095,2965546
chr7,Melody-MT,GSM5652243_Pancreas-Acinar-Z000000QX.hg38,0.8175101334,0.03689969786,3123204
chr8,Melody-MT,GSM5652243_Pancreas-Acinar-Z000000QX.hg38,0.7485721364,0.04684106647,2589508
chr9,Melody-MT,GSM5652243_Pancreas-Acinar-Z000000QX.hg38,0.7564317822,0.04825193633,2404972
chrX,Melody-MT,GSM5652243_Pancreas-Acinar-Z000000QX.hg38,0.7950407046,0.04323515793,2293398
chr1,Melody-MT,GSM5652247_Pancreas-Delta-Z00000451.hg38,0.8525538488,0.0281865366,4547728
chr10,Melody-MT,GSM5652247_Pancreas-Delta-Z00000451.hg38,0.7770209634,0.03708789422,2697452
chr11,Melody-MT,GSM5652247_Pancreas-Delta-Z00000451.hg38,0.8431670728,0.02977590253,2590440
chr12,Melody-MT,GSM5652247_Pancreas-Delta-Z00000451.hg38,0.8414990448,0.0281758135,2574284
chr13,Melody-MT,GSM5652247_Pancreas-Delta-Z00000451.hg38,0.8122331989,0.02922231301,1607446
chr14,Melody-MT,GSM5652247_Pancreas-Delta-Z00000451.hg38,0.8501548901,0.02741780964,1706686
chr15,Melody-MT,GSM5652247_Pancreas-Delta-Z00000451.hg38,0.8461391277,0.0281909058,1704104
chr16,Melody-MT,GSM5652247_Pancreas-Delta-Z00000451.hg38,0.8528357589,0.02780017008,2161628
chr17,Melody-MT,GSM5652247_Pancreas-Delta-Z00000451.hg38,0.872707366,0.02748216899,2336770
chr18,Melody-MT,GSM5652247_Pancreas-Delta-Z00000451.hg38,0.8049795175,0.03059753632,1375780
chr19,Melody-MT,GSM5652247_Pancreas-Delta-Z00000451.hg38,0.8903443526,0.02513330052,2093578
chr2,Melody-MT,GSM5652247_Pancreas-Delta-Z00000451.hg38,0.8356838866,0.02754347017,4304710
chr20,Melody-MT,GSM5652247_Pancreas-Delta-Z00000451.hg38,0.8466688134,0.02915077339,1478510
chr21,Melody-MT,GSM5652247_Pancreas-Delta-Z00000451.hg38,0.82515812,0.02940480332,766388
chr22,Melody-MT,GSM5652247_Pancreas-Delta-Z00000451.hg38,0.850920003,0.02923975486,1170258
chr3,Melody-MT,GSM5652247_Pancreas-Delta-Z00000451.hg38,0.8306324684,0.02771976504,3260498
chr4,Melody-MT,GSM5652247_Pancreas-Delta-Z00000451.hg38,0.8137290304,0.02855396623,2928030
chr5,Melody-MT,GSM5652247_Pancreas-Delta-Z00000451.hg38,0.8340378567,0.02785606222,2978008
chr6,Melody-MT,GSM5652247_Pancreas-Delta-Z00000451.hg38,0.840938113,0.02805195144,2959188
chr7,Melody-MT,GSM5652247_Pancreas-Delta-Z00000451.hg38,0.8348477341,0.02826552549,3108382
chr8,Melody-MT,GSM5652247_Pancreas-Delta-Z00000451.hg38,0.7663139886,0.03627294732,2576826
chr9,Melody-MT,GSM5652247_Pancreas-Delta-Z00000451.hg38,0.7812244344,0.03818278847,2379162
chrX,Melody-MT,GSM5652247_Pancreas-Delta-Z00000451.hg38,0.7512973327,0.02536905968,2293452
chr1,Melody-MT,GSM5652250_Pancreas-Beta-Z00000452.hg38,0.8516915949,0.02809767199,4548350
chr10,Melody-MT,GSM5652250_Pancreas-Beta-Z00000452.hg38,0.7766027976,0.03678737356,2698456
chr11,Melody-MT,GSM5652250_Pancreas-Beta-Z00000452.hg38,0.844019725,0.02910305592,2591902
chr12,Melody-MT,GSM5652250_Pancreas-Beta-Z00000452.hg38,0.8414796311,0.02777977052,2575008
chr13,Melody-MT,GSM5652250_Pancreas-Beta-Z00000452.hg38,0.8104485464,0.02900230811,1607708
chr14,Melody-MT,GSM5652250_Pancreas-Beta-Z00000452.hg38,0.8504745864,0.02687793709,1706636
chr15,Melody-MT,GSM5652250_Pancreas-Beta-Z00000452.hg38,0.845443144,0.02813408981,1703654
chr16,Melody-MT,GSM5652250_Pancreas-Beta-Z00000452.hg38,0.8551009598,0.0271008359,2161124
chr17,Melody-MT,GSM5652250_Pancreas-Beta-Z00000452.hg38,0.8725353231,0.02729911804,2335712
chr18,Melody-MT,GSM5652250_Pancreas-Beta-Z00000452.hg38,0.8068541951,0.02961849785,1375426
chr19,Melody-MT,GSM5652250_Pancreas-Beta-Z00000452.hg38,0.8945244901,0.02415109404,2094190
chr2,Melody-MT,GSM5652250_Pancreas-Beta-Z00000452.hg38,0.8344113089,0.02739799203,4306108
chr20,Melody-MT,GSM5652250_Pancreas-Beta-Z00000452.hg38,0.844639125,0.02897518088,1478528
chr21,Melody-MT,GSM5652250_Pancreas-Beta-Z00000452.hg38,0.823086628,0.02932879324,766154
chr22,Melody-MT,GSM5652250_Pancreas-Beta-Z00000452.hg38,0.849253704,0.02928429193,1170370
chr3,Melody-MT,GSM5652250_Pancreas-Beta-Z00000452.hg38,0.8289302502,0.02761352645,3261230
chr4,Melody-MT,GSM5652250_Pancreas-Beta-Z00000452.hg38,0.8132225108,0.02831927758,2928364
chr5,Melody-MT,GSM5652250_Pancreas-Beta-Z00000452.hg38,0.8332761157,0.02743473884,2978358
chr6,Melody-MT,GSM5652250_Pancreas-Beta-Z00000452.hg38,0.8411223493,0.02766007317,2959614
chr7,Melody-MT,GSM5652250_Pancreas-Beta-Z00000452.hg38,0.8350583761,0.02794079037,3107988
chr8,Melody-MT,GSM5652250_Pancreas-Beta-Z00000452.hg38,0.7669217978,0.03574959057,2577036
chr9,Melody-MT,GSM5652250_Pancreas-Beta-Z00000452.hg38,0.7791872432,0.03810838811,2379752
chrX,Melody-MT,GSM5652250_Pancreas-Beta-Z00000452.hg38,0.7651164764,0.02300286891,2293712
chr1,Melody-MT,GSM5652253_Pancreas-Alpha-Z00000453.hg38,0.8551720477,0.02716504737,4556958
chr10,Melody-MT,GSM5652253_Pancreas-Alpha-Z00000453.hg38,0.7767624988,0.03606593203,2702172
chr11,Melody-MT,GSM5652253_Pancreas-Alpha-Z00000453.hg38,0.8481263952,0.02803267786,2595980
chr12,Melody-MT,GSM5652253_Pancreas-Alpha-Z00000453.hg38,0.8441269308,0.02713711012,2578632
chr13,Melody-MT,GSM5652253_Pancreas-Alpha-Z00000453.hg38,0.8106871666,0.02895426892,1608970
chr14,Melody-MT,GSM5652253_Pancreas-Alpha-Z00000453.hg38,0.8538512968,0.02615112575,1708644
chr15,Melody-MT,GSM5652253_Pancreas-Alpha-Z00000453.hg38,0.8478986564,0.02713138623,1708252
chr16,Melody-MT,GSM5652253_Pancreas-Alpha-Z00000453.hg38,0.8572593064,0.02641898605,2166678
chr17,Melody-MT,GSM5652253_Pancreas-Alpha-Z00000453.hg38,0.8762015761,0.02640409325,2341130
chr18,Melody-MT,GSM5652253_Pancreas-Alpha-Z00000453.hg38,0.804836782,0.02921342702,1378830
chr19,Melody-MT,GSM5652253_Pancreas-Alpha-Z00000453.hg38,0.8957911503,0.02387338828,2097754
chr2,Melody-MT,GSM5652253_Pancreas-Alpha-Z00000453.hg38,0.8359428687,0.02704859514,4312226
chr20,Melody-MT,GSM5652253_Pancreas-Alpha-Z00000453.hg38,0.8475148033,0.02854205553,1480494
chr21,Melody-MT,GSM5652253_Pancreas-Alpha-Z00000453.hg38,0.822272917,0.02850495929,769492
chr22,Melody-MT,GSM5652253_Pancreas-Alpha-Z00000453.hg38,0.8546605105,0.02807379181,1173414
chr3,Melody-MT,GSM5652253_Pancreas-Alpha-Z00000453.hg38,0.8326913213,0.02694872202,3264128
chr4,Melody-MT,GSM5652253_Pancreas-Alpha-Z00000453.hg38,0.8148700809,0.02796555992,2931856
chr5,Melody-MT,GSM5652253_Pancreas-Alpha-Z00000453.hg38,0.8347020756,0.02720963286,2981748
chr6,Melody-MT,GSM5652253_Pancreas-Alpha-Z00000453.hg38,0.8433968093,0.02714276715,2962194
chr7,Melody-MT,GSM5652253_Pancreas-Alpha-Z00000453.hg38,0.8367444937,0.02753167283,3113860
chr8,Melody-MT,GSM5652253_Pancreas-Alpha-Z00000453.hg38,0.7674538922,0.03565882992,2581262
chr9,Melody-MT,GSM5652253_Pancreas-Alpha-Z00000453.hg38,0.7798433097,0.03791296226,2387042
chrX,Melody-MT,GSM5652253_Pancreas-Alpha-Z00000453.hg38,0.7749308654,0.0217685487,2297920
chr1,Melody-MT,GSM5652264_Thyroid-Epithelial-Z0000042S.hg38,0.8630142493,0.02677714109,4541672
chr10,Melody-MT,GSM5652264_Thyroid-Epithelial-Z0000042S.hg38,0.7896531942,0.03585064231,2700316
chr11,Melody-MT,GSM5652264_Thyroid-Epithelial-Z0000042S.hg38,0.8545208055,0.02804392059,2592394
chr12,Melody-MT,GSM5652264_Thyroid-Epithelial-Z0000042S.hg38,0.8539068455,0.02638163877,2573676
chr13,Melody-MT,GSM5652264_Thyroid-Epithelial-Z0000042S.hg38,0.8226688146,0.0270783265,1608090
chr14,Melody-MT,GSM5652264_Thyroid-Epithelial-Z0000042S.hg38,0.8579124924,0.02669219137,1710318
chr15,Melody-MT,GSM5652264_Thyroid-Epithelial-Z0000042S.hg38,0.8539913631,0.02771295103,1704504
chr16,Melody-MT,GSM5652264_Thyroid-Epithelial-Z0000042S.hg38,0.8604350629999999,0.02724367262,2165570
chr17,Melody-MT,GSM5652264_Thyroid-Epithelial-Z0000042S.hg38,0.8803794166,0.02675698946,2342848
chr18,Melody-MT,GSM5652264_Thyroid-Epithelial-Z0000042S.hg38,0.8192619317,0.02821930882,1379082
chr19,Melody-MT,GSM5652264_Thyroid-Epithelial-Z0000042S.hg38,0.8978499646,0.02475091242,2095662
chr2,Melody-MT,GSM5652264_Thyroid-Epithelial-Z0000042S.hg38,0.8430780336,0.02665530703,4308684
chr20,Melody-MT,GSM5652264_Thyroid-Epithelial-Z0000042S.hg38,0.8552624558,0.028006817,1477280
chr21,Melody-MT,GSM5652264_Thyroid-Epithelial-Z0000042S.hg38,0.8304723459,0.02863721754,767424
chr22,Melody-MT,GSM5652264_Thyroid-Epithelial-Z0000042S.hg38,0.8568344899,0.02853273883,1177064
chr3,Melody-MT,GSM5652264_Thyroid-Epithelial-Z0000042S.hg38,0.8375454277,0.02665431317,3262616
chr4,Melody-MT,GSM5652264_Thyroid-Epithelial-Z0000042S.hg38,0.8240568071,0.02700875213,2931678
chr5,Melody-MT,GSM5652264_Thyroid-Epithelial-Z0000042S.hg38,0.8427554848,0.02640098999,2980646
chr6,Melody-MT,GSM5652264_Thyroid-Epithelial-Z0000042S.hg38,0.8498601236,0.02654073825,2959596
chr7,Melody-MT,GSM5652264_Thyroid-Epithelial-Z0000042S.hg38,0.8456223367,0.02655740037,3113826
chr8,Melody-MT,GSM5652264_Thyroid-Epithelial-Z0000042S.hg38,0.7804102058,0.03488375047,2577186
chr9,Melody-MT,GSM5652264_Thyroid-Epithelial-Z0000042S.hg38,0.7933652288,0.03722585959,2382880
chrX,Melody-MT,GSM5652264_Thyroid-Epithelial-Z0000042S.hg38,0.7697852482,0.02177442363,2294610
chr1,Melody-MT,GSM5652267_Fallopian-Epithelial-Z000000Q7.hg38,0.8740970373,0.02662589166,4561832
chr10,Melody-MT,GSM5652267_Fallopian-Epithelial-Z000000Q7.hg38,0.788564827,0.03886494262,2702694
chr11,Melody-MT,GSM5652267_Fallopian-Epithelial-Z000000Q7.hg38,0.8651687371,0.02838367271,2591906
chr12,Melody-MT,GSM5652267_Fallopian-Epithelial-Z000000Q7.hg38,0.8643805546,0.02669677011,2570246
chr13,Melody-MT,GSM5652267_Fallopian-Epithelial-Z000000Q7.hg38,0.8333233325,0.02796682572,1609336
chr14,Melody-MT,GSM5652267_Fallopian-Epithelial-Z000000Q7.hg38,0.8680164936,0.02670465468,1710338
chr15,Melody-MT,GSM5652267_Fallopian-Epithelial-Z000000Q7.hg38,0.8688321721,0.02661609564,1711068
chr16,Melody-MT,GSM5652267_Fallopian-Epithelial-Z000000Q7.hg38,0.8728288796,0.02621884878,2168630
chr17,Melody-MT,GSM5652267_Fallopian-Epithelial-Z000000Q7.hg38,0.8939861381,0.02520192572,2346840
chr18,Melody-MT,GSM5652267_Fallopian-Epithelial-Z000000Q7.hg38,0.8317290653,0.02916989634,1386836
chr19,Melody-MT,GSM5652267_Fallopian-Epithelial-Z000000Q7.hg38,0.9095380107,0.02307111128,2096898
chr2,Melody-MT,GSM5652267_Fallopian-Epithelial-Z000000Q7.hg38,0.8542921846,0.0269117546,4313956
chr20,Melody-MT,GSM5652267_Fallopian-Epithelial-Z000000Q7.hg38,0.8697499231,0.02771542936,1482040
chr21,Melody-MT,GSM5652267_Fallopian-Epithelial-Z000000Q7.hg38,0.8457677402,0.02929554666,772696
chr22,Melody-MT,GSM5652267_Fallopian-Epithelial-Z000000Q7.hg38,0.8798954483,0.02599648517,1175670
chr3,Melody-MT,GSM5652267_Fallopian-Epithelial-Z000000Q7.hg38,0.8502382098,0.02699523838,3266690
chr4,Melody-MT,GSM5652267_Fallopian-Epithelial-Z000000Q7.hg38,0.8315895404,0.02873292641,2934762
chr5,Melody-MT,GSM5652267_Fallopian-Epithelial-Z000000Q7.hg38,0.8502224401,0.02714162308,2983818
chr6,Melody-MT,GSM5652267_Fallopian-Epithelial-Z000000Q7.hg38,0.8621134957,0.02652297402,2963468
chr7,Melody-MT,GSM5652267_Fallopian-Epithelial-Z000000Q7.hg38,0.8598139553,0.02601098499,3116580
chr8,Melody-MT,GSM5652267_Fallopian-Epithelial-Z000000Q7.hg38,0.78033838,0.03795225137,2582250
chr9,Melody-MT,GSM5652267_Fallopian-Epithelial-Z000000Q7.hg38,0.7943717281,0.03982546319,2390628
chrX,Melody-MT,GSM5652267_Fallopian-Epithelial-Z000000Q7.hg38,0.7812135734,0.02266012416,2298540
chr1,Melody-MT,GSM5652270_Ovary-Epithelial-Z000000QT.hg38,0.8418939844,0.03525167521,4536008
chr10,Melody-MT,GSM5652270_Ovary-Epithelial-Z000000QT.hg38,0.7316685296,0.05204796623,2691640
chr11,Melody-MT,GSM5652270_Ovary-Epithelial-Z000000QT.hg38,0.8310441563,0.03821887048,2580372
chr12,Melody-MT,GSM5652270_Ovary-Epithelial-Z000000QT.hg38,0.8248217232,0.0369276845,2568720
chr13,Melody-MT,GSM5652270_Ovary-Epithelial-Z000000QT.hg38,0.7854363884,0.03981047664,1604660
chr14,Melody-MT,GSM5652270_Ovary-Epithelial-Z000000QT.hg38,0.8295775574,0.03670871894,1703512
chr15,Melody-MT,GSM5652270_Ovary-Epithelial-Z000000QT.hg38,0.8401047721,0.03427689267,1697050
chr16,Melody-MT,GSM5652270_Ovary-Epithelial-Z000000QT.hg38,0.8393752806,0.03556745885,2154920
chr17,Melody-MT,GSM5652270_Ovary-Epithelial-Z000000QT.hg38,0.8716041573,0.03178136124,2324028
chr18,Melody-MT,GSM5652270_Ovary-Epithelial-Z000000QT.hg38,0.7875014526,0.04017321915,1376176
chr19,Melody-MT,GSM5652270_Ovary-Epithelial-Z000000QT.hg38,0.8800260611,0.03146499092,2083902
chr2,Melody-MT,GSM5652270_Ovary-Epithelial-Z000000QT.hg38,0.8150944066,0.03635757823,4293752
chr20,Melody-MT,GSM5652270_Ovary-Epithelial-Z000000QT.hg38,0.8351168935,0.03693149473,1477552
chr21,Melody-MT,GSM5652270_Ovary-Epithelial-Z000000QT.hg38,0.8125629345,0.03924349173,764162
chr22,Melody-MT,GSM5652270_Ovary-Epithelial-Z000000QT.hg38,0.8553265537,0.03371655767,1166742
chr3,Melody-MT,GSM5652270_Ovary-Epithelial-Z000000QT.hg38,0.8129179614,0.03631803367,3257768
chr4,Melody-MT,GSM5652270_Ovary-Epithelial-Z000000QT.hg38,0.7812281328,0.04123217857,2923528
chr5,Melody-MT,GSM5652270_Ovary-Epithelial-Z000000QT.hg38,0.8013620455,0.03875927644,2967782
chr6,Melody-MT,GSM5652270_Ovary-Epithelial-Z000000QT.hg38,0.8265310101,0.03538269399,2954510
chr7,Melody-MT,GSM5652270_Ovary-Epithelial-Z000000QT.hg38,0.8231135999,0.03526209743,3099264
chr8,Melody-MT,GSM5652270_Ovary-Epithelial-Z000000QT.hg38,0.7063249651,0.05478298727,2570700
chr9,Melody-MT,GSM5652270_Ovary-Epithelial-Z000000QT.hg38,0.7431540449,0.05263326893,2366580
chrX,Melody-MT,GSM5652270_Ovary-Epithelial-Z000000QT.hg38,0.7134212652,0.03716885866,2288202
chr1,Melody-MT,GSM5652274_Bone_marrow-Erythrocyte_progenitors-Z000000RF.hg38,0.8523020467,0.02036728374,4560452
chr10,Melody-MT,GSM5652274_Bone_marrow-Erythrocyte_progenitors-Z000000RF.hg38,0.7792883516,0.02527255834,2706970
chr11,Melody-MT,GSM5652274_Bone_marrow-Erythrocyte_progenitors-Z000000RF.hg38,0.8464355108,0.02002224031,2598218
chr12,Melody-MT,GSM5652274_Bone_marrow-Erythrocyte_progenitors-Z000000RF.hg38,0.8463585586,0.01992676661,2574848
chr13,Melody-MT,GSM5652274_Bone_marrow-Erythrocyte_progenitors-Z000000RF.hg38,0.8288237234,0.01847368325,1609870
chr14,Melody-MT,GSM5652274_Bone_marrow-Erythrocyte_progenitors-Z000000RF.hg38,0.8528939159,0.01928774501,1713276
chr15,Melody-MT,GSM5652274_Bone_marrow-Erythrocyte_progenitors-Z000000RF.hg38,0.8452942937,0.02084106227,1713832
chr16,Melody-MT,GSM5652274_Bone_marrow-Erythrocyte_progenitors-Z000000RF.hg38,0.8594848351,0.01980010589,2175574
chr17,Melody-MT,GSM5652274_Bone_marrow-Erythrocyte_progenitors-Z000000RF.hg38,0.8704140255,0.02076987889,2351420
chr18,Melody-MT,GSM5652274_Bone_marrow-Erythrocyte_progenitors-Z000000RF.hg38,0.8172130723,0.01998101139,1374206
chr19,Melody-MT,GSM5652274_Bone_marrow-Erythrocyte_progenitors-Z000000RF.hg38,0.8862338043,0.0202930317,2101696
chr2,Melody-MT,GSM5652274_Bone_marrow-Erythrocyte_progenitors-Z000000RF.hg38,0.8394008302,0.01899249494,4317226
chr20,Melody-MT,GSM5652274_Bone_marrow-Erythrocyte_progenitors-Z000000RF.hg38,0.8563288801,0.0189201121,1488364
chr21,Melody-MT,GSM5652274_Bone_marrow-Erythrocyte_progenitors-Z000000RF.hg38,0.8276744218,0.02158991741,775558
chr22,Melody-MT,GSM5652274_Bone_marrow-Erythrocyte_progenitors-Z000000RF.hg38,0.8513072547,0.02206520288,1179216
chr3,Melody-MT,GSM5652274_Bone_marrow-Erythrocyte_progenitors-Z000000RF.hg38,0.8364422001,0.0189011174,3273120
chr4,Melody-MT,GSM5652274_Bone_marrow-Erythrocyte_progenitors-Z000000RF.hg38,0.8240925554,0.01830585542,2938540
chr5,Melody-MT,GSM5652274_Bone_marrow-Erythrocyte_progenitors-Z000000RF.hg38,0.8375351354,0.01864449572,2984690
chr6,Melody-MT,GSM5652274_Bone_marrow-Erythrocyte_progenitors-Z000000RF.hg38,0.8414338491,0.01917729512,2968472
chr7,Melody-MT,GSM5652274_Bone_marrow-Erythrocyte_progenitors-Z000000RF.hg38,0.8397244347,0.01948913053,3123584
chr8,Melody-MT,GSM5652274_Bone_marrow-Erythrocyte_progenitors-Z000000RF.hg38,0.769364784,0.02486064003,2583594
chr9,Melody-MT,GSM5652274_Bone_marrow-Erythrocyte_progenitors-Z000000RF.hg38,0.7743818759,0.02797269605,2396514
chrX,Melody-MT,GSM5652274_Bone_marrow-Erythrocyte_progenitors-Z000000RF.hg38,0.789950368,0.02475008704,2292640
chr1,Melody-MT,GSM5652277_Blood-T-CD3-Z000000TV.hg38,0.8708765724,0.02254691406,4554274
chr10,Melody-MT,GSM5652277_Blood-T-CD3-Z000000TV.hg38,0.7966168643,0.03065036115,2705064
chr11,Melody-MT,GSM5652277_Blood-T-CD3-Z000000TV.hg38,0.862681803,0.02334690713,2592166
chr12,Melody-MT,GSM5652277_Blood-T-CD3-Z000000TV.hg38,0.86145655,0.02279328745,2573768
chr13,Melody-MT,GSM5652277_Blood-T-CD3-Z000000TV.hg38,0.8366661462,0.02299334911,1608272
chr14,Melody-MT,GSM5652277_Blood-T-CD3-Z000000TV.hg38,0.8581850208,0.023862448,1710298
chr15,Melody-MT,GSM5652277_Blood-T-CD3-Z000000TV.hg38,0.8636740377,0.02289149208,1712184
chr16,Melody-MT,GSM5652277_Blood-T-CD3-Z000000TV.hg38,0.8735021587,0.02209310201,2169260
chr17,Melody-MT,GSM5652277_Blood-T-CD3-Z000000TV.hg38,0.8853943025,0.02289814656,2343714
chr18,Melody-MT,GSM5652277_Blood-T-CD3-Z000000TV.hg38,0.8342218727,0.02322804754,1385590
chr19,Melody-MT,GSM5652277_Blood-T-CD3-Z000000TV.hg38,0.9040478431,0.02136327768,2096192
chr2,Melody-MT,GSM5652277_Blood-T-CD3-Z000000TV.hg38,0.8534269665,0.02235818375,4309884
chr20,Melody-MT,GSM5652277_Blood-T-CD3-Z000000TV.hg38,0.8683863353,0.02249450333,1482158
chr21,Melody-MT,GSM5652277_Blood-T-CD3-Z000000TV.hg38,0.8382685444,0.024862655,769412
chr22,Melody-MT,GSM5652277_Blood-T-CD3-Z000000TV.hg38,0.8667205158,0.02332717449,1175828
chr3,Melody-MT,GSM5652277_Blood-T-CD3-Z000000TV.hg38,0.850461865,0.02221195552,3271982
chr4,Melody-MT,GSM5652277_Blood-T-CD3-Z000000TV.hg38,0.836886451,0.02283854187,2936206
chr5,Melody-MT,GSM5652277_Blood-T-CD3-Z000000TV.hg38,0.8496846293,0.02268369004,2981596
chr6,Melody-MT,GSM5652277_Blood-T-CD3-Z000000TV.hg38,0.8602573228,0.02240544087,2966292
chr7,Melody-MT,GSM5652277_Blood-T-CD3-Z000000TV.hg38,0.8569417931,0.02182501346,3118998
chr8,Melody-MT,GSM5652277_Blood-T-CD3-Z000000TV.hg38,0.79085866,0.03012772482,2580232
chr9,Melody-MT,GSM5652277_Blood-T-CD3-Z000000TV.hg38,0.7965644213,0.03213606431,2383830
chrX,Melody-MT,GSM5652277_Blood-T-CD3-Z000000TV.hg38,0.8096479517,0.01912706133,2298390
chr1,Melody-MT,GSM5652299_Blood-NK-Z000000TM.hg38,0.8781918606,0.02196925092,4555046
chr10,Melody-MT,GSM5652299_Blood-NK-Z000000TM.hg38,0.798681653,0.03090955876,2704646
chr11,Melody-MT,GSM5652299_Blood-NK-Z000000TM.hg38,0.8687564578,0.02296539478,2592096
chr12,Melody-MT,GSM5652299_Blood-NK-Z000000TM.hg38,0.8666588164,0.02222418855,2573060
chr13,Melody-MT,GSM5652299_Blood-NK-Z000000TM.hg38,0.8330809564,0.02277170215,1608406
chr14,Melody-MT,GSM5652299_Blood-NK-Z000000TM.hg38,0.8690816531,0.0224447166,1711328
chr15,Melody-MT,GSM5652299_Blood-NK-Z000000TM.hg38,0.8699964761,0.02283326843,1712122
chr16,Melody-MT,GSM5652299_Blood-NK-Z000000TM.hg38,0.8771349223,0.02202160296,2169508
chr17,Melody-MT,GSM5652299_Blood-NK-Z000000TM.hg38,0.8931595809,0.02259151044,2345156
chr18,Melody-MT,GSM5652299_Blood-NK-Z000000TM.hg38,0.8338409695,0.02319481088,1384586
chr19,Melody-MT,GSM5652299_Blood-NK-Z000000TM.hg38,0.9100480851,0.02128889879,2096688
chr2,Melody-MT,GSM5652299_Blood-NK-Z000000TM.hg38,0.8592432713,0.02173922689,4310286
chr20,Melody-MT,GSM5652299_Blood-NK-Z000000TM.hg38,0.875461816,0.02235747029,1482540
chr21,Melody-MT,GSM5652299_Blood-NK-Z000000TM.hg38,0.8439684759,0.02436079797,769988
chr22,Melody-MT,GSM5652299_Blood-NK-Z000000TM.hg38,0.8751549628,0.02311634664,1176356
chr3,Melody-MT,GSM5652299_Blood-NK-Z000000TM.hg38,0.8542414718,0.02137611762,3271996
chr4,Melody-MT,GSM5652299_Blood-NK-Z000000TM.hg38,0.8350983771,0.02225063908,2936394
chr5,Melody-MT,GSM5652299_Blood-NK-Z000000TM.hg38,0.8548768385,0.02190385925,2981128
chr6,Melody-MT,GSM5652299_Blood-NK-Z000000TM.hg38,0.8661632008,0.02170580276,2966314
chr7,Melody-MT,GSM5652299_Blood-NK-Z000000TM.hg38,0.8601252274,0.02168856045,3119232
chr8,Melody-MT,GSM5652299_Blood-NK-Z000000TM.hg38,0.7901250613,0.02996657142,2580500
chr9,Melody-MT,GSM5652299_Blood-NK-Z000000TM.hg38,0.8018511996,0.03220072442,2384104
chrX,Melody-MT,GSM5652299_Blood-NK-Z000000TM.hg38,0.7829565211,0.01929432815,2298132
chr1,Melody-MT,GSM5652302_Blood-Monocytes-Z000000TP.hg38,0.8737182862,0.02473108323,4540296
chr10,Melody-MT,GSM5652302_Blood-Monocytes-Z000000TP.hg38,0.7922770668,0.03454209663,2697222
chr11,Melody-MT,GSM5652302_Blood-Monocytes-Z000000TP.hg38,0.8622408342,0.02583861619,2584336
chr12,Melody-MT,GSM5652302_Blood-Monocytes-Z000000TP.hg38,0.8614652541,0.02508735818,2566438
chr13,Melody-MT,GSM5652302_Blood-Monocytes-Z000000TP.hg38,0.8244327977,0.02542364565,1605798
chr14,Melody-MT,GSM5652302_Blood-Monocytes-Z000000TP.hg38,0.8629338032,0.02501155421,1707716
chr15,Melody-MT,GSM5652302_Blood-Monocytes-Z000000TP.hg38,0.8643279406,0.02557078922,1704400
chr16,Melody-MT,GSM5652302_Blood-Monocytes-Z000000TP.hg38,0.8709256544,0.02486403219,2160118
chr17,Melody-MT,GSM5652302_Blood-Monocytes-Z000000TP.hg38,0.8896164975,0.02524436114,2335038
chr18,Melody-MT,GSM5652302_Blood-Monocytes-Z000000TP.hg38,0.8281626203,0.02581563801,1377736
chr19,Melody-MT,GSM5652302_Blood-Monocytes-Z000000TP.hg38,0.903965017,0.02393252993,2089630
chr2,Melody-MT,GSM5652302_Blood-Monocytes-Z000000TP.hg38,0.8525612467,0.02452573835,4299096
chr20,Melody-MT,GSM5652302_Blood-Monocytes-Z000000TP.hg38,0.8696033427,0.02547016651,1478392
chr21,Melody-MT,GSM5652302_Blood-Monocytes-Z000000TP.hg38,0.8399103337,0.02725231082,765690
chr22,Melody-MT,GSM5652302_Blood-Monocytes-Z000000TP.hg38,0.8717599747,0.02575846941,1171500
chr3,Melody-MT,GSM5652302_Blood-Monocytes-Z000000TP.hg38,0.8476359452,0.02421586643,3265190
chr4,Melody-MT,GSM5652302_Blood-Monocytes-Z000000TP.hg38,0.8269676869,0.02503916767,2930442
chr5,Melody-MT,GSM5652302_Blood-Monocytes-Z000000TP.hg38,0.8473014286,0.02491799619,2973812
chr6,Melody-MT,GSM5652302_Blood-Monocytes-Z000000TP.hg38,0.8591687938,0.0245403444,2961266
chr7,Melody-MT,GSM5652302_Blood-Monocytes-Z000000TP.hg38,0.853897905,0.02436293456,3107290
chr8,Melody-MT,GSM5652302_Blood-Monocytes-Z000000TP.hg38,0.7845829844,0.03331174628,2574224
chr9,Melody-MT,GSM5652302_Blood-Monocytes-Z000000TP.hg38,0.7956724419,0.03595503896,2371394
chrX,Melody-MT,GSM5652302_Blood-Monocytes-Z000000TP.hg38,0.7586702154,0.02319945283,2291620
chr1,Melody-MT,GSM5652313_Blood-Granulocytes-Z000000TZ.hg38,0.8753539974,0.02439397282,4547534
chr10,Melody-MT,GSM5652313_Blood-Granulocytes-Z000000TZ.hg38,0.7940881472,0.03419057085,2701700
chr11,Melody-MT,GSM5652313_Blood-Granulocytes-Z000000TZ.hg38,0.8643315773,0.02531470216,2588048
chr12,Melody-MT,GSM5652313_Blood-Granulocytes-Z000000TZ.hg38,0.8633033408,0.02475536293,2570148
chr13,Melody-MT,GSM5652313_Blood-Granulocytes-Z000000TZ.hg38,0.8274610434,0.02477324079,1607068
chr14,Melody-MT,GSM5652313_Blood-Granulocytes-Z000000TZ.hg38,0.8648903059,0.02474945818,1709060
chr15,Melody-MT,GSM5652313_Blood-Granulocytes-Z000000TZ.hg38,0.8669033547,0.02523153025,1707932
chr16,Melody-MT,GSM5652313_Blood-Granulocytes-Z000000TZ.hg38,0.8741246664,0.02429138796,2165164
chr17,Melody-MT,GSM5652313_Blood-Granulocytes-Z000000TZ.hg38,0.8909078508,0.02502061308,2339516
chr18,Melody-MT,GSM5652313_Blood-Granulocytes-Z000000TZ.hg38,0.8308799967,0.0251942145,1382434
chr19,Melody-MT,GSM5652313_Blood-Granulocytes-Z000000TZ.hg38,0.9048019963,0.02359586879,2092578
chr2,Melody-MT,GSM5652313_Blood-Granulocytes-Z000000TZ.hg38,0.8550223276,0.02414513656,4304482
chr20,Melody-MT,GSM5652313_Blood-Granulocytes-Z000000TZ.hg38,0.8708479845,0.02519891764,1480274
chr21,Melody-MT,GSM5652313_Blood-Granulocytes-Z000000TZ.hg38,0.8411068876,0.02668104606,767542
chr22,Melody-MT,GSM5652313_Blood-Granulocytes-Z000000TZ.hg38,0.8749150963,0.02522909528,1173254
chr3,Melody-MT,GSM5652313_Blood-Granulocytes-Z000000TZ.hg38,0.8506076377,0.02375654193,3268946
chr4,Melody-MT,GSM5652313_Blood-Granulocytes-Z000000TZ.hg38,0.831196246,0.02405418682,2934176
chr5,Melody-MT,GSM5652313_Blood-Granulocytes-Z000000TZ.hg38,0.8499656037,0.02431509244,2977298
chr6,Melody-MT,GSM5652313_Blood-Granulocytes-Z000000TZ.hg38,0.8608205751,0.02412308119,2964340
chr7,Melody-MT,GSM5652313_Blood-Granulocytes-Z000000TZ.hg38,0.8568298165,0.02378800895,3113216
chr8,Melody-MT,GSM5652313_Blood-Granulocytes-Z000000TZ.hg38,0.7865549059,0.0328550876,2576798
chr9,Melody-MT,GSM5652313_Blood-Granulocytes-Z000000TZ.hg38,0.7979755442,0.03540081989,2378016
chrX,Melody-MT,GSM5652313_Blood-Granulocytes-Z000000TZ.hg38,0.7678823347,0.02122559975,2295036
chr1,Melody-MT,GSM5652317_Blood-B-Z000000UB.hg38,0.8643301133,0.02506849403,4550568
chr10,Melody-MT,GSM5652317_Blood-B-Z000000UB.hg38,0.7864196882,0.03369986097,2699202
chr11,Melody-MT,GSM5652317_Blood-B-Z000000UB.hg38,0.8544565394,0.02613560845,2589162
chr12,Melody-MT,GSM5652317_Blood-B-Z000000UB.hg38,0.8551381844,0.02497262715,2568132
chr13,Melody-MT,GSM5652317_Blood-B-Z000000UB.hg38,0.8252089929,0.02501712763,1607880
chr14,Melody-MT,GSM5652317_Blood-B-Z000000UB.hg38,0.8543993896,0.02549534803,1707612
chr15,Melody-MT,GSM5652317_Blood-B-Z000000UB.hg38,0.8568798902,0.02540526256,1702928
chr16,Melody-MT,GSM5652317_Blood-B-Z000000UB.hg38,0.8610796055,0.0257536415,2164354
chr17,Melody-MT,GSM5652317_Blood-B-Z000000UB.hg38,0.8792449203,0.02582383223,2339904
chr18,Melody-MT,GSM5652317_Blood-B-Z000000UB.hg38,0.8206544877,0.02604611731,1380376
chr19,Melody-MT,GSM5652317_Blood-B-Z000000UB.hg38,0.8931601095,0.02534952126,2092988
chr2,Melody-MT,GSM5652317_Blood-B-Z000000UB.hg38,0.8434691974,0.02499140775,4309204
chr20,Melody-MT,GSM5652317_Blood-B-Z000000UB.hg38,0.8558139611,0.02622316078,1482898
chr21,Melody-MT,GSM5652317_Blood-B-Z000000UB.hg38,0.8201347598,0.02866199341,768306
chr22,Melody-MT,GSM5652317_Blood-B-Z000000UB.hg38,0.8559388498,0.02742407911,1175518
chr3,Melody-MT,GSM5652317_Blood-B-Z000000UB.hg38,0.8431771723,0.02416570532,3267254
chr4,Melody-MT,GSM5652317_Blood-B-Z000000UB.hg38,0.8259273525,0.02495146829,2930090
chr5,Melody-MT,GSM5652317_Blood-B-Z000000UB.hg38,0.8409304981,0.02489312705,2976924
chr6,Melody-MT,GSM5652317_Blood-B-Z000000UB.hg38,0.853081592,0.02466901226,2960812
chr7,Melody-MT,GSM5652317_Blood-B-Z000000UB.hg38,0.8451498852,0.02488304138,3114950
chr8,Melody-MT,GSM5652317_Blood-B-Z000000UB.hg38,0.7821224428,0.03269917793,2580036
chr9,Melody-MT,GSM5652317_Blood-B-Z000000UB.hg38,0.7865943339,0.03558997884,2388722
chrX,Melody-MT,GSM5652317_Blood-B-Z000000UB.hg38,0.806913515,0.03020054513,2280208
chr1,Melody-MT,GSM5652321_Epidermal-Keratinocytes-Z00000424.hg38,0.8633537779,0.02757566845,4551842
chr10,Melody-MT,GSM5652321_Epidermal-Keratinocytes-Z00000424.hg38,0.7857588384,0.03733796097,2696056
chr11,Melody-MT,GSM5652321_Epidermal-Keratinocytes-Z00000424.hg38,0.8567833055,0.02845363046,2583446
chr12,Melody-MT,GSM5652321_Epidermal-Keratinocytes-Z00000424.hg38,0.8509047268,0.02768000623,2569732
chr13,Melody-MT,GSM5652321_Epidermal-Keratinocytes-Z00000424.hg38,0.8244244002,0.02760487042,1606924
chr14,Melody-MT,GSM5652321_Epidermal-Keratinocytes-Z00000424.hg38,0.859355065,0.02691940643,1709652
chr15,Melody-MT,GSM5652321_Epidermal-Keratinocytes-Z00000424.hg38,0.8563698782,0.02775823402,1703224
chr16,Melody-MT,GSM5652321_Epidermal-Keratinocytes-Z00000424.hg38,0.8602062362,0.02831090367,2167026
chr17,Melody-MT,GSM5652321_Epidermal-Keratinocytes-Z00000424.hg38,0.8792970795,0.0278561354,2339080
chr18,Melody-MT,GSM5652321_Epidermal-Keratinocytes-Z00000424.hg38,0.8229348468,0.02864208728,1383848
chr19,Melody-MT,GSM5652321_Epidermal-Keratinocytes-Z00000424.hg38,0.899369306,0.025007396,2093828
chr2,Melody-MT,GSM5652321_Epidermal-Keratinocytes-Z00000424.hg38,0.8445322159,0.02725495401,4305380
chr20,Melody-MT,GSM5652321_Epidermal-Keratinocytes-Z00000424.hg38,0.8592175843,0.02848240392,1479394
chr21,Melody-MT,GSM5652321_Epidermal-Keratinocytes-Z00000424.hg38,0.8313479092,0.03080749589,770402
chr22,Melody-MT,GSM5652321_Epidermal-Keratinocytes-Z00000424.hg38,0.8601316393,0.02961063215,1176070
chr3,Melody-MT,GSM5652321_Epidermal-Keratinocytes-Z00000424.hg38,0.8452707837,0.02613277378,3268984
chr4,Melody-MT,GSM5652321_Epidermal-Keratinocytes-Z00000424.hg38,0.8263244052,0.02763097214,2935814
chr5,Melody-MT,GSM5652321_Epidermal-Keratinocytes-Z00000424.hg38,0.8368877127,0.02779015991,2975618
chr6,Melody-MT,GSM5652321_Epidermal-Keratinocytes-Z00000424.hg38,0.8526367532,0.02680722613,2958726
chr7,Melody-MT,GSM5652321_Epidermal-Keratinocytes-Z00000424.hg38,0.8473864928,0.02670287809,3110414
chr8,Melody-MT,GSM5652321_Epidermal-Keratinocytes-Z00000424.hg38,0.7815560601,0.03602404258,2576948
chr9,Melody-MT,GSM5652321_Epidermal-Keratinocytes-Z00000424.hg38,0.791087577,0.0386540399,2389810
chrX,Melody-MT,GSM5652321_Epidermal-Keratinocytes-Z00000424.hg38,0.8118860615,0.03163045807,2280020
chr1,Melody-MT,GSM5652322_Tonsil-Palatine-Epithelial-Z000000QF.hg38,0.8617062276,0.02962495801,4550332
chr10,Melody-MT,GSM5652322_Tonsil-Palatine-Epithelial-Z000000QF.hg38,0.7787386087,0.0415553511,2696414
chr11,Melody-MT,GSM5652322_Tonsil-Palatine-Epithelial-Z000000QF.hg38,0.8552765593,0.03028927527,2584090
chr12,Melody-MT,GSM5652322_Tonsil-Palatine-Epithelial-Z000000QF.hg38,0.8513726274,0.03019143715,2566924
chr13,Melody-MT,GSM5652322_Tonsil-Palatine-Epithelial-Z000000QF.hg38,0.8241738505,0.03094034782,1607794
chr14,Melody-MT,GSM5652322_Tonsil-Palatine-Epithelial-Z000000QF.hg38,0.854650922,0.02985549587,1709354
chr15,Melody-MT,GSM5652322_Tonsil-Palatine-Epithelial-Z000000QF.hg38,0.8538070371,0.03041527998,1704086
chr16,Melody-MT,GSM5652322_Tonsil-Palatine-Epithelial-Z000000QF.hg38,0.8591615021,0.03023600973,2164360
chr17,Melody-MT,GSM5652322_Tonsil-Palatine-Epithelial-Z000000QF.hg38,0.8779095984,0.02910265011,2338858
chr18,Melody-MT,GSM5652322_Tonsil-Palatine-Epithelial-Z000000QF.hg38,0.8254830296,0.03206423112,1380568
chr19,Melody-MT,GSM5652322_Tonsil-Palatine-Epithelial-Z000000QF.hg38,0.8914340391,0.02748213693,2094170
chr2,Melody-MT,GSM5652322_Tonsil-Palatine-Epithelial-Z000000QF.hg38,0.8428395578,0.03026268078,4307352
chr20,Melody-MT,GSM5652322_Tonsil-Palatine-Epithelial-Z000000QF.hg38,0.855362426,0.03064166727,1481046
chr21,Melody-MT,GSM5652322_Tonsil-Palatine-Epithelial-Z000000QF.hg38,0.8303606044,0.0342448956,772008
chr22,Melody-MT,GSM5652322_Tonsil-Palatine-Epithelial-Z000000QF.hg38,0.8621097971,0.03070146002,1173042
chr3,Melody-MT,GSM5652322_Tonsil-Palatine-Epithelial-Z000000QF.hg38,0.8415632535,0.02991188605,3268482
chr4,Melody-MT,GSM5652322_Tonsil-Palatine-Epithelial-Z000000QF.hg38,0.8245095237,0.03171848755,2930066
chr5,Melody-MT,GSM5652322_Tonsil-Palatine-Epithelial-Z000000QF.hg38,0.8374092881,0.03049463719,2976954
chr6,Melody-MT,GSM5652322_Tonsil-Palatine-Epithelial-Z000000QF.hg38,0.8477695054,0.030410218,2959320
chr7,Melody-MT,GSM5652322_Tonsil-Palatine-Epithelial-Z000000QF.hg38,0.8459242834,0.0297371067,3108134
chr8,Melody-MT,GSM5652322_Tonsil-Palatine-Epithelial-Z000000QF.hg38,0.77506721,0.04129209999,2580630
chr9,Melody-MT,GSM5652322_Tonsil-Palatine-Epithelial-Z000000QF.hg38,0.7831074758,0.04333724891,2384762
chrX,Melody-MT,GSM5652322_Tonsil-Palatine-Epithelial-Z000000QF.hg38,0.8047516657,0.03804812096,2283912
chr1,Melody-MT,GSM5652335_Lung-Bronchus-Epithelial-Z000000QD.hg38,0.8706119188,0.0279648739,4556970
chr10,Melody-MT,GSM5652335_Lung-Bronchus-Epithelial-Z000000QD.hg38,0.7915700186,0.0390259338,2698826
chr11,Melody-MT,GSM5652335_Lung-Bronchus-Epithelial-Z000000QD.hg38,0.8637197882,0.0290340346,2590194
chr12,Melody-MT,GSM5652335_Lung-Bronchus-Epithelial-Z000000QD.hg38,0.8623169328,0.02782834863,2575894
chr13,Melody-MT,GSM5652335_Lung-Bronchus-Epithelial-Z000000QD.hg38,0.8299051998,0.02959326851,1608040
chr14,Melody-MT,GSM5652335_Lung-Bronchus-Epithelial-Z000000QD.hg38,0.864901536,0.02771499796,1707738
chr15,Melody-MT,GSM5652335_Lung-Bronchus-Epithelial-Z000000QD.hg38,0.8660827898,0.02805488125,1709422
chr16,Melody-MT,GSM5652335_Lung-Bronchus-Epithelial-Z000000QD.hg38,0.8705268424,0.02757315392,2169034
chr17,Melody-MT,GSM5652335_Lung-Bronchus-Epithelial-Z000000QD.hg38,0.89089131,0.02630163628,2348294
chr18,Melody-MT,GSM5652335_Lung-Bronchus-Epithelial-Z000000QD.hg38,0.8296534651,0.03060512256,1381986
chr19,Melody-MT,GSM5652335_Lung-Bronchus-Epithelial-Z000000QD.hg38,0.9058521147,0.02446145468,2096712
chr2,Melody-MT,GSM5652335_Lung-Bronchus-Epithelial-Z000000QD.hg38,0.8526367401,0.02826140865,4310088
chr20,Melody-MT,GSM5652335_Lung-Bronchus-Epithelial-Z000000QD.hg38,0.8679124816,0.02820009561,1484216
chr21,Melody-MT,GSM5652335_Lung-Bronchus-Epithelial-Z000000QD.hg38,0.8417436233,0.0309255744,771566
chr22,Melody-MT,GSM5652335_Lung-Bronchus-Epithelial-Z000000QD.hg38,0.873207502,0.02781061666,1176066
chr3,Melody-MT,GSM5652335_Lung-Bronchus-Epithelial-Z000000QD.hg38,0.8500652217,0.02807306614,3268988
chr4,Melody-MT,GSM5652335_Lung-Bronchus-Epithelial-Z000000QD.hg38,0.829949303,0.03003031286,2933200
chr5,Melody-MT,GSM5652335_Lung-Bronchus-Epithelial-Z000000QD.hg38,0.8462807575,0.0289159779,2981008
chr6,Melody-MT,GSM5652335_Lung-Bronchus-Epithelial-Z000000QD.hg38,0.8530532758,0.02936208108,2963470
chr7,Melody-MT,GSM5652335_Lung-Bronchus-Epithelial-Z000000QD.hg38,0.8517461358,0.02855015414,3110434
chr8,Melody-MT,GSM5652335_Lung-Bronchus-Epithelial-Z000000QD.hg38,0.7863095471,0.0382039036,2577284
chr9,Melody-MT,GSM5652335_Lung-Bronchus-Epithelial-Z000000QD.hg38,0.7944935406,0.04044794548,2387992
chrX,Melody-MT,GSM5652335_Lung-Bronchus-Epithelial-Z000000QD.hg38,0.7868443049,0.02281721124,2297372
chr1,Melody-MT,GSM5652338_Prostate-Epithelial-Z000000RV.hg38,0.8835021983,0.02320646155,4558838
chr10,Melody-MT,GSM5652338_Prostate-Epithelial-Z000000RV.hg38,0.7996028698,0.03488870586,2701930
chr11,Melody-MT,GSM5652338_Prostate-Epithelial-Z000000RV.hg38,0.8731768374,0.02500450499,2595326
chr12,Melody-MT,GSM5652338_Prostate-Epithelial-Z000000RV.hg38,0.8694213567,0.02440649067,2570280
chr13,Melody-MT,GSM5652338_Prostate-Epithelial-Z000000RV.hg38,0.8411111531,0.02551708073,1607902
chr14,Melody-MT,GSM5652338_Prostate-Epithelial-Z000000RV.hg38,0.8734704196,0.02412548347,1711922
chr15,Melody-MT,GSM5652338_Prostate-Epithelial-Z000000RV.hg38,0.8741748826,0.02437834709,1708060
chr16,Melody-MT,GSM5652338_Prostate-Epithelial-Z000000RV.hg38,0.8842358514,0.02304199733,2170702
chr17,Melody-MT,GSM5652338_Prostate-Epithelial-Z000000RV.hg38,0.8980330858,0.02286582502,2343692
chr18,Melody-MT,GSM5652338_Prostate-Epithelial-Z000000RV.hg38,0.840326033,0.02634301267,1387716
chr19,Melody-MT,GSM5652338_Prostate-Epithelial-Z000000RV.hg38,0.9155030497,0.02061938373,2097634
chr2,Melody-MT,GSM5652338_Prostate-Epithelial-Z000000RV.hg38,0.8613224162,0.02434320252,4311266
chr20,Melody-MT,GSM5652338_Prostate-Epithelial-Z000000RV.hg38,0.8792037369,0.02396254067,1481524
chr21,Melody-MT,GSM5652338_Prostate-Epithelial-Z000000RV.hg38,0.8523756377,0.02652053517,771966
chr22,Melody-MT,GSM5652338_Prostate-Epithelial-Z000000RV.hg38,0.8862052774,0.02323483191,1179196
chr3,Melody-MT,GSM5652338_Prostate-Epithelial-Z000000RV.hg38,0.8613092262,0.02390591911,3270362
chr4,Melody-MT,GSM5652338_Prostate-Epithelial-Z000000RV.hg38,0.842033213,0.02575991238,2933268
chr5,Melody-MT,GSM5652338_Prostate-Epithelial-Z000000RV.hg38,0.8559267724,0.02486836332,2980908
chr6,Melody-MT,GSM5652338_Prostate-Epithelial-Z000000RV.hg38,0.8666638958,0.02439351719,2964840
chr7,Melody-MT,GSM5652338_Prostate-Epithelial-Z000000RV.hg38,0.864510324,0.02389550306,3113272
chr8,Melody-MT,GSM5652338_Prostate-Epithelial-Z000000RV.hg38,0.7940044234,0.03415615055,2581516
chr9,Melody-MT,GSM5652338_Prostate-Epithelial-Z000000RV.hg38,0.8061351072,0.03558749593,2388518
chrX,Melody-MT,GSM5652338_Prostate-Epithelial-Z000000RV.hg38,0.8207828908,0.03107372526,2283512
chr1,Melody-MT,GSM5652342_Bladder-Epithelial-Z000000QM.hg38,0.8585446773,0.03006321261,4559268
chr10,Melody-MT,GSM5652342_Bladder-Epithelial-Z000000QM.hg38,0.7750631502,0.04219776183,2702234
chr11,Melody-MT,GSM5652342_Bladder-Epithelial-Z000000QM.hg38,0.8502602994,0.03122137183,2586916
chr12,Melody-MT,GSM5652342_Bladder-Epithelial-Z000000QM.hg38,0.8454094966,0.03083529879,2568072
chr13,Melody-MT,GSM5652342_Bladder-Epithelial-Z000000QM.hg38,0.8186197407,0.03177812531,1608902
chr14,Melody-MT,GSM5652342_Bladder-Epithelial-Z000000QM.hg38,0.8492613996,0.03038109546,1713214
chr15,Melody-MT,GSM5652342_Bladder-Epithelial-Z000000QM.hg38,0.84957287,0.03097392581,1713484
chr16,Melody-MT,GSM5652342_Bladder-Epithelial-Z000000QM.hg38,0.8554696436,0.03003926419,2172700
chr17,Melody-MT,GSM5652342_Bladder-Epithelial-Z000000QM.hg38,0.8726991186,0.02947428146,2347344
chr18,Melody-MT,GSM5652342_Bladder-Epithelial-Z000000QM.hg38,0.8163368205,0.0329261645,1387928
chr19,Melody-MT,GSM5652342_Bladder-Epithelial-Z000000QM.hg38,0.8890717005,0.02782014151,2099694
chr2,Melody-MT,GSM5652342_Bladder-Epithelial-Z000000QM.hg38,0.8364068923,0.03097441972,4315178
chr20,Melody-MT,GSM5652342_Bladder-Epithelial-Z000000QM.hg38,0.8523059706,0.03106023511,1480854
chr21,Melody-MT,GSM5652342_Bladder-Epithelial-Z000000QM.hg38,0.8276599704,0.03335061501,772206
chr22,Melody-MT,GSM5652342_Bladder-Epithelial-Z000000QM.hg38,0.8573829244,0.03021287046,1180472
chr3,Melody-MT,GSM5652342_Bladder-Epithelial-Z000000QM.hg38,0.8364558919,0.03045332342,3270876
chr4,Melody-MT,GSM5652342_Bladder-Epithelial-Z000000QM.hg38,0.8185018621,0.03243046625,2932438
chr5,Melody-MT,GSM5652342_Bladder-Epithelial-Z000000QM.hg38,0.8316840388,0.03155012219,2984722
chr6,Melody-MT,GSM5652342_Bladder-Epithelial-Z000000QM.hg38,0.8457099968,0.03061756836,2961480
chr7,Melody-MT,GSM5652342_Bladder-Epithelial-Z000000QM.hg38,0.8381408771,0.03056440992,3119858
chr8,Melody-MT,GSM5652342_Bladder-Epithelial-Z000000QM.hg38,0.7717289552,0.04125905722,2580988
chr9,Melody-MT,GSM5652342_Bladder-Epithelial-Z000000QM.hg38,0.7808360104,0.04283910784,2392234
chrX,Melody-MT,GSM5652342_Bladder-Epithelial-Z000000QM.hg38,0.7864399787,0.04123390949,2287788
chr1,Melody-MT,GSM5652347_Breast-Luminal-Epithelial-Z000000V2.hg38,0.8742406064,0.02516541204,4556468
chr10,Melody-MT,GSM5652347_Breast-Luminal-Epithelial-Z000000V2.hg38,0.7960386223,0.03538122214,2704216
chr11,Melody-MT,GSM5652347_Breast-Luminal-Epithelial-Z000000V2.hg38,0.8666878856,0.02634525082,2587028
chr12,Melody-MT,GSM5652347_Breast-Luminal-Epithelial-Z000000V2.hg38,0.8649476401,0.02495759436,2569966
chr13,Melody-MT,GSM5652347_Breast-Luminal-Epithelial-Z000000V2.hg38,0.8321847323,0.02639866233,1609112
chr14,Melody-MT,GSM5652347_Breast-Luminal-Epithelial-Z000000V2.hg38,0.8684730012,0.02508537852,1709830
chr15,Melody-MT,GSM5652347_Breast-Luminal-Epithelial-Z000000V2.hg38,0.8671287181,0.02555988475,1708402
chr16,Melody-MT,GSM5652347_Breast-Luminal-Epithelial-Z000000V2.hg38,0.8722240723,0.02546406471,2169494
chr17,Melody-MT,GSM5652347_Breast-Luminal-Epithelial-Z000000V2.hg38,0.8925708994,0.02438016732,2345382
chr18,Melody-MT,GSM5652347_Breast-Luminal-Epithelial-Z000000V2.hg38,0.8292351061,0.02754037547,1387518
chr19,Melody-MT,GSM5652347_Breast-Luminal-Epithelial-Z000000V2.hg38,0.9089255927,0.02231809858,2098868
chr2,Melody-MT,GSM5652347_Breast-Luminal-Epithelial-Z000000V2.hg38,0.8541128438,0.02548319289,4311150
chr20,Melody-MT,GSM5652347_Breast-Luminal-Epithelial-Z000000V2.hg38,0.8678447153,0.02632475314,1486030
chr21,Melody-MT,GSM5652347_Breast-Luminal-Epithelial-Z000000V2.hg38,0.8426311474,0.02829815668,771794
chr22,Melody-MT,GSM5652347_Breast-Luminal-Epithelial-Z000000V2.hg38,0.8760394029,0.02569301124,1178194
chr3,Melody-MT,GSM5652347_Breast-Luminal-Epithelial-Z000000V2.hg38,0.8542982229,0.0246808856,3270868
chr4,Melody-MT,GSM5652347_Breast-Luminal-Epithelial-Z000000V2.hg38,0.8339035624,0.02644636465,2933198
chr5,Melody-MT,GSM5652347_Breast-Luminal-Epithelial-Z000000V2.hg38,0.848532777,0.02604287513,2982518
chr6,Melody-MT,GSM5652347_Breast-Luminal-Epithelial-Z000000V2.hg38,0.8590562078,0.02551925348,2961548
chr7,Melody-MT,GSM5652347_Breast-Luminal-Epithelial-Z000000V2.hg38,0.858294444,0.02467458365,3117266
chr8,Melody-MT,GSM5652347_Breast-Luminal-Epithelial-Z000000V2.hg38,0.788346771,0.03444013533,2580452
chr9,Melody-MT,GSM5652347_Breast-Luminal-Epithelial-Z000000V2.hg38,0.8024069068,0.03609775547,2387918
chrX,Melody-MT,GSM5652347_Breast-Luminal-Epithelial-Z000000V2.hg38,0.7694191635,0.0230697176,2298430
chr1,Melody-MT,GSM5652350_Breast-Basal-Epithelial-Z000000V6.hg38,0.8569502642,0.02975749824,4553040
chr10,Melody-MT,GSM5652350_Breast-Basal-Epithelial-Z000000V6.hg38,0.7771520398,0.03959154439,2700938
chr11,Melody-MT,GSM5652350_Breast-Basal-Epithelial-Z000000V6.hg38,0.8434865828,0.03211968505,2592754
chr12,Melody-MT,GSM5652350_Breast-Basal-Epithelial-Z000000V6.hg38,0.8467829795,0.02907546654,2566386
chr13,Melody-MT,GSM5652350_Breast-Basal-Epithelial-Z000000V6.hg38,0.8132519353,0.02995511932,1608116
chr14,Melody-MT,GSM5652350_Breast-Basal-Epithelial-Z000000V6.hg38,0.8479137311,0.03002859623,1709830
chr15,Melody-MT,GSM5652350_Breast-Basal-Epithelial-Z000000V6.hg38,0.8467297432,0.03045340651,1707812
chr16,Melody-MT,GSM5652350_Breast-Basal-Epithelial-Z000000V6.hg38,0.8545470361,0.03060639287,2165378
chr17,Melody-MT,GSM5652350_Breast-Basal-Epithelial-Z000000V6.hg38,0.8694649525,0.03112741685,2345580
chr18,Melody-MT,GSM5652350_Breast-Basal-Epithelial-Z000000V6.hg38,0.8155064522,0.03026708353,1387796
chr19,Melody-MT,GSM5652350_Breast-Basal-Epithelial-Z000000V6.hg38,0.8911439157,0.02769024534,2095554
chr2,Melody-MT,GSM5652350_Breast-Basal-Epithelial-Z000000V6.hg38,0.8352365013,0.02944376839,4307514
chr20,Melody-MT,GSM5652350_Breast-Basal-Epithelial-Z000000V6.hg38,0.8508010119,0.03140014954,1480010
chr21,Melody-MT,GSM5652350_Breast-Basal-Epithelial-Z000000V6.hg38,0.8248447607,0.03292005262,769716
chr22,Melody-MT,GSM5652350_Breast-Basal-Epithelial-Z000000V6.hg38,0.8549703542,0.03186678163,1174042
chr3,Melody-MT,GSM5652350_Breast-Basal-Epithelial-Z000000V6.hg38,0.8367275408,0.028326646,3265476
chr4,Melody-MT,GSM5652350_Breast-Basal-Epithelial-Z000000V6.hg38,0.8175585666,0.02935412195,2928366
chr5,Melody-MT,GSM5652350_Breast-Basal-Epithelial-Z000000V6.hg38,0.8298082135,0.02992465822,2983120
chr6,Melody-MT,GSM5652350_Breast-Basal-Epithelial-Z000000V6.hg38,0.8431384835,0.02894859418,2963476
chr7,Melody-MT,GSM5652350_Breast-Basal-Epithelial-Z000000V6.hg38,0.8421665588,0.02849774312,3115694
chr8,Melody-MT,GSM5652350_Breast-Basal-Epithelial-Z000000V6.hg38,0.7689596834,0.03860956515,2577978
chr9,Melody-MT,GSM5652350_Breast-Basal-Epithelial-Z000000V6.hg38,0.7833471975,0.04113934696,2380816
chrX,Melody-MT,GSM5652350_Breast-Basal-Epithelial-Z000000V6.hg38,0.7600860753,0.02540758992,2293560
chr1,Melody-MT,GSM5652354_Lung-Alveolar-Epithelial-Z000000T1.hg38,0.8819960006,0.02437958547,4562662
chr10,Melody-MT,GSM5652354_Lung-Alveolar-Epithelial-Z000000T1.hg38,0.8036163721,0.03520227662,2705436
chr11,Melody-MT,GSM5652354_Lung-Alveolar-Epithelial-Z000000T1.hg38,0.8720083918,0.02580577752,2598790
chr12,Melody-MT,GSM5652354_Lung-Alveolar-Epithelial-Z000000T1.hg38,0.8724810731,0.02454107172,2574308
chr13,Melody-MT,GSM5652354_Lung-Alveolar-Epithelial-Z000000T1.hg38,0.8416485344,0.02628540042,1608948
chr14,Melody-MT,GSM5652354_Lung-Alveolar-Epithelial-Z000000T1.hg38,0.8738976396,0.02467889798,1711992
chr15,Melody-MT,GSM5652354_Lung-Alveolar-Epithelial-Z000000T1.hg38,0.8725397453,0.02529132339,1710522
chr16,Melody-MT,GSM5652354_Lung-Alveolar-Epithelial-Z000000T1.hg38,0.8783252246,0.02443651543,2170678
chr17,Melody-MT,GSM5652354_Lung-Alveolar-Epithelial-Z000000T1.hg38,0.8967663358,0.02370133975,2346622
chr18,Melody-MT,GSM5652354_Lung-Alveolar-Epithelial-Z000000T1.hg38,0.8415819017,0.02660681814,1387620
chr19,Melody-MT,GSM5652354_Lung-Alveolar-Epithelial-Z000000T1.hg38,0.909052134,0.02227913263,2100676
chr2,Melody-MT,GSM5652354_Lung-Alveolar-Epithelial-Z000000T1.hg38,0.8627618685,0.02490663521,4316540
chr20,Melody-MT,GSM5652354_Lung-Alveolar-Epithelial-Z000000T1.hg38,0.8759957517,0.02484051952,1483980
chr21,Melody-MT,GSM5652354_Lung-Alveolar-Epithelial-Z000000T1.hg38,0.846779134,0.02782002505,771058
chr22,Melody-MT,GSM5652354_Lung-Alveolar-Epithelial-Z000000T1.hg38,0.8780765499,0.0250872547,1177064
chr3,Melody-MT,GSM5652354_Lung-Alveolar-Epithelial-Z000000T1.hg38,0.8606309324,0.0248230469,3272880
chr4,Melody-MT,GSM5652354_Lung-Alveolar-Epithelial-Z000000T1.hg38,0.8428013029,0.02639723165,2938696
chr5,Melody-MT,GSM5652354_Lung-Alveolar-Epithelial-Z000000T1.hg38,0.8579923841,0.02534485097,2987554
chr6,Melody-MT,GSM5652354_Lung-Alveolar-Epithelial-Z000000T1.hg38,0.8681640912,0.02496023486,2966510
chr7,Melody-MT,GSM5652354_Lung-Alveolar-Epithelial-Z000000T1.hg38,0.8654061561,0.02455840348,3119528
chr8,Melody-MT,GSM5652354_Lung-Alveolar-Epithelial-Z000000T1.hg38,0.7978784289,0.03454170286,2584422
chr9,Melody-MT,GSM5652354_Lung-Alveolar-Epithelial-Z000000T1.hg38,0.8050337218,0.03660056662,2398546
chrX,Melody-MT,GSM5652354_Lung-Alveolar-Epithelial-Z000000T1.hg38,0.8280246626,0.0306144272,2289048
chr1,Melody-MT,GSM5652358_Gallbladder-Epithelial-Z00000432.hg38,0.86884625,0.02902684245,4550250
chr10,Melody-MT,GSM5652358_Gallbladder-Epithelial-Z00000432.hg38,0.7867469502,0.04017474688,2699090
chr11,Melody-MT,GSM5652358_Gallbladder-Epithelial-Z00000432.hg38,0.8588387702,0.0310531881,2591010
chr12,Melody-MT,GSM5652358_Gallbladder-Epithelial-Z00000432.hg38,0.8564245023,0.02895375149,2564460
chr13,Melody-MT,GSM5652358_Gallbladder-Epithelial-Z00000432.hg38,0.8259369027,0.02984748964,1607572
chr14,Melody-MT,GSM5652358_Gallbladder-Epithelial-Z00000432.hg38,0.8620714899,0.02893593366,1709586
chr15,Melody-MT,GSM5652358_Gallbladder-Epithelial-Z00000432.hg38,0.8558829664,0.03035624862,1707530
chr16,Melody-MT,GSM5652358_Gallbladder-Epithelial-Z00000432.hg38,0.8642743245,0.0296199051,2165680
chr17,Melody-MT,GSM5652358_Gallbladder-Epithelial-Z00000432.hg38,0.8849724389,0.02871731802,2337794
chr18,Melody-MT,GSM5652358_Gallbladder-Epithelial-Z00000432.hg38,0.8251911123,0.03075629335,1380986
chr19,Melody-MT,GSM5652358_Gallbladder-Epithelial-Z00000432.hg38,0.8992023579,0.02669180175,2094734
chr2,Melody-MT,GSM5652358_Gallbladder-Epithelial-Z00000432.hg38,0.8475129644,0.02939177851,4306364
chr20,Melody-MT,GSM5652358_Gallbladder-Epithelial-Z00000432.hg38,0.8654398873,0.02926933812,1479596
chr21,Melody-MT,GSM5652358_Gallbladder-Epithelial-Z00000432.hg38,0.8363932183,0.03152896199,768844
chr22,Melody-MT,GSM5652358_Gallbladder-Epithelial-Z00000432.hg38,0.864548204,0.03075646615,1178016
chr3,Melody-MT,GSM5652358_Gallbladder-Epithelial-Z00000432.hg38,0.8435710198,0.02891387536,3268066
chr4,Melody-MT,GSM5652358_Gallbladder-Epithelial-Z00000432.hg38,0.8278367925,0.02994672882,2926362
chr5,Melody-MT,GSM5652358_Gallbladder-Epithelial-Z00000432.hg38,0.8452835276,0.02898465274,2978412
chr6,Melody-MT,GSM5652358_Gallbladder-Epithelial-Z00000432.hg38,0.854529869,0.02878423009,2959938
chr7,Melody-MT,GSM5652358_Gallbladder-Epithelial-Z00000432.hg38,0.8509051908,0.02872060641,3116208
chr8,Melody-MT,GSM5652358_Gallbladder-Epithelial-Z00000432.hg38,0.7771420648,0.03923419942,2573762
chr9,Melody-MT,GSM5652358_Gallbladder-Epithelial-Z00000432.hg38,0.7871794218,0.04235898434,2386020
chrX,Melody-MT,GSM5652358_Gallbladder-Epithelial-Z00000432.hg38,0.7651680185,0.02458844362,2296332
chr1,Melody-MT,GSM5652359_Gastric-fundus-Epithelial-Z000000RX.hg38,0.8696259284,0.0275242028,4555978
chr10,Melody-MT,GSM5652359_Gastric-fundus-Epithelial-Z000000RX.hg38,0.784843266,0.03898215846,2702794
chr11,Melody-MT,GSM5652359_Gastric-fundus-Epithelial-Z000000RX.hg38,0.8590466605,0.02933350186,2596478
chr12,Melody-MT,GSM5652359_Gastric-fundus-Epithelial-Z000000RX.hg38,0.8594761978,0.0275360211,2574772
chr13,Melody-MT,GSM5652359_Gastric-fundus-Epithelial-Z000000RX.hg38,0.8273872539,0.02999248082,1609044
chr14,Melody-MT,GSM5652359_Gastric-fundus-Epithelial-Z000000RX.hg38,0.8627813764,0.02773659025,1709372
chr15,Melody-MT,GSM5652359_Gastric-fundus-Epithelial-Z000000RX.hg38,0.8622415329,0.0277885128,1709280
chr16,Melody-MT,GSM5652359_Gastric-fundus-Epithelial-Z000000RX.hg38,0.8690224815,0.0271783502,2169170
chr17,Melody-MT,GSM5652359_Gastric-fundus-Epithelial-Z000000RX.hg38,0.8891878938,0.0262183911,2345106
chr18,Melody-MT,GSM5652359_Gastric-fundus-Epithelial-Z000000RX.hg38,0.8247833967,0.03005086924,1390346
chr19,Melody-MT,GSM5652359_Gastric-fundus-Epithelial-Z000000RX.hg38,0.9035268497,0.02422054934,2096944
chr2,Melody-MT,GSM5652359_Gastric-fundus-Epithelial-Z000000RX.hg38,0.8480267941,0.02845243914,4310182
chr20,Melody-MT,GSM5652359_Gastric-fundus-Epithelial-Z000000RX.hg38,0.8648678063,0.02785491497,1482720
chr21,Melody-MT,GSM5652359_Gastric-fundus-Epithelial-Z000000RX.hg38,0.8335826759,0.03088306684,770690
chr22,Melody-MT,GSM5652359_Gastric-fundus-Epithelial-Z000000RX.hg38,0.8761252148,0.026493945,1173970
chr3,Melody-MT,GSM5652359_Gastric-fundus-Epithelial-Z000000RX.hg38,0.8458680421,0.028230016,3265576
chr4,Melody-MT,GSM5652359_Gastric-fundus-Epithelial-Z000000RX.hg38,0.8279713419,0.02989463812,2933838
chr5,Melody-MT,GSM5652359_Gastric-fundus-Epithelial-Z000000RX.hg38,0.8421838034,0.02873525011,2981694
chr6,Melody-MT,GSM5652359_Gastric-fundus-Epithelial-Z000000RX.hg38,0.8562207138,0.02818309809,2965540
chr7,Melody-MT,GSM5652359_Gastric-fundus-Epithelial-Z000000RX.hg38,0.8499338028,0.0278241743,3116430
chr8,Melody-MT,GSM5652359_Gastric-fundus-Epithelial-Z000000RX.hg38,0.7742521454,0.03881910377,2581456
chr9,Melody-MT,GSM5652359_Gastric-fundus-Epithelial-Z000000RX.hg38,0.7853590367,0.04129813333,2393080
chrX,Melody-MT,GSM5652359_Gastric-fundus-Epithelial-Z000000RX.hg38,0.7976497354,0.02240982594,2300170
chr1,Melody-MT,GSM5652370_Colon-Right-Epithelial-Z000000V0.hg38,0.8595317755,0.03090356707,4549328
chr10,Melody-MT,GSM5652370_Colon-Right-Epithelial-Z000000V0.hg38,0.7757967734,0.04266600918,2700576
chr11,Melody-MT,GSM5652370_Colon-Right-Epithelial-Z000000V0.hg38,0.8518406308,0.03234150108,2586752
chr12,Melody-MT,GSM5652370_Colon-Right-Epithelial-Z000000V0.hg38,0.8474149879,0.03096274622,2573646
chr13,Melody-MT,GSM5652370_Colon-Right-Epithelial-Z000000V0.hg38,0.8174690685,0.03235534508,1607668
chr14,Melody-MT,GSM5652370_Colon-Right-Epithelial-Z000000V0.hg38,0.8513900673,0.03118422007,1709018
chr15,Melody-MT,GSM5652370_Colon-Right-Epithelial-Z000000V0.hg38,0.8508304526,0.03132727412,1705192
chr16,Melody-MT,GSM5652370_Colon-Right-Epithelial-Z000000V0.hg38,0.8590507505,0.03109458407,2167760
chr17,Melody-MT,GSM5652370_Colon-Right-Epithelial-Z000000V0.hg38,0.8754972181,0.03081631003,2338638
chr18,Melody-MT,GSM5652370_Colon-Right-Epithelial-Z000000V0.hg38,0.8173279793,0.03228303887,1382978
chr19,Melody-MT,GSM5652370_Colon-Right-Epithelial-Z000000V0.hg38,0.8862126917,0.0302286544,2094854
chr2,Melody-MT,GSM5652370_Colon-Right-Epithelial-Z000000V0.hg38,0.8374480063,0.03152500087,4311146
chr20,Melody-MT,GSM5652370_Colon-Right-Epithelial-Z000000V0.hg38,0.8563825045,0.03092637226,1481484
chr21,Melody-MT,GSM5652370_Colon-Right-Epithelial-Z000000V0.hg38,0.8173495355,0.03481638483,768294
chr22,Melody-MT,GSM5652370_Colon-Right-Epithelial-Z000000V0.hg38,0.8606179932,0.0309430957,1173274
chr3,Melody-MT,GSM5652370_Colon-Right-Epithelial-Z000000V0.hg38,0.8367461406,0.03067626311,3269656
chr4,Melody-MT,GSM5652370_Colon-Right-Epithelial-Z000000V0.hg38,0.8125074605,0.03369741924,2932390
chr5,Melody-MT,GSM5652370_Colon-Right-Epithelial-Z000000V0.hg38,0.8354384842,0.03100900445,2983028
chr6,Melody-MT,GSM5652370_Colon-Right-Epithelial-Z000000V0.hg38,0.8452543363,0.03098778249,2960492
chr7,Melody-MT,GSM5652370_Colon-Right-Epithelial-Z000000V0.hg38,0.8368870474,0.03200691808,3113136
chr8,Melody-MT,GSM5652370_Colon-Right-Epithelial-Z000000V0.hg38,0.7676471772,0.04203176786,2582942
chr9,Melody-MT,GSM5652370_Colon-Right-Epithelial-Z000000V0.hg38,0.7774877792,0.04490697518,2387270
chrX,Melody-MT,GSM5652370_Colon-Right-Epithelial-Z000000V0.hg38,0.80217933,0.03693579241,2283140
chr1,Melody-MT,GSM5652378_Small-int-Epithelial-Z0000042V.hg38,0.8537249627,0.03220270948,4547454
chr10,Melody-MT,GSM5652378_Small-int-Epithelial-Z0000042V.hg38,0.7611763307,0.04509676932,2694152
chr11,Melody-MT,GSM5652378_Small-int-Epithelial-Z0000042V.hg38,0.8444629654,0.03392206696,2591546
chr12,Melody-MT,GSM5652378_Small-int-Epithelial-Z0000042V.hg38,0.8400006119,0.03227942032,2574496
chr13,Melody-MT,GSM5652378_Small-int-Epithelial-Z0000042V.hg38,0.8141364834,0.03255442132,1607768
chr14,Melody-MT,GSM5652378_Small-int-Epithelial-Z0000042V.hg38,0.8467462941,0.03194275759,1710458
chr15,Melody-MT,GSM5652378_Small-int-Epithelial-Z0000042V.hg38,0.8428972509,0.03233167222,1706394
chr16,Melody-MT,GSM5652378_Small-int-Epithelial-Z0000042V.hg38,0.85298516,0.03232005379,2166470
chr17,Melody-MT,GSM5652378_Small-int-Epithelial-Z0000042V.hg38,0.8720281482,0.03130122559,2338320
chr18,Melody-MT,GSM5652378_Small-int-Epithelial-Z0000042V.hg38,0.8095037628,0.03387786899,1386028
chr19,Melody-MT,GSM5652378_Small-int-Epithelial-Z0000042V.hg38,0.8743153068,0.03303325645,2092558
chr2,Melody-MT,GSM5652378_Small-int-Epithelial-Z0000042V.hg38,0.8322882493,0.03218029936,4307376
chr20,Melody-MT,GSM5652378_Small-int-Epithelial-Z0000042V.hg38,0.846806628,0.03251531043,1483422
chr21,Melody-MT,GSM5652378_Small-int-Epithelial-Z0000042V.hg38,0.8125335166,0.03521721204,770030
chr22,Melody-MT,GSM5652378_Small-int-Epithelial-Z0000042V.hg38,0.8521817075,0.0328397779,1172610
chr3,Melody-MT,GSM5652378_Small-int-Epithelial-Z0000042V.hg38,0.8317370606,0.03147967757,3262582
chr4,Melody-MT,GSM5652378_Small-int-Epithelial-Z0000042V.hg38,0.811441347,0.03362979379,2931434
chr5,Melody-MT,GSM5652378_Small-int-Epithelial-Z0000042V.hg38,0.8246778428,0.03261812339,2977798
chr6,Melody-MT,GSM5652378_Small-int-Epithelial-Z0000042V.hg38,0.8380201071,0.03220794771,2960256
chr7,Melody-MT,GSM5652378_Small-int-Epithelial-Z0000042V.hg38,0.8303067863,0.0327425369,3112002
chr8,Melody-MT,GSM5652378_Small-int-Epithelial-Z0000042V.hg38,0.7576394162,0.04367480348,2577724
chr9,Melody-MT,GSM5652378_Small-int-Epithelial-Z0000042V.hg38,0.7699017798,0.04582266932,2386332
chrX,Melody-MT,GSM5652378_Small-int-Epithelial-Z0000042V.hg38,0.793215352,0.03876352892,2282956
