model,track,split,metric,value
iDNA-ABT,Adipocytes,VALID,Spearman,0.3880451778002946
iDNA-ABT,Adipocytes,VALID,AUC,0.7454914127135536
iDNA-ABT,Adipocytes,TEST,Spearman,0.3920112402713392
iDNA-ABT,Adipocytes,TEST,AUC,0.7514980727503662
iDNA-ABT,Adipocytes,cell type specific,Spearman,0.1088423891160539
iDNA-ABT,Adipocytes,cell type specific,AUC,0.5203539823008849
iDNA-ABT,Aorta-Endothel,VALID,Spearman,0.3818527130174718
iDNA-ABT,Aorta-Endothel,VALID,AUC,0.7412935243784368
iDNA-ABT,Aorta-Endothel,TEST,Spearman,0.3744817363661716
iDNA-ABT,Aorta-Endothel,TEST,AUC,0.7427277809940388
iDNA-ABT,Aorta-Endothel,cell type specific,Spearman,0.00801151904242096
iDNA-ABT,Aorta-Endothel,cell type specific,AUC,0.5155339897013576
iDNA-ABT,Aorta-Smooth-Muscle,VALID,Spearman,0.2231215926287423
iDNA-ABT,Aorta-Smooth-Muscle,VALID,AUC,0.6205834828513506
iDNA-ABT,Aorta-Smooth-Muscle,TEST,Spearman,0.2242804657876085
iDNA-ABT,Aorta-Smooth-Muscle,TEST,AUC,0.6209614459770412
iDNA-ABT,Aorta-Smooth-Muscle,cell type specific,Spearman,0.1141402957282843
iDNA-ABT,Aorta-Smooth-Muscle,cell type specific,AUC,0.5343088767297302
iDNA-ABT,Bladder-Epithelial,VALID,Spearman,0.4004332462368538
iDNA-ABT,Bladder-Epithelial,VALID,AUC,0.7447201519161953
iDNA-ABT,Bladder-Epithelial,TEST,Spearman,0.398649538479575
iDNA-ABT,Bladder-Epithelial,TEST,AUC,0.7463066712384744
iDNA-ABT,Bladder-Epithelial,cell type specific,Spearman,0.1592791684586637
iDNA-ABT,Bladder-Epithelial,cell type specific,AUC,0.7853938687393278
iDNA-ABT,Blood-B,VALID,Spearman,0.262053381125598
iDNA-ABT,Blood-B,VALID,AUC,0.7294128793404583
iDNA-ABT,Blood-B,TEST,Spearman,0.2584941545252553
iDNA-ABT,Blood-B,TEST,AUC,0.7331577561913086
iDNA-ABT,Blood-B,cell type specific,Spearman,0.07147718427189499
iDNA-ABT,Blood-B,cell type specific,AUC,0.7556068889544478
iDNA-ABT,Blood-Granulocytes,VALID,Spearman,0.3227803419310377
iDNA-ABT,Blood-Granulocytes,VALID,AUC,0.7677150670085982
iDNA-ABT,Blood-Granulocytes,TEST,Spearman,0.3219939682061906
iDNA-ABT,Blood-Granulocytes,TEST,AUC,0.7715737066740938
iDNA-ABT,Blood-Granulocytes,cell type specific,Spearman,0.225392014501791
iDNA-ABT,Blood-Granulocytes,cell type specific,AUC,0.6317641809455922
iDNA-ABT,Blood-Monocytes,VALID,Spearman,0.0792514682462155
iDNA-ABT,Blood-Monocytes,VALID,AUC,0.6975137806335798
iDNA-ABT,Blood-Monocytes,TEST,Spearman,0.0748964336241533
iDNA-ABT,Blood-Monocytes,TEST,AUC,0.707292062551657
iDNA-ABT,Blood-Monocytes,cell type specific,Spearman,-0.05237657036871057
iDNA-ABT,Blood-Monocytes,cell type specific,AUC,0.4389206116133256
iDNA-ABT,Blood-NK,VALID,Spearman,0.2511290816405551
iDNA-ABT,Blood-NK,VALID,AUC,0.7330333298486885
iDNA-ABT,Blood-NK,TEST,Spearman,0.2438520214632575
iDNA-ABT,Blood-NK,TEST,AUC,0.7378551299396046
iDNA-ABT,Blood-NK,cell type specific,Spearman,0.2812976776787484
iDNA-ABT,Blood-NK,cell type specific,AUC,0.5078844799406685
iDNA-ABT,Blood-T-CD3,VALID,Spearman,0.1725998591032106
iDNA-ABT,Blood-T-CD3,VALID,AUC,0.6867474499144085
iDNA-ABT,Blood-T-CD3,TEST,Spearman,0.1605187484561445
iDNA-ABT,Blood-T-CD3,TEST,AUC,0.6843628683211745
iDNA-ABT,Blood-T-CD3,cell type specific,Spearman,-0.09656045767127988
iDNA-ABT,Blood-T-CD3,cell type specific,AUC,0.35502469788774
iDNA-ABT,Bone-Osteoblasts,VALID,Spearman,0.4572042109233949
iDNA-ABT,Bone-Osteoblasts,VALID,AUC,0.7474759607180981
iDNA-ABT,Bone-Osteoblasts,TEST,Spearman,0.4503978351736236
iDNA-ABT,Bone-Osteoblasts,TEST,AUC,0.7461713933050561
iDNA-ABT,Bone-Osteoblasts,cell type specific,Spearman,0.03936548154159802
iDNA-ABT,Bone-Osteoblasts,cell type specific,AUC,0.6062466320766896
iDNA-ABT,Bone_marrow-Erythrocyte_progenitors,VALID,Spearman,0.4762649104895566
iDNA-ABT,Bone_marrow-Erythrocyte_progenitors,VALID,AUC,0.7572462682360013
iDNA-ABT,Bone_marrow-Erythrocyte_progenitors,TEST,Spearman,0.4655611935900755
iDNA-ABT,Bone_marrow-Erythrocyte_progenitors,TEST,AUC,0.7551351839396679
iDNA-ABT,Bone_marrow-Erythrocyte_progenitors,cell type specific,Spearman,0.04380010029537008
iDNA-ABT,Bone_marrow-Erythrocyte_progenitors,cell type specific,AUC,0.5480383367916212
iDNA-ABT,Breast-Basal-Epithelial,VALID,Spearman,0.2291201918768019
iDNA-ABT,Breast-Basal-Epithelial,VALID,AUC,0.7168336539156617
iDNA-ABT,Breast-Basal-Epithelial,TEST,Spearman,0.2341430933811224
iDNA-ABT,Breast-Basal-Epithelial,TEST,AUC,0.7192671232221652
iDNA-ABT,Breast-Basal-Epithelial,cell type specific,Spearman,-0.06374739373908234
iDNA-ABT,Breast-Basal-Epithelial,cell type specific,AUC,0.4989299248728489
iDNA-ABT,Breast-Luminal-Epithelial,VALID,Spearman,0.3502661999530126
iDNA-ABT,Breast-Luminal-Epithelial,VALID,AUC,0.7548875716867485
iDNA-ABT,Breast-Luminal-Epithelial,TEST,Spearman,0.3498838087781004
iDNA-ABT,Breast-Luminal-Epithelial,TEST,AUC,0.7561415709736609
iDNA-ABT,Breast-Luminal-Epithelial,cell type specific,Spearman,0.1131147293534499
iDNA-ABT,Breast-Luminal-Epithelial,cell type specific,AUC,0.5851787792930546
iDNA-ABT,Colon-Fibroblasts,VALID,Spearman,0.2063414656398585
iDNA-ABT,Colon-Fibroblasts,VALID,AUC,0.6516855082087838
iDNA-ABT,Colon-Fibroblasts,TEST,Spearman,0.2051101008922738
iDNA-ABT,Colon-Fibroblasts,TEST,AUC,0.6503521270850587
iDNA-ABT,Colon-Fibroblasts,cell type specific,Spearman,0.1865745621640336
iDNA-ABT,Colon-Fibroblasts,cell type specific,AUC,0.583127309959045
iDNA-ABT,Colon-Right-Epithelial,VALID,Spearman,0.364271587565577
iDNA-ABT,Colon-Right-Epithelial,VALID,AUC,0.7367852461846858
iDNA-ABT,Colon-Right-Epithelial,TEST,Spearman,0.3663982619415182
iDNA-ABT,Colon-Right-Epithelial,TEST,AUC,0.7387451619461306
iDNA-ABT,Colon-Right-Epithelial,cell type specific,Spearman,0.08712340871355574
iDNA-ABT,Colon-Right-Epithelial,cell type specific,AUC,0.5451790593624933
iDNA-ABT,Cortex-Neuron,VALID,Spearman,0.3495797760029153
iDNA-ABT,Cortex-Neuron,VALID,AUC,0.7890077656419817
iDNA-ABT,Cortex-Neuron,TEST,Spearman,0.3491307688960885
iDNA-ABT,Cortex-Neuron,TEST,AUC,0.7833874045881271
iDNA-ABT,Cortex-Neuron,cell type specific,Spearman,0.0175200205886578
iDNA-ABT,Cortex-Neuron,cell type specific,AUC,0.510459570760273
iDNA-ABT,Dermal-Fibroblasts,VALID,Spearman,0.404786289144678
iDNA-ABT,Dermal-Fibroblasts,VALID,AUC,0.7529339659765126
iDNA-ABT,Dermal-Fibroblasts,TEST,Spearman,0.3999220066916728
iDNA-ABT,Dermal-Fibroblasts,TEST,AUC,0.7528307320539231
iDNA-ABT,Dermal-Fibroblasts,cell type specific,Spearman,0.2327813101977181
iDNA-ABT,Dermal-Fibroblasts,cell type specific,AUC,0.7649338815326101
iDNA-ABT,Epidermal-Keratinocytes,VALID,Spearman,0.2772443962977324
iDNA-ABT,Epidermal-Keratinocytes,VALID,AUC,0.7009334129518847
iDNA-ABT,Epidermal-Keratinocytes,TEST,Spearman,0.2772844296760144
iDNA-ABT,Epidermal-Keratinocytes,TEST,AUC,0.7048746325734554
iDNA-ABT,Epidermal-Keratinocytes,cell type specific,Spearman,-0.06132199875216677
iDNA-ABT,Epidermal-Keratinocytes,cell type specific,AUC,0.5294750948459984
iDNA-ABT,Fallopian-Epithelial,VALID,Spearman,0.3602825239526593
iDNA-ABT,Fallopian-Epithelial,VALID,AUC,0.7540456748574177
iDNA-ABT,Fallopian-Epithelial,TEST,Spearman,0.3642110185986724
iDNA-ABT,Fallopian-Epithelial,TEST,AUC,0.756808684140648
iDNA-ABT,Fallopian-Epithelial,cell type specific,Spearman,0.1010808171760853
iDNA-ABT,Fallopian-Epithelial,cell type specific,AUC,0.6098911110823972
iDNA-ABT,Gallbladder-Epithelial,VALID,Spearman,0.3602366425769941
iDNA-ABT,Gallbladder-Epithelial,VALID,AUC,0.7512412669274781
iDNA-ABT,Gallbladder-Epithelial,TEST,Spearman,0.3644491377346813
iDNA-ABT,Gallbladder-Epithelial,TEST,AUC,0.755698642303296
iDNA-ABT,Gallbladder-Epithelial,cell type specific,Spearman,0.1157841183352773
iDNA-ABT,Gallbladder-Epithelial,cell type specific,AUC,0.5844315016160674
iDNA-ABT,Gastric-fundus-Epithelial,VALID,Spearman,0.3648551655700401
iDNA-ABT,Gastric-fundus-Epithelial,VALID,AUC,0.724231670104278
iDNA-ABT,Gastric-fundus-Epithelial,TEST,Spearman,0.3586524353363015
iDNA-ABT,Gastric-fundus-Epithelial,TEST,AUC,0.725811523957475
iDNA-ABT,Gastric-fundus-Epithelial,cell type specific,Spearman,0.1358988170412609
iDNA-ABT,Gastric-fundus-Epithelial,cell type specific,AUC,0.5656810145260974
iDNA-ABT,Heart-Cardiomyocyte,VALID,Spearman,0.1807810660590428
iDNA-ABT,Heart-Cardiomyocyte,VALID,AUC,0.6637733715357679
iDNA-ABT,Heart-Cardiomyocyte,TEST,Spearman,0.1795290859813943
iDNA-ABT,Heart-Cardiomyocyte,TEST,AUC,0.6636980270066395
iDNA-ABT,Heart-Cardiomyocyte,cell type specific,Spearman,0.04021169028764696
iDNA-ABT,Heart-Cardiomyocyte,cell type specific,AUC,0.5186519166452277
iDNA-ABT,Heart-Fibroblasts,VALID,Spearman,0.3513945205199908
iDNA-ABT,Heart-Fibroblasts,VALID,AUC,0.6813394610637684
iDNA-ABT,Heart-Fibroblasts,TEST,Spearman,0.3456148934106318
iDNA-ABT,Heart-Fibroblasts,TEST,AUC,0.6779597286923436
iDNA-ABT,Heart-Fibroblasts,cell type specific,Spearman,0.07410734756025607
iDNA-ABT,Heart-Fibroblasts,cell type specific,AUC,0.52731464736045
iDNA-ABT,Kidney-Tubular-Endothel,VALID,Spearman,0.3674340001555555
iDNA-ABT,Kidney-Tubular-Endothel,VALID,AUC,0.7704500889872286
iDNA-ABT,Kidney-Tubular-Endothel,TEST,Spearman,0.364713064761435
iDNA-ABT,Kidney-Tubular-Endothel,TEST,AUC,0.7709666391586519
iDNA-ABT,Kidney-Tubular-Endothel,cell type specific,Spearman,0.2060771968939755
iDNA-ABT,Kidney-Tubular-Endothel,cell type specific,AUC,0.4073674351426916
iDNA-ABT,Liver-Hepatocytes,VALID,Spearman,0.3009600792275625
iDNA-ABT,Liver-Hepatocytes,VALID,AUC,0.7104763314858678
iDNA-ABT,Liver-Hepatocytes,TEST,Spearman,0.2961906167314072
iDNA-ABT,Liver-Hepatocytes,TEST,AUC,0.7069911788116912
iDNA-ABT,Liver-Hepatocytes,cell type specific,Spearman,0.1215712866178672
iDNA-ABT,Liver-Hepatocytes,cell type specific,AUC,0.5805065548071782
iDNA-ABT,Lung-Alveolar-Epithelial,VALID,Spearman,0.4240039649857663
iDNA-ABT,Lung-Alveolar-Epithelial,VALID,AUC,0.7594538183659505
iDNA-ABT,Lung-Alveolar-Epithelial,TEST,Spearman,0.4209494406221671
iDNA-ABT,Lung-Alveolar-Epithelial,TEST,AUC,0.7604517600641749
iDNA-ABT,Lung-Alveolar-Epithelial,cell type specific,Spearman,0.133890159266339
iDNA-ABT,Lung-Alveolar-Epithelial,cell type specific,AUC,0.5533339865621482
iDNA-ABT,Lung-Bronchus-Epithelial,VALID,Spearman,0.401366057281588
iDNA-ABT,Lung-Bronchus-Epithelial,VALID,AUC,0.753473706466149
iDNA-ABT,Lung-Bronchus-Epithelial,TEST,Spearman,0.4035211057395432
iDNA-ABT,Lung-Bronchus-Epithelial,TEST,AUC,0.7555063746418176
iDNA-ABT,Lung-Bronchus-Epithelial,cell type specific,Spearman,0.04487796357359758
iDNA-ABT,Lung-Bronchus-Epithelial,cell type specific,AUC,0.5601180184889558
iDNA-ABT,Oligodendrocytes,VALID,Spearman,0.1780367435597442
iDNA-ABT,Oligodendrocytes,VALID,AUC,0.7004832084854966
iDNA-ABT,Oligodendrocytes,TEST,Spearman,0.1921949153400529
iDNA-ABT,Oligodendrocytes,TEST,AUC,0.7120899672643426
iDNA-ABT,Oligodendrocytes,cell type specific,Spearman,0.1070801021558298
iDNA-ABT,Oligodendrocytes,cell type specific,AUC,0.6836673060009114
iDNA-ABT,Ovary-Epithelial,VALID,Spearman,0.2827512557863843
iDNA-ABT,Ovary-Epithelial,VALID,AUC,0.6928104345056955
iDNA-ABT,Ovary-Epithelial,TEST,Spearman,0.2817105918953774
iDNA-ABT,Ovary-Epithelial,TEST,AUC,0.6907905896831501
iDNA-ABT,Ovary-Epithelial,cell type specific,Spearman,0.1601402886002654
iDNA-ABT,Ovary-Epithelial,cell type specific,AUC,0.621367618847555
iDNA-ABT,Pancreas-Acinar,VALID,Spearman,0.4316104388938293
iDNA-ABT,Pancreas-Acinar,VALID,AUC,0.7365957336033515
iDNA-ABT,Pancreas-Acinar,TEST,Spearman,0.4245978421492564
iDNA-ABT,Pancreas-Acinar,TEST,AUC,0.7370092322587415
iDNA-ABT,Pancreas-Acinar,cell type specific,Spearman,0.04431257601661171
iDNA-ABT,Pancreas-Acinar,cell type specific,AUC,0.624311721041259
iDNA-ABT,Pancreas-Alpha,VALID,Spearman,0.3896566273154267
iDNA-ABT,Pancreas-Alpha,VALID,AUC,0.7625927036058506
iDNA-ABT,Pancreas-Alpha,TEST,Spearman,0.3808119112321937
iDNA-ABT,Pancreas-Alpha,TEST,AUC,0.7617581556975589
iDNA-ABT,Pancreas-Alpha,cell type specific,Spearman,0.1230287060615157
iDNA-ABT,Pancreas-Alpha,cell type specific,AUC,0.5906265074440615
iDNA-ABT,Pancreas-Beta,VALID,Spearman,0.3784546588325036
iDNA-ABT,Pancreas-Beta,VALID,AUC,0.7621380449079708
iDNA-ABT,Pancreas-Beta,TEST,Spearman,0.3737686294050037
iDNA-ABT,Pancreas-Beta,TEST,AUC,0.7574446582702851
iDNA-ABT,Pancreas-Beta,cell type specific,Spearman,0.009012146108414481
iDNA-ABT,Pancreas-Beta,cell type specific,AUC,0.4822375552987259
iDNA-ABT,Pancreas-Delta,VALID,Spearman,0.3636659676011409
iDNA-ABT,Pancreas-Delta,VALID,AUC,0.7581863843532755
iDNA-ABT,Pancreas-Delta,TEST,Spearman,0.3624724416141266
iDNA-ABT,Pancreas-Delta,TEST,AUC,0.7583370038973669
iDNA-ABT,Pancreas-Delta,cell type specific,Spearman,0.06735577157338458
iDNA-ABT,Pancreas-Delta,cell type specific,AUC,0.5761780919764519
iDNA-ABT,Pancreas-Duct,VALID,Spearman,0.3539114767057926
iDNA-ABT,Pancreas-Duct,VALID,AUC,0.7611539443939418
iDNA-ABT,Pancreas-Duct,TEST,Spearman,0.3523120405955968
iDNA-ABT,Pancreas-Duct,TEST,AUC,0.7621612188414547
iDNA-ABT,Pancreas-Duct,cell type specific,Spearman,0.1283604366881681
iDNA-ABT,Pancreas-Duct,cell type specific,AUC,0.6411903602284512
iDNA-ABT,Prostate-Epithelial,VALID,Spearman,0.3609467341722014
iDNA-ABT,Prostate-Epithelial,VALID,AUC,0.744255139566435
iDNA-ABT,Prostate-Epithelial,TEST,Spearman,0.3636072525007723
iDNA-ABT,Prostate-Epithelial,TEST,AUC,0.7476218849010771
iDNA-ABT,Prostate-Epithelial,cell type specific,Spearman,0.2097661500974644
iDNA-ABT,Prostate-Epithelial,cell type specific,AUC,0.6769822567007224
iDNA-ABT,Skeletal-Muscle,VALID,Spearman,0.3739078850435179
iDNA-ABT,Skeletal-Muscle,VALID,AUC,0.7317456295393745
iDNA-ABT,Skeletal-Muscle,TEST,Spearman,0.3757182893290211
iDNA-ABT,Skeletal-Muscle,TEST,AUC,0.7376875188303896
iDNA-ABT,Skeletal-Muscle,cell type specific,Spearman,0.05846129858090235
iDNA-ABT,Skeletal-Muscle,cell type specific,AUC,0.5362015887434591
iDNA-ABT,Small-int-Epithelial,VALID,Spearman,0.3205772637614049
iDNA-ABT,Small-int-Epithelial,VALID,AUC,0.7173017896190137
iDNA-ABT,Small-int-Epithelial,TEST,Spearman,0.3245617815158968
iDNA-ABT,Small-int-Epithelial,TEST,AUC,0.7182477391996455
iDNA-ABT,Small-int-Epithelial,cell type specific,Spearman,0.1747073039494517
iDNA-ABT,Small-int-Epithelial,cell type specific,AUC,0.6266816849202173
iDNA-ABT,Thyroid-Epithelial,VALID,Spearman,0.348695570537641
iDNA-ABT,Thyroid-Epithelial,VALID,AUC,0.768290242545132
iDNA-ABT,Thyroid-Epithelial,TEST,Spearman,0.3474570415382963
iDNA-ABT,Thyroid-Epithelial,TEST,AUC,0.7708422721010857
iDNA-ABT,Thyroid-Epithelial,cell type specific,Spearman,0.1744823732789167
iDNA-ABT,Thyroid-Epithelial,cell type specific,AUC,0.5606032049766091
iDNA-ABT,Tonsil-Palatine-Epithelial,VALID,Spearman,0.4046875799881635
iDNA-ABT,Tonsil-Palatine-Epithelial,VALID,AUC,0.7344773138104509
iDNA-ABT,Tonsil-Palatine-Epithelial,TEST,Spearman,0.4022524509337972
iDNA-ABT,Tonsil-Palatine-Epithelial,TEST,AUC,0.7354829577163536
iDNA-ABT,GSM5652176_Adipocytes-Z000000T7,SAMPLE_VALID,Spearman,0.3808126860691354
iDNA-ABT,GSM5652176_Adipocytes-Z000000T7,SAMPLE_VALID,AUC,0.7171753985624009
iDNA-ABT,GSM5652176_Adipocytes-Z000000T7,SAMPLE_TEST,Spearman,0.4521946102251673
iDNA-ABT,GSM5652176_Adipocytes-Z000000T7,SAMPLE_TEST,AUC,0.7562832680044624
iDNA-ABT,GSM5652335_Lung-Bronchus-Epithelial-Z000000QD,SAMPLE_VALID,Spearman,0.3877567332016496
iDNA-ABT,GSM5652335_Lung-Bronchus-Epithelial-Z000000QD,SAMPLE_VALID,AUC,0.7127131468577573
iDNA-ABT,GSM5652335_Lung-Bronchus-Epithelial-Z000000QD,SAMPLE_TEST,Spearman,0.4457599543080109
iDNA-ABT,GSM5652335_Lung-Bronchus-Epithelial-Z000000QD,SAMPLE_TEST,AUC,0.7395327612435881
iDNA-ABT,GSM5652179_Aorta-Endothel-Z00000422,SAMPLE_VALID,Spearman,0.3634187356256463
iDNA-ABT,GSM5652179_Aorta-Endothel-Z00000422,SAMPLE_VALID,AUC,0.722574022444171
iDNA-ABT,GSM5652179_Aorta-Endothel-Z00000422,SAMPLE_TEST,Spearman,0.4173518416786748
iDNA-ABT,GSM5652179_Aorta-Endothel-Z00000422,SAMPLE_TEST,AUC,0.7577816155995134
iDNA-ABT,GSM5652321_Epidermal-Keratinocytes-Z00000424,SAMPLE_VALID,Spearman,0.2699501930850439
iDNA-ABT,GSM5652321_Epidermal-Keratinocytes-Z00000424,SAMPLE_VALID,AUC,0.6752197309884055
iDNA-ABT,GSM5652321_Epidermal-Keratinocytes-Z00000424,SAMPLE_TEST,Spearman,0.352985735474606
iDNA-ABT,GSM5652321_Epidermal-Keratinocytes-Z00000424,SAMPLE_TEST,AUC,0.7168446961719924
iDNA-ABT,GSM5652189_Kidney-Tubular-Endothel-Z0000042R,SAMPLE_VALID,Spearman,0.3712752001340498
iDNA-ABT,GSM5652189_Kidney-Tubular-Endothel-Z0000042R,SAMPLE_VALID,AUC,0.7475324047588765
iDNA-ABT,GSM5652189_Kidney-Tubular-Endothel-Z0000042R,SAMPLE_TEST,Spearman,0.4286029757742527
iDNA-ABT,GSM5652189_Kidney-Tubular-Endothel-Z0000042R,SAMPLE_TEST,AUC,0.7789323355200002
iDNA-ABT,GSM5652338_Prostate-Epithelial-Z000000RV,SAMPLE_VALID,Spearman,0.351739999296155
iDNA-ABT,GSM5652338_Prostate-Epithelial-Z000000RV,SAMPLE_VALID,AUC,0.7060811501311707
iDNA-ABT,GSM5652338_Prostate-Epithelial-Z000000RV,SAMPLE_TEST,Spearman,0.4152496532272879
iDNA-ABT,GSM5652338_Prostate-Epithelial-Z000000RV,SAMPLE_TEST,AUC,0.7381141013535573
iDNA-ABT,GSM5652198_Colon-Fibroblasts-Z0000042A,SAMPLE_VALID,Spearman,0.215160363307909
iDNA-ABT,GSM5652198_Colon-Fibroblasts-Z0000042A,SAMPLE_VALID,AUC,0.65309771453427
iDNA-ABT,GSM5652198_Colon-Fibroblasts-Z0000042A,SAMPLE_TEST,Spearman,0.2837034058627665
iDNA-ABT,GSM5652198_Colon-Fibroblasts-Z0000042A,SAMPLE_TEST,AUC,0.6888479523378667
iDNA-ABT,GSM5652342_Bladder-Epithelial-Z000000QM,SAMPLE_VALID,Spearman,0.354766797612131
iDNA-ABT,GSM5652342_Bladder-Epithelial-Z000000QM,SAMPLE_VALID,AUC,0.6949126718704057
iDNA-ABT,GSM5652342_Bladder-Epithelial-Z000000QM,SAMPLE_TEST,Spearman,0.416637319160664
iDNA-ABT,GSM5652342_Bladder-Epithelial-Z000000QM,SAMPLE_TEST,AUC,0.7296061385755814
iDNA-ABT,GSM5652200_Heart-Fibroblasts-Z0000043R,SAMPLE_VALID,Spearman,0.3350478152855565
iDNA-ABT,GSM5652200_Heart-Fibroblasts-Z0000043R,SAMPLE_VALID,AUC,0.6855129871930009
iDNA-ABT,GSM5652200_Heart-Fibroblasts-Z0000043R,SAMPLE_TEST,Spearman,0.383339845585942
iDNA-ABT,GSM5652200_Heart-Fibroblasts-Z0000043R,SAMPLE_TEST,AUC,0.712392638749119
iDNA-ABT,GSM5652347_Breast-Luminal-Epithelial-Z000000V2,SAMPLE_VALID,Spearman,0.3550537161196161
iDNA-ABT,GSM5652347_Breast-Luminal-Epithelial-Z000000V2,SAMPLE_VALID,AUC,0.7252726065508922
iDNA-ABT,GSM5652347_Breast-Luminal-Epithelial-Z000000V2,SAMPLE_TEST,Spearman,0.4161962415963096
iDNA-ABT,GSM5652347_Breast-Luminal-Epithelial-Z000000V2,SAMPLE_TEST,AUC,0.7519704516871275
iDNA-ABT,GSM5652204_Dermal-Fibroblasts-Z00000423,SAMPLE_VALID,Spearman,0.3901476295047328
iDNA-ABT,GSM5652204_Dermal-Fibroblasts-Z00000423,SAMPLE_VALID,AUC,0.73438071904368
iDNA-ABT,GSM5652204_Dermal-Fibroblasts-Z00000423,SAMPLE_TEST,Spearman,0.4553279082261292
iDNA-ABT,GSM5652204_Dermal-Fibroblasts-Z00000423,SAMPLE_TEST,AUC,0.7724704535503633
iDNA-ABT,GSM5652350_Breast-Basal-Epithelial-Z000000V6,SAMPLE_VALID,Spearman,0.2688615585447841
iDNA-ABT,GSM5652350_Breast-Basal-Epithelial-Z000000V6,SAMPLE_VALID,AUC,0.6969265829123907
iDNA-ABT,GSM5652350_Breast-Basal-Epithelial-Z000000V6,SAMPLE_TEST,Spearman,0.3470127735854243
iDNA-ABT,GSM5652350_Breast-Basal-Epithelial-Z000000V6,SAMPLE_TEST,AUC,0.7355316172813999
iDNA-ABT,GSM5652205_Skeletal-Muscle-Z00000427,SAMPLE_VALID,Spearman,0.3630919299138335
iDNA-ABT,GSM5652205_Skeletal-Muscle-Z00000427,SAMPLE_VALID,AUC,0.7066644702199856
iDNA-ABT,GSM5652205_Skeletal-Muscle-Z00000427,SAMPLE_TEST,Spearman,0.4311016917927057
iDNA-ABT,GSM5652205_Skeletal-Muscle-Z00000427,SAMPLE_TEST,AUC,0.744722736638719
iDNA-ABT,GSM5652354_Lung-Alveolar-Epithelial-Z000000T1,SAMPLE_VALID,Spearman,0.3965971499458055
iDNA-ABT,GSM5652354_Lung-Alveolar-Epithelial-Z000000T1,SAMPLE_VALID,AUC,0.7180239773431902
iDNA-ABT,GSM5652354_Lung-Alveolar-Epithelial-Z000000T1,SAMPLE_TEST,Spearman,0.449386846142454
iDNA-ABT,GSM5652354_Lung-Alveolar-Epithelial-Z000000T1,SAMPLE_TEST,AUC,0.7445584398290513
iDNA-ABT,GSM5652207_Aorta-Smooth-Muscle-Z0000041U,SAMPLE_VALID,Spearman,0.2094522576561985
iDNA-ABT,GSM5652207_Aorta-Smooth-Muscle-Z0000041U,SAMPLE_VALID,AUC,0.6274575837346137
iDNA-ABT,GSM5652207_Aorta-Smooth-Muscle-Z0000041U,SAMPLE_TEST,Spearman,0.2604920931648073
iDNA-ABT,GSM5652207_Aorta-Smooth-Muscle-Z0000041U,SAMPLE_TEST,AUC,0.6583600374568697
iDNA-ABT,GSM5652358_Gallbladder-Epithelial-Z00000432,SAMPLE_VALID,Spearman,0.3432251035597947
iDNA-ABT,GSM5652358_Gallbladder-Epithelial-Z00000432,SAMPLE_VALID,AUC,0.703307873241604
iDNA-ABT,GSM5652358_Gallbladder-Epithelial-Z00000432,SAMPLE_TEST,Spearman,0.4172476996599757
iDNA-ABT,GSM5652358_Gallbladder-Epithelial-Z00000432,SAMPLE_TEST,AUC,0.737143384530327
iDNA-ABT,GSM5652215_Heart-Cardiomyocyte-Z0000044P,SAMPLE_VALID,Spearman,0.2322893148072749
iDNA-ABT,GSM5652215_Heart-Cardiomyocyte-Z0000044P,SAMPLE_VALID,AUC,0.663863360338889
iDNA-ABT,GSM5652215_Heart-Cardiomyocyte-Z0000044P,SAMPLE_TEST,Spearman,0.291639948554142
iDNA-ABT,GSM5652215_Heart-Cardiomyocyte-Z0000044P,SAMPLE_TEST,AUC,0.7002124031128338
iDNA-ABT,GSM5652359_Gastric-fundus-Epithelial-Z000000RX,SAMPLE_VALID,Spearman,0.3357651986722194
iDNA-ABT,GSM5652359_Gastric-fundus-Epithelial-Z000000RX,SAMPLE_VALID,AUC,0.6873069187905199
iDNA-ABT,GSM5652359_Gastric-fundus-Epithelial-Z000000RX,SAMPLE_TEST,Spearman,0.3971797392034738
iDNA-ABT,GSM5652359_Gastric-fundus-Epithelial-Z000000RX,SAMPLE_TEST,AUC,0.7212199053686076
iDNA-ABT,GSM5652218_Bone-Osteoblasts-Z0000042Z,SAMPLE_VALID,Spearman,0.4334868967743127
iDNA-ABT,GSM5652218_Bone-Osteoblasts-Z0000042Z,SAMPLE_VALID,AUC,0.7368512502646607
iDNA-ABT,GSM5652218_Bone-Osteoblasts-Z0000042Z,SAMPLE_TEST,Spearman,0.4775714626331283
iDNA-ABT,GSM5652218_Bone-Osteoblasts-Z0000042Z,SAMPLE_TEST,AUC,0.7582076740422384
iDNA-ABT,GSM5652219_Oligodendrocytes-Z000000TK,SAMPLE_VALID,Spearman,0.2384482437043876
iDNA-ABT,GSM5652219_Oligodendrocytes-Z000000TK,SAMPLE_VALID,AUC,0.697898650528548
iDNA-ABT,GSM5652219_Oligodendrocytes-Z000000TK,SAMPLE_TEST,Spearman,0.3155410763726587
iDNA-ABT,GSM5652219_Oligodendrocytes-Z000000TK,SAMPLE_TEST,AUC,0.7366931797436445
iDNA-ABT,GSM5652223_Cortex-Neuron-Z000000TF,SAMPLE_VALID,Spearman,0.377962141637411
iDNA-ABT,GSM5652223_Cortex-Neuron-Z000000TF,SAMPLE_VALID,AUC,0.7781172000820813
iDNA-ABT,GSM5652223_Cortex-Neuron-Z000000TF,SAMPLE_TEST,Spearman,0.4330044001046069
iDNA-ABT,GSM5652223_Cortex-Neuron-Z000000TF,SAMPLE_TEST,AUC,0.8032595623038412
iDNA-ABT,GSM5652233_Liver-Hepatocytes-Z000000R3,SAMPLE_VALID,Spearman,0.2801399195782542
iDNA-ABT,GSM5652233_Liver-Hepatocytes-Z000000R3,SAMPLE_VALID,AUC,0.6993205332581459
iDNA-ABT,GSM5652233_Liver-Hepatocytes-Z000000R3,SAMPLE_TEST,Spearman,0.3419952209689731
iDNA-ABT,GSM5652233_Liver-Hepatocytes-Z000000R3,SAMPLE_TEST,AUC,0.7290754422680749
iDNA-ABT,GSM5652239_Pancreas-Duct-Z0000043T,SAMPLE_VALID,Spearman,0.3368009995774934
iDNA-ABT,GSM5652239_Pancreas-Duct-Z0000043T,SAMPLE_VALID,AUC,0.7222688775037108
iDNA-ABT,GSM5652239_Pancreas-Duct-Z0000043T,SAMPLE_TEST,Spearman,0.4026399628292979
iDNA-ABT,GSM5652239_Pancreas-Duct-Z0000043T,SAMPLE_TEST,AUC,0.7565630253856128
iDNA-ABT,GSM5652243_Pancreas-Acinar-Z000000QX,SAMPLE_VALID,Spearman,0.3821961993468423
iDNA-ABT,GSM5652243_Pancreas-Acinar-Z000000QX,SAMPLE_VALID,AUC,0.7051937763197799
iDNA-ABT,GSM5652243_Pancreas-Acinar-Z000000QX,SAMPLE_TEST,Spearman,0.4112680724556242
iDNA-ABT,GSM5652243_Pancreas-Acinar-Z000000QX,SAMPLE_TEST,AUC,0.7236099645817466
iDNA-ABT,GSM5652247_Pancreas-Delta-Z00000451,SAMPLE_VALID,Spearman,0.3607881003932895
iDNA-ABT,GSM5652247_Pancreas-Delta-Z00000451,SAMPLE_VALID,AUC,0.7453037856031046
iDNA-ABT,GSM5652247_Pancreas-Delta-Z00000451,SAMPLE_TEST,Spearman,0.4138613528768089
iDNA-ABT,GSM5652247_Pancreas-Delta-Z00000451,SAMPLE_TEST,AUC,0.7648415619855753
iDNA-ABT,GSM5652250_Pancreas-Beta-Z00000452,SAMPLE_VALID,Spearman,0.3597920965913292
iDNA-ABT,GSM5652250_Pancreas-Beta-Z00000452,SAMPLE_VALID,AUC,0.7450039581003813
iDNA-ABT,GSM5652250_Pancreas-Beta-Z00000452,SAMPLE_TEST,Spearman,0.4119440611490818
iDNA-ABT,GSM5652250_Pancreas-Beta-Z00000452,SAMPLE_TEST,AUC,0.7650870178846966
iDNA-ABT,GSM5652253_Pancreas-Alpha-Z00000453,SAMPLE_VALID,Spearman,0.3732929989332126
iDNA-ABT,GSM5652253_Pancreas-Alpha-Z00000453,SAMPLE_VALID,AUC,0.746620952650467
iDNA-ABT,GSM5652253_Pancreas-Alpha-Z00000453,SAMPLE_TEST,Spearman,0.4219201396261156
iDNA-ABT,GSM5652253_Pancreas-Alpha-Z00000453,SAMPLE_TEST,AUC,0.7686550500860025
iDNA-ABT,GSM5652264_Thyroid-Epithelial-Z0000042S,SAMPLE_VALID,Spearman,0.3598087382317751
iDNA-ABT,GSM5652264_Thyroid-Epithelial-Z0000042S,SAMPLE_VALID,AUC,0.7407659549868661
iDNA-ABT,GSM5652264_Thyroid-Epithelial-Z0000042S,SAMPLE_TEST,Spearman,0.4062690844017864
iDNA-ABT,GSM5652264_Thyroid-Epithelial-Z0000042S,SAMPLE_TEST,AUC,0.76645326544497
iDNA-ABT,GSM5652322_Tonsil-Palatine-Epithelial-Z000000QF,SAMPLE_VALID,Spearman,0.3686207507777464
iDNA-ABT,GSM5652322_Tonsil-Palatine-Epithelial-Z000000QF,SAMPLE_VALID,AUC,0.6979159709517134
iDNA-ABT,GSM5652322_Tonsil-Palatine-Epithelial-Z000000QF,SAMPLE_TEST,Spearman,0.4220117117641696
iDNA-ABT,GSM5652322_Tonsil-Palatine-Epithelial-Z000000QF,SAMPLE_TEST,AUC,0.7228098629367694
iDNA-ABT,GSM5652267_Fallopian-Epithelial-Z000000Q7,SAMPLE_VALID,Spearman,0.3547700135215433
iDNA-ABT,GSM5652267_Fallopian-Epithelial-Z000000Q7,SAMPLE_VALID,AUC,0.7224605071013415
iDNA-ABT,GSM5652267_Fallopian-Epithelial-Z000000Q7,SAMPLE_TEST,Spearman,0.4244752566262166
iDNA-ABT,GSM5652267_Fallopian-Epithelial-Z000000Q7,SAMPLE_TEST,AUC,0.7555080302220561
iDNA-ABT,GSM5652270_Ovary-Epithelial-Z000000QT,SAMPLE_VALID,Spearman,0.3012749295371228
iDNA-ABT,GSM5652270_Ovary-Epithelial-Z000000QT,SAMPLE_VALID,AUC,0.6942043428384879
iDNA-ABT,GSM5652270_Ovary-Epithelial-Z000000QT,SAMPLE_TEST,Spearman,0.3774196820871718
iDNA-ABT,GSM5652270_Ovary-Epithelial-Z000000QT,SAMPLE_TEST,AUC,0.73350447003137
iDNA-ABT,GSM5652274_Bone_marrow-Erythrocyte_progenitors-Z000000RF,SAMPLE_VALID,Spearman,0.4084296980453983
iDNA-ABT,GSM5652274_Bone_marrow-Erythrocyte_progenitors-Z000000RF,SAMPLE_VALID,AUC,0.7286961117264592
iDNA-ABT,GSM5652274_Bone_marrow-Erythrocyte_progenitors-Z000000RF,SAMPLE_TEST,Spearman,0.4386948644660959
iDNA-ABT,GSM5652274_Bone_marrow-Erythrocyte_progenitors-Z000000RF,SAMPLE_TEST,AUC,0.7474873699388376
iDNA-ABT,GSM5652277_Blood-T-CD3-Z000000TV,SAMPLE_VALID,Spearman,0.1823493843381251
iDNA-ABT,GSM5652277_Blood-T-CD3-Z000000TV,SAMPLE_VALID,AUC,0.6816839495068406
iDNA-ABT,GSM5652277_Blood-T-CD3-Z000000TV,SAMPLE_TEST,Spearman,0.2539560435823665
iDNA-ABT,GSM5652277_Blood-T-CD3-Z000000TV,SAMPLE_TEST,AUC,0.7264319913600332
iDNA-ABT,GSM5652299_Blood-NK-Z000000TM,SAMPLE_VALID,Spearman,0.2432344174019311
iDNA-ABT,GSM5652299_Blood-NK-Z000000TM,SAMPLE_VALID,AUC,0.7006501928219137
iDNA-ABT,GSM5652299_Blood-NK-Z000000TM,SAMPLE_TEST,Spearman,0.309509136574861
iDNA-ABT,GSM5652299_Blood-NK-Z000000TM,SAMPLE_TEST,AUC,0.7459278215294575
iDNA-ABT,GSM5652302_Blood-Monocytes-Z000000TP,SAMPLE_VALID,Spearman,0.1432083807607315
iDNA-ABT,GSM5652302_Blood-Monocytes-Z000000TP,SAMPLE_VALID,AUC,0.670285945913092
iDNA-ABT,GSM5652302_Blood-Monocytes-Z000000TP,SAMPLE_TEST,Spearman,0.224117345360361
iDNA-ABT,GSM5652302_Blood-Monocytes-Z000000TP,SAMPLE_TEST,AUC,0.7181809385399818
iDNA-ABT,GSM5652313_Blood-Granulocytes-Z000000TZ,SAMPLE_VALID,Spearman,0.3115836871095946
iDNA-ABT,GSM5652313_Blood-Granulocytes-Z000000TZ,SAMPLE_VALID,AUC,0.7305177790729189
iDNA-ABT,GSM5652313_Blood-Granulocytes-Z000000TZ,SAMPLE_TEST,Spearman,0.3739019935321719
iDNA-ABT,GSM5652313_Blood-Granulocytes-Z000000TZ,SAMPLE_TEST,AUC,0.7669182652311504
iDNA-ABT,GSM5652317_Blood-B-Z000000UB,SAMPLE_VALID,Spearman,0.2573909614022378
iDNA-ABT,GSM5652317_Blood-B-Z000000UB,SAMPLE_VALID,AUC,0.707525415322909
iDNA-ABT,GSM5652317_Blood-B-Z000000UB,SAMPLE_TEST,Spearman,0.3155739405034419
iDNA-ABT,GSM5652317_Blood-B-Z000000UB,SAMPLE_TEST,AUC,0.7462879130109158
iDNA-ABT,GSM5652370_Colon-Right-Epithelial-Z000000V0,SAMPLE_VALID,Spearman,0.3242381520758433
iDNA-ABT,GSM5652370_Colon-Right-Epithelial-Z000000V0,SAMPLE_VALID,AUC,0.6926958466948149
iDNA-ABT,GSM5652370_Colon-Right-Epithelial-Z000000V0,SAMPLE_TEST,Spearman,0.3852123107672034
iDNA-ABT,GSM5652370_Colon-Right-Epithelial-Z000000V0,SAMPLE_TEST,AUC,0.7232214539973998
iDNA-ABT,GSM5652378_Small-int-Epithelial-Z0000042V,SAMPLE_VALID,Spearman,0.290955545561248
iDNA-ABT,GSM5652378_Small-int-Epithelial-Z0000042V,SAMPLE_VALID,AUC,0.6833571797100237
iDNA-ABT,GSM5652378_Small-int-Epithelial-Z0000042V,SAMPLE_TEST,Spearman,0.3617580464483945
iDNA-ABT,GSM5652378_Small-int-Epithelial-Z0000042V,SAMPLE_TEST,AUC,0.7155344466060978
CpGenie,Adipocytes,VALID,Spearman,0.5865571418675235
CpGenie,Adipocytes,VALID,AUC,0.8665998450475538
CpGenie,Adipocytes,TEST,Spearman,0.5859477027138854
CpGenie,Adipocytes,TEST,AUC,0.8680764391394217
CpGenie,Adipocytes,cell type specific,Spearman,-0.06847751140475306
CpGenie,Adipocytes,cell type specific,AUC,0.5828908554572271
CpGenie,Aorta-Endothel,VALID,Spearman,0.5544940963730104
CpGenie,Aorta-Endothel,VALID,AUC,0.843162643813179
CpGenie,Aorta-Endothel,TEST,Spearman,0.5513474749346577
CpGenie,Aorta-Endothel,TEST,AUC,0.8408879826259654
CpGenie,Aorta-Endothel,cell type specific,Spearman,0.3528153907709515
CpGenie,Aorta-Endothel,cell type specific,AUC,0.723447612866658
CpGenie,Aorta-Smooth-Muscle,VALID,Spearman,0.5805612919502655
CpGenie,Aorta-Smooth-Muscle,VALID,AUC,0.8121309060357034
CpGenie,Aorta-Smooth-Muscle,TEST,Spearman,0.5788139818972218
CpGenie,Aorta-Smooth-Muscle,TEST,AUC,0.8089102637455786
CpGenie,Aorta-Smooth-Muscle,cell type specific,Spearman,0.3525254667055701
CpGenie,Aorta-Smooth-Muscle,cell type specific,AUC,0.6440261900067206
CpGenie,Bladder-Epithelial,VALID,Spearman,0.5353356756894034
CpGenie,Bladder-Epithelial,VALID,AUC,0.8421817343294172
CpGenie,Bladder-Epithelial,TEST,Spearman,0.5327722516184746
CpGenie,Bladder-Epithelial,TEST,AUC,0.8401132637728097
CpGenie,Bladder-Epithelial,cell type specific,Spearman,0.163582972700775
CpGenie,Bladder-Epithelial,cell type specific,AUC,0.5781025076144983
CpGenie,Blood-B,VALID,Spearman,0.4764769869669889
CpGenie,Blood-B,VALID,AUC,0.8538896158891768
CpGenie,Blood-B,TEST,Spearman,0.4690597378932757
CpGenie,Blood-B,TEST,AUC,0.8516975445294739
CpGenie,Blood-B,cell type specific,Spearman,0.0364358178002713
CpGenie,Blood-B,cell type specific,AUC,0.5774830879973982
CpGenie,Blood-Granulocytes,VALID,Spearman,0.4634862263249743
CpGenie,Blood-Granulocytes,VALID,AUC,0.8698214130565214
CpGenie,Blood-Granulocytes,TEST,Spearman,0.4572042050967927
CpGenie,Blood-Granulocytes,TEST,AUC,0.8701977306555748
CpGenie,Blood-Granulocytes,cell type specific,Spearman,0.1631863760491207
CpGenie,Blood-Granulocytes,cell type specific,AUC,0.6233108165567786
CpGenie,Blood-Monocytes,VALID,Spearman,0.4417195935305399
CpGenie,Blood-Monocytes,VALID,AUC,0.8699929987078061
CpGenie,Blood-Monocytes,TEST,Spearman,0.4342137584062137
CpGenie,Blood-Monocytes,TEST,AUC,0.8686602332888056
CpGenie,Blood-Monocytes,cell type specific,Spearman,0.09278487258307304
CpGenie,Blood-Monocytes,cell type specific,AUC,0.5984959997547151
CpGenie,Blood-NK,VALID,Spearman,0.4716562169356107
CpGenie,Blood-NK,VALID,AUC,0.8747934464061692
CpGenie,Blood-NK,TEST,Spearman,0.4618957473570403
CpGenie,Blood-NK,TEST,AUC,0.8734643102462243
CpGenie,Blood-NK,cell type specific,Spearman,0.4510369204972565
CpGenie,Blood-NK,cell type specific,AUC,0.5599144228861043
CpGenie,Blood-T-CD3,VALID,Spearman,0.530338145825819
CpGenie,Blood-T-CD3,VALID,AUC,0.861397311342446
CpGenie,Blood-T-CD3,TEST,Spearman,0.5234652851582406
CpGenie,Blood-T-CD3,TEST,AUC,0.8587339564292424
CpGenie,Blood-T-CD3,cell type specific,Spearman,-0.05175359027880801
CpGenie,Blood-T-CD3,cell type specific,AUC,0.3278260136579985
CpGenie,Bone-Osteoblasts,VALID,Spearman,0.6047416751521172
CpGenie,Bone-Osteoblasts,VALID,AUC,0.8323934584626853
CpGenie,Bone-Osteoblasts,TEST,Spearman,0.6016909620377884
CpGenie,Bone-Osteoblasts,TEST,AUC,0.8318273469961769
CpGenie,Bone-Osteoblasts,cell type specific,Spearman,0.2084188039577707
CpGenie,Bone-Osteoblasts,cell type specific,AUC,0.7021903675259107
CpGenie,Bone_marrow-Erythrocyte_progenitors,VALID,Spearman,0.6179623751838306
CpGenie,Bone_marrow-Erythrocyte_progenitors,VALID,AUC,0.824390666537169
CpGenie,Bone_marrow-Erythrocyte_progenitors,TEST,Spearman,0.6139886734907212
CpGenie,Bone_marrow-Erythrocyte_progenitors,TEST,AUC,0.821656674979592
CpGenie,Bone_marrow-Erythrocyte_progenitors,cell type specific,Spearman,0.212995962886636
CpGenie,Bone_marrow-Erythrocyte_progenitors,cell type specific,AUC,0.6381524187124222
CpGenie,Breast-Basal-Epithelial,VALID,Spearman,0.455818864347782
CpGenie,Breast-Basal-Epithelial,VALID,AUC,0.8591289078370983
CpGenie,Breast-Basal-Epithelial,TEST,Spearman,0.4512340748770002
CpGenie,Breast-Basal-Epithelial,TEST,AUC,0.8588991056446352
CpGenie,Breast-Basal-Epithelial,cell type specific,Spearman,0.1227146167461715
CpGenie,Breast-Basal-Epithelial,cell type specific,AUC,0.5929746075697299
CpGenie,Breast-Luminal-Epithelial,VALID,Spearman,0.4954038830045687
CpGenie,Breast-Luminal-Epithelial,VALID,AUC,0.8618976061743103
CpGenie,Breast-Luminal-Epithelial,TEST,Spearman,0.4908849230325122
CpGenie,Breast-Luminal-Epithelial,TEST,AUC,0.8611694493848251
CpGenie,Breast-Luminal-Epithelial,cell type specific,Spearman,0.1108931530201652
CpGenie,Breast-Luminal-Epithelial,cell type specific,AUC,0.5686522958245039
CpGenie,Colon-Fibroblasts,VALID,Spearman,0.5939551322029546
CpGenie,Colon-Fibroblasts,VALID,AUC,0.8674684373926386
CpGenie,Colon-Fibroblasts,TEST,Spearman,0.591019518240001
CpGenie,Colon-Fibroblasts,TEST,AUC,0.8673521564743936
CpGenie,Colon-Fibroblasts,cell type specific,Spearman,0.2723040122071751
CpGenie,Colon-Fibroblasts,cell type specific,AUC,0.6817063729897113
CpGenie,Colon-Right-Epithelial,VALID,Spearman,0.4943431873622819
CpGenie,Colon-Right-Epithelial,VALID,AUC,0.8466015563175427
CpGenie,Colon-Right-Epithelial,TEST,Spearman,0.494509174163603
CpGenie,Colon-Right-Epithelial,TEST,AUC,0.8431378757628756
CpGenie,Colon-Right-Epithelial,cell type specific,Spearman,0.159259134165646
CpGenie,Colon-Right-Epithelial,cell type specific,AUC,0.6876541578576463
CpGenie,Cortex-Neuron,VALID,Spearman,0.4959717168431059
CpGenie,Cortex-Neuron,VALID,AUC,0.8818735819778389
CpGenie,Cortex-Neuron,TEST,Spearman,0.485499086222432
CpGenie,Cortex-Neuron,TEST,AUC,0.8712003053765761
CpGenie,Cortex-Neuron,cell type specific,Spearman,0.3452492215325513
CpGenie,Cortex-Neuron,cell type specific,AUC,0.6958539876992068
CpGenie,Dermal-Fibroblasts,VALID,Spearman,0.5667551872346118
CpGenie,Dermal-Fibroblasts,VALID,AUC,0.8456050607224649
CpGenie,Dermal-Fibroblasts,TEST,Spearman,0.5652474336845121
CpGenie,Dermal-Fibroblasts,TEST,AUC,0.8434921587829234
CpGenie,Dermal-Fibroblasts,cell type specific,Spearman,0.1016335074023142
CpGenie,Dermal-Fibroblasts,cell type specific,AUC,0.598290228979619
CpGenie,Epidermal-Keratinocytes,VALID,Spearman,0.5224377046522685
CpGenie,Epidermal-Keratinocytes,VALID,AUC,0.8512631258674939
CpGenie,Epidermal-Keratinocytes,TEST,Spearman,0.5221796392747758
CpGenie,Epidermal-Keratinocytes,TEST,AUC,0.8532122176323886
CpGenie,Epidermal-Keratinocytes,cell type specific,Spearman,0.08464899237816899
CpGenie,Epidermal-Keratinocytes,cell type specific,AUC,0.5883851747343953
CpGenie,Fallopian-Epithelial,VALID,Spearman,0.5016925819464053
CpGenie,Fallopian-Epithelial,VALID,AUC,0.859372679756427
CpGenie,Fallopian-Epithelial,TEST,Spearman,0.503675033727231
CpGenie,Fallopian-Epithelial,TEST,AUC,0.8596721262422677
CpGenie,Fallopian-Epithelial,cell type specific,Spearman,0.03958905953806442
CpGenie,Fallopian-Epithelial,cell type specific,AUC,0.659984008977526
CpGenie,Gallbladder-Epithelial,VALID,Spearman,0.4951882183942387
CpGenie,Gallbladder-Epithelial,VALID,AUC,0.8578839992645438
CpGenie,Gallbladder-Epithelial,TEST,Spearman,0.4932360753723894
CpGenie,Gallbladder-Epithelial,TEST,AUC,0.8575042868351809
CpGenie,Gallbladder-Epithelial,cell type specific,Spearman,0.04948653217665272
CpGenie,Gallbladder-Epithelial,cell type specific,AUC,0.4982209869746252
CpGenie,Gastric-fundus-Epithelial,VALID,Spearman,0.5519421102572138
CpGenie,Gastric-fundus-Epithelial,VALID,AUC,0.8488870805464974
CpGenie,Gastric-fundus-Epithelial,TEST,Spearman,0.543363297413452
CpGenie,Gastric-fundus-Epithelial,TEST,AUC,0.8457362995434524
CpGenie,Gastric-fundus-Epithelial,cell type specific,Spearman,0.1703590677661566
CpGenie,Gastric-fundus-Epithelial,cell type specific,AUC,0.5740152506541113
CpGenie,Heart-Cardiomyocyte,VALID,Spearman,0.434456468323895
CpGenie,Heart-Cardiomyocyte,VALID,AUC,0.8156497670676981
CpGenie,Heart-Cardiomyocyte,TEST,Spearman,0.4181482108730393
CpGenie,Heart-Cardiomyocyte,TEST,AUC,0.8069301175392766
CpGenie,Heart-Cardiomyocyte,cell type specific,Spearman,0.08844464826278643
CpGenie,Heart-Cardiomyocyte,cell type specific,AUC,0.6173141240030873
CpGenie,Heart-Fibroblasts,VALID,Spearman,0.5480839554048843
CpGenie,Heart-Fibroblasts,VALID,AUC,0.7870858144071338
CpGenie,Heart-Fibroblasts,TEST,Spearman,0.547954842414329
CpGenie,Heart-Fibroblasts,TEST,AUC,0.7835233243517574
CpGenie,Heart-Fibroblasts,cell type specific,Spearman,0.04728126522662928
CpGenie,Heart-Fibroblasts,cell type specific,AUC,0.537827652314162
CpGenie,Kidney-Tubular-Endothel,VALID,Spearman,0.5114318342478539
CpGenie,Kidney-Tubular-Endothel,VALID,AUC,0.8698291524443521
CpGenie,Kidney-Tubular-Endothel,TEST,Spearman,0.5088295657690985
CpGenie,Kidney-Tubular-Endothel,TEST,AUC,0.866516899548661
CpGenie,Kidney-Tubular-Endothel,cell type specific,Spearman,0.1759387745255103
CpGenie,Kidney-Tubular-Endothel,cell type specific,AUC,0.7664648141184403
CpGenie,Liver-Hepatocytes,VALID,Spearman,0.5149197723919952
CpGenie,Liver-Hepatocytes,VALID,AUC,0.8506199121905866
CpGenie,Liver-Hepatocytes,TEST,Spearman,0.511406530435216
CpGenie,Liver-Hepatocytes,TEST,AUC,0.8400864812354214
CpGenie,Liver-Hepatocytes,cell type specific,Spearman,0.02089994650546683
CpGenie,Liver-Hepatocytes,cell type specific,AUC,0.5437276225881772
CpGenie,Lung-Alveolar-Epithelial,VALID,Spearman,0.557999123274737
CpGenie,Lung-Alveolar-Epithelial,VALID,AUC,0.8598342624788964
CpGenie,Lung-Alveolar-Epithelial,TEST,Spearman,0.5516866715325757
CpGenie,Lung-Alveolar-Epithelial,TEST,AUC,0.8567965815257125
CpGenie,Lung-Alveolar-Epithelial,cell type specific,Spearman,0.2744830439489901
CpGenie,Lung-Alveolar-Epithelial,cell type specific,AUC,0.6597073101167075
CpGenie,Lung-Bronchus-Epithelial,VALID,Spearman,0.5202219164846758
CpGenie,Lung-Bronchus-Epithelial,VALID,AUC,0.8494291615728573
CpGenie,Lung-Bronchus-Epithelial,TEST,Spearman,0.5202028892224146
CpGenie,Lung-Bronchus-Epithelial,TEST,AUC,0.8506997785888292
CpGenie,Lung-Bronchus-Epithelial,cell type specific,Spearman,-0.008013840944118774
CpGenie,Lung-Bronchus-Epithelial,cell type specific,AUC,0.5254644241709926
CpGenie,Oligodendrocytes,VALID,Spearman,0.4739567403691793
CpGenie,Oligodendrocytes,VALID,AUC,0.8721355969473646
CpGenie,Oligodendrocytes,TEST,Spearman,0.4694792079643946
CpGenie,Oligodendrocytes,TEST,AUC,0.8733624547792483
CpGenie,Oligodendrocytes,cell type specific,Spearman,0.2391453837827179
CpGenie,Oligodendrocytes,cell type specific,AUC,0.6665773974953897
CpGenie,Ovary-Epithelial,VALID,Spearman,0.47948591243744
CpGenie,Ovary-Epithelial,VALID,AUC,0.8172585010620573
CpGenie,Ovary-Epithelial,TEST,Spearman,0.4748839132683015
CpGenie,Ovary-Epithelial,TEST,AUC,0.8118078428915169
CpGenie,Ovary-Epithelial,cell type specific,Spearman,0.2702790522245861
CpGenie,Ovary-Epithelial,cell type specific,AUC,0.6799908599546658
CpGenie,Pancreas-Acinar,VALID,Spearman,0.57263693691195
CpGenie,Pancreas-Acinar,VALID,AUC,0.8263582956779588
CpGenie,Pancreas-Acinar,TEST,Spearman,0.5707769155017381
CpGenie,Pancreas-Acinar,TEST,AUC,0.8228793351691877
CpGenie,Pancreas-Acinar,cell type specific,Spearman,0.06572554010027089
CpGenie,Pancreas-Acinar,cell type specific,AUC,0.5681024576162144
CpGenie,Pancreas-Alpha,VALID,Spearman,0.506904573344749
CpGenie,Pancreas-Alpha,VALID,AUC,0.8574366826429016
CpGenie,Pancreas-Alpha,TEST,Spearman,0.489207507830928
CpGenie,Pancreas-Alpha,TEST,AUC,0.8535916899737528
CpGenie,Pancreas-Alpha,cell type specific,Spearman,0.2515151126938433
CpGenie,Pancreas-Alpha,cell type specific,AUC,0.6363536227395876
CpGenie,Pancreas-Beta,VALID,Spearman,0.4930199407357402
CpGenie,Pancreas-Beta,VALID,AUC,0.8641529360713202
CpGenie,Pancreas-Beta,TEST,Spearman,0.4874053625396111
CpGenie,Pancreas-Beta,TEST,AUC,0.8559737066888108
CpGenie,Pancreas-Beta,cell type specific,Spearman,0.1492038177238036
CpGenie,Pancreas-Beta,cell type specific,AUC,0.6398056135141615
CpGenie,Pancreas-Delta,VALID,Spearman,0.5038028720269462
CpGenie,Pancreas-Delta,VALID,AUC,0.8609050218279357
CpGenie,Pancreas-Delta,TEST,Spearman,0.4989543332243548
CpGenie,Pancreas-Delta,TEST,AUC,0.8573067424905938
CpGenie,Pancreas-Delta,cell type specific,Spearman,0.1426245757089125
CpGenie,Pancreas-Delta,cell type specific,AUC,0.6264314824372711
CpGenie,Pancreas-Duct,VALID,Spearman,0.4850291632617391
CpGenie,Pancreas-Duct,VALID,AUC,0.8628714182319657
CpGenie,Pancreas-Duct,TEST,Spearman,0.4828234564245533
CpGenie,Pancreas-Duct,TEST,AUC,0.858303286558374
CpGenie,Pancreas-Duct,cell type specific,Spearman,0.09481994874122054
CpGenie,Pancreas-Duct,cell type specific,AUC,0.5631018072697727
CpGenie,Prostate-Epithelial,VALID,Spearman,0.5407661902815617
CpGenie,Prostate-Epithelial,VALID,AUC,0.8571086553923241
CpGenie,Prostate-Epithelial,TEST,Spearman,0.540433244429382
CpGenie,Prostate-Epithelial,TEST,AUC,0.8583552116049732
CpGenie,Prostate-Epithelial,cell type specific,Spearman,0.1145747710170017
CpGenie,Prostate-Epithelial,cell type specific,AUC,0.5938394036827268
CpGenie,Skeletal-Muscle,VALID,Spearman,0.5622875401276353
CpGenie,Skeletal-Muscle,VALID,AUC,0.8550257006365551
CpGenie,Skeletal-Muscle,TEST,Spearman,0.5622236749132059
CpGenie,Skeletal-Muscle,TEST,AUC,0.858561257838454
CpGenie,Skeletal-Muscle,cell type specific,Spearman,0.07737057291011157
CpGenie,Skeletal-Muscle,cell type specific,AUC,0.7075746489639171
CpGenie,Small-int-Epithelial,VALID,Spearman,0.5055608993950064
CpGenie,Small-int-Epithelial,VALID,AUC,0.8417270474737307
CpGenie,Small-int-Epithelial,TEST,Spearman,0.5084004899308074
CpGenie,Small-int-Epithelial,TEST,AUC,0.8382907536882525
CpGenie,Small-int-Epithelial,cell type specific,Spearman,0.2115801366406705
CpGenie,Small-int-Epithelial,cell type specific,AUC,0.639101303146495
CpGenie,Thyroid-Epithelial,VALID,Spearman,0.4740037393708288
CpGenie,Thyroid-Epithelial,VALID,AUC,0.8640329950774588
CpGenie,Thyroid-Epithelial,TEST,Spearman,0.4625324700043476
CpGenie,Thyroid-Epithelial,TEST,AUC,0.8634696167722218
CpGenie,Thyroid-Epithelial,cell type specific,Spearman,0.2286379031305906
CpGenie,Thyroid-Epithelial,cell type specific,AUC,0.562444704009642
CpGenie,Tonsil-Palatine-Epithelial,VALID,Spearman,0.5552261346479506
CpGenie,Tonsil-Palatine-Epithelial,VALID,AUC,0.8331720715165785
CpGenie,Tonsil-Palatine-Epithelial,TEST,Spearman,0.5537431071508204
CpGenie,Tonsil-Palatine-Epithelial,TEST,AUC,0.8337681833292877
CpGenie,GSM5652176_Adipocytes-Z000000T7,SAMPLE_VALID,Spearman,0.6412201429774539
CpGenie,GSM5652176_Adipocytes-Z000000T7,SAMPLE_VALID,AUC,0.8673046048985887
CpGenie,GSM5652176_Adipocytes-Z000000T7,SAMPLE_TEST,Spearman,0.6706754722140729
CpGenie,GSM5652176_Adipocytes-Z000000T7,SAMPLE_TEST,AUC,0.8828252766540768
CpGenie,GSM5652335_Lung-Bronchus-Epithelial-Z000000QD,SAMPLE_VALID,Spearman,0.5876559828310717
CpGenie,GSM5652335_Lung-Bronchus-Epithelial-Z000000QD,SAMPLE_VALID,AUC,0.8435583260365986
CpGenie,GSM5652335_Lung-Bronchus-Epithelial-Z000000QD,SAMPLE_TEST,Spearman,0.6253392489298373
CpGenie,GSM5652335_Lung-Bronchus-Epithelial-Z000000QD,SAMPLE_TEST,AUC,0.8539631977503152
CpGenie,GSM5652179_Aorta-Endothel-Z00000422,SAMPLE_VALID,Spearman,0.5736568862341093
CpGenie,GSM5652179_Aorta-Endothel-Z00000422,SAMPLE_VALID,AUC,0.8566593615631193
CpGenie,GSM5652179_Aorta-Endothel-Z00000422,SAMPLE_TEST,Spearman,0.5985052793256549
CpGenie,GSM5652179_Aorta-Endothel-Z00000422,SAMPLE_TEST,AUC,0.8691867472581922
CpGenie,GSM5652321_Epidermal-Keratinocytes-Z00000424,SAMPLE_VALID,Spearman,0.564490329113009
CpGenie,GSM5652321_Epidermal-Keratinocytes-Z00000424,SAMPLE_VALID,AUC,0.8433039463408625
CpGenie,GSM5652321_Epidermal-Keratinocytes-Z00000424,SAMPLE_TEST,Spearman,0.6160632093737051
CpGenie,GSM5652321_Epidermal-Keratinocytes-Z00000424,SAMPLE_TEST,AUC,0.867214609721892
CpGenie,GSM5652189_Kidney-Tubular-Endothel-Z0000042R,SAMPLE_VALID,Spearman,0.5615205432770977
CpGenie,GSM5652189_Kidney-Tubular-Endothel-Z0000042R,SAMPLE_VALID,AUC,0.8741266198885836
CpGenie,GSM5652189_Kidney-Tubular-Endothel-Z0000042R,SAMPLE_TEST,Spearman,0.5938511940369778
CpGenie,GSM5652189_Kidney-Tubular-Endothel-Z0000042R,SAMPLE_TEST,AUC,0.8860285702708868
CpGenie,GSM5652338_Prostate-Epithelial-Z000000RV,SAMPLE_VALID,Spearman,0.5947342754577228
CpGenie,GSM5652338_Prostate-Epithelial-Z000000RV,SAMPLE_VALID,AUC,0.8460976605711324
CpGenie,GSM5652338_Prostate-Epithelial-Z000000RV,SAMPLE_TEST,Spearman,0.6273829607292902
CpGenie,GSM5652338_Prostate-Epithelial-Z000000RV,SAMPLE_TEST,AUC,0.8606501567971305
CpGenie,GSM5652198_Colon-Fibroblasts-Z0000042A,SAMPLE_VALID,Spearman,0.6338845710656037
CpGenie,GSM5652198_Colon-Fibroblasts-Z0000042A,SAMPLE_VALID,AUC,0.8740059746025262
CpGenie,GSM5652198_Colon-Fibroblasts-Z0000042A,SAMPLE_TEST,Spearman,0.6551293188073498
CpGenie,GSM5652198_Colon-Fibroblasts-Z0000042A,SAMPLE_TEST,AUC,0.8803143805765425
CpGenie,GSM5652342_Bladder-Epithelial-Z000000QM,SAMPLE_VALID,Spearman,0.5737061419166678
CpGenie,GSM5652342_Bladder-Epithelial-Z000000QM,SAMPLE_VALID,AUC,0.8355900663991601
CpGenie,GSM5652342_Bladder-Epithelial-Z000000QM,SAMPLE_TEST,Spearman,0.6086149829093284
CpGenie,GSM5652342_Bladder-Epithelial-Z000000QM,SAMPLE_TEST,AUC,0.8485241114041298
CpGenie,GSM5652200_Heart-Fibroblasts-Z0000043R,SAMPLE_VALID,Spearman,0.5586199758989056
CpGenie,GSM5652200_Heart-Fibroblasts-Z0000043R,SAMPLE_VALID,AUC,0.8164540097778006
CpGenie,GSM5652200_Heart-Fibroblasts-Z0000043R,SAMPLE_TEST,Spearman,0.5911356977990107
CpGenie,GSM5652200_Heart-Fibroblasts-Z0000043R,SAMPLE_TEST,AUC,0.8318528606798116
CpGenie,GSM5652347_Breast-Luminal-Epithelial-Z000000V2,SAMPLE_VALID,Spearman,0.5676112357849337
CpGenie,GSM5652347_Breast-Luminal-Epithelial-Z000000V2,SAMPLE_VALID,AUC,0.8602816765982579
CpGenie,GSM5652347_Breast-Luminal-Epithelial-Z000000V2,SAMPLE_TEST,Spearman,0.6021240503185983
CpGenie,GSM5652347_Breast-Luminal-Epithelial-Z000000V2,SAMPLE_TEST,AUC,0.87065144844951
CpGenie,GSM5652204_Dermal-Fibroblasts-Z00000423,SAMPLE_VALID,Spearman,0.5952447009653349
CpGenie,GSM5652204_Dermal-Fibroblasts-Z00000423,SAMPLE_VALID,AUC,0.8580483422372901
CpGenie,GSM5652204_Dermal-Fibroblasts-Z00000423,SAMPLE_TEST,Spearman,0.6286063715051732
CpGenie,GSM5652204_Dermal-Fibroblasts-Z00000423,SAMPLE_TEST,AUC,0.8732964247710313
CpGenie,GSM5652350_Breast-Basal-Epithelial-Z000000V6,SAMPLE_VALID,Spearman,0.5278090382460634
CpGenie,GSM5652350_Breast-Basal-Epithelial-Z000000V6,SAMPLE_VALID,AUC,0.8586846655059299
CpGenie,GSM5652350_Breast-Basal-Epithelial-Z000000V6,SAMPLE_TEST,Spearman,0.577723839580011
CpGenie,GSM5652350_Breast-Basal-Epithelial-Z000000V6,SAMPLE_TEST,AUC,0.8753375614350464
CpGenie,GSM5652205_Skeletal-Muscle-Z00000427,SAMPLE_VALID,Spearman,0.6146420949823101
CpGenie,GSM5652205_Skeletal-Muscle-Z00000427,SAMPLE_VALID,AUC,0.8540888936511808
CpGenie,GSM5652205_Skeletal-Muscle-Z00000427,SAMPLE_TEST,Spearman,0.6377585220193963
CpGenie,GSM5652205_Skeletal-Muscle-Z00000427,SAMPLE_TEST,AUC,0.8664103828377578
CpGenie,GSM5652354_Lung-Alveolar-Epithelial-Z000000T1,SAMPLE_VALID,Spearman,0.6043539718915392
CpGenie,GSM5652354_Lung-Alveolar-Epithelial-Z000000T1,SAMPLE_VALID,AUC,0.8526502720702347
CpGenie,GSM5652354_Lung-Alveolar-Epithelial-Z000000T1,SAMPLE_TEST,Spearman,0.6353091211569258
CpGenie,GSM5652354_Lung-Alveolar-Epithelial-Z000000T1,SAMPLE_TEST,AUC,0.8591363928590398
CpGenie,GSM5652207_Aorta-Smooth-Muscle-Z0000041U,SAMPLE_VALID,Spearman,0.5913411632760291
CpGenie,GSM5652207_Aorta-Smooth-Muscle-Z0000041U,SAMPLE_VALID,AUC,0.8433181089438807
CpGenie,GSM5652207_Aorta-Smooth-Muscle-Z0000041U,SAMPLE_TEST,Spearman,0.6217280086291502
CpGenie,GSM5652207_Aorta-Smooth-Muscle-Z0000041U,SAMPLE_TEST,AUC,0.8522321752724382
CpGenie,GSM5652358_Gallbladder-Epithelial-Z00000432,SAMPLE_VALID,Spearman,0.5576996094025873
CpGenie,GSM5652358_Gallbladder-Epithelial-Z00000432,SAMPLE_VALID,AUC,0.8413650568144246
CpGenie,GSM5652358_Gallbladder-Epithelial-Z00000432,SAMPLE_TEST,Spearman,0.6030490841447107
CpGenie,GSM5652358_Gallbladder-Epithelial-Z00000432,SAMPLE_TEST,AUC,0.8514650454763218
CpGenie,GSM5652215_Heart-Cardiomyocyte-Z0000044P,SAMPLE_VALID,Spearman,0.4961438884322281
CpGenie,GSM5652215_Heart-Cardiomyocyte-Z0000044P,SAMPLE_VALID,AUC,0.8198319195576171
CpGenie,GSM5652215_Heart-Cardiomyocyte-Z0000044P,SAMPLE_TEST,Spearman,0.520976551212926
CpGenie,GSM5652215_Heart-Cardiomyocyte-Z0000044P,SAMPLE_TEST,AUC,0.8332654381370947
CpGenie,GSM5652359_Gastric-fundus-Epithelial-Z000000RX,SAMPLE_VALID,Spearman,0.5962403042744443
CpGenie,GSM5652359_Gastric-fundus-Epithelial-Z000000RX,SAMPLE_VALID,AUC,0.852313867230042
CpGenie,GSM5652359_Gastric-fundus-Epithelial-Z000000RX,SAMPLE_TEST,Spearman,0.6153773245650141
CpGenie,GSM5652359_Gastric-fundus-Epithelial-Z000000RX,SAMPLE_TEST,AUC,0.8580559233742742
CpGenie,GSM5652218_Bone-Osteoblasts-Z0000042Z,SAMPLE_VALID,Spearman,0.6139188838105474
CpGenie,GSM5652218_Bone-Osteoblasts-Z0000042Z,SAMPLE_VALID,AUC,0.848852590914718
CpGenie,GSM5652218_Bone-Osteoblasts-Z0000042Z,SAMPLE_TEST,Spearman,0.6299050344390076
CpGenie,GSM5652218_Bone-Osteoblasts-Z0000042Z,SAMPLE_TEST,AUC,0.8530755343313564
CpGenie,GSM5652219_Oligodendrocytes-Z000000TK,SAMPLE_VALID,Spearman,0.5348612244845868
CpGenie,GSM5652219_Oligodendrocytes-Z000000TK,SAMPLE_VALID,AUC,0.8653837707415011
CpGenie,GSM5652219_Oligodendrocytes-Z000000TK,SAMPLE_TEST,Spearman,0.5724335473979885
CpGenie,GSM5652219_Oligodendrocytes-Z000000TK,SAMPLE_TEST,AUC,0.8835797932204725
CpGenie,GSM5652223_Cortex-Neuron-Z000000TF,SAMPLE_VALID,Spearman,0.5702101126913947
CpGenie,GSM5652223_Cortex-Neuron-Z000000TF,SAMPLE_VALID,AUC,0.8879208888732297
CpGenie,GSM5652223_Cortex-Neuron-Z000000TF,SAMPLE_TEST,Spearman,0.6043727220698704
CpGenie,GSM5652223_Cortex-Neuron-Z000000TF,SAMPLE_TEST,AUC,0.9010010693423591
CpGenie,GSM5652233_Liver-Hepatocytes-Z000000R3,SAMPLE_VALID,Spearman,0.5146664210096337
CpGenie,GSM5652233_Liver-Hepatocytes-Z000000R3,SAMPLE_VALID,AUC,0.8605029336661695
CpGenie,GSM5652233_Liver-Hepatocytes-Z000000R3,SAMPLE_TEST,Spearman,0.5407204606805996
CpGenie,GSM5652233_Liver-Hepatocytes-Z000000R3,SAMPLE_TEST,AUC,0.8574102007938679
CpGenie,GSM5652239_Pancreas-Duct-Z0000043T,SAMPLE_VALID,Spearman,0.5268200626138348
CpGenie,GSM5652239_Pancreas-Duct-Z0000043T,SAMPLE_VALID,AUC,0.8572351547999577
CpGenie,GSM5652239_Pancreas-Duct-Z0000043T,SAMPLE_TEST,Spearman,0.5606030056878791
CpGenie,GSM5652239_Pancreas-Duct-Z0000043T,SAMPLE_TEST,AUC,0.8660438625975351
CpGenie,GSM5652243_Pancreas-Acinar-Z000000QX,SAMPLE_VALID,Spearman,0.5516566039002747
CpGenie,GSM5652243_Pancreas-Acinar-Z000000QX,SAMPLE_VALID,AUC,0.8267446424133693
CpGenie,GSM5652243_Pancreas-Acinar-Z000000QX,SAMPLE_TEST,Spearman,0.5747507069214445
CpGenie,GSM5652243_Pancreas-Acinar-Z000000QX,SAMPLE_TEST,AUC,0.8337434285492589
CpGenie,GSM5652247_Pancreas-Delta-Z00000451,SAMPLE_VALID,Spearman,0.5337924896343634
CpGenie,GSM5652247_Pancreas-Delta-Z00000451,SAMPLE_VALID,AUC,0.8700385006170042
CpGenie,GSM5652247_Pancreas-Delta-Z00000451,SAMPLE_TEST,Spearman,0.5739892940643255
CpGenie,GSM5652247_Pancreas-Delta-Z00000451,SAMPLE_TEST,AUC,0.8736901801173186
CpGenie,GSM5652250_Pancreas-Beta-Z00000452,SAMPLE_VALID,Spearman,0.5175856025794873
CpGenie,GSM5652250_Pancreas-Beta-Z00000452,SAMPLE_VALID,AUC,0.8644070756390347
CpGenie,GSM5652250_Pancreas-Beta-Z00000452,SAMPLE_TEST,Spearman,0.5608155526404178
CpGenie,GSM5652250_Pancreas-Beta-Z00000452,SAMPLE_TEST,AUC,0.8736561231440607
CpGenie,GSM5652253_Pancreas-Alpha-Z00000453,SAMPLE_VALID,Spearman,0.5260462003192958
CpGenie,GSM5652253_Pancreas-Alpha-Z00000453,SAMPLE_VALID,AUC,0.8636542408400749
CpGenie,GSM5652253_Pancreas-Alpha-Z00000453,SAMPLE_TEST,Spearman,0.555915132214298
CpGenie,GSM5652253_Pancreas-Alpha-Z00000453,SAMPLE_TEST,AUC,0.8724083266110831
CpGenie,GSM5652264_Thyroid-Epithelial-Z0000042S,SAMPLE_VALID,Spearman,0.5208000347950759
CpGenie,GSM5652264_Thyroid-Epithelial-Z0000042S,SAMPLE_VALID,AUC,0.8548137532910197
CpGenie,GSM5652264_Thyroid-Epithelial-Z0000042S,SAMPLE_TEST,Spearman,0.5599835465966152
CpGenie,GSM5652264_Thyroid-Epithelial-Z0000042S,SAMPLE_TEST,AUC,0.8715643128104829
CpGenie,GSM5652322_Tonsil-Palatine-Epithelial-Z000000QF,SAMPLE_VALID,Spearman,0.5984065018537521
CpGenie,GSM5652322_Tonsil-Palatine-Epithelial-Z000000QF,SAMPLE_VALID,AUC,0.8373899543271167
CpGenie,GSM5652322_Tonsil-Palatine-Epithelial-Z000000QF,SAMPLE_TEST,Spearman,0.6298353487771882
CpGenie,GSM5652322_Tonsil-Palatine-Epithelial-Z000000QF,SAMPLE_TEST,AUC,0.8464965203790347
CpGenie,GSM5652267_Fallopian-Epithelial-Z000000Q7,SAMPLE_VALID,Spearman,0.5700868658912213
CpGenie,GSM5652267_Fallopian-Epithelial-Z000000Q7,SAMPLE_VALID,AUC,0.8655093775263799
CpGenie,GSM5652267_Fallopian-Epithelial-Z000000Q7,SAMPLE_TEST,Spearman,0.6080075629896408
CpGenie,GSM5652267_Fallopian-Epithelial-Z000000Q7,SAMPLE_TEST,AUC,0.8722866427967471
CpGenie,GSM5652270_Ovary-Epithelial-Z000000QT,SAMPLE_VALID,Spearman,0.5493633854691712
CpGenie,GSM5652270_Ovary-Epithelial-Z000000QT,SAMPLE_VALID,AUC,0.8509493097312804
CpGenie,GSM5652270_Ovary-Epithelial-Z000000QT,SAMPLE_TEST,Spearman,0.5838291326893685
CpGenie,GSM5652270_Ovary-Epithelial-Z000000QT,SAMPLE_TEST,AUC,0.8580416250249734
CpGenie,GSM5652274_Bone_marrow-Erythrocyte_progenitors-Z000000RF,SAMPLE_VALID,Spearman,0.5713012659111941
CpGenie,GSM5652274_Bone_marrow-Erythrocyte_progenitors-Z000000RF,SAMPLE_VALID,AUC,0.8156859925685045
CpGenie,GSM5652274_Bone_marrow-Erythrocyte_progenitors-Z000000RF,SAMPLE_TEST,Spearman,0.6028196405737745
CpGenie,GSM5652274_Bone_marrow-Erythrocyte_progenitors-Z000000RF,SAMPLE_TEST,AUC,0.8314416134085119
CpGenie,GSM5652277_Blood-T-CD3-Z000000TV,SAMPLE_VALID,Spearman,0.5185956341012063
CpGenie,GSM5652277_Blood-T-CD3-Z000000TV,SAMPLE_VALID,AUC,0.8629058269547034
CpGenie,GSM5652277_Blood-T-CD3-Z000000TV,SAMPLE_TEST,Spearman,0.5498272438076295
CpGenie,GSM5652277_Blood-T-CD3-Z000000TV,SAMPLE_TEST,AUC,0.8742635480534975
CpGenie,GSM5652299_Blood-NK-Z000000TM,SAMPLE_VALID,Spearman,0.5027224474484352
CpGenie,GSM5652299_Blood-NK-Z000000TM,SAMPLE_VALID,AUC,0.8726967373631305
CpGenie,GSM5652299_Blood-NK-Z000000TM,SAMPLE_TEST,Spearman,0.5318272667206376
CpGenie,GSM5652299_Blood-NK-Z000000TM,SAMPLE_TEST,AUC,0.8836645591412484
CpGenie,GSM5652302_Blood-Monocytes-Z000000TP,SAMPLE_VALID,Spearman,0.491429126265682
CpGenie,GSM5652302_Blood-Monocytes-Z000000TP,SAMPLE_VALID,AUC,0.869101490149899
CpGenie,GSM5652302_Blood-Monocytes-Z000000TP,SAMPLE_TEST,Spearman,0.5211007050055797
CpGenie,GSM5652302_Blood-Monocytes-Z000000TP,SAMPLE_TEST,AUC,0.8754998680019458
CpGenie,GSM5652313_Blood-Granulocytes-Z000000TZ,SAMPLE_VALID,Spearman,0.5138059746947788
CpGenie,GSM5652313_Blood-Granulocytes-Z000000TZ,SAMPLE_VALID,AUC,0.868552834367601
CpGenie,GSM5652313_Blood-Granulocytes-Z000000TZ,SAMPLE_TEST,Spearman,0.548487689101114
CpGenie,GSM5652313_Blood-Granulocytes-Z000000TZ,SAMPLE_TEST,AUC,0.8787885752610731
CpGenie,GSM5652317_Blood-B-Z000000UB,SAMPLE_VALID,Spearman,0.4933488936210108
CpGenie,GSM5652317_Blood-B-Z000000UB,SAMPLE_VALID,AUC,0.8540261205248756
CpGenie,GSM5652317_Blood-B-Z000000UB,SAMPLE_TEST,Spearman,0.511234892278262
CpGenie,GSM5652317_Blood-B-Z000000UB,SAMPLE_TEST,AUC,0.8617954683009539
CpGenie,GSM5652370_Colon-Right-Epithelial-Z000000V0,SAMPLE_VALID,Spearman,0.5207132433825646
CpGenie,GSM5652370_Colon-Right-Epithelial-Z000000V0,SAMPLE_VALID,AUC,0.8322752187621303
CpGenie,GSM5652370_Colon-Right-Epithelial-Z000000V0,SAMPLE_TEST,Spearman,0.5713492373735045
CpGenie,GSM5652370_Colon-Right-Epithelial-Z000000V0,SAMPLE_TEST,AUC,0.8469698341345852
CpGenie,GSM5652378_Small-int-Epithelial-Z0000042V,SAMPLE_VALID,Spearman,0.5302325453982099
CpGenie,GSM5652378_Small-int-Epithelial-Z0000042V,SAMPLE_VALID,AUC,0.8360198483068515
CpGenie,GSM5652378_Small-int-Epithelial-Z0000042V,SAMPLE_TEST,Spearman,0.5745432130485165
CpGenie,GSM5652378_Small-int-Epithelial-Z0000042V,SAMPLE_TEST,AUC,0.844392807288399
INTERACT,Adipocytes,VALID,Spearman,0.6493525643202366
INTERACT,Adipocytes,VALID,AUC,0.8906947615239841
INTERACT,Adipocytes,TEST,Spearman,0.6478449022629956
INTERACT,Adipocytes,TEST,AUC,0.8922833812427735
INTERACT,Adipocytes,cell type specific,Spearman,-0.101912231476813
INTERACT,Adipocytes,cell type specific,AUC,0.5817109144542774
INTERACT,Aorta-Endothel,VALID,Spearman,0.609897956871209
INTERACT,Aorta-Endothel,VALID,AUC,0.8676097289553675
INTERACT,Aorta-Endothel,TEST,Spearman,0.6077289998566061
INTERACT,Aorta-Endothel,TEST,AUC,0.8682567904215763
INTERACT,Aorta-Endothel,cell type specific,Spearman,0.385055431670532
INTERACT,Aorta-Endothel,cell type specific,AUC,0.7077002944628557
INTERACT,Aorta-Smooth-Muscle,VALID,Spearman,0.6427563433990747
INTERACT,Aorta-Smooth-Muscle,VALID,AUC,0.8411930854378638
INTERACT,Aorta-Smooth-Muscle,TEST,Spearman,0.6441836688351469
INTERACT,Aorta-Smooth-Muscle,TEST,AUC,0.8393515042805533
INTERACT,Aorta-Smooth-Muscle,cell type specific,Spearman,0.3029542734533069
INTERACT,Aorta-Smooth-Muscle,cell type specific,AUC,0.6612209763659296
INTERACT,Bladder-Epithelial,VALID,Spearman,0.6052227154664793
INTERACT,Bladder-Epithelial,VALID,AUC,0.8762088307018663
INTERACT,Bladder-Epithelial,TEST,Spearman,0.6045447104722002
INTERACT,Bladder-Epithelial,TEST,AUC,0.8762701352204485
INTERACT,Bladder-Epithelial,cell type specific,Spearman,0.1387558720013003
INTERACT,Bladder-Epithelial,cell type specific,AUC,0.4577814443359796
INTERACT,Blood-B,VALID,Spearman,0.581590414240012
INTERACT,Blood-B,VALID,AUC,0.8845800509677237
INTERACT,Blood-B,TEST,Spearman,0.5749005020577556
INTERACT,Blood-B,TEST,AUC,0.884477322019041
INTERACT,Blood-B,cell type specific,Spearman,0.3002470772135108
INTERACT,Blood-B,cell type specific,AUC,0.654987678187488
INTERACT,Blood-Granulocytes,VALID,Spearman,0.5367360277107367
INTERACT,Blood-Granulocytes,VALID,AUC,0.8897635771317652
INTERACT,Blood-Granulocytes,TEST,Spearman,0.5342459366310286
INTERACT,Blood-Granulocytes,TEST,AUC,0.8921412213057407
INTERACT,Blood-Granulocytes,cell type specific,Spearman,0.2485396644969129
INTERACT,Blood-Granulocytes,cell type specific,AUC,0.7427861376292177
INTERACT,Blood-Monocytes,VALID,Spearman,0.5020260450738712
INTERACT,Blood-Monocytes,VALID,AUC,0.8927459387725427
INTERACT,Blood-Monocytes,TEST,Spearman,0.4965555803029053
INTERACT,Blood-Monocytes,TEST,AUC,0.8940282901402545
INTERACT,Blood-Monocytes,cell type specific,Spearman,0.3174409533556704
INTERACT,Blood-Monocytes,cell type specific,AUC,0.661516465463834
INTERACT,Blood-NK,VALID,Spearman,0.5434020362597535
INTERACT,Blood-NK,VALID,AUC,0.8896175405394044
INTERACT,Blood-NK,TEST,Spearman,0.5349051925205652
INTERACT,Blood-NK,TEST,AUC,0.8894557311218737
INTERACT,Blood-NK,cell type specific,Spearman,0.4690119691999459
INTERACT,Blood-NK,cell type specific,AUC,0.6601002858775362
INTERACT,Blood-T-CD3,VALID,Spearman,0.6308178047812202
INTERACT,Blood-T-CD3,VALID,AUC,0.8836417074362289
INTERACT,Blood-T-CD3,TEST,Spearman,0.6278396715930352
INTERACT,Blood-T-CD3,TEST,AUC,0.8847520804431585
INTERACT,Blood-T-CD3,cell type specific,Spearman,-0.02664348076373244
INTERACT,Blood-T-CD3,cell type specific,AUC,0.4479186111166026
INTERACT,Bone-Osteoblasts,VALID,Spearman,0.6517735956060244
INTERACT,Bone-Osteoblasts,VALID,AUC,0.8502533523926008
INTERACT,Bone-Osteoblasts,TEST,Spearman,0.65028259165256
INTERACT,Bone-Osteoblasts,TEST,AUC,0.8498214271290994
INTERACT,Bone-Osteoblasts,cell type specific,Spearman,0.2055375345465458
INTERACT,Bone-Osteoblasts,cell type specific,AUC,0.6641017747442295
INTERACT,Bone_marrow-Erythrocyte_progenitors,VALID,Spearman,0.6803271085765076
INTERACT,Bone_marrow-Erythrocyte_progenitors,VALID,AUC,0.8515394689764556
INTERACT,Bone_marrow-Erythrocyte_progenitors,TEST,Spearman,0.6748558799613649
INTERACT,Bone_marrow-Erythrocyte_progenitors,TEST,AUC,0.8487752340305768
INTERACT,Bone_marrow-Erythrocyte_progenitors,cell type specific,Spearman,0.2433698919949581
INTERACT,Bone_marrow-Erythrocyte_progenitors,cell type specific,AUC,0.7236685305376034
INTERACT,Breast-Basal-Epithelial,VALID,Spearman,0.535810769936859
INTERACT,Breast-Basal-Epithelial,VALID,AUC,0.8885975530921051
INTERACT,Breast-Basal-Epithelial,TEST,Spearman,0.535634815679203
INTERACT,Breast-Basal-Epithelial,TEST,AUC,0.8897647759468491
INTERACT,Breast-Basal-Epithelial,cell type specific,Spearman,0.1070926659717161
INTERACT,Breast-Basal-Epithelial,cell type specific,AUC,0.5819182758758138
INTERACT,Breast-Luminal-Epithelial,VALID,Spearman,0.5605085195529004
INTERACT,Breast-Luminal-Epithelial,VALID,AUC,0.890788753656424
INTERACT,Breast-Luminal-Epithelial,TEST,Spearman,0.5581319591249617
INTERACT,Breast-Luminal-Epithelial,TEST,AUC,0.891866575544167
INTERACT,Breast-Luminal-Epithelial,cell type specific,Spearman,0.3244261561170854
INTERACT,Breast-Luminal-Epithelial,cell type specific,AUC,0.6595971403265618
INTERACT,Colon-Fibroblasts,VALID,Spearman,0.6575249046415146
INTERACT,Colon-Fibroblasts,VALID,AUC,0.8864770653150096
INTERACT,Colon-Fibroblasts,TEST,Spearman,0.6557519977214279
INTERACT,Colon-Fibroblasts,TEST,AUC,0.8878388712698839
INTERACT,Colon-Fibroblasts,cell type specific,Spearman,0.2265416356945297
INTERACT,Colon-Fibroblasts,cell type specific,AUC,0.6290080910997903
INTERACT,Colon-Right-Epithelial,VALID,Spearman,0.5688118297283108
INTERACT,Colon-Right-Epithelial,VALID,AUC,0.8763641281544481
INTERACT,Colon-Right-Epithelial,TEST,Spearman,0.5652637473114523
INTERACT,Colon-Right-Epithelial,TEST,AUC,0.8730891031067245
INTERACT,Colon-Right-Epithelial,cell type specific,Spearman,0.2344826632938572
INTERACT,Colon-Right-Epithelial,cell type specific,AUC,0.7169967410394293
INTERACT,Cortex-Neuron,VALID,Spearman,0.5580013261042228
INTERACT,Cortex-Neuron,VALID,AUC,0.8957505021051546
INTERACT,Cortex-Neuron,TEST,Spearman,0.5465170599228593
INTERACT,Cortex-Neuron,TEST,AUC,0.8852523782377584
INTERACT,Cortex-Neuron,cell type specific,Spearman,0.3274838868377656
INTERACT,Cortex-Neuron,cell type specific,AUC,0.6870222485726782
INTERACT,Dermal-Fibroblasts,VALID,Spearman,0.629017879907299
INTERACT,Dermal-Fibroblasts,VALID,AUC,0.8737453980948905
INTERACT,Dermal-Fibroblasts,TEST,Spearman,0.6277039813428651
INTERACT,Dermal-Fibroblasts,TEST,AUC,0.8730388533235768
INTERACT,Dermal-Fibroblasts,cell type specific,Spearman,0.3123832729616931
INTERACT,Dermal-Fibroblasts,cell type specific,AUC,0.8010265762042097
INTERACT,Epidermal-Keratinocytes,VALID,Spearman,0.6031759362080786
INTERACT,Epidermal-Keratinocytes,VALID,AUC,0.8816506294841746
INTERACT,Epidermal-Keratinocytes,TEST,Spearman,0.6030100762410704
INTERACT,Epidermal-Keratinocytes,TEST,AUC,0.8829317210870233
INTERACT,Epidermal-Keratinocytes,cell type specific,Spearman,0.2156133126120283
INTERACT,Epidermal-Keratinocytes,cell type specific,AUC,0.634093913913523
INTERACT,Fallopian-Epithelial,VALID,Spearman,0.5770312482356632
INTERACT,Fallopian-Epithelial,VALID,AUC,0.8888514710659396
INTERACT,Fallopian-Epithelial,TEST,Spearman,0.5742614843056734
INTERACT,Fallopian-Epithelial,TEST,AUC,0.8884355782818733
INTERACT,Fallopian-Epithelial,cell type specific,Spearman,0.2574647858471933
INTERACT,Fallopian-Epithelial,cell type specific,AUC,0.7691719027084892
INTERACT,Gallbladder-Epithelial,VALID,Spearman,0.5633564085007564
INTERACT,Gallbladder-Epithelial,VALID,AUC,0.8878253886896069
INTERACT,Gallbladder-Epithelial,TEST,Spearman,0.5601337825852191
INTERACT,Gallbladder-Epithelial,TEST,AUC,0.8867939751447166
INTERACT,Gallbladder-Epithelial,cell type specific,Spearman,0.1394286320700911
INTERACT,Gallbladder-Epithelial,cell type specific,AUC,0.5397256565275868
INTERACT,Gastric-fundus-Epithelial,VALID,Spearman,0.6127936776293318
INTERACT,Gastric-fundus-Epithelial,VALID,AUC,0.8767070313689299
INTERACT,Gastric-fundus-Epithelial,TEST,Spearman,0.6036710632914501
INTERACT,Gastric-fundus-Epithelial,TEST,AUC,0.8732856062852087
INTERACT,Gastric-fundus-Epithelial,cell type specific,Spearman,0.2188715432100708
INTERACT,Gastric-fundus-Epithelial,cell type specific,AUC,0.6541405932450395
INTERACT,Heart-Cardiomyocyte,VALID,Spearman,0.4783674559704286
INTERACT,Heart-Cardiomyocyte,VALID,AUC,0.837588908744386
INTERACT,Heart-Cardiomyocyte,TEST,Spearman,0.462371168924025
INTERACT,Heart-Cardiomyocyte,TEST,AUC,0.8289994289130572
INTERACT,Heart-Cardiomyocyte,cell type specific,Spearman,0.1662560897338962
INTERACT,Heart-Cardiomyocyte,cell type specific,AUC,0.6394069976845896
INTERACT,Heart-Fibroblasts,VALID,Spearman,0.6125778904364745
INTERACT,Heart-Fibroblasts,VALID,AUC,0.819828289698664
INTERACT,Heart-Fibroblasts,TEST,Spearman,0.6158561286169442
INTERACT,Heart-Fibroblasts,TEST,AUC,0.8180174584370925
INTERACT,Heart-Fibroblasts,cell type specific,Spearman,0.06768753623134405
INTERACT,Heart-Fibroblasts,cell type specific,AUC,0.542220512934032
INTERACT,Kidney-Tubular-Endothel,VALID,Spearman,0.5653317171120648
INTERACT,Kidney-Tubular-Endothel,VALID,AUC,0.887368672980243
INTERACT,Kidney-Tubular-Endothel,TEST,Spearman,0.5632338340994923
INTERACT,Kidney-Tubular-Endothel,TEST,AUC,0.8851843807288738
INTERACT,Kidney-Tubular-Endothel,cell type specific,Spearman,0.3049451515212618
INTERACT,Kidney-Tubular-Endothel,cell type specific,AUC,0.9368787697733871
INTERACT,Liver-Hepatocytes,VALID,Spearman,0.5766341312655678
INTERACT,Liver-Hepatocytes,VALID,AUC,0.8790630753829533
INTERACT,Liver-Hepatocytes,TEST,Spearman,0.5771041449715176
INTERACT,Liver-Hepatocytes,TEST,AUC,0.871683814089807
INTERACT,Liver-Hepatocytes,cell type specific,Spearman,0.1172774970592265
INTERACT,Liver-Hepatocytes,cell type specific,AUC,0.5944280929672654
INTERACT,Lung-Alveolar-Epithelial,VALID,Spearman,0.6376785742165366
INTERACT,Lung-Alveolar-Epithelial,VALID,AUC,0.8876594230732259
INTERACT,Lung-Alveolar-Epithelial,TEST,Spearman,0.629733983663279
INTERACT,Lung-Alveolar-Epithelial,TEST,AUC,0.8853658673077804
INTERACT,Lung-Alveolar-Epithelial,cell type specific,Spearman,0.3587347570861794
INTERACT,Lung-Alveolar-Epithelial,cell type specific,AUC,0.7962117156339957
INTERACT,Lung-Bronchus-Epithelial,VALID,Spearman,0.6111517546603114
INTERACT,Lung-Bronchus-Epithelial,VALID,AUC,0.8878274008271765
INTERACT,Lung-Bronchus-Epithelial,TEST,Spearman,0.6060204219870552
INTERACT,Lung-Bronchus-Epithelial,TEST,AUC,0.887802575520441
INTERACT,Lung-Bronchus-Epithelial,cell type specific,Spearman,0.1729137774016109
INTERACT,Lung-Bronchus-Epithelial,cell type specific,AUC,0.6386701919229492
INTERACT,Oligodendrocytes,VALID,Spearman,0.5317214519829547
INTERACT,Oligodendrocytes,VALID,AUC,0.8939536441992912
INTERACT,Oligodendrocytes,TEST,Spearman,0.5256963690130049
INTERACT,Oligodendrocytes,TEST,AUC,0.8948674484309661
INTERACT,Oligodendrocytes,cell type specific,Spearman,0.2848129114809359
INTERACT,Oligodendrocytes,cell type specific,AUC,0.7559159289918332
INTERACT,Ovary-Epithelial,VALID,Spearman,0.5361381055957837
INTERACT,Ovary-Epithelial,VALID,AUC,0.846369603150402
INTERACT,Ovary-Epithelial,TEST,Spearman,0.5330406158488621
INTERACT,Ovary-Epithelial,TEST,AUC,0.8413111914605323
INTERACT,Ovary-Epithelial,cell type specific,Spearman,0.3185191521826771
INTERACT,Ovary-Epithelial,cell type specific,AUC,0.7032362462122035
INTERACT,Pancreas-Acinar,VALID,Spearman,0.6414242535875049
INTERACT,Pancreas-Acinar,VALID,AUC,0.8594035015783199
INTERACT,Pancreas-Acinar,TEST,Spearman,0.6394786803131061
INTERACT,Pancreas-Acinar,TEST,AUC,0.8558854126505865
INTERACT,Pancreas-Acinar,cell type specific,Spearman,0.1579719333503569
INTERACT,Pancreas-Acinar,cell type specific,AUC,0.4998646735971533
INTERACT,Pancreas-Alpha,VALID,Spearman,0.5663844795454536
INTERACT,Pancreas-Alpha,VALID,AUC,0.8826927255705819
INTERACT,Pancreas-Alpha,TEST,Spearman,0.553828503324554
INTERACT,Pancreas-Alpha,TEST,AUC,0.8819666241507392
INTERACT,Pancreas-Alpha,cell type specific,Spearman,0.273525841581797
INTERACT,Pancreas-Alpha,cell type specific,AUC,0.6662857813165798
INTERACT,Pancreas-Beta,VALID,Spearman,0.5549148253115825
INTERACT,Pancreas-Beta,VALID,AUC,0.8841058313558038
INTERACT,Pancreas-Beta,TEST,Spearman,0.5502178094827026
INTERACT,Pancreas-Beta,TEST,AUC,0.8774689647872914
INTERACT,Pancreas-Beta,cell type specific,Spearman,0.3450643462017963
INTERACT,Pancreas-Beta,cell type specific,AUC,0.7584289270113026
INTERACT,Pancreas-Delta,VALID,Spearman,0.5641388273722592
INTERACT,Pancreas-Delta,VALID,AUC,0.8849714431883006
INTERACT,Pancreas-Delta,TEST,Spearman,0.5610829687401144
INTERACT,Pancreas-Delta,TEST,AUC,0.8823359302810785
INTERACT,Pancreas-Delta,cell type specific,Spearman,0.3503074012601621
INTERACT,Pancreas-Delta,cell type specific,AUC,0.7868853288534909
INTERACT,Pancreas-Duct,VALID,Spearman,0.5434195798614289
INTERACT,Pancreas-Duct,VALID,AUC,0.8875657193664117
INTERACT,Pancreas-Duct,TEST,Spearman,0.5408921567044331
INTERACT,Pancreas-Duct,TEST,AUC,0.885453682778291
INTERACT,Pancreas-Duct,cell type specific,Spearman,0.1501058276198657
INTERACT,Pancreas-Duct,cell type specific,AUC,0.6313137129672435
INTERACT,Prostate-Epithelial,VALID,Spearman,0.6036051922566014
INTERACT,Prostate-Epithelial,VALID,AUC,0.886228719239023
INTERACT,Prostate-Epithelial,TEST,Spearman,0.6018051425173552
INTERACT,Prostate-Epithelial,TEST,AUC,0.8875862752651005
INTERACT,Prostate-Epithelial,cell type specific,Spearman,0.1529539541380243
INTERACT,Prostate-Epithelial,cell type specific,AUC,0.6559042769813012
INTERACT,Skeletal-Muscle,VALID,Spearman,0.6345107522198594
INTERACT,Skeletal-Muscle,VALID,AUC,0.8787687246132956
INTERACT,Skeletal-Muscle,TEST,Spearman,0.6326076264665491
INTERACT,Skeletal-Muscle,TEST,AUC,0.8813537665971275
INTERACT,Skeletal-Muscle,cell type specific,Spearman,0.1232706685686596
INTERACT,Skeletal-Muscle,cell type specific,AUC,0.7506983152216867
INTERACT,Small-int-Epithelial,VALID,Spearman,0.5763684720066315
INTERACT,Small-int-Epithelial,VALID,AUC,0.8747016601202676
INTERACT,Small-int-Epithelial,TEST,Spearman,0.5801312811893704
INTERACT,Small-int-Epithelial,TEST,AUC,0.8719459744385049
INTERACT,Small-int-Epithelial,cell type specific,Spearman,0.2183361275619067
INTERACT,Small-int-Epithelial,cell type specific,AUC,0.6516774821183448
INTERACT,Thyroid-Epithelial,VALID,Spearman,0.545268489305986
INTERACT,Thyroid-Epithelial,VALID,AUC,0.891206292830795
INTERACT,Thyroid-Epithelial,TEST,Spearman,0.5327986485880437
INTERACT,Thyroid-Epithelial,TEST,AUC,0.8905054559942649
INTERACT,Thyroid-Epithelial,cell type specific,Spearman,0.28966006883253
INTERACT,Thyroid-Epithelial,cell type specific,AUC,0.7729169992929316
INTERACT,Tonsil-Palatine-Epithelial,VALID,Spearman,0.6356967450969995
INTERACT,Tonsil-Palatine-Epithelial,VALID,AUC,0.8684111140300902
INTERACT,Tonsil-Palatine-Epithelial,TEST,Spearman,0.6349762631737802
INTERACT,Tonsil-Palatine-Epithelial,TEST,AUC,0.870459855128747
INTERACT,GSM5652176_Adipocytes-Z000000T7,SAMPLE_VALID,Spearman,0.5619343282817129
INTERACT,GSM5652176_Adipocytes-Z000000T7,SAMPLE_VALID,AUC,0.8604538930039709
INTERACT,GSM5652176_Adipocytes-Z000000T7,SAMPLE_TEST,Spearman,0.5974446766674183
INTERACT,GSM5652176_Adipocytes-Z000000T7,SAMPLE_TEST,AUC,0.8771747932753913
INTERACT,GSM5652335_Lung-Bronchus-Epithelial-Z000000QD,SAMPLE_VALID,Spearman,0.529792743796703
INTERACT,GSM5652335_Lung-Bronchus-Epithelial-Z000000QD,SAMPLE_VALID,AUC,0.8465238250080662
INTERACT,GSM5652335_Lung-Bronchus-Epithelial-Z000000QD,SAMPLE_TEST,Spearman,0.5682388378778931
INTERACT,GSM5652335_Lung-Bronchus-Epithelial-Z000000QD,SAMPLE_TEST,AUC,0.8661293750914123
INTERACT,GSM5652179_Aorta-Endothel-Z00000422,SAMPLE_VALID,Spearman,0.529837508088429
INTERACT,GSM5652179_Aorta-Endothel-Z00000422,SAMPLE_VALID,AUC,0.8445938911233868
INTERACT,GSM5652179_Aorta-Endothel-Z00000422,SAMPLE_TEST,Spearman,0.5684533320791574
INTERACT,GSM5652179_Aorta-Endothel-Z00000422,SAMPLE_TEST,AUC,0.8677034659193129
INTERACT,GSM5652321_Epidermal-Keratinocytes-Z00000424,SAMPLE_VALID,Spearman,0.511257806006564
INTERACT,GSM5652321_Epidermal-Keratinocytes-Z00000424,SAMPLE_VALID,AUC,0.8373934212036327
INTERACT,GSM5652321_Epidermal-Keratinocytes-Z00000424,SAMPLE_TEST,Spearman,0.5513268756185475
INTERACT,GSM5652321_Epidermal-Keratinocytes-Z00000424,SAMPLE_TEST,AUC,0.8587953532077149
INTERACT,GSM5652189_Kidney-Tubular-Endothel-Z0000042R,SAMPLE_VALID,Spearman,0.5320461431540584
INTERACT,GSM5652189_Kidney-Tubular-Endothel-Z0000042R,SAMPLE_VALID,AUC,0.8436885524506017
INTERACT,GSM5652189_Kidney-Tubular-Endothel-Z0000042R,SAMPLE_TEST,Spearman,0.572480398144222
INTERACT,GSM5652189_Kidney-Tubular-Endothel-Z0000042R,SAMPLE_TEST,AUC,0.8644937667778152
INTERACT,GSM5652338_Prostate-Epithelial-Z000000RV,SAMPLE_VALID,Spearman,0.5298621837858208
INTERACT,GSM5652338_Prostate-Epithelial-Z000000RV,SAMPLE_VALID,AUC,0.847677783592336
INTERACT,GSM5652338_Prostate-Epithelial-Z000000RV,SAMPLE_TEST,Spearman,0.567578563450264
INTERACT,GSM5652338_Prostate-Epithelial-Z000000RV,SAMPLE_TEST,AUC,0.8683028977938705
INTERACT,GSM5652198_Colon-Fibroblasts-Z0000042A,SAMPLE_VALID,Spearman,0.5559169988907057
INTERACT,GSM5652198_Colon-Fibroblasts-Z0000042A,SAMPLE_VALID,AUC,0.8556826351095127
INTERACT,GSM5652198_Colon-Fibroblasts-Z0000042A,SAMPLE_TEST,Spearman,0.5919945983235421
INTERACT,GSM5652198_Colon-Fibroblasts-Z0000042A,SAMPLE_TEST,AUC,0.8737620613003545
INTERACT,GSM5652342_Bladder-Epithelial-Z000000QM,SAMPLE_VALID,Spearman,0.4976677155730864
INTERACT,GSM5652342_Bladder-Epithelial-Z000000QM,SAMPLE_VALID,AUC,0.8297406011562166
INTERACT,GSM5652342_Bladder-Epithelial-Z000000QM,SAMPLE_TEST,Spearman,0.537833997508233
INTERACT,GSM5652342_Bladder-Epithelial-Z000000QM,SAMPLE_TEST,AUC,0.8522019670120144
INTERACT,GSM5652200_Heart-Fibroblasts-Z0000043R,SAMPLE_VALID,Spearman,0.5155157579153795
INTERACT,GSM5652200_Heart-Fibroblasts-Z0000043R,SAMPLE_VALID,AUC,0.84130486250289
INTERACT,GSM5652200_Heart-Fibroblasts-Z0000043R,SAMPLE_TEST,Spearman,0.545335301023406
INTERACT,GSM5652200_Heart-Fibroblasts-Z0000043R,SAMPLE_TEST,AUC,0.8594943259064654
INTERACT,GSM5652347_Breast-Luminal-Epithelial-Z000000V2,SAMPLE_VALID,Spearman,0.5356371203076266
INTERACT,GSM5652347_Breast-Luminal-Epithelial-Z000000V2,SAMPLE_VALID,AUC,0.8548462079993917
INTERACT,GSM5652347_Breast-Luminal-Epithelial-Z000000V2,SAMPLE_TEST,Spearman,0.5753976792634349
INTERACT,GSM5652347_Breast-Luminal-Epithelial-Z000000V2,SAMPLE_TEST,AUC,0.8773592016087429
INTERACT,GSM5652204_Dermal-Fibroblasts-Z00000423,SAMPLE_VALID,Spearman,0.5514350021809284
INTERACT,GSM5652204_Dermal-Fibroblasts-Z00000423,SAMPLE_VALID,AUC,0.85663140794877
INTERACT,GSM5652204_Dermal-Fibroblasts-Z00000423,SAMPLE_TEST,Spearman,0.5878350400411125
INTERACT,GSM5652204_Dermal-Fibroblasts-Z00000423,SAMPLE_TEST,AUC,0.8746080055692832
INTERACT,GSM5652350_Breast-Basal-Epithelial-Z000000V6,SAMPLE_VALID,Spearman,0.5428850138260513
INTERACT,GSM5652350_Breast-Basal-Epithelial-Z000000V6,SAMPLE_VALID,AUC,0.8568453675386797
INTERACT,GSM5652350_Breast-Basal-Epithelial-Z000000V6,SAMPLE_TEST,Spearman,0.579857067180282
INTERACT,GSM5652350_Breast-Basal-Epithelial-Z000000V6,SAMPLE_TEST,AUC,0.875030968803676
INTERACT,GSM5652205_Skeletal-Muscle-Z00000427,SAMPLE_VALID,Spearman,0.5615183025829338
INTERACT,GSM5652205_Skeletal-Muscle-Z00000427,SAMPLE_VALID,AUC,0.8606781242138977
INTERACT,GSM5652205_Skeletal-Muscle-Z00000427,SAMPLE_TEST,Spearman,0.5947453779512184
INTERACT,GSM5652205_Skeletal-Muscle-Z00000427,SAMPLE_TEST,AUC,0.8757180355673347
INTERACT,GSM5652354_Lung-Alveolar-Epithelial-Z000000T1,SAMPLE_VALID,Spearman,0.5323218211385979
INTERACT,GSM5652354_Lung-Alveolar-Epithelial-Z000000T1,SAMPLE_VALID,AUC,0.8453343047606773
INTERACT,GSM5652354_Lung-Alveolar-Epithelial-Z000000T1,SAMPLE_TEST,Spearman,0.5681302754908466
INTERACT,GSM5652354_Lung-Alveolar-Epithelial-Z000000T1,SAMPLE_TEST,AUC,0.8627453646360449
INTERACT,GSM5652207_Aorta-Smooth-Muscle-Z0000041U,SAMPLE_VALID,Spearman,0.5292075238139285
INTERACT,GSM5652207_Aorta-Smooth-Muscle-Z0000041U,SAMPLE_VALID,AUC,0.8446526208065894
INTERACT,GSM5652207_Aorta-Smooth-Muscle-Z0000041U,SAMPLE_TEST,Spearman,0.5574384962140365
INTERACT,GSM5652207_Aorta-Smooth-Muscle-Z0000041U,SAMPLE_TEST,AUC,0.8600513490359637
INTERACT,GSM5652358_Gallbladder-Epithelial-Z00000432,SAMPLE_VALID,Spearman,0.4978577824186013
INTERACT,GSM5652358_Gallbladder-Epithelial-Z00000432,SAMPLE_VALID,AUC,0.8371588267963384
INTERACT,GSM5652358_Gallbladder-Epithelial-Z00000432,SAMPLE_TEST,Spearman,0.5484236835208387
INTERACT,GSM5652358_Gallbladder-Epithelial-Z00000432,SAMPLE_TEST,AUC,0.8606546658714864
INTERACT,GSM5652215_Heart-Cardiomyocyte-Z0000044P,SAMPLE_VALID,Spearman,0.5267668524782209
INTERACT,GSM5652215_Heart-Cardiomyocyte-Z0000044P,SAMPLE_VALID,AUC,0.8502114858993688
INTERACT,GSM5652215_Heart-Cardiomyocyte-Z0000044P,SAMPLE_TEST,Spearman,0.5705684935722887
INTERACT,GSM5652215_Heart-Cardiomyocyte-Z0000044P,SAMPLE_TEST,AUC,0.8712254655716091
INTERACT,GSM5652359_Gastric-fundus-Epithelial-Z000000RX,SAMPLE_VALID,Spearman,0.5038611730019469
INTERACT,GSM5652359_Gastric-fundus-Epithelial-Z000000RX,SAMPLE_VALID,AUC,0.8349025138584136
INTERACT,GSM5652359_Gastric-fundus-Epithelial-Z000000RX,SAMPLE_TEST,Spearman,0.5474446999177174
INTERACT,GSM5652359_Gastric-fundus-Epithelial-Z000000RX,SAMPLE_TEST,AUC,0.8592952595062308
INTERACT,GSM5652218_Bone-Osteoblasts-Z0000042Z,SAMPLE_VALID,Spearman,0.5349718170283659
INTERACT,GSM5652218_Bone-Osteoblasts-Z0000042Z,SAMPLE_VALID,AUC,0.8422888634957753
INTERACT,GSM5652218_Bone-Osteoblasts-Z0000042Z,SAMPLE_TEST,Spearman,0.5674371023688771
INTERACT,GSM5652218_Bone-Osteoblasts-Z0000042Z,SAMPLE_TEST,AUC,0.8621965746787942
INTERACT,GSM5652219_Oligodendrocytes-Z000000TK,SAMPLE_VALID,Spearman,0.6026099110629608
INTERACT,GSM5652219_Oligodendrocytes-Z000000TK,SAMPLE_VALID,AUC,0.8958054716460369
INTERACT,GSM5652219_Oligodendrocytes-Z000000TK,SAMPLE_TEST,Spearman,0.6313945549943049
INTERACT,GSM5652219_Oligodendrocytes-Z000000TK,SAMPLE_TEST,AUC,0.9071347633184779
INTERACT,GSM5652223_Cortex-Neuron-Z000000TF,SAMPLE_VALID,Spearman,0.5952677515833419
INTERACT,GSM5652223_Cortex-Neuron-Z000000TF,SAMPLE_VALID,AUC,0.8860136007028387
INTERACT,GSM5652223_Cortex-Neuron-Z000000TF,SAMPLE_TEST,Spearman,0.627657346135896
INTERACT,GSM5652223_Cortex-Neuron-Z000000TF,SAMPLE_TEST,AUC,0.8985508160933015
INTERACT,GSM5652233_Liver-Hepatocytes-Z000000R3,SAMPLE_VALID,Spearman,0.4871429118732556
INTERACT,GSM5652233_Liver-Hepatocytes-Z000000R3,SAMPLE_VALID,AUC,0.8243659340640264
INTERACT,GSM5652233_Liver-Hepatocytes-Z000000R3,SAMPLE_TEST,Spearman,0.5288446626434735
INTERACT,GSM5652233_Liver-Hepatocytes-Z000000R3,SAMPLE_TEST,AUC,0.8495163422334764
INTERACT,GSM5652239_Pancreas-Duct-Z0000043T,SAMPLE_VALID,Spearman,0.5386653449316118
INTERACT,GSM5652239_Pancreas-Duct-Z0000043T,SAMPLE_VALID,AUC,0.8541628166131554
INTERACT,GSM5652239_Pancreas-Duct-Z0000043T,SAMPLE_TEST,Spearman,0.5820803313459437
INTERACT,GSM5652239_Pancreas-Duct-Z0000043T,SAMPLE_TEST,AUC,0.876030221174701
INTERACT,GSM5652243_Pancreas-Acinar-Z000000QX,SAMPLE_VALID,Spearman,0.5025883311461203
INTERACT,GSM5652243_Pancreas-Acinar-Z000000QX,SAMPLE_VALID,AUC,0.8286619160052794
INTERACT,GSM5652243_Pancreas-Acinar-Z000000QX,SAMPLE_TEST,Spearman,0.5399724087306391
INTERACT,GSM5652243_Pancreas-Acinar-Z000000QX,SAMPLE_TEST,AUC,0.8494337780883449
INTERACT,GSM5652247_Pancreas-Delta-Z00000451,SAMPLE_VALID,Spearman,0.5297304610133706
INTERACT,GSM5652247_Pancreas-Delta-Z00000451,SAMPLE_VALID,AUC,0.8448504473012506
INTERACT,GSM5652247_Pancreas-Delta-Z00000451,SAMPLE_TEST,Spearman,0.5729643776448443
INTERACT,GSM5652247_Pancreas-Delta-Z00000451,SAMPLE_TEST,AUC,0.8670000445246013
INTERACT,GSM5652250_Pancreas-Beta-Z00000452,SAMPLE_VALID,Spearman,0.5282489453010935
INTERACT,GSM5652250_Pancreas-Beta-Z00000452,SAMPLE_VALID,AUC,0.8449796868211631
INTERACT,GSM5652250_Pancreas-Beta-Z00000452,SAMPLE_TEST,Spearman,0.5672126579993525
INTERACT,GSM5652250_Pancreas-Beta-Z00000452,SAMPLE_TEST,AUC,0.8655058831654653
INTERACT,GSM5652253_Pancreas-Alpha-Z00000453,SAMPLE_VALID,Spearman,0.5228711865533534
INTERACT,GSM5652253_Pancreas-Alpha-Z00000453,SAMPLE_VALID,AUC,0.841246361631864
INTERACT,GSM5652253_Pancreas-Alpha-Z00000453,SAMPLE_TEST,Spearman,0.5651727737790572
INTERACT,GSM5652253_Pancreas-Alpha-Z00000453,SAMPLE_TEST,AUC,0.8636872231573742
INTERACT,GSM5652264_Thyroid-Epithelial-Z0000042S,SAMPLE_VALID,Spearman,0.5275176592866455
INTERACT,GSM5652264_Thyroid-Epithelial-Z0000042S,SAMPLE_VALID,AUC,0.8487892660299234
INTERACT,GSM5652264_Thyroid-Epithelial-Z0000042S,SAMPLE_TEST,Spearman,0.5665277356542968
INTERACT,GSM5652264_Thyroid-Epithelial-Z0000042S,SAMPLE_TEST,AUC,0.8650397955437037
INTERACT,GSM5652322_Tonsil-Palatine-Epithelial-Z000000QF,SAMPLE_VALID,Spearman,0.5165075614526213
INTERACT,GSM5652322_Tonsil-Palatine-Epithelial-Z000000QF,SAMPLE_VALID,AUC,0.8356852627339703
INTERACT,GSM5652322_Tonsil-Palatine-Epithelial-Z000000QF,SAMPLE_TEST,Spearman,0.5545997746419703
INTERACT,GSM5652322_Tonsil-Palatine-Epithelial-Z000000QF,SAMPLE_TEST,AUC,0.8581380625105499
INTERACT,GSM5652267_Fallopian-Epithelial-Z000000Q7,SAMPLE_VALID,Spearman,0.5475265839821236
INTERACT,GSM5652267_Fallopian-Epithelial-Z000000Q7,SAMPLE_VALID,AUC,0.8579671740761413
INTERACT,GSM5652267_Fallopian-Epithelial-Z000000Q7,SAMPLE_TEST,Spearman,0.5845509538279399
INTERACT,GSM5652267_Fallopian-Epithelial-Z000000Q7,SAMPLE_TEST,AUC,0.8756843842374449
INTERACT,GSM5652270_Ovary-Epithelial-Z000000QT,SAMPLE_VALID,Spearman,0.5316650723795159
INTERACT,GSM5652270_Ovary-Epithelial-Z000000QT,SAMPLE_VALID,AUC,0.851028840517449
INTERACT,GSM5652270_Ovary-Epithelial-Z000000QT,SAMPLE_TEST,Spearman,0.5728262827211748
INTERACT,GSM5652270_Ovary-Epithelial-Z000000QT,SAMPLE_TEST,AUC,0.8717033631735697
INTERACT,GSM5652274_Bone_marrow-Erythrocyte_progenitors-Z000000RF,SAMPLE_VALID,Spearman,0.4217689274011255
INTERACT,GSM5652274_Bone_marrow-Erythrocyte_progenitors-Z000000RF,SAMPLE_VALID,AUC,0.7830494801776748
INTERACT,GSM5652274_Bone_marrow-Erythrocyte_progenitors-Z000000RF,SAMPLE_TEST,Spearman,0.457777625620095
INTERACT,GSM5652274_Bone_marrow-Erythrocyte_progenitors-Z000000RF,SAMPLE_TEST,AUC,0.8110528554537739
INTERACT,GSM5652277_Blood-T-CD3-Z000000TV,SAMPLE_VALID,Spearman,0.4601838803318269
INTERACT,GSM5652277_Blood-T-CD3-Z000000TV,SAMPLE_VALID,AUC,0.7974581537113139
INTERACT,GSM5652277_Blood-T-CD3-Z000000TV,SAMPLE_TEST,Spearman,0.5052229022337715
INTERACT,GSM5652277_Blood-T-CD3-Z000000TV,SAMPLE_TEST,AUC,0.8274752938225587
INTERACT,GSM5652299_Blood-NK-Z000000TM,SAMPLE_VALID,Spearman,0.459182551854778
INTERACT,GSM5652299_Blood-NK-Z000000TM,SAMPLE_VALID,AUC,0.8024015589191911
INTERACT,GSM5652299_Blood-NK-Z000000TM,SAMPLE_TEST,Spearman,0.5052126477682499
INTERACT,GSM5652299_Blood-NK-Z000000TM,SAMPLE_TEST,AUC,0.8323969132979966
INTERACT,GSM5652302_Blood-Monocytes-Z000000TP,SAMPLE_VALID,Spearman,0.4671674171002181
INTERACT,GSM5652302_Blood-Monocytes-Z000000TP,SAMPLE_VALID,AUC,0.8094467454027839
INTERACT,GSM5652302_Blood-Monocytes-Z000000TP,SAMPLE_TEST,Spearman,0.511024774819791
INTERACT,GSM5652302_Blood-Monocytes-Z000000TP,SAMPLE_TEST,AUC,0.8369517577639962
INTERACT,GSM5652313_Blood-Granulocytes-Z000000TZ,SAMPLE_VALID,Spearman,0.4690550759510376
INTERACT,GSM5652313_Blood-Granulocytes-Z000000TZ,SAMPLE_VALID,AUC,0.8072057943686086
INTERACT,GSM5652313_Blood-Granulocytes-Z000000TZ,SAMPLE_TEST,Spearman,0.5105941746807008
INTERACT,GSM5652313_Blood-Granulocytes-Z000000TZ,SAMPLE_TEST,AUC,0.8333189132396888
INTERACT,GSM5652317_Blood-B-Z000000UB,SAMPLE_VALID,Spearman,0.475704861047919
INTERACT,GSM5652317_Blood-B-Z000000UB,SAMPLE_VALID,AUC,0.8063964938341868
INTERACT,GSM5652317_Blood-B-Z000000UB,SAMPLE_TEST,Spearman,0.5185603174732375
INTERACT,GSM5652317_Blood-B-Z000000UB,SAMPLE_TEST,AUC,0.8334788492473706
INTERACT,GSM5652370_Colon-Right-Epithelial-Z000000V0,SAMPLE_VALID,Spearman,0.480677226653267
INTERACT,GSM5652370_Colon-Right-Epithelial-Z000000V0,SAMPLE_VALID,AUC,0.8234517766760661
INTERACT,GSM5652370_Colon-Right-Epithelial-Z000000V0,SAMPLE_TEST,Spearman,0.5289174476675846
INTERACT,GSM5652370_Colon-Right-Epithelial-Z000000V0,SAMPLE_TEST,AUC,0.8482131399793242
INTERACT,GSM5652378_Small-int-Epithelial-Z0000042V,SAMPLE_VALID,Spearman,0.4829806115419443
INTERACT,GSM5652378_Small-int-Epithelial-Z0000042V,SAMPLE_VALID,AUC,0.8220225672768624
INTERACT,GSM5652378_Small-int-Epithelial-Z0000042V,SAMPLE_TEST,Spearman,0.5300906324770194
INTERACT,GSM5652378_Small-int-Epithelial-Z0000042V,SAMPLE_TEST,AUC,0.8457275733688465
Melody-ST,GSM5652176_Adipocytes-Z000000T7,SAMPLE_VALID,Spearman,0.7780335542486464
Melody-ST,GSM5652176_Adipocytes-Z000000T7,SAMPLE_VALID,AUC,0.9251329682300774
Melody-ST,GSM5652176_Adipocytes-Z000000T7,SAMPLE_TEST,Spearman,0.7913854962478812
Melody-ST,GSM5652176_Adipocytes-Z000000T7,SAMPLE_TEST,AUC,0.9296435118105176
Melody-ST,GSM5652176_Adipocytes-Z000000T7,VALID,Spearman,0.7006116365987777
Melody-ST,GSM5652176_Adipocytes-Z000000T7,VALID,AUC,0.9112550547912495
Melody-ST,GSM5652176_Adipocytes-Z000000T7,TEST,Spearman,0.7000834513344417
Melody-ST,GSM5652176_Adipocytes-Z000000T7,TEST,AUC,0.9131061084989974
Melody-ST,GSM5652179_Aorta-Endothel-Z00000422,SAMPLE_VALID,Spearman,0.7066742547690326
Melody-ST,GSM5652179_Aorta-Endothel-Z00000422,SAMPLE_VALID,AUC,0.9110478562204248
Melody-ST,GSM5652179_Aorta-Endothel-Z00000422,SAMPLE_TEST,Spearman,0.7145894960767094
Melody-ST,GSM5652179_Aorta-Endothel-Z00000422,SAMPLE_TEST,AUC,0.915429874774888
Melody-ST,GSM5652179_Aorta-Endothel-Z00000422,VALID,Spearman,0.6924174662786123
Melody-ST,GSM5652179_Aorta-Endothel-Z00000422,VALID,AUC,0.9010895306002628
Melody-ST,GSM5652179_Aorta-Endothel-Z00000422,TEST,Spearman,0.6894289083418096
Melody-ST,GSM5652179_Aorta-Endothel-Z00000422,TEST,AUC,0.8999594678237113
Melody-ST,GSM5652189_Kidney-Tubular-Endothel-Z0000042R,SAMPLE_VALID,Spearman,0.685304631885521
Melody-ST,GSM5652189_Kidney-Tubular-Endothel-Z0000042R,SAMPLE_VALID,AUC,0.9227358464975552
Melody-ST,GSM5652189_Kidney-Tubular-Endothel-Z0000042R,SAMPLE_TEST,Spearman,0.702041063009669
Melody-ST,GSM5652189_Kidney-Tubular-Endothel-Z0000042R,SAMPLE_TEST,AUC,0.9229175108256589
Melody-ST,GSM5652189_Kidney-Tubular-Endothel-Z0000042R,VALID,Spearman,0.6191413016900064
Melody-ST,GSM5652189_Kidney-Tubular-Endothel-Z0000042R,VALID,AUC,0.9096371982485603
Melody-ST,GSM5652189_Kidney-Tubular-Endothel-Z0000042R,TEST,Spearman,0.6214954071530983
Melody-ST,GSM5652189_Kidney-Tubular-Endothel-Z0000042R,TEST,AUC,0.907849173312634
Melody-ST,GSM5652198_Colon-Fibroblasts-Z0000042A,SAMPLE_VALID,Spearman,0.7618080185729381
Melody-ST,GSM5652198_Colon-Fibroblasts-Z0000042A,SAMPLE_VALID,AUC,0.9243916092452915
Melody-ST,GSM5652198_Colon-Fibroblasts-Z0000042A,SAMPLE_TEST,Spearman,0.7744123281255814
Melody-ST,GSM5652198_Colon-Fibroblasts-Z0000042A,SAMPLE_TEST,AUC,0.9293792229897994
Melody-ST,GSM5652198_Colon-Fibroblasts-Z0000042A,VALID,Spearman,0.7136466769696522
Melody-ST,GSM5652198_Colon-Fibroblasts-Z0000042A,VALID,AUC,0.9105708167853466
Melody-ST,GSM5652198_Colon-Fibroblasts-Z0000042A,TEST,Spearman,0.7085473638441064
Melody-ST,GSM5652198_Colon-Fibroblasts-Z0000042A,TEST,AUC,0.9096331627269455
Melody-ST,GSM5652200_Heart-Fibroblasts-Z0000043R,SAMPLE_VALID,Spearman,0.7083596837748362
Melody-ST,GSM5652200_Heart-Fibroblasts-Z0000043R,SAMPLE_VALID,AUC,0.8871170068400038
Melody-ST,GSM5652200_Heart-Fibroblasts-Z0000043R,SAMPLE_TEST,Spearman,0.7154352186917105
Melody-ST,GSM5652200_Heart-Fibroblasts-Z0000043R,SAMPLE_TEST,AUC,0.8932037234103336
Melody-ST,GSM5652200_Heart-Fibroblasts-Z0000043R,VALID,Spearman,0.694462800206047
Melody-ST,GSM5652200_Heart-Fibroblasts-Z0000043R,VALID,AUC,0.8606403962589235
Melody-ST,GSM5652200_Heart-Fibroblasts-Z0000043R,TEST,Spearman,0.6994641359640336
Melody-ST,GSM5652200_Heart-Fibroblasts-Z0000043R,TEST,AUC,0.8589057005736506
Melody-ST,GSM5652204_Dermal-Fibroblasts-Z00000423,SAMPLE_VALID,Spearman,0.7256723923918007
Melody-ST,GSM5652204_Dermal-Fibroblasts-Z00000423,SAMPLE_VALID,AUC,0.9128551885260827
Melody-ST,GSM5652204_Dermal-Fibroblasts-Z00000423,SAMPLE_TEST,Spearman,0.7514849473742219
Melody-ST,GSM5652204_Dermal-Fibroblasts-Z00000423,SAMPLE_TEST,AUC,0.9234575598158624
Melody-ST,GSM5652204_Dermal-Fibroblasts-Z00000423,VALID,Spearman,0.701570084353869
Melody-ST,GSM5652204_Dermal-Fibroblasts-Z00000423,VALID,AUC,0.9025714946249024
Melody-ST,GSM5652204_Dermal-Fibroblasts-Z00000423,TEST,Spearman,0.698357566552744
Melody-ST,GSM5652204_Dermal-Fibroblasts-Z00000423,TEST,AUC,0.9010197853379628
Melody-ST,GSM5652205_Skeletal-Muscle-Z00000427,SAMPLE_VALID,Spearman,0.7472070070005247
Melody-ST,GSM5652205_Skeletal-Muscle-Z00000427,SAMPLE_VALID,AUC,0.9078169517440224
Melody-ST,GSM5652205_Skeletal-Muscle-Z00000427,SAMPLE_TEST,Spearman,0.7504734807517199
Melody-ST,GSM5652205_Skeletal-Muscle-Z00000427,SAMPLE_TEST,AUC,0.9087562732077925
Melody-ST,GSM5652205_Skeletal-Muscle-Z00000427,VALID,Spearman,0.6828163456815209
Melody-ST,GSM5652205_Skeletal-Muscle-Z00000427,VALID,AUC,0.9021840238037645
Melody-ST,GSM5652205_Skeletal-Muscle-Z00000427,TEST,Spearman,0.6837089772877354
Melody-ST,GSM5652205_Skeletal-Muscle-Z00000427,TEST,AUC,0.902929392981124
Melody-ST,GSM5652207_Aorta-Smooth-Muscle-Z0000041U,SAMPLE_VALID,Spearman,0.7368300219389361
Melody-ST,GSM5652207_Aorta-Smooth-Muscle-Z0000041U,SAMPLE_VALID,AUC,0.9070490868892908
Melody-ST,GSM5652207_Aorta-Smooth-Muscle-Z0000041U,SAMPLE_TEST,Spearman,0.7531869574194985
Melody-ST,GSM5652207_Aorta-Smooth-Muscle-Z0000041U,SAMPLE_TEST,AUC,0.9098115786694143
Melody-ST,GSM5652207_Aorta-Smooth-Muscle-Z0000041U,VALID,Spearman,0.7168662250044392
Melody-ST,GSM5652207_Aorta-Smooth-Muscle-Z0000041U,VALID,AUC,0.8790202667925152
Melody-ST,GSM5652207_Aorta-Smooth-Muscle-Z0000041U,TEST,Spearman,0.7172308722964809
Melody-ST,GSM5652207_Aorta-Smooth-Muscle-Z0000041U,TEST,AUC,0.8755469024777353
Melody-ST,GSM5652215_Heart-Cardiomyocyte-Z0000044P,SAMPLE_VALID,Spearman,0.6159531754692295
Melody-ST,GSM5652215_Heart-Cardiomyocyte-Z0000044P,SAMPLE_VALID,AUC,0.8766887296684953
Melody-ST,GSM5652215_Heart-Cardiomyocyte-Z0000044P,SAMPLE_TEST,Spearman,0.6077021778445374
Melody-ST,GSM5652215_Heart-Cardiomyocyte-Z0000044P,SAMPLE_TEST,AUC,0.8747364391144006
Melody-ST,GSM5652215_Heart-Cardiomyocyte-Z0000044P,VALID,Spearman,0.5118663499643678
Melody-ST,GSM5652215_Heart-Cardiomyocyte-Z0000044P,VALID,AUC,0.8628037500917717
Melody-ST,GSM5652215_Heart-Cardiomyocyte-Z0000044P,TEST,Spearman,0.5010259260775706
Melody-ST,GSM5652215_Heart-Cardiomyocyte-Z0000044P,TEST,AUC,0.8603845698794679
Melody-ST,GSM5652218_Bone-Osteoblasts-Z0000042Z,SAMPLE_VALID,Spearman,0.7449248357728435
Melody-ST,GSM5652218_Bone-Osteoblasts-Z0000042Z,SAMPLE_VALID,AUC,0.9078130018155861
Melody-ST,GSM5652218_Bone-Osteoblasts-Z0000042Z,SAMPLE_TEST,Spearman,0.7558623477655617
Melody-ST,GSM5652218_Bone-Osteoblasts-Z0000042Z,SAMPLE_TEST,AUC,0.911245141761407
Melody-ST,GSM5652218_Bone-Osteoblasts-Z0000042Z,VALID,Spearman,0.7231233577399734
Melody-ST,GSM5652218_Bone-Osteoblasts-Z0000042Z,VALID,AUC,0.8875213836259358
Melody-ST,GSM5652218_Bone-Osteoblasts-Z0000042Z,TEST,Spearman,0.7207008000349755
Melody-ST,GSM5652218_Bone-Osteoblasts-Z0000042Z,TEST,AUC,0.8867878525538363
Melody-ST,GSM5652219_Oligodendrocytes-Z000000TK,SAMPLE_VALID,Spearman,0.6596188350265297
Melody-ST,GSM5652219_Oligodendrocytes-Z000000TK,SAMPLE_VALID,AUC,0.9160958136907091
Melody-ST,GSM5652219_Oligodendrocytes-Z000000TK,SAMPLE_TEST,Spearman,0.6872549860369671
Melody-ST,GSM5652219_Oligodendrocytes-Z000000TK,SAMPLE_TEST,AUC,0.9279227134859269
Melody-ST,GSM5652219_Oligodendrocytes-Z000000TK,VALID,Spearman,0.5646919369159713
Melody-ST,GSM5652219_Oligodendrocytes-Z000000TK,VALID,AUC,0.9113069255672249
Melody-ST,GSM5652219_Oligodendrocytes-Z000000TK,TEST,Spearman,0.5606273541728239
Melody-ST,GSM5652219_Oligodendrocytes-Z000000TK,TEST,AUC,0.9116593550228427
Melody-ST,GSM5652223_Cortex-Neuron-Z000000TF,SAMPLE_VALID,Spearman,0.6913943152271069
Melody-ST,GSM5652223_Cortex-Neuron-Z000000TF,SAMPLE_VALID,AUC,0.9282447338712869
Melody-ST,GSM5652223_Cortex-Neuron-Z000000TF,SAMPLE_TEST,Spearman,0.7091752477445158
Melody-ST,GSM5652223_Cortex-Neuron-Z000000TF,SAMPLE_TEST,AUC,0.9380387358855917
Melody-ST,GSM5652223_Cortex-Neuron-Z000000TF,VALID,Spearman,0.5848511742713718
Melody-ST,GSM5652223_Cortex-Neuron-Z000000TF,VALID,AUC,0.9146432174651499
Melody-ST,GSM5652223_Cortex-Neuron-Z000000TF,TEST,Spearman,0.5778008019417371
Melody-ST,GSM5652223_Cortex-Neuron-Z000000TF,TEST,AUC,0.9133516704987634
Melody-ST,GSM5652233_Liver-Hepatocytes-Z000000R3,SAMPLE_VALID,Spearman,0.641893523122999
Melody-ST,GSM5652233_Liver-Hepatocytes-Z000000R3,SAMPLE_VALID,AUC,0.9179757192050539
Melody-ST,GSM5652233_Liver-Hepatocytes-Z000000R3,SAMPLE_TEST,Spearman,0.6761155334809266
Melody-ST,GSM5652233_Liver-Hepatocytes-Z000000R3,SAMPLE_TEST,AUC,0.921286982045332
Melody-ST,GSM5652233_Liver-Hepatocytes-Z000000R3,VALID,Spearman,0.6333228481856373
Melody-ST,GSM5652233_Liver-Hepatocytes-Z000000R3,VALID,AUC,0.9027571018997081
Melody-ST,GSM5652233_Liver-Hepatocytes-Z000000R3,TEST,Spearman,0.6389977313593533
Melody-ST,GSM5652233_Liver-Hepatocytes-Z000000R3,TEST,AUC,0.8982045125539105
Melody-ST,GSM5652239_Pancreas-Duct-Z0000043T,SAMPLE_VALID,Spearman,0.6581925990411722
Melody-ST,GSM5652239_Pancreas-Duct-Z0000043T,SAMPLE_VALID,AUC,0.9127505443869481
Melody-ST,GSM5652239_Pancreas-Duct-Z0000043T,SAMPLE_TEST,Spearman,0.6818176765781739
Melody-ST,GSM5652239_Pancreas-Duct-Z0000043T,SAMPLE_TEST,AUC,0.9161424877541057
Melody-ST,GSM5652239_Pancreas-Duct-Z0000043T,VALID,Spearman,0.5824030914462722
Melody-ST,GSM5652239_Pancreas-Duct-Z0000043T,VALID,AUC,0.9068579198952256
Melody-ST,GSM5652239_Pancreas-Duct-Z0000043T,TEST,Spearman,0.5880045393100948
Melody-ST,GSM5652239_Pancreas-Duct-Z0000043T,TEST,AUC,0.9044942219720707
Melody-ST,GSM5652243_Pancreas-Acinar-Z000000QX,SAMPLE_VALID,Spearman,0.6758612261306649
Melody-ST,GSM5652243_Pancreas-Acinar-Z000000QX,SAMPLE_VALID,AUC,0.8861347291068652
Melody-ST,GSM5652243_Pancreas-Acinar-Z000000QX,SAMPLE_TEST,Spearman,0.694453473778016
Melody-ST,GSM5652243_Pancreas-Acinar-Z000000QX,SAMPLE_TEST,AUC,0.8905300895290871
Melody-ST,GSM5652243_Pancreas-Acinar-Z000000QX,VALID,Spearman,0.6913562007967968
Melody-ST,GSM5652243_Pancreas-Acinar-Z000000QX,VALID,AUC,0.8843779978246907
Melody-ST,GSM5652243_Pancreas-Acinar-Z000000QX,TEST,Spearman,0.6947313531843263
Melody-ST,GSM5652243_Pancreas-Acinar-Z000000QX,TEST,AUC,0.8832061909280208
Melody-ST,GSM5652247_Pancreas-Delta-Z00000451,SAMPLE_VALID,Spearman,0.6546438811720373
Melody-ST,GSM5652247_Pancreas-Delta-Z00000451,SAMPLE_VALID,AUC,0.9121941280376612
Melody-ST,GSM5652247_Pancreas-Delta-Z00000451,SAMPLE_TEST,Spearman,0.6822414965669975
Melody-ST,GSM5652247_Pancreas-Delta-Z00000451,SAMPLE_TEST,AUC,0.9192553660509896
Melody-ST,GSM5652247_Pancreas-Delta-Z00000451,VALID,Spearman,0.6057260222188882
Melody-ST,GSM5652247_Pancreas-Delta-Z00000451,VALID,AUC,0.9021360433307833
Melody-ST,GSM5652247_Pancreas-Delta-Z00000451,TEST,Spearman,0.6013467128062006
Melody-ST,GSM5652247_Pancreas-Delta-Z00000451,TEST,AUC,0.898632305332186
Melody-ST,GSM5652250_Pancreas-Beta-Z00000452,SAMPLE_VALID,Spearman,0.6257639255200228
Melody-ST,GSM5652250_Pancreas-Beta-Z00000452,SAMPLE_VALID,AUC,0.8923168055164326
Melody-ST,GSM5652250_Pancreas-Beta-Z00000452,SAMPLE_TEST,Spearman,0.6596085039021857
Melody-ST,GSM5652250_Pancreas-Beta-Z00000452,SAMPLE_TEST,AUC,0.9119240653366556
Melody-ST,GSM5652250_Pancreas-Beta-Z00000452,VALID,Spearman,0.591183756819291
Melody-ST,GSM5652250_Pancreas-Beta-Z00000452,VALID,AUC,0.9020928968228898
Melody-ST,GSM5652250_Pancreas-Beta-Z00000452,TEST,Spearman,0.5886502550061062
Melody-ST,GSM5652250_Pancreas-Beta-Z00000452,TEST,AUC,0.8996269549482983
Melody-ST,GSM5652253_Pancreas-Alpha-Z00000453,SAMPLE_VALID,Spearman,0.6526002944943164
Melody-ST,GSM5652253_Pancreas-Alpha-Z00000453,SAMPLE_VALID,AUC,0.9093184510652117
Melody-ST,GSM5652253_Pancreas-Alpha-Z00000453,SAMPLE_TEST,Spearman,0.6786752479590193
Melody-ST,GSM5652253_Pancreas-Alpha-Z00000453,SAMPLE_TEST,AUC,0.9232450841620253
Melody-ST,GSM5652253_Pancreas-Alpha-Z00000453,VALID,Spearman,0.6145224441910445
Melody-ST,GSM5652253_Pancreas-Alpha-Z00000453,VALID,AUC,0.902096497139729
Melody-ST,GSM5652253_Pancreas-Alpha-Z00000453,TEST,Spearman,0.6031740082231661
Melody-ST,GSM5652253_Pancreas-Alpha-Z00000453,TEST,AUC,0.9005886745976146
Melody-ST,GSM5652264_Thyroid-Epithelial-Z0000042S,SAMPLE_VALID,Spearman,0.6618217262561584
Melody-ST,GSM5652264_Thyroid-Epithelial-Z0000042S,SAMPLE_VALID,AUC,0.9159673837791678
Melody-ST,GSM5652264_Thyroid-Epithelial-Z0000042S,SAMPLE_TEST,Spearman,0.6832277534305794
Melody-ST,GSM5652264_Thyroid-Epithelial-Z0000042S,SAMPLE_TEST,AUC,0.9226841649732342
Melody-ST,GSM5652264_Thyroid-Epithelial-Z0000042S,VALID,Spearman,0.5837671874356999
Melody-ST,GSM5652264_Thyroid-Epithelial-Z0000042S,VALID,AUC,0.9113075688210829
Melody-ST,GSM5652264_Thyroid-Epithelial-Z0000042S,TEST,Spearman,0.5735542491560549
Melody-ST,GSM5652264_Thyroid-Epithelial-Z0000042S,TEST,AUC,0.9092515122784985
Melody-ST,GSM5652267_Fallopian-Epithelial-Z000000Q7,SAMPLE_VALID,Spearman,0.7118008749082811
Melody-ST,GSM5652267_Fallopian-Epithelial-Z000000Q7,SAMPLE_VALID,AUC,0.9223540743329841
Melody-ST,GSM5652267_Fallopian-Epithelial-Z000000Q7,SAMPLE_TEST,Spearman,0.7410352492065785
Melody-ST,GSM5652267_Fallopian-Epithelial-Z000000Q7,SAMPLE_TEST,AUC,0.9260763771928664
Melody-ST,GSM5652267_Fallopian-Epithelial-Z000000Q7,VALID,Spearman,0.6249753611478576
Melody-ST,GSM5652267_Fallopian-Epithelial-Z000000Q7,VALID,AUC,0.9110004560741899
Melody-ST,GSM5652267_Fallopian-Epithelial-Z000000Q7,TEST,Spearman,0.6218045347891056
Melody-ST,GSM5652267_Fallopian-Epithelial-Z000000Q7,TEST,AUC,0.9084024404828708
Melody-ST,GSM5652270_Ovary-Epithelial-Z000000QT,SAMPLE_VALID,Spearman,0.6790561270408438
Melody-ST,GSM5652270_Ovary-Epithelial-Z000000QT,SAMPLE_VALID,AUC,0.9108896527757753
Melody-ST,GSM5652270_Ovary-Epithelial-Z000000QT,SAMPLE_TEST,Spearman,0.7026152016293817
Melody-ST,GSM5652270_Ovary-Epithelial-Z000000QT,SAMPLE_TEST,AUC,0.9110470102051059
Melody-ST,GSM5652270_Ovary-Epithelial-Z000000QT,VALID,Spearman,0.596869915669893
Melody-ST,GSM5652270_Ovary-Epithelial-Z000000QT,VALID,AUC,0.8753867366171973
Melody-ST,GSM5652270_Ovary-Epithelial-Z000000QT,TEST,Spearman,0.5906041300916512
Melody-ST,GSM5652270_Ovary-Epithelial-Z000000QT,TEST,AUC,0.8706117433561942
Melody-ST,GSM5652274_Bone_marrow-Erythrocyte_progenitors-Z000000RF,SAMPLE_VALID,Spearman,0.6861159252249164
Melody-ST,GSM5652274_Bone_marrow-Erythrocyte_progenitors-Z000000RF,SAMPLE_VALID,AUC,0.8786796602557969
Melody-ST,GSM5652274_Bone_marrow-Erythrocyte_progenitors-Z000000RF,SAMPLE_TEST,Spearman,0.7229403283267894
Melody-ST,GSM5652274_Bone_marrow-Erythrocyte_progenitors-Z000000RF,SAMPLE_TEST,AUC,0.8892365557969641
Melody-ST,GSM5652274_Bone_marrow-Erythrocyte_progenitors-Z000000RF,VALID,Spearman,0.7387225258294949
Melody-ST,GSM5652274_Bone_marrow-Erythrocyte_progenitors-Z000000RF,VALID,AUC,0.8797949314676522
Melody-ST,GSM5652274_Bone_marrow-Erythrocyte_progenitors-Z000000RF,TEST,Spearman,0.7347722003776958
Melody-ST,GSM5652274_Bone_marrow-Erythrocyte_progenitors-Z000000RF,TEST,AUC,0.8766829860839966
Melody-ST,GSM5652277_Blood-T-CD3-Z000000TV,SAMPLE_VALID,Spearman,0.65080481470344
Melody-ST,GSM5652277_Blood-T-CD3-Z000000TV,SAMPLE_VALID,AUC,0.8960502996843357
Melody-ST,GSM5652277_Blood-T-CD3-Z000000TV,SAMPLE_TEST,Spearman,0.6744357585383396
Melody-ST,GSM5652277_Blood-T-CD3-Z000000TV,SAMPLE_TEST,AUC,0.903625223608474
Melody-ST,GSM5652277_Blood-T-CD3-Z000000TV,VALID,Spearman,0.6934543689880626
Melody-ST,GSM5652277_Blood-T-CD3-Z000000TV,VALID,AUC,0.9070532695798904
Melody-ST,GSM5652277_Blood-T-CD3-Z000000TV,TEST,Spearman,0.6939999868044824
Melody-ST,GSM5652277_Blood-T-CD3-Z000000TV,TEST,AUC,0.9058993594454854
Melody-ST,GSM5652299_Blood-NK-Z000000TM,SAMPLE_VALID,Spearman,0.6138197912243633
Melody-ST,GSM5652299_Blood-NK-Z000000TM,SAMPLE_VALID,AUC,0.8971896208858968
Melody-ST,GSM5652299_Blood-NK-Z000000TM,SAMPLE_TEST,Spearman,0.6399188408493499
Melody-ST,GSM5652299_Blood-NK-Z000000TM,SAMPLE_TEST,AUC,0.9147106580922654
Melody-ST,GSM5652299_Blood-NK-Z000000TM,VALID,Spearman,0.6036104723578235
Melody-ST,GSM5652299_Blood-NK-Z000000TM,VALID,AUC,0.9049763380314053
Melody-ST,GSM5652299_Blood-NK-Z000000TM,TEST,Spearman,0.5954878077790888
Melody-ST,GSM5652299_Blood-NK-Z000000TM,TEST,AUC,0.9040176898541141
Melody-ST,GSM5652302_Blood-Monocytes-Z000000TP,SAMPLE_VALID,Spearman,0.6260841779392542
Melody-ST,GSM5652302_Blood-Monocytes-Z000000TP,SAMPLE_VALID,AUC,0.9210045137685526
Melody-ST,GSM5652302_Blood-Monocytes-Z000000TP,SAMPLE_TEST,Spearman,0.6459498361428017
Melody-ST,GSM5652302_Blood-Monocytes-Z000000TP,SAMPLE_TEST,AUC,0.926721075955638
Melody-ST,GSM5652302_Blood-Monocytes-Z000000TP,VALID,Spearman,0.5636184332437535
Melody-ST,GSM5652302_Blood-Monocytes-Z000000TP,VALID,AUC,0.9107211644782064
Melody-ST,GSM5652302_Blood-Monocytes-Z000000TP,TEST,Spearman,0.560417031678201
Melody-ST,GSM5652302_Blood-Monocytes-Z000000TP,TEST,AUC,0.9088471583441295
Melody-ST,GSM5652313_Blood-Granulocytes-Z000000TZ,SAMPLE_VALID,Spearman,0.6540099707025223
Melody-ST,GSM5652313_Blood-Granulocytes-Z000000TZ,SAMPLE_VALID,AUC,0.9224103921435087
Melody-ST,GSM5652313_Blood-Granulocytes-Z000000TZ,SAMPLE_TEST,Spearman,0.6736010538794432
Melody-ST,GSM5652313_Blood-Granulocytes-Z000000TZ,SAMPLE_TEST,AUC,0.9270516801543746
Melody-ST,GSM5652313_Blood-Granulocytes-Z000000TZ,VALID,Spearman,0.5933932862877581
Melody-ST,GSM5652313_Blood-Granulocytes-Z000000TZ,VALID,AUC,0.9134339620334518
Melody-ST,GSM5652313_Blood-Granulocytes-Z000000TZ,TEST,Spearman,0.5936312881090386
Melody-ST,GSM5652313_Blood-Granulocytes-Z000000TZ,TEST,AUC,0.9130756509291215
Melody-ST,GSM5652317_Blood-B-Z000000UB,SAMPLE_VALID,Spearman,0.6393010693236263
Melody-ST,GSM5652317_Blood-B-Z000000UB,SAMPLE_VALID,AUC,0.9092956455376378
Melody-ST,GSM5652317_Blood-B-Z000000UB,SAMPLE_TEST,Spearman,0.6578631848887956
Melody-ST,GSM5652317_Blood-B-Z000000UB,SAMPLE_TEST,AUC,0.9222171908264961
Melody-ST,GSM5652317_Blood-B-Z000000UB,VALID,Spearman,0.6110982837738733
Melody-ST,GSM5652317_Blood-B-Z000000UB,VALID,AUC,0.902205534729323
Melody-ST,GSM5652317_Blood-B-Z000000UB,TEST,Spearman,0.6083275881314637
Melody-ST,GSM5652317_Blood-B-Z000000UB,TEST,AUC,0.902582457529266
Melody-ST,GSM5652321_Epidermal-Keratinocytes-Z00000424,SAMPLE_VALID,Spearman,0.7295589999755191
Melody-ST,GSM5652321_Epidermal-Keratinocytes-Z00000424,SAMPLE_VALID,AUC,0.9135759191612707
Melody-ST,GSM5652321_Epidermal-Keratinocytes-Z00000424,SAMPLE_TEST,Spearman,0.7502470593397089
Melody-ST,GSM5652321_Epidermal-Keratinocytes-Z00000424,SAMPLE_TEST,AUC,0.9214125695713768
Melody-ST,GSM5652321_Epidermal-Keratinocytes-Z00000424,VALID,Spearman,0.6596104257495321
Melody-ST,GSM5652321_Epidermal-Keratinocytes-Z00000424,VALID,AUC,0.90511954714741
Melody-ST,GSM5652321_Epidermal-Keratinocytes-Z00000424,TEST,Spearman,0.6583735931002647
Melody-ST,GSM5652321_Epidermal-Keratinocytes-Z00000424,TEST,AUC,0.906375189656607
Melody-ST,GSM5652322_Tonsil-Palatine-Epithelial-Z000000QF,SAMPLE_VALID,Spearman,0.754961076794791
Melody-ST,GSM5652322_Tonsil-Palatine-Epithelial-Z000000QF,SAMPLE_VALID,AUC,0.9122790687927969
Melody-ST,GSM5652322_Tonsil-Palatine-Epithelial-Z000000QF,SAMPLE_TEST,Spearman,0.781742448820586
Melody-ST,GSM5652322_Tonsil-Palatine-Epithelial-Z000000QF,SAMPLE_TEST,AUC,0.9170688234767357
Melody-ST,GSM5652322_Tonsil-Palatine-Epithelial-Z000000QF,VALID,Spearman,0.7057727604017605
Melody-ST,GSM5652322_Tonsil-Palatine-Epithelial-Z000000QF,VALID,AUC,0.9030465521998217
Melody-ST,GSM5652322_Tonsil-Palatine-Epithelial-Z000000QF,TEST,Spearman,0.7025376543959804
Melody-ST,GSM5652322_Tonsil-Palatine-Epithelial-Z000000QF,TEST,AUC,0.9026174805587421
Melody-ST,GSM5652335_Lung-Bronchus-Epithelial-Z000000QD,SAMPLE_VALID,Spearman,0.753680486258068
Melody-ST,GSM5652335_Lung-Bronchus-Epithelial-Z000000QD,SAMPLE_VALID,AUC,0.9222938441250303
Melody-ST,GSM5652335_Lung-Bronchus-Epithelial-Z000000QD,SAMPLE_TEST,Spearman,0.7808456519239144
Melody-ST,GSM5652335_Lung-Bronchus-Epithelial-Z000000QD,SAMPLE_TEST,AUC,0.9225557288828073
Melody-ST,GSM5652335_Lung-Bronchus-Epithelial-Z000000QD,VALID,Spearman,0.6487757612387673
Melody-ST,GSM5652335_Lung-Bronchus-Epithelial-Z000000QD,VALID,AUC,0.9081393381643197
Melody-ST,GSM5652335_Lung-Bronchus-Epithelial-Z000000QD,TEST,Spearman,0.6441441920302229
Melody-ST,GSM5652335_Lung-Bronchus-Epithelial-Z000000QD,TEST,AUC,0.9073514520555042
Melody-ST,GSM5652338_Prostate-Epithelial-Z000000RV,SAMPLE_VALID,Spearman,0.7491137460045534
Melody-ST,GSM5652338_Prostate-Epithelial-Z000000RV,SAMPLE_VALID,AUC,0.919023640393456
Melody-ST,GSM5652338_Prostate-Epithelial-Z000000RV,SAMPLE_TEST,Spearman,0.7715629905761514
Melody-ST,GSM5652338_Prostate-Epithelial-Z000000RV,SAMPLE_TEST,AUC,0.9265174769556869
Melody-ST,GSM5652338_Prostate-Epithelial-Z000000RV,VALID,Spearman,0.6593136254239256
Melody-ST,GSM5652338_Prostate-Epithelial-Z000000RV,VALID,AUC,0.9117718497623639
Melody-ST,GSM5652338_Prostate-Epithelial-Z000000RV,TEST,Spearman,0.6574951908655606
Melody-ST,GSM5652338_Prostate-Epithelial-Z000000RV,TEST,AUC,0.9123445295305619
Melody-ST,GSM5652342_Bladder-Epithelial-Z000000QM,SAMPLE_VALID,Spearman,0.7065607198947067
Melody-ST,GSM5652342_Bladder-Epithelial-Z000000QM,SAMPLE_VALID,AUC,0.8966190680862826
Melody-ST,GSM5652342_Bladder-Epithelial-Z000000QM,SAMPLE_TEST,Spearman,0.7502915427796709
Melody-ST,GSM5652342_Bladder-Epithelial-Z000000QM,SAMPLE_TEST,AUC,0.9147681749709937
Melody-ST,GSM5652342_Bladder-Epithelial-Z000000QM,VALID,Spearman,0.6645372526165092
Melody-ST,GSM5652342_Bladder-Epithelial-Z000000QM,VALID,AUC,0.9012229641442594
Melody-ST,GSM5652342_Bladder-Epithelial-Z000000QM,TEST,Spearman,0.6653328704546587
Melody-ST,GSM5652342_Bladder-Epithelial-Z000000QM,TEST,AUC,0.9021366640289789
Melody-ST,GSM5652347_Breast-Luminal-Epithelial-Z000000V2,SAMPLE_VALID,Spearman,0.7143487071670344
Melody-ST,GSM5652347_Breast-Luminal-Epithelial-Z000000V2,SAMPLE_VALID,AUC,0.9219780034952408
Melody-ST,GSM5652347_Breast-Luminal-Epithelial-Z000000V2,SAMPLE_TEST,Spearman,0.7421167920838081
Melody-ST,GSM5652347_Breast-Luminal-Epithelial-Z000000V2,SAMPLE_TEST,AUC,0.9295816550465298
Melody-ST,GSM5652347_Breast-Luminal-Epithelial-Z000000V2,VALID,Spearman,0.6093305573132418
Melody-ST,GSM5652347_Breast-Luminal-Epithelial-Z000000V2,VALID,AUC,0.9119043898939726
Melody-ST,GSM5652347_Breast-Luminal-Epithelial-Z000000V2,TEST,Spearman,0.6135237964419804
Melody-ST,GSM5652347_Breast-Luminal-Epithelial-Z000000V2,TEST,AUC,0.9122999727598863
Melody-ST,GSM5652350_Breast-Basal-Epithelial-Z000000V6,SAMPLE_VALID,Spearman,0.6730432112347418
Melody-ST,GSM5652350_Breast-Basal-Epithelial-Z000000V6,SAMPLE_VALID,AUC,0.9211170494367174
Melody-ST,GSM5652350_Breast-Basal-Epithelial-Z000000V6,SAMPLE_TEST,Spearman,0.7114123697767999
Melody-ST,GSM5652350_Breast-Basal-Epithelial-Z000000V6,SAMPLE_TEST,AUC,0.9268595220869255
Melody-ST,GSM5652350_Breast-Basal-Epithelial-Z000000V6,VALID,Spearman,0.5805286861229251
Melody-ST,GSM5652350_Breast-Basal-Epithelial-Z000000V6,VALID,AUC,0.9063300969074652
Melody-ST,GSM5652350_Breast-Basal-Epithelial-Z000000V6,TEST,Spearman,0.5843797127309072
Melody-ST,GSM5652350_Breast-Basal-Epithelial-Z000000V6,TEST,AUC,0.9068123559790269
Melody-ST,GSM5652354_Lung-Alveolar-Epithelial-Z000000T1,SAMPLE_VALID,Spearman,0.7617426969894568
Melody-ST,GSM5652354_Lung-Alveolar-Epithelial-Z000000T1,SAMPLE_VALID,AUC,0.9181634351361319
Melody-ST,GSM5652354_Lung-Alveolar-Epithelial-Z000000T1,SAMPLE_TEST,Spearman,0.7788339377854433
Melody-ST,GSM5652354_Lung-Alveolar-Epithelial-Z000000T1,SAMPLE_TEST,AUC,0.9213241662547766
Melody-ST,GSM5652354_Lung-Alveolar-Epithelial-Z000000T1,VALID,Spearman,0.681606029019394
Melody-ST,GSM5652354_Lung-Alveolar-Epithelial-Z000000T1,VALID,AUC,0.9133820591137178
Melody-ST,GSM5652354_Lung-Alveolar-Epithelial-Z000000T1,TEST,Spearman,0.6755108586894604
Melody-ST,GSM5652354_Lung-Alveolar-Epithelial-Z000000T1,TEST,AUC,0.9122363626695874
Melody-ST,GSM5652358_Gallbladder-Epithelial-Z00000432,SAMPLE_VALID,Spearman,0.7096924522710524
Melody-ST,GSM5652358_Gallbladder-Epithelial-Z00000432,SAMPLE_VALID,AUC,0.9133606162998302
Melody-ST,GSM5652358_Gallbladder-Epithelial-Z00000432,SAMPLE_TEST,Spearman,0.7418223622837109
Melody-ST,GSM5652358_Gallbladder-Epithelial-Z00000432,SAMPLE_TEST,AUC,0.91372292043664
Melody-ST,GSM5652358_Gallbladder-Epithelial-Z00000432,VALID,Spearman,0.6025065076688192
Melody-ST,GSM5652358_Gallbladder-Epithelial-Z00000432,VALID,AUC,0.9075568529467382
Melody-ST,GSM5652358_Gallbladder-Epithelial-Z00000432,TEST,Spearman,0.6031559485565771
Melody-ST,GSM5652358_Gallbladder-Epithelial-Z00000432,TEST,AUC,0.9077319619231325
Melody-ST,GSM5652359_Gastric-fundus-Epithelial-Z000000RX,SAMPLE_VALID,Spearman,0.7379340946178188
Melody-ST,GSM5652359_Gastric-fundus-Epithelial-Z000000RX,SAMPLE_VALID,AUC,0.9161921470281387
Melody-ST,GSM5652359_Gastric-fundus-Epithelial-Z000000RX,SAMPLE_TEST,Spearman,0.7536409957562474
Melody-ST,GSM5652359_Gastric-fundus-Epithelial-Z000000RX,SAMPLE_TEST,AUC,0.9209106233445697
Melody-ST,GSM5652359_Gastric-fundus-Epithelial-Z000000RX,VALID,Spearman,0.6778883911603881
Melody-ST,GSM5652359_Gastric-fundus-Epithelial-Z000000RX,VALID,AUC,0.9045357100362681
Melody-ST,GSM5652359_Gastric-fundus-Epithelial-Z000000RX,TEST,Spearman,0.6735654687258035
Melody-ST,GSM5652359_Gastric-fundus-Epithelial-Z000000RX,TEST,AUC,0.9032435931141465
Melody-ST,GSM5652370_Colon-Right-Epithelial-Z000000V0,SAMPLE_VALID,Spearman,0.6811005603120591
Melody-ST,GSM5652370_Colon-Right-Epithelial-Z000000V0,SAMPLE_VALID,AUC,0.9071057839979766
Melody-ST,GSM5652370_Colon-Right-Epithelial-Z000000V0,SAMPLE_TEST,Spearman,0.7253974530317555
Melody-ST,GSM5652370_Colon-Right-Epithelial-Z000000V0,SAMPLE_TEST,AUC,0.9134848090939585
Melody-ST,GSM5652370_Colon-Right-Epithelial-Z000000V0,VALID,Spearman,0.6355381266029565
Melody-ST,GSM5652370_Colon-Right-Epithelial-Z000000V0,VALID,AUC,0.9063158043729289
Melody-ST,GSM5652370_Colon-Right-Epithelial-Z000000V0,TEST,Spearman,0.6355638639589212
Melody-ST,GSM5652370_Colon-Right-Epithelial-Z000000V0,TEST,AUC,0.9046504046173954
Melody-ST,GSM5652378_Small-int-Epithelial-Z0000042V,SAMPLE_VALID,Spearman,0.6837532142673695
Melody-ST,GSM5652378_Small-int-Epithelial-Z0000042V,SAMPLE_VALID,AUC,0.905907087716176
Melody-ST,GSM5652378_Small-int-Epithelial-Z0000042V,SAMPLE_TEST,Spearman,0.7233496777442947
Melody-ST,GSM5652378_Small-int-Epithelial-Z0000042V,SAMPLE_TEST,AUC,0.9116062317926613
Melody-ST,GSM5652378_Small-int-Epithelial-Z0000042V,VALID,Spearman,0.6402369378150917
Melody-ST,GSM5652378_Small-int-Epithelial-Z0000042V,VALID,AUC,0.9039159596973603
Melody-ST,GSM5652378_Small-int-Epithelial-Z0000042V,TEST,Spearman,0.6478478518925629
Melody-ST,GSM5652378_Small-int-Epithelial-Z0000042V,TEST,AUC,0.9032142065383478
Melody-ST,Adipocytes,cell type specific,Spearman,0.2974957262855251
Melody-ST,Adipocytes,cell type specific,AUC,0.7163716814159292
Melody-ST,Bladder-Epithelial,cell type specific,Spearman,0.3295059838910612
Melody-ST,Bladder-Epithelial,cell type specific,AUC,0.6650809061488673
Melody-ST,Blood-B,cell type specific,Spearman,0.3566013214503014
Melody-ST,Blood-B,cell type specific,AUC,0.7083849862258953
Melody-ST,Blood-Granulocytes,cell type specific,Spearman,0.4729311742142736
Melody-ST,Blood-Granulocytes,cell type specific,AUC,0.7615101289134438
Melody-ST,Blood-Monocytes,cell type specific,Spearman,0.4193789458114043
Melody-ST,Blood-Monocytes,cell type specific,AUC,0.7918650793650793
Melody-ST,Blood-NK,cell type specific,Spearman,0.5623716094589494
Melody-ST,Blood-NK,cell type specific,AUC,0.8306522609043617
Melody-ST,Blood-T-CD3,cell type specific,Spearman,0.364597657294871
Melody-ST,Blood-T-CD3,cell type specific,AUC,0.817987012987013
Melody-ST,Bone-Osteoblasts,cell type specific,Spearman,0.3691655045398049
Melody-ST,Bone-Osteoblasts,cell type specific,AUC,0.8263552596179715
Melody-ST,Breast-Basal-Epithelial,cell type specific,Spearman,0.2974866188086109
Melody-ST,Breast-Basal-Epithelial,cell type specific,AUC,0.7008340279431611
Melody-ST,Breast-Luminal-Epithelial,cell type specific,Spearman,0.5115087948487117
Melody-ST,Breast-Luminal-Epithelial,cell type specific,AUC,0.7928849902534113
Melody-ST,Colon-Right-Epithelial,cell type specific,Spearman,0.3283640027145227
Melody-ST,Colon-Right-Epithelial,cell type specific,AUC,0.7942878476759381
Melody-ST,Gastric-fundus-Epithelial,cell type specific,Spearman,0.4156834863164404
Melody-ST,Gastric-fundus-Epithelial,cell type specific,AUC,0.7828542988677367
Melody-ST,Small-int-Epithelial,cell type specific,Spearman,0.3728463271166307
Melody-ST,Small-int-Epithelial,cell type specific,AUC,0.7864588122605364
Melody-ST,Colon-Fibroblasts,cell type specific,Spearman,0.3093257881419635
Melody-ST,Colon-Fibroblasts,cell type specific,AUC,0.6857481060606061
Melody-ST,Heart-Fibroblasts,cell type specific,Spearman,0.2448649437701077
Melody-ST,Heart-Fibroblasts,cell type specific,AUC,0.6995203147546898
Melody-ST,Dermal-Fibroblasts,cell type specific,Spearman,0.3945177109964407
Melody-ST,Dermal-Fibroblasts,cell type specific,AUC,0.8429643437529872
Melody-ST,Aorta-Endothel,cell type specific,Spearman,0.6382557842020408
Melody-ST,Aorta-Endothel,cell type specific,AUC,0.8390358503063421
Melody-ST,Epidermal-Keratinocytes,cell type specific,Spearman,0.2634697699446855
Melody-ST,Epidermal-Keratinocytes,cell type specific,AUC,0.605072463768116
Melody-ST,Bone_marrow-Erythrocyte_progenitors,cell type specific,Spearman,0.488186725334935
Melody-ST,Bone_marrow-Erythrocyte_progenitors,cell type specific,AUC,0.9103289387380297
Melody-ST,Fallopian-Epithelial,cell type specific,Spearman,0.3534878367732161
Melody-ST,Fallopian-Epithelial,cell type specific,AUC,0.79214155547319
Melody-ST,Ovary-Epithelial,cell type specific,Spearman,0.5724444713252291
Melody-ST,Ovary-Epithelial,cell type specific,AUC,0.8226035354140219
Melody-ST,Gallbladder-Epithelial,cell type specific,Spearman,0.1509055388575506
Melody-ST,Gallbladder-Epithelial,cell type specific,AUC,0.6694360238892408
Melody-ST,Heart-Cardiomyocyte,cell type specific,Spearman,0.2814878749151278
Melody-ST,Heart-Cardiomyocyte,cell type specific,AUC,0.6928242862755369
Melody-ST,Skeletal-Muscle,cell type specific,Spearman,0.3550580319014139
Melody-ST,Skeletal-Muscle,cell type specific,AUC,0.7955495356037152
Melody-ST,Aorta-Smooth-Muscle,cell type specific,Spearman,0.5495723264846561
Melody-ST,Aorta-Smooth-Muscle,cell type specific,AUC,0.7594264360094054
Melody-ST,Kidney-Tubular-Endothel,cell type specific,Spearman,0.430016084444269
Melody-ST,Kidney-Tubular-Endothel,cell type specific,AUC,0.9270544783010157
Melody-ST,Liver-Hepatocytes,cell type specific,Spearman,0.4416921884047644
Melody-ST,Liver-Hepatocytes,cell type specific,AUC,0.6993721083939194
Melody-ST,Lung-Alveolar-Epithelial,cell type specific,Spearman,0.5320737784286003
Melody-ST,Lung-Alveolar-Epithelial,cell type specific,AUC,0.8498729997459995
Melody-ST,Lung-Bronchus-Epithelial,cell type specific,Spearman,0.3326313716986783
Melody-ST,Lung-Bronchus-Epithelial,cell type specific,AUC,0.6904969739292365
Melody-ST,Cortex-Neuron,cell type specific,Spearman,0.4331268662217086
Melody-ST,Cortex-Neuron,cell type specific,AUC,0.7250062910574274
Melody-ST,Oligodendrocytes,cell type specific,Spearman,0.4088393716253123
Melody-ST,Oligodendrocytes,cell type specific,AUC,0.7812487220381957
Melody-ST,Pancreas-Acinar,cell type specific,Spearman,0.2079519884191161
Melody-ST,Pancreas-Acinar,cell type specific,AUC,0.6191435091958652
Melody-ST,Pancreas-Alpha,cell type specific,Spearman,0.405142245183503
Melody-ST,Pancreas-Alpha,cell type specific,AUC,0.7963666315837642
Melody-ST,Pancreas-Beta,cell type specific,Spearman,0.4064516780748346
Melody-ST,Pancreas-Beta,cell type specific,AUC,0.84274759188254
Melody-ST,Pancreas-Delta,cell type specific,Spearman,0.426375283462077
Melody-ST,Pancreas-Delta,cell type specific,AUC,0.8074438504316834
Melody-ST,Pancreas-Duct,cell type specific,Spearman,0.4135417825854233
Melody-ST,Pancreas-Duct,cell type specific,AUC,0.7609237660581474
Melody-ST,Prostate-Epithelial,cell type specific,Spearman,0.5240767438068058
Melody-ST,Prostate-Epithelial,cell type specific,AUC,0.7729268112734248
Melody-ST,Thyroid-Epithelial,cell type specific,Spearman,0.3952596808763404
Melody-ST,Thyroid-Epithelial,cell type specific,AUC,0.8732688463735009
Melody-MT,GSM5652176_Adipocytes-Z000000T7,SAMPLE_VALID,Spearman,0.7804035867584237
Melody-MT,GSM5652176_Adipocytes-Z000000T7,SAMPLE_VALID,AUC,0.9214870119968972
Melody-MT,GSM5652176_Adipocytes-Z000000T7,SAMPLE_TEST,Spearman,0.7875545247518645
Melody-MT,GSM5652176_Adipocytes-Z000000T7,SAMPLE_TEST,AUC,0.9297838174372187
Melody-MT,GSM5652176_Adipocytes-Z000000T7,VALID,Spearman,0.6836713555394857
Melody-MT,GSM5652176_Adipocytes-Z000000T7,VALID,AUC,0.91058035127675
Melody-MT,GSM5652176_Adipocytes-Z000000T7,TEST,Spearman,0.69892696259822
Melody-MT,GSM5652176_Adipocytes-Z000000T7,TEST,AUC,0.9113777847088732
Melody-MT,GSM5652179_Aorta-Endothel-Z00000422,SAMPLE_VALID,Spearman,0.7069048616096997
Melody-MT,GSM5652179_Aorta-Endothel-Z00000422,SAMPLE_VALID,AUC,0.9088360463565724
Melody-MT,GSM5652179_Aorta-Endothel-Z00000422,SAMPLE_TEST,Spearman,0.7210936733337784
Melody-MT,GSM5652179_Aorta-Endothel-Z00000422,SAMPLE_TEST,AUC,0.9166063143473314
Melody-MT,GSM5652179_Aorta-Endothel-Z00000422,VALID,Spearman,0.6861803049294077
Melody-MT,GSM5652179_Aorta-Endothel-Z00000422,VALID,AUC,0.8994162732586956
Melody-MT,GSM5652179_Aorta-Endothel-Z00000422,TEST,Spearman,0.689780344020156
Melody-MT,GSM5652179_Aorta-Endothel-Z00000422,TEST,AUC,0.8999236984589686
Melody-MT,GSM5652189_Kidney-Tubular-Endothel-Z0000042R,SAMPLE_VALID,Spearman,0.6963731399172087
Melody-MT,GSM5652189_Kidney-Tubular-Endothel-Z0000042R,SAMPLE_VALID,AUC,0.9195831448659494
Melody-MT,GSM5652189_Kidney-Tubular-Endothel-Z0000042R,SAMPLE_TEST,Spearman,0.7080762937878026
Melody-MT,GSM5652189_Kidney-Tubular-Endothel-Z0000042R,SAMPLE_TEST,AUC,0.9235961973618425
Melody-MT,GSM5652189_Kidney-Tubular-Endothel-Z0000042R,VALID,Spearman,0.6204351962291945
Melody-MT,GSM5652189_Kidney-Tubular-Endothel-Z0000042R,VALID,AUC,0.9119491453996541
Melody-MT,GSM5652189_Kidney-Tubular-Endothel-Z0000042R,TEST,Spearman,0.6181970587186479
Melody-MT,GSM5652189_Kidney-Tubular-Endothel-Z0000042R,TEST,AUC,0.9101780859110721
Melody-MT,GSM5652198_Colon-Fibroblasts-Z0000042A,SAMPLE_VALID,Spearman,0.7747690947580144
Melody-MT,GSM5652198_Colon-Fibroblasts-Z0000042A,SAMPLE_VALID,AUC,0.923115688838435
Melody-MT,GSM5652198_Colon-Fibroblasts-Z0000042A,SAMPLE_TEST,Spearman,0.7850160654614133
Melody-MT,GSM5652198_Colon-Fibroblasts-Z0000042A,SAMPLE_TEST,AUC,0.9281566661502212
Melody-MT,GSM5652198_Colon-Fibroblasts-Z0000042A,VALID,Spearman,0.7165486336442686
Melody-MT,GSM5652198_Colon-Fibroblasts-Z0000042A,VALID,AUC,0.9081622814522795
Melody-MT,GSM5652198_Colon-Fibroblasts-Z0000042A,TEST,Spearman,0.709388143339094
Melody-MT,GSM5652198_Colon-Fibroblasts-Z0000042A,TEST,AUC,0.907351607495919
Melody-MT,GSM5652200_Heart-Fibroblasts-Z0000043R,SAMPLE_VALID,Spearman,0.6934546703685676
Melody-MT,GSM5652200_Heart-Fibroblasts-Z0000043R,SAMPLE_VALID,AUC,0.8807286062996981
Melody-MT,GSM5652200_Heart-Fibroblasts-Z0000043R,SAMPLE_TEST,Spearman,0.7027102554338979
Melody-MT,GSM5652200_Heart-Fibroblasts-Z0000043R,SAMPLE_TEST,AUC,0.8920256704176784
Melody-MT,GSM5652200_Heart-Fibroblasts-Z0000043R,VALID,Spearman,0.6826159440038682
Melody-MT,GSM5652200_Heart-Fibroblasts-Z0000043R,VALID,AUC,0.8569218494368227
Melody-MT,GSM5652200_Heart-Fibroblasts-Z0000043R,TEST,Spearman,0.6900862604372171
Melody-MT,GSM5652200_Heart-Fibroblasts-Z0000043R,TEST,AUC,0.856498284574134
Melody-MT,GSM5652204_Dermal-Fibroblasts-Z00000423,SAMPLE_VALID,Spearman,0.7346665874652544
Melody-MT,GSM5652204_Dermal-Fibroblasts-Z00000423,SAMPLE_VALID,AUC,0.9028712364433535
Melody-MT,GSM5652204_Dermal-Fibroblasts-Z00000423,SAMPLE_TEST,Spearman,0.7490961996024731
Melody-MT,GSM5652204_Dermal-Fibroblasts-Z00000423,SAMPLE_TEST,AUC,0.9240408996581759
Melody-MT,GSM5652204_Dermal-Fibroblasts-Z00000423,VALID,Spearman,0.6890534058628126
Melody-MT,GSM5652204_Dermal-Fibroblasts-Z00000423,VALID,AUC,0.8971472783387159
Melody-MT,GSM5652204_Dermal-Fibroblasts-Z00000423,TEST,Spearman,0.6884100772975704
Melody-MT,GSM5652204_Dermal-Fibroblasts-Z00000423,TEST,AUC,0.8965626775582946
Melody-MT,GSM5652205_Skeletal-Muscle-Z00000427,SAMPLE_VALID,Spearman,0.7481487154792255
Melody-MT,GSM5652205_Skeletal-Muscle-Z00000427,SAMPLE_VALID,AUC,0.9006644602840042
Melody-MT,GSM5652205_Skeletal-Muscle-Z00000427,SAMPLE_TEST,Spearman,0.7593047828289492
Melody-MT,GSM5652205_Skeletal-Muscle-Z00000427,SAMPLE_TEST,AUC,0.909682727590934
Melody-MT,GSM5652205_Skeletal-Muscle-Z00000427,VALID,Spearman,0.6754794537542048
Melody-MT,GSM5652205_Skeletal-Muscle-Z00000427,VALID,AUC,0.8983832954821981
Melody-MT,GSM5652205_Skeletal-Muscle-Z00000427,TEST,Spearman,0.6798520181608794
Melody-MT,GSM5652205_Skeletal-Muscle-Z00000427,TEST,AUC,0.8996020140346882
Melody-MT,GSM5652207_Aorta-Smooth-Muscle-Z0000041U,SAMPLE_VALID,Spearman,0.7327451097692074
Melody-MT,GSM5652207_Aorta-Smooth-Muscle-Z0000041U,SAMPLE_VALID,AUC,0.8993949478791632
Melody-MT,GSM5652207_Aorta-Smooth-Muscle-Z0000041U,SAMPLE_TEST,Spearman,0.7562484152420232
Melody-MT,GSM5652207_Aorta-Smooth-Muscle-Z0000041U,SAMPLE_TEST,AUC,0.9093108838635834
Melody-MT,GSM5652207_Aorta-Smooth-Muscle-Z0000041U,VALID,Spearman,0.7157511720099203
Melody-MT,GSM5652207_Aorta-Smooth-Muscle-Z0000041U,VALID,AUC,0.8768578887179428
Melody-MT,GSM5652207_Aorta-Smooth-Muscle-Z0000041U,TEST,Spearman,0.7074255178457443
Melody-MT,GSM5652207_Aorta-Smooth-Muscle-Z0000041U,TEST,AUC,0.8740003462247654
Melody-MT,GSM5652215_Heart-Cardiomyocyte-Z0000044P,SAMPLE_VALID,Spearman,0.6308044049766155
Melody-MT,GSM5652215_Heart-Cardiomyocyte-Z0000044P,SAMPLE_VALID,AUC,0.8851292567497633
Melody-MT,GSM5652215_Heart-Cardiomyocyte-Z0000044P,SAMPLE_TEST,Spearman,0.610133824866571
Melody-MT,GSM5652215_Heart-Cardiomyocyte-Z0000044P,SAMPLE_TEST,AUC,0.882902016890207
Melody-MT,GSM5652215_Heart-Cardiomyocyte-Z0000044P,VALID,Spearman,0.5196806429186119
Melody-MT,GSM5652215_Heart-Cardiomyocyte-Z0000044P,VALID,AUC,0.8680790112763191
Melody-MT,GSM5652215_Heart-Cardiomyocyte-Z0000044P,TEST,Spearman,0.5130968350535019
Melody-MT,GSM5652215_Heart-Cardiomyocyte-Z0000044P,TEST,AUC,0.8659522166383551
Melody-MT,GSM5652218_Bone-Osteoblasts-Z0000042Z,SAMPLE_VALID,Spearman,0.7355790587366886
Melody-MT,GSM5652218_Bone-Osteoblasts-Z0000042Z,SAMPLE_VALID,AUC,0.9025204618939154
Melody-MT,GSM5652218_Bone-Osteoblasts-Z0000042Z,SAMPLE_TEST,Spearman,0.7624976226146429
Melody-MT,GSM5652218_Bone-Osteoblasts-Z0000042Z,SAMPLE_TEST,AUC,0.911537254579964
Melody-MT,GSM5652218_Bone-Osteoblasts-Z0000042Z,VALID,Spearman,0.7157327084403217
Melody-MT,GSM5652218_Bone-Osteoblasts-Z0000042Z,VALID,AUC,0.8842915280495877
Melody-MT,GSM5652218_Bone-Osteoblasts-Z0000042Z,TEST,Spearman,0.7223166268209732
Melody-MT,GSM5652218_Bone-Osteoblasts-Z0000042Z,TEST,AUC,0.8833632588796827
Melody-MT,GSM5652219_Oligodendrocytes-Z000000TK,SAMPLE_VALID,Spearman,0.6580052247940007
Melody-MT,GSM5652219_Oligodendrocytes-Z000000TK,SAMPLE_VALID,AUC,0.9214386710602641
Melody-MT,GSM5652219_Oligodendrocytes-Z000000TK,SAMPLE_TEST,Spearman,0.6974116946311933
Melody-MT,GSM5652219_Oligodendrocytes-Z000000TK,SAMPLE_TEST,AUC,0.9320987277322287
Melody-MT,GSM5652219_Oligodendrocytes-Z000000TK,VALID,Spearman,0.5795017768359432
Melody-MT,GSM5652219_Oligodendrocytes-Z000000TK,VALID,AUC,0.9138093347900567
Melody-MT,GSM5652219_Oligodendrocytes-Z000000TK,TEST,Spearman,0.5734905235437745
Melody-MT,GSM5652219_Oligodendrocytes-Z000000TK,TEST,AUC,0.9137233111224564
Melody-MT,GSM5652223_Cortex-Neuron-Z000000TF,SAMPLE_VALID,Spearman,0.7191688835768668
Melody-MT,GSM5652223_Cortex-Neuron-Z000000TF,SAMPLE_VALID,AUC,0.9327310951698635
Melody-MT,GSM5652223_Cortex-Neuron-Z000000TF,SAMPLE_TEST,Spearman,0.7276494246678874
Melody-MT,GSM5652223_Cortex-Neuron-Z000000TF,SAMPLE_TEST,AUC,0.9437502087126011
Melody-MT,GSM5652223_Cortex-Neuron-Z000000TF,VALID,Spearman,0.604464235513619
Melody-MT,GSM5652223_Cortex-Neuron-Z000000TF,VALID,AUC,0.9189456309347568
Melody-MT,GSM5652223_Cortex-Neuron-Z000000TF,TEST,Spearman,0.6106504638660579
Melody-MT,GSM5652223_Cortex-Neuron-Z000000TF,TEST,AUC,0.9180418697685798
Melody-MT,GSM5652233_Liver-Hepatocytes-Z000000R3,SAMPLE_VALID,Spearman,0.6594427887376386
Melody-MT,GSM5652233_Liver-Hepatocytes-Z000000R3,SAMPLE_VALID,AUC,0.9234425757915945
Melody-MT,GSM5652233_Liver-Hepatocytes-Z000000R3,SAMPLE_TEST,Spearman,0.687846887188598
Melody-MT,GSM5652233_Liver-Hepatocytes-Z000000R3,SAMPLE_TEST,AUC,0.9270479938760732
Melody-MT,GSM5652233_Liver-Hepatocytes-Z000000R3,VALID,Spearman,0.6412136185854178
Melody-MT,GSM5652233_Liver-Hepatocytes-Z000000R3,VALID,AUC,0.9056341597373064
Melody-MT,GSM5652233_Liver-Hepatocytes-Z000000R3,TEST,Spearman,0.6465509405040837
Melody-MT,GSM5652233_Liver-Hepatocytes-Z000000R3,TEST,AUC,0.9010782601072616
Melody-MT,GSM5652239_Pancreas-Duct-Z0000043T,SAMPLE_VALID,Spearman,0.6744232932034447
Melody-MT,GSM5652239_Pancreas-Duct-Z0000043T,SAMPLE_VALID,AUC,0.9175874636638504
Melody-MT,GSM5652239_Pancreas-Duct-Z0000043T,SAMPLE_TEST,Spearman,0.6835871980966993
Melody-MT,GSM5652239_Pancreas-Duct-Z0000043T,SAMPLE_TEST,AUC,0.9196978611843468
Melody-MT,GSM5652239_Pancreas-Duct-Z0000043T,VALID,Spearman,0.5898231308860019
Melody-MT,GSM5652239_Pancreas-Duct-Z0000043T,VALID,AUC,0.9097014790796171
Melody-MT,GSM5652239_Pancreas-Duct-Z0000043T,TEST,Spearman,0.5991123382306218
Melody-MT,GSM5652239_Pancreas-Duct-Z0000043T,TEST,AUC,0.9073287306991819
Melody-MT,GSM5652243_Pancreas-Acinar-Z000000QX,SAMPLE_VALID,Spearman,0.6788067160748268
Melody-MT,GSM5652243_Pancreas-Acinar-Z000000QX,SAMPLE_VALID,AUC,0.8836703112342731
Melody-MT,GSM5652243_Pancreas-Acinar-Z000000QX,SAMPLE_TEST,Spearman,0.695173529146625
Melody-MT,GSM5652243_Pancreas-Acinar-Z000000QX,SAMPLE_TEST,AUC,0.8996304315013364
Melody-MT,GSM5652243_Pancreas-Acinar-Z000000QX,VALID,Spearman,0.6988145538251558
Melody-MT,GSM5652243_Pancreas-Acinar-Z000000QX,VALID,AUC,0.8855758260206824
Melody-MT,GSM5652243_Pancreas-Acinar-Z000000QX,TEST,Spearman,0.6891629442959842
Melody-MT,GSM5652243_Pancreas-Acinar-Z000000QX,TEST,AUC,0.8846340678581391
Melody-MT,GSM5652247_Pancreas-Delta-Z00000451,SAMPLE_VALID,Spearman,0.6633853246623601
Melody-MT,GSM5652247_Pancreas-Delta-Z00000451,SAMPLE_VALID,AUC,0.9201424053044003
Melody-MT,GSM5652247_Pancreas-Delta-Z00000451,SAMPLE_TEST,Spearman,0.6908056197462772
Melody-MT,GSM5652247_Pancreas-Delta-Z00000451,SAMPLE_TEST,AUC,0.923362380666741
Melody-MT,GSM5652247_Pancreas-Delta-Z00000451,VALID,Spearman,0.6188103829607836
Melody-MT,GSM5652247_Pancreas-Delta-Z00000451,VALID,AUC,0.9070326403564128
Melody-MT,GSM5652247_Pancreas-Delta-Z00000451,TEST,Spearman,0.6171682917154425
Melody-MT,GSM5652247_Pancreas-Delta-Z00000451,TEST,AUC,0.9039783670962206
Melody-MT,GSM5652250_Pancreas-Beta-Z00000452,SAMPLE_VALID,Spearman,0.6495011279777305
Melody-MT,GSM5652250_Pancreas-Beta-Z00000452,SAMPLE_VALID,AUC,0.9078911025385034
Melody-MT,GSM5652250_Pancreas-Beta-Z00000452,SAMPLE_TEST,Spearman,0.6728512149326599
Melody-MT,GSM5652250_Pancreas-Beta-Z00000452,SAMPLE_TEST,AUC,0.9187362252190284
Melody-MT,GSM5652250_Pancreas-Beta-Z00000452,VALID,Spearman,0.5970574204753378
Melody-MT,GSM5652250_Pancreas-Beta-Z00000452,VALID,AUC,0.9061009885943052
Melody-MT,GSM5652250_Pancreas-Beta-Z00000452,TEST,Spearman,0.5824959574126126
Melody-MT,GSM5652250_Pancreas-Beta-Z00000452,TEST,AUC,0.9038564605385759
Melody-MT,GSM5652253_Pancreas-Alpha-Z00000453,SAMPLE_VALID,Spearman,0.6622710000402499
Melody-MT,GSM5652253_Pancreas-Alpha-Z00000453,SAMPLE_VALID,AUC,0.9182002195014197
Melody-MT,GSM5652253_Pancreas-Alpha-Z00000453,SAMPLE_TEST,Spearman,0.6768699775861776
Melody-MT,GSM5652253_Pancreas-Alpha-Z00000453,SAMPLE_TEST,AUC,0.9251417827917309
Melody-MT,GSM5652253_Pancreas-Alpha-Z00000453,VALID,Spearman,0.6165492860033924
Melody-MT,GSM5652253_Pancreas-Alpha-Z00000453,VALID,AUC,0.9044130513615486
Melody-MT,GSM5652253_Pancreas-Alpha-Z00000453,TEST,Spearman,0.623483467489592
Melody-MT,GSM5652253_Pancreas-Alpha-Z00000453,TEST,AUC,0.9032151319846213
Melody-MT,GSM5652264_Thyroid-Epithelial-Z0000042S,SAMPLE_VALID,Spearman,0.6571850183229218
Melody-MT,GSM5652264_Thyroid-Epithelial-Z0000042S,SAMPLE_VALID,AUC,0.9134386241166568
Melody-MT,GSM5652264_Thyroid-Epithelial-Z0000042S,SAMPLE_TEST,Spearman,0.6826666405180111
Melody-MT,GSM5652264_Thyroid-Epithelial-Z0000042S,SAMPLE_TEST,AUC,0.925685678726106
Melody-MT,GSM5652264_Thyroid-Epithelial-Z0000042S,VALID,Spearman,0.5926605980661954
Melody-MT,GSM5652264_Thyroid-Epithelial-Z0000042S,VALID,AUC,0.9103981746823656
Melody-MT,GSM5652264_Thyroid-Epithelial-Z0000042S,TEST,Spearman,0.5897865017012945
Melody-MT,GSM5652264_Thyroid-Epithelial-Z0000042S,TEST,AUC,0.9091509962376336
Melody-MT,GSM5652267_Fallopian-Epithelial-Z000000Q7,SAMPLE_VALID,Spearman,0.7176015512498333
Melody-MT,GSM5652267_Fallopian-Epithelial-Z000000Q7,SAMPLE_VALID,AUC,0.9242658175308014
Melody-MT,GSM5652267_Fallopian-Epithelial-Z000000Q7,SAMPLE_TEST,Spearman,0.7416358712094607
Melody-MT,GSM5652267_Fallopian-Epithelial-Z000000Q7,SAMPLE_TEST,AUC,0.9284466256986518
Melody-MT,GSM5652267_Fallopian-Epithelial-Z000000Q7,VALID,Spearman,0.6156580720385124
Melody-MT,GSM5652267_Fallopian-Epithelial-Z000000Q7,VALID,AUC,0.9114264898007418
Melody-MT,GSM5652267_Fallopian-Epithelial-Z000000Q7,TEST,Spearman,0.608851194473745
Melody-MT,GSM5652267_Fallopian-Epithelial-Z000000Q7,TEST,AUC,0.9098021176596803
Melody-MT,GSM5652270_Ovary-Epithelial-Z000000QT,SAMPLE_VALID,Spearman,0.6961641011934712
Melody-MT,GSM5652270_Ovary-Epithelial-Z000000QT,SAMPLE_VALID,AUC,0.9129235922647184
Melody-MT,GSM5652270_Ovary-Epithelial-Z000000QT,SAMPLE_TEST,Spearman,0.7151298419458986
Melody-MT,GSM5652270_Ovary-Epithelial-Z000000QT,SAMPLE_TEST,AUC,0.919010995539228
Melody-MT,GSM5652270_Ovary-Epithelial-Z000000QT,VALID,Spearman,0.5922416544028161
Melody-MT,GSM5652270_Ovary-Epithelial-Z000000QT,VALID,AUC,0.8817453690650835
Melody-MT,GSM5652270_Ovary-Epithelial-Z000000QT,TEST,Spearman,0.5982505154391219
Melody-MT,GSM5652270_Ovary-Epithelial-Z000000QT,TEST,AUC,0.8776954822739642
Melody-MT,GSM5652274_Bone_marrow-Erythrocyte_progenitors-Z000000RF,SAMPLE_VALID,Spearman,0.6753015044463546
Melody-MT,GSM5652274_Bone_marrow-Erythrocyte_progenitors-Z000000RF,SAMPLE_VALID,AUC,0.8758808822756846
Melody-MT,GSM5652274_Bone_marrow-Erythrocyte_progenitors-Z000000RF,SAMPLE_TEST,Spearman,0.727350907549745
Melody-MT,GSM5652274_Bone_marrow-Erythrocyte_progenitors-Z000000RF,SAMPLE_TEST,AUC,0.8932510729240842
Melody-MT,GSM5652274_Bone_marrow-Erythrocyte_progenitors-Z000000RF,VALID,Spearman,0.7214116727607159
Melody-MT,GSM5652274_Bone_marrow-Erythrocyte_progenitors-Z000000RF,VALID,AUC,0.8781972620839743
Melody-MT,GSM5652274_Bone_marrow-Erythrocyte_progenitors-Z000000RF,TEST,Spearman,0.7263360861563953
Melody-MT,GSM5652274_Bone_marrow-Erythrocyte_progenitors-Z000000RF,TEST,AUC,0.8751506637732579
Melody-MT,GSM5652277_Blood-T-CD3-Z000000TV,SAMPLE_VALID,Spearman,0.654054344321219
Melody-MT,GSM5652277_Blood-T-CD3-Z000000TV,SAMPLE_VALID,AUC,0.9046446718830843
Melody-MT,GSM5652277_Blood-T-CD3-Z000000TV,SAMPLE_TEST,Spearman,0.6748013355933116
Melody-MT,GSM5652277_Blood-T-CD3-Z000000TV,SAMPLE_TEST,AUC,0.9148519048458165
Melody-MT,GSM5652277_Blood-T-CD3-Z000000TV,VALID,Spearman,0.6782079266245541
Melody-MT,GSM5652277_Blood-T-CD3-Z000000TV,VALID,AUC,0.9085989446912622
Melody-MT,GSM5652277_Blood-T-CD3-Z000000TV,TEST,Spearman,0.6844816563083306
Melody-MT,GSM5652277_Blood-T-CD3-Z000000TV,TEST,AUC,0.90769002747357
Melody-MT,GSM5652299_Blood-NK-Z000000TM,SAMPLE_VALID,Spearman,0.6282370113227511
Melody-MT,GSM5652299_Blood-NK-Z000000TM,SAMPLE_VALID,AUC,0.9101093808921693
Melody-MT,GSM5652299_Blood-NK-Z000000TM,SAMPLE_TEST,Spearman,0.6563454409807921
Melody-MT,GSM5652299_Blood-NK-Z000000TM,SAMPLE_TEST,AUC,0.9260557610690594
Melody-MT,GSM5652299_Blood-NK-Z000000TM,VALID,Spearman,0.5900254041489259
Melody-MT,GSM5652299_Blood-NK-Z000000TM,VALID,AUC,0.910506756396797
Melody-MT,GSM5652299_Blood-NK-Z000000TM,TEST,Spearman,0.5989442535560918
Melody-MT,GSM5652299_Blood-NK-Z000000TM,TEST,AUC,0.9100047852872155
Melody-MT,GSM5652302_Blood-Monocytes-Z000000TP,SAMPLE_VALID,Spearman,0.6310319918994661
Melody-MT,GSM5652302_Blood-Monocytes-Z000000TP,SAMPLE_VALID,AUC,0.9212728935328052
Melody-MT,GSM5652302_Blood-Monocytes-Z000000TP,SAMPLE_TEST,Spearman,0.6610080035762427
Melody-MT,GSM5652302_Blood-Monocytes-Z000000TP,SAMPLE_TEST,AUC,0.9303291794771983
Melody-MT,GSM5652302_Blood-Monocytes-Z000000TP,VALID,Spearman,0.5784890995243264
Melody-MT,GSM5652302_Blood-Monocytes-Z000000TP,VALID,AUC,0.9147024969848999
Melody-MT,GSM5652302_Blood-Monocytes-Z000000TP,TEST,Spearman,0.5725753756092006
Melody-MT,GSM5652302_Blood-Monocytes-Z000000TP,TEST,AUC,0.9135978230342774
Melody-MT,GSM5652313_Blood-Granulocytes-Z000000TZ,SAMPLE_VALID,Spearman,0.6541644052491258
Melody-MT,GSM5652313_Blood-Granulocytes-Z000000TZ,SAMPLE_VALID,AUC,0.9195119937973999
Melody-MT,GSM5652313_Blood-Granulocytes-Z000000TZ,SAMPLE_TEST,Spearman,0.6872415309620006
Melody-MT,GSM5652313_Blood-Granulocytes-Z000000TZ,SAMPLE_TEST,AUC,0.9297917755316581
Melody-MT,GSM5652313_Blood-Granulocytes-Z000000TZ,VALID,Spearman,0.5940201626192985
Melody-MT,GSM5652313_Blood-Granulocytes-Z000000TZ,VALID,AUC,0.9146111400392567
Melody-MT,GSM5652313_Blood-Granulocytes-Z000000TZ,TEST,Spearman,0.6153464714575753
Melody-MT,GSM5652313_Blood-Granulocytes-Z000000TZ,TEST,AUC,0.913874032357074
Melody-MT,GSM5652317_Blood-B-Z000000UB,SAMPLE_VALID,Spearman,0.6440885519642783
Melody-MT,GSM5652317_Blood-B-Z000000UB,SAMPLE_VALID,AUC,0.9037418597974625
Melody-MT,GSM5652317_Blood-B-Z000000UB,SAMPLE_TEST,Spearman,0.6710265715539504
Melody-MT,GSM5652317_Blood-B-Z000000UB,SAMPLE_TEST,AUC,0.9209226666766845
Melody-MT,GSM5652317_Blood-B-Z000000UB,VALID,Spearman,0.6466477284174034
Melody-MT,GSM5652317_Blood-B-Z000000UB,VALID,AUC,0.9057279839299898
Melody-MT,GSM5652317_Blood-B-Z000000UB,TEST,Spearman,0.6412918541538344
Melody-MT,GSM5652317_Blood-B-Z000000UB,TEST,AUC,0.9054949489127168
Melody-MT,GSM5652321_Epidermal-Keratinocytes-Z00000424,SAMPLE_VALID,Spearman,0.729567281491857
Melody-MT,GSM5652321_Epidermal-Keratinocytes-Z00000424,SAMPLE_VALID,AUC,0.9128530760431359
Melody-MT,GSM5652321_Epidermal-Keratinocytes-Z00000424,SAMPLE_TEST,Spearman,0.7619553698810234
Melody-MT,GSM5652321_Epidermal-Keratinocytes-Z00000424,SAMPLE_TEST,AUC,0.9271298951608575
Melody-MT,GSM5652321_Epidermal-Keratinocytes-Z00000424,VALID,Spearman,0.6780698190188339
Melody-MT,GSM5652321_Epidermal-Keratinocytes-Z00000424,VALID,AUC,0.9079971078250687
Melody-MT,GSM5652321_Epidermal-Keratinocytes-Z00000424,TEST,Spearman,0.6594055627392713
Melody-MT,GSM5652321_Epidermal-Keratinocytes-Z00000424,TEST,AUC,0.9085823487676942
Melody-MT,GSM5652322_Tonsil-Palatine-Epithelial-Z000000QF,SAMPLE_VALID,Spearman,0.7698826069691486
Melody-MT,GSM5652322_Tonsil-Palatine-Epithelial-Z000000QF,SAMPLE_VALID,AUC,0.914611336558148
Melody-MT,GSM5652322_Tonsil-Palatine-Epithelial-Z000000QF,SAMPLE_TEST,Spearman,0.783556687691288
Melody-MT,GSM5652322_Tonsil-Palatine-Epithelial-Z000000QF,SAMPLE_TEST,AUC,0.9205824415020675
Melody-MT,GSM5652322_Tonsil-Palatine-Epithelial-Z000000QF,VALID,Spearman,0.6987882105769475
Melody-MT,GSM5652322_Tonsil-Palatine-Epithelial-Z000000QF,VALID,AUC,0.901045651673719
Melody-MT,GSM5652322_Tonsil-Palatine-Epithelial-Z000000QF,TEST,Spearman,0.7003791845606006
Melody-MT,GSM5652322_Tonsil-Palatine-Epithelial-Z000000QF,TEST,AUC,0.9014347732084427
Melody-MT,GSM5652335_Lung-Bronchus-Epithelial-Z000000QD,SAMPLE_VALID,Spearman,0.7692067386695106
Melody-MT,GSM5652335_Lung-Bronchus-Epithelial-Z000000QD,SAMPLE_VALID,AUC,0.9260400702563213
Melody-MT,GSM5652335_Lung-Bronchus-Epithelial-Z000000QD,SAMPLE_TEST,Spearman,0.7919517456578081
Melody-MT,GSM5652335_Lung-Bronchus-Epithelial-Z000000QD,SAMPLE_TEST,AUC,0.9262289508925046
Melody-MT,GSM5652335_Lung-Bronchus-Epithelial-Z000000QD,VALID,Spearman,0.6529480777141268
Melody-MT,GSM5652335_Lung-Bronchus-Epithelial-Z000000QD,VALID,AUC,0.9122600482810219
Melody-MT,GSM5652335_Lung-Bronchus-Epithelial-Z000000QD,TEST,Spearman,0.6510167036675415
Melody-MT,GSM5652335_Lung-Bronchus-Epithelial-Z000000QD,TEST,AUC,0.9113947412493616
Melody-MT,GSM5652338_Prostate-Epithelial-Z000000RV,SAMPLE_VALID,Spearman,0.7549517458023149
Melody-MT,GSM5652338_Prostate-Epithelial-Z000000RV,SAMPLE_VALID,AUC,0.9218230367899717
Melody-MT,GSM5652338_Prostate-Epithelial-Z000000RV,SAMPLE_TEST,Spearman,0.7809002407761662
Melody-MT,GSM5652338_Prostate-Epithelial-Z000000RV,SAMPLE_TEST,AUC,0.9321992727033974
Melody-MT,GSM5652338_Prostate-Epithelial-Z000000RV,VALID,Spearman,0.6680888909547149
Melody-MT,GSM5652338_Prostate-Epithelial-Z000000RV,VALID,AUC,0.9143974333037189
Melody-MT,GSM5652338_Prostate-Epithelial-Z000000RV,TEST,Spearman,0.6605090317971387
Melody-MT,GSM5652338_Prostate-Epithelial-Z000000RV,TEST,AUC,0.9145212436213501
Melody-MT,GSM5652342_Bladder-Epithelial-Z000000QM,SAMPLE_VALID,Spearman,0.711150177353631
Melody-MT,GSM5652342_Bladder-Epithelial-Z000000QM,SAMPLE_VALID,AUC,0.9019365922553078
Melody-MT,GSM5652342_Bladder-Epithelial-Z000000QM,SAMPLE_TEST,Spearman,0.7586272387292343
Melody-MT,GSM5652342_Bladder-Epithelial-Z000000QM,SAMPLE_TEST,AUC,0.9186777712910332
Melody-MT,GSM5652342_Bladder-Epithelial-Z000000QM,VALID,Spearman,0.6610426758171513
Melody-MT,GSM5652342_Bladder-Epithelial-Z000000QM,VALID,AUC,0.904764263742949
Melody-MT,GSM5652342_Bladder-Epithelial-Z000000QM,TEST,Spearman,0.6841399829477856
Melody-MT,GSM5652342_Bladder-Epithelial-Z000000QM,TEST,AUC,0.9050658211645309
Melody-MT,GSM5652347_Breast-Luminal-Epithelial-Z000000V2,SAMPLE_VALID,Spearman,0.7156075688419311
Melody-MT,GSM5652347_Breast-Luminal-Epithelial-Z000000V2,SAMPLE_VALID,AUC,0.9244979103832555
Melody-MT,GSM5652347_Breast-Luminal-Epithelial-Z000000V2,SAMPLE_TEST,Spearman,0.7585071320579242
Melody-MT,GSM5652347_Breast-Luminal-Epithelial-Z000000V2,SAMPLE_TEST,AUC,0.9312273325475786
Melody-MT,GSM5652347_Breast-Luminal-Epithelial-Z000000V2,VALID,Spearman,0.6109450569301322
Melody-MT,GSM5652347_Breast-Luminal-Epithelial-Z000000V2,VALID,AUC,0.9152656375073728
Melody-MT,GSM5652347_Breast-Luminal-Epithelial-Z000000V2,TEST,Spearman,0.6312797657900212
Melody-MT,GSM5652347_Breast-Luminal-Epithelial-Z000000V2,TEST,AUC,0.9143502932738734
Melody-MT,GSM5652350_Breast-Basal-Epithelial-Z000000V6,SAMPLE_VALID,Spearman,0.6776238513779023
Melody-MT,GSM5652350_Breast-Basal-Epithelial-Z000000V6,SAMPLE_VALID,AUC,0.9200522799075418
Melody-MT,GSM5652350_Breast-Basal-Epithelial-Z000000V6,SAMPLE_TEST,Spearman,0.7105540320933227
Melody-MT,GSM5652350_Breast-Basal-Epithelial-Z000000V6,SAMPLE_TEST,AUC,0.9265667752395029
Melody-MT,GSM5652350_Breast-Basal-Epithelial-Z000000V6,VALID,Spearman,0.5936574426670553
Melody-MT,GSM5652350_Breast-Basal-Epithelial-Z000000V6,VALID,AUC,0.9106557004212641
Melody-MT,GSM5652350_Breast-Basal-Epithelial-Z000000V6,TEST,Spearman,0.5766512911675801
Melody-MT,GSM5652350_Breast-Basal-Epithelial-Z000000V6,TEST,AUC,0.9105647327561587
Melody-MT,GSM5652354_Lung-Alveolar-Epithelial-Z000000T1,SAMPLE_VALID,Spearman,0.7694125978181882
Melody-MT,GSM5652354_Lung-Alveolar-Epithelial-Z000000T1,SAMPLE_VALID,AUC,0.9182954109064937
Melody-MT,GSM5652354_Lung-Alveolar-Epithelial-Z000000T1,SAMPLE_TEST,Spearman,0.7940209559297392
Melody-MT,GSM5652354_Lung-Alveolar-Epithelial-Z000000T1,SAMPLE_TEST,AUC,0.9260468229462473
Melody-MT,GSM5652354_Lung-Alveolar-Epithelial-Z000000T1,VALID,Spearman,0.6961623776039414
Melody-MT,GSM5652354_Lung-Alveolar-Epithelial-Z000000T1,VALID,AUC,0.9147888050293533
Melody-MT,GSM5652354_Lung-Alveolar-Epithelial-Z000000T1,TEST,Spearman,0.6742244660331971
Melody-MT,GSM5652354_Lung-Alveolar-Epithelial-Z000000T1,TEST,AUC,0.914612082788407
Melody-MT,GSM5652358_Gallbladder-Epithelial-Z00000432,SAMPLE_VALID,Spearman,0.7214395540467586
Melody-MT,GSM5652358_Gallbladder-Epithelial-Z00000432,SAMPLE_VALID,AUC,0.9192524902646818
Melody-MT,GSM5652358_Gallbladder-Epithelial-Z00000432,SAMPLE_TEST,Spearman,0.7494541561703589
Melody-MT,GSM5652358_Gallbladder-Epithelial-Z00000432,SAMPLE_TEST,AUC,0.9152821708616627
Melody-MT,GSM5652358_Gallbladder-Epithelial-Z00000432,VALID,Spearman,0.609120434450523
Melody-MT,GSM5652358_Gallbladder-Epithelial-Z00000432,VALID,AUC,0.9127817837736678
Melody-MT,GSM5652358_Gallbladder-Epithelial-Z00000432,TEST,Spearman,0.6198548925030676
Melody-MT,GSM5652358_Gallbladder-Epithelial-Z00000432,TEST,AUC,0.9103564324174543
Melody-MT,GSM5652359_Gastric-fundus-Epithelial-Z000000RX,SAMPLE_VALID,Spearman,0.737058153985059
Melody-MT,GSM5652359_Gastric-fundus-Epithelial-Z000000RX,SAMPLE_VALID,AUC,0.9196058284756335
Melody-MT,GSM5652359_Gastric-fundus-Epithelial-Z000000RX,SAMPLE_TEST,Spearman,0.7598008300643588
Melody-MT,GSM5652359_Gastric-fundus-Epithelial-Z000000RX,SAMPLE_TEST,AUC,0.9222705446965239
Melody-MT,GSM5652359_Gastric-fundus-Epithelial-Z000000RX,VALID,Spearman,0.6972154758328207
Melody-MT,GSM5652359_Gastric-fundus-Epithelial-Z000000RX,VALID,AUC,0.9072183189726226
Melody-MT,GSM5652359_Gastric-fundus-Epithelial-Z000000RX,TEST,Spearman,0.6847174961884107
Melody-MT,GSM5652359_Gastric-fundus-Epithelial-Z000000RX,TEST,AUC,0.9051984753651489
Melody-MT,GSM5652370_Colon-Right-Epithelial-Z000000V0,SAMPLE_VALID,Spearman,0.6917554888340881
Melody-MT,GSM5652370_Colon-Right-Epithelial-Z000000V0,SAMPLE_VALID,AUC,0.9079277386325283
Melody-MT,GSM5652370_Colon-Right-Epithelial-Z000000V0,SAMPLE_TEST,Spearman,0.725687843444818
Melody-MT,GSM5652370_Colon-Right-Epithelial-Z000000V0,SAMPLE_TEST,AUC,0.9157389666838822
Melody-MT,GSM5652370_Colon-Right-Epithelial-Z000000V0,VALID,Spearman,0.6436533966267403
Melody-MT,GSM5652370_Colon-Right-Epithelial-Z000000V0,VALID,AUC,0.9096872635749335
Melody-MT,GSM5652370_Colon-Right-Epithelial-Z000000V0,TEST,Spearman,0.6462741895463947
Melody-MT,GSM5652370_Colon-Right-Epithelial-Z000000V0,TEST,AUC,0.9069324287537253
Melody-MT,GSM5652378_Small-int-Epithelial-Z0000042V,SAMPLE_VALID,Spearman,0.6873663061658913
Melody-MT,GSM5652378_Small-int-Epithelial-Z0000042V,SAMPLE_VALID,AUC,0.9110336488978925
Melody-MT,GSM5652378_Small-int-Epithelial-Z0000042V,SAMPLE_TEST,Spearman,0.7368229532680661
Melody-MT,GSM5652378_Small-int-Epithelial-Z0000042V,SAMPLE_TEST,AUC,0.9203950770559534
Melody-MT,GSM5652378_Small-int-Epithelial-Z0000042V,VALID,Spearman,0.6372025682063024
Melody-MT,GSM5652378_Small-int-Epithelial-Z0000042V,VALID,AUC,0.9059702530482326
Melody-MT,GSM5652378_Small-int-Epithelial-Z0000042V,TEST,Spearman,0.6547858593581346
Melody-MT,GSM5652378_Small-int-Epithelial-Z0000042V,TEST,AUC,0.9047064961314916
Melody-MT,Adipocytes,cell type specific,Spearman,0.2812837100717007
Melody-MT,Adipocytes,cell type specific,AUC,0.799188790560472
Melody-MT,Bladder-Epithelial,cell type specific,Spearman,0.2763176208277642
Melody-MT,Bladder-Epithelial,cell type specific,AUC,0.6781067961165048
Melody-MT,Blood-B,cell type specific,Spearman,0.3301906525278818
Melody-MT,Blood-B,cell type specific,AUC,0.6146866391184573
Melody-MT,Blood-Granulocytes,cell type specific,Spearman,0.499977986158823
Melody-MT,Blood-Granulocytes,cell type specific,AUC,0.8387430939226519
Melody-MT,Blood-Monocytes,cell type specific,Spearman,0.2845887040830895
Melody-MT,Blood-Monocytes,cell type specific,AUC,0.6834523809523809
Melody-MT,Blood-NK,cell type specific,Spearman,0.5056654078215639
Melody-MT,Blood-NK,cell type specific,AUC,0.7453881552621049
Melody-MT,Blood-T-CD3,cell type specific,Spearman,0.1329565874432548
Melody-MT,Blood-T-CD3,cell type specific,AUC,0.6772402597402597
Melody-MT,Bone-Osteoblasts,cell type specific,Spearman,0.3908345843136322
Melody-MT,Bone-Osteoblasts,cell type specific,AUC,0.7518159806295399
Melody-MT,Breast-Basal-Epithelial,cell type specific,Spearman,0.361304394528465
Melody-MT,Breast-Basal-Epithelial,cell type specific,AUC,0.7847156068905294
Melody-MT,Breast-Luminal-Epithelial,cell type specific,Spearman,0.3985597174088445
Melody-MT,Breast-Luminal-Epithelial,cell type specific,AUC,0.77217629002263
Melody-MT,Colon-Right-Epithelial,cell type specific,Spearman,0.3400453667662872
Melody-MT,Colon-Right-Epithelial,cell type specific,AUC,0.8008913571028561
Melody-MT,Gastric-fundus-Epithelial,cell type specific,Spearman,0.3232563357445363
Melody-MT,Gastric-fundus-Epithelial,cell type specific,AUC,0.7475737215378873
Melody-MT,Small-int-Epithelial,cell type specific,Spearman,0.3282896656072549
Melody-MT,Small-int-Epithelial,cell type specific,AUC,0.6958582375478927
Melody-MT,Colon-Fibroblasts,cell type specific,Spearman,0.3305491690003206
Melody-MT,Colon-Fibroblasts,cell type specific,AUC,0.6594696969696969
Melody-MT,Heart-Fibroblasts,cell type specific,Spearman,0.2675396530694634
Melody-MT,Heart-Fibroblasts,cell type specific,AUC,0.7272529987373737
Melody-MT,Dermal-Fibroblasts,cell type specific,Spearman,0.4417626950561059
Melody-MT,Dermal-Fibroblasts,cell type specific,AUC,0.8571121307714368
Melody-MT,Aorta-Endothel,cell type specific,Spearman,0.4651654106224603
Melody-MT,Aorta-Endothel,cell type specific,AUC,0.7642097201523431
Melody-MT,Epidermal-Keratinocytes,cell type specific,Spearman,0.2144300417270174
Melody-MT,Epidermal-Keratinocytes,cell type specific,AUC,0.7199954710144928
Melody-MT,Bone_marrow-Erythrocyte_progenitors,cell type specific,Spearman,0.4455830463854323
Melody-MT,Bone_marrow-Erythrocyte_progenitors,cell type specific,AUC,0.7731864095500459
Melody-MT,Fallopian-Epithelial,cell type specific,Spearman,0.3335947039497278
Melody-MT,Fallopian-Epithelial,cell type specific,AUC,0.718456572769953
Melody-MT,Ovary-Epithelial,cell type specific,Spearman,0.4751280561161845
Melody-MT,Ovary-Epithelial,cell type specific,AUC,0.7678492299216748
Melody-MT,Gallbladder-Epithelial,cell type specific,Spearman,0.2337360778864462
Melody-MT,Gallbladder-Epithelial,cell type specific,AUC,0.8076305311736495
Melody-MT,Heart-Cardiomyocyte,cell type specific,Spearman,0.2014576630915732
Melody-MT,Heart-Cardiomyocyte,cell type specific,AUC,0.6704119466998428
Melody-MT,Skeletal-Muscle,cell type specific,Spearman,0.2453227811906618
Melody-MT,Skeletal-Muscle,cell type specific,AUC,0.6199883900928792
Melody-MT,Aorta-Smooth-Muscle,cell type specific,Spearman,0.4724949548091442
Melody-MT,Aorta-Smooth-Muscle,cell type specific,AUC,0.7821737487403426
Melody-MT,Kidney-Tubular-Endothel,cell type specific,Spearman,0.3869621548135885
Melody-MT,Kidney-Tubular-Endothel,cell type specific,AUC,0.969067405355494
Melody-MT,Liver-Hepatocytes,cell type specific,Spearman,0.3710203552171112
Melody-MT,Liver-Hepatocytes,cell type specific,AUC,0.6603381802159066
Melody-MT,Lung-Alveolar-Epithelial,cell type specific,Spearman,0.4847831596769666
Melody-MT,Lung-Alveolar-Epithelial,cell type specific,AUC,0.8251524003048006
Melody-MT,Lung-Bronchus-Epithelial,cell type specific,Spearman,0.2427322526331738
Melody-MT,Lung-Bronchus-Epithelial,cell type specific,AUC,0.6847830831005587
Melody-MT,Cortex-Neuron,cell type specific,Spearman,0.5047325126537365
Melody-MT,Cortex-Neuron,cell type specific,AUC,0.7699186466942148
Melody-MT,Oligodendrocytes,cell type specific,Spearman,0.2900482397337211
Melody-MT,Oligodendrocytes,cell type specific,AUC,0.7054553633501002
Melody-MT,Pancreas-Acinar,cell type specific,Spearman,0.4195293675917374
Melody-MT,Pancreas-Acinar,cell type specific,AUC,0.7860786682776212
Melody-MT,Pancreas-Alpha,cell type specific,Spearman,0.402146805271325
Melody-MT,Pancreas-Alpha,cell type specific,AUC,0.783113302521393
Melody-MT,Pancreas-Beta,cell type specific,Spearman,0.3168366881093868
Melody-MT,Pancreas-Beta,cell type specific,AUC,0.7959646497708781
Melody-MT,Pancreas-Delta,cell type specific,Spearman,0.4142620048542422
Melody-MT,Pancreas-Delta,cell type specific,AUC,0.8282752634651427
Melody-MT,Pancreas-Duct,cell type specific,Spearman,0.3796770097908713
Melody-MT,Pancreas-Duct,cell type specific,AUC,0.80901369168357
Melody-MT,Prostate-Epithelial,cell type specific,Spearman,0.4748531034013144
Melody-MT,Prostate-Epithelial,cell type specific,AUC,0.8042275343072156
Melody-MT,Thyroid-Epithelial,cell type specific,Spearman,0.2402760094367916
Melody-MT,Thyroid-Epithelial,cell type specific,AUC,0.7546402055968018
