model,track,split,metric,value
iDNA-ABT,Adipocytes,VALID,Pearson,0.4873094889344325
iDNA-ABT,Adipocytes,VALID,Spearman,0.3880451778002946
iDNA-ABT,Adipocytes,VALID,AUC,0.7454914127135536
iDNA-ABT,Adipocytes,VALID,Accuracy,0.8417698725217945
iDNA-ABT,Adipocytes,VALID,MAE,0.191884623651164
iDNA-ABT,Adipocytes,TEST,Pearson,0.4893482859777661
iDNA-ABT,Adipocytes,TEST,Spearman,0.3920112402713392
iDNA-ABT,Adipocytes,TEST,AUC,0.7514980727503662
iDNA-ABT,Adipocytes,TEST,Accuracy,0.8423553181902794
iDNA-ABT,Adipocytes,TEST,MAE,0.1905140293639482
iDNA-ABT,Adipocytes,cell type specific,Pearson,0.09964563440341945
iDNA-ABT,Adipocytes,cell type specific,Spearman,0.1088423891160539
iDNA-ABT,Adipocytes,cell type specific,AUC,0.5203539823008849
iDNA-ABT,Adipocytes,cell type specific,Accuracy,0.125
iDNA-ABT,Adipocytes,cell type specific,MAE,0.4370918273925781
iDNA-ABT,Aorta-Endothel,VALID,Pearson,0.4694223333338949
iDNA-ABT,Aorta-Endothel,VALID,Spearman,0.3818527130174718
iDNA-ABT,Aorta-Endothel,VALID,AUC,0.7412935243784368
iDNA-ABT,Aorta-Endothel,VALID,Accuracy,0.821668655499445
iDNA-ABT,Aorta-Endothel,VALID,MAE,0.1934741011848063
iDNA-ABT,Aorta-Endothel,TEST,Pearson,0.4677905666234511
iDNA-ABT,Aorta-Endothel,TEST,Spearman,0.3744817363661716
iDNA-ABT,Aorta-Endothel,TEST,AUC,0.7427277809940388
iDNA-ABT,Aorta-Endothel,TEST,Accuracy,0.8182333977033481
iDNA-ABT,Aorta-Endothel,TEST,MAE,0.1947451540866299
iDNA-ABT,Aorta-Endothel,cell type specific,Pearson,-0.0941793763920828
iDNA-ABT,Aorta-Endothel,cell type specific,Spearman,0.00801151904242096
iDNA-ABT,Aorta-Endothel,cell type specific,AUC,0.5155339897013576
iDNA-ABT,Aorta-Endothel,cell type specific,Accuracy,0.2664302981466559
iDNA-ABT,Aorta-Endothel,cell type specific,MAE,0.4452982842922211
iDNA-ABT,Aorta-Smooth-Muscle,VALID,Pearson,0.3058698336705832
iDNA-ABT,Aorta-Smooth-Muscle,VALID,Spearman,0.2231215926287423
iDNA-ABT,Aorta-Smooth-Muscle,VALID,AUC,0.6205834828513506
iDNA-ABT,Aorta-Smooth-Muscle,VALID,Accuracy,0.711038777705791
iDNA-ABT,Aorta-Smooth-Muscle,VALID,MAE,0.233036386546775
iDNA-ABT,Aorta-Smooth-Muscle,TEST,Pearson,0.2954101237824112
iDNA-ABT,Aorta-Smooth-Muscle,TEST,Spearman,0.2242804657876085
iDNA-ABT,Aorta-Smooth-Muscle,TEST,AUC,0.6209614459770412
iDNA-ABT,Aorta-Smooth-Muscle,TEST,Accuracy,0.7029907979497364
iDNA-ABT,Aorta-Smooth-Muscle,TEST,MAE,0.2329114572881507
iDNA-ABT,Aorta-Smooth-Muscle,cell type specific,Pearson,0.03477171799950331
iDNA-ABT,Aorta-Smooth-Muscle,cell type specific,Spearman,0.1141402957282843
iDNA-ABT,Aorta-Smooth-Muscle,cell type specific,AUC,0.5343088767297302
iDNA-ABT,Aorta-Smooth-Muscle,cell type specific,Accuracy,0.1719991476148437
iDNA-ABT,Aorta-Smooth-Muscle,cell type specific,MAE,0.329637885093689
iDNA-ABT,Bladder-Epithelial,VALID,Pearson,0.4693420333102279
iDNA-ABT,Bladder-Epithelial,VALID,Spearman,0.4004332462368538
iDNA-ABT,Bladder-Epithelial,VALID,AUC,0.7447201519161953
iDNA-ABT,Bladder-Epithelial,VALID,Accuracy,0.821323363296949
iDNA-ABT,Bladder-Epithelial,VALID,MAE,0.2024754863180445
iDNA-ABT,Bladder-Epithelial,TEST,Pearson,0.4750515329138886
iDNA-ABT,Bladder-Epithelial,TEST,Spearman,0.398649538479575
iDNA-ABT,Bladder-Epithelial,TEST,AUC,0.7463066712384744
iDNA-ABT,Bladder-Epithelial,TEST,Accuracy,0.8201800791674295
iDNA-ABT,Bladder-Epithelial,TEST,MAE,0.2026500130186877
iDNA-ABT,Bladder-Epithelial,cell type specific,Pearson,0.2202738478608939
iDNA-ABT,Bladder-Epithelial,cell type specific,Spearman,0.1592791684586637
iDNA-ABT,Bladder-Epithelial,cell type specific,AUC,0.7853938687393278
iDNA-ABT,Bladder-Epithelial,cell type specific,Accuracy,0.1054304493050318
iDNA-ABT,Bladder-Epithelial,cell type specific,MAE,0.5826226472854614
iDNA-ABT,Blood-B,VALID,Pearson,0.4456853202819308
iDNA-ABT,Blood-B,VALID,Spearman,0.262053381125598
iDNA-ABT,Blood-B,VALID,AUC,0.7294128793404583
iDNA-ABT,Blood-B,VALID,Accuracy,0.8676788736067522
iDNA-ABT,Blood-B,VALID,MAE,0.1743198462432474
iDNA-ABT,Blood-B,TEST,Pearson,0.4427174705753396
iDNA-ABT,Blood-B,TEST,Spearman,0.2584941545252553
iDNA-ABT,Blood-B,TEST,AUC,0.7331577561913086
iDNA-ABT,Blood-B,TEST,Accuracy,0.8676907634078136
iDNA-ABT,Blood-B,TEST,MAE,0.1751230122613563
iDNA-ABT,Blood-B,cell type specific,Pearson,0.1073068747480309
iDNA-ABT,Blood-B,cell type specific,Spearman,0.07147718427189499
iDNA-ABT,Blood-B,cell type specific,AUC,0.7556068889544478
iDNA-ABT,Blood-B,cell type specific,Accuracy,0.0574677383070536
iDNA-ABT,Blood-B,cell type specific,MAE,0.6846259236335754
iDNA-ABT,Blood-Granulocytes,VALID,Pearson,0.5022847170996807
iDNA-ABT,Blood-Granulocytes,VALID,Spearman,0.3227803419310377
iDNA-ABT,Blood-Granulocytes,VALID,AUC,0.7677150670085982
iDNA-ABT,Blood-Granulocytes,VALID,Accuracy,0.8811294907207018
iDNA-ABT,Blood-Granulocytes,VALID,MAE,0.1680857854978961
iDNA-ABT,Blood-Granulocytes,TEST,Pearson,0.504418396189202
iDNA-ABT,Blood-Granulocytes,TEST,Spearman,0.3219939682061906
iDNA-ABT,Blood-Granulocytes,TEST,AUC,0.7715737066740938
iDNA-ABT,Blood-Granulocytes,TEST,Accuracy,0.8820225471484094
iDNA-ABT,Blood-Granulocytes,TEST,MAE,0.1668636319260942
iDNA-ABT,Blood-Granulocytes,cell type specific,Pearson,0.1783030344381136
iDNA-ABT,Blood-Granulocytes,cell type specific,Spearman,0.225392014501791
iDNA-ABT,Blood-Granulocytes,cell type specific,AUC,0.6317641809455922
iDNA-ABT,Blood-Granulocytes,cell type specific,Accuracy,0.1662081114783951
iDNA-ABT,Blood-Granulocytes,cell type specific,MAE,0.6301807165145874
iDNA-ABT,Blood-Monocytes,VALID,Pearson,0.4220332469518991
iDNA-ABT,Blood-Monocytes,VALID,Spearman,0.0792514682462155
iDNA-ABT,Blood-Monocytes,VALID,AUC,0.6975137806335798
iDNA-ABT,Blood-Monocytes,VALID,Accuracy,0.8722287199867182
iDNA-ABT,Blood-Monocytes,VALID,MAE,0.1849523604560076
iDNA-ABT,Blood-Monocytes,TEST,Pearson,0.4215449458180243
iDNA-ABT,Blood-Monocytes,TEST,Spearman,0.0748964336241533
iDNA-ABT,Blood-Monocytes,TEST,AUC,0.707292062551657
iDNA-ABT,Blood-Monocytes,TEST,Accuracy,0.8732041892262528
iDNA-ABT,Blood-Monocytes,TEST,MAE,0.1840201777121023
iDNA-ABT,Blood-Monocytes,cell type specific,Pearson,0.01177610278892434
iDNA-ABT,Blood-Monocytes,cell type specific,Spearman,-0.05237657036871057
iDNA-ABT,Blood-Monocytes,cell type specific,AUC,0.4389206116133256
iDNA-ABT,Blood-Monocytes,cell type specific,Accuracy,0.0931374025113674
iDNA-ABT,Blood-Monocytes,cell type specific,MAE,0.6463399529457092
iDNA-ABT,Blood-NK,VALID,Pearson,0.4599280700615706
iDNA-ABT,Blood-NK,VALID,Spearman,0.2511290816405551
iDNA-ABT,Blood-NK,VALID,AUC,0.7330333298486885
iDNA-ABT,Blood-NK,VALID,Accuracy,0.8829629012993055
iDNA-ABT,Blood-NK,VALID,MAE,0.1634801717872926
iDNA-ABT,Blood-NK,TEST,Pearson,0.4561649093572647
iDNA-ABT,Blood-NK,TEST,Spearman,0.2438520214632575
iDNA-ABT,Blood-NK,TEST,AUC,0.7378551299396046
iDNA-ABT,Blood-NK,TEST,Accuracy,0.8837526107308588
iDNA-ABT,Blood-NK,TEST,MAE,0.1630560590985263
iDNA-ABT,Blood-NK,cell type specific,Pearson,0.2090629938504644
iDNA-ABT,Blood-NK,cell type specific,Spearman,0.2812976776787484
iDNA-ABT,Blood-NK,cell type specific,AUC,0.5078844799406685
iDNA-ABT,Blood-NK,cell type specific,Accuracy,0.0990078881027893
iDNA-ABT,Blood-NK,cell type specific,MAE,0.6475324630737305
iDNA-ABT,Blood-T-CD3,VALID,Pearson,0.4161719837890391
iDNA-ABT,Blood-T-CD3,VALID,Spearman,0.1725998591032106
iDNA-ABT,Blood-T-CD3,VALID,AUC,0.6867474499144085
iDNA-ABT,Blood-T-CD3,VALID,Accuracy,0.862193370773489
iDNA-ABT,Blood-T-CD3,VALID,MAE,0.1895058687287626
iDNA-ABT,Blood-T-CD3,TEST,Pearson,0.4034380378034422
iDNA-ABT,Blood-T-CD3,TEST,Spearman,0.1605187484561445
iDNA-ABT,Blood-T-CD3,TEST,AUC,0.6843628683211745
iDNA-ABT,Blood-T-CD3,TEST,Accuracy,0.8599211316569486
iDNA-ABT,Blood-T-CD3,TEST,MAE,0.190578461524362
iDNA-ABT,Blood-T-CD3,cell type specific,Pearson,-0.05673450286319626
iDNA-ABT,Blood-T-CD3,cell type specific,Spearman,-0.09656045767127988
iDNA-ABT,Blood-T-CD3,cell type specific,AUC,0.35502469788774
iDNA-ABT,Blood-T-CD3,cell type specific,Accuracy,0.0248288263365378
iDNA-ABT,Blood-T-CD3,cell type specific,MAE,0.682482123374939
iDNA-ABT,Bone-Osteoblasts,VALID,Pearson,0.4912874341580746
iDNA-ABT,Bone-Osteoblasts,VALID,Spearman,0.4572042109233949
iDNA-ABT,Bone-Osteoblasts,VALID,AUC,0.7474759607180981
iDNA-ABT,Bone-Osteoblasts,VALID,Accuracy,0.7486622543747294
iDNA-ABT,Bone-Osteoblasts,VALID,MAE,0.2155678327211909
iDNA-ABT,Bone-Osteoblasts,TEST,Pearson,0.4861393212567349
iDNA-ABT,Bone-Osteoblasts,TEST,Spearman,0.4503978351736236
iDNA-ABT,Bone-Osteoblasts,TEST,AUC,0.7461713933050561
iDNA-ABT,Bone-Osteoblasts,TEST,Accuracy,0.7457631854867613
iDNA-ABT,Bone-Osteoblasts,TEST,MAE,0.2156951951746616
iDNA-ABT,Bone-Osteoblasts,cell type specific,Pearson,0.03319900291463287
iDNA-ABT,Bone-Osteoblasts,cell type specific,Spearman,0.03936548154159802
iDNA-ABT,Bone-Osteoblasts,cell type specific,AUC,0.6062466320766896
iDNA-ABT,Bone-Osteoblasts,cell type specific,Accuracy,0.1235909565513861
iDNA-ABT,Bone-Osteoblasts,cell type specific,MAE,0.5125765800476074
iDNA-ABT,Bone_marrow-Erythrocyte_progenitors,VALID,Pearson,0.4967774413582503
iDNA-ABT,Bone_marrow-Erythrocyte_progenitors,VALID,Spearman,0.4762649104895566
iDNA-ABT,Bone_marrow-Erythrocyte_progenitors,VALID,AUC,0.7572462682360013
iDNA-ABT,Bone_marrow-Erythrocyte_progenitors,VALID,Accuracy,0.7251580803861506
iDNA-ABT,Bone_marrow-Erythrocyte_progenitors,VALID,MAE,0.1618863812698388
iDNA-ABT,Bone_marrow-Erythrocyte_progenitors,TEST,Pearson,0.4914716148160754
iDNA-ABT,Bone_marrow-Erythrocyte_progenitors,TEST,Spearman,0.4655611935900755
iDNA-ABT,Bone_marrow-Erythrocyte_progenitors,TEST,AUC,0.7551351839396679
iDNA-ABT,Bone_marrow-Erythrocyte_progenitors,TEST,Accuracy,0.7158418184208132
iDNA-ABT,Bone_marrow-Erythrocyte_progenitors,TEST,MAE,0.1643618078608522
iDNA-ABT,Bone_marrow-Erythrocyte_progenitors,cell type specific,Pearson,0.03134074751414884
iDNA-ABT,Bone_marrow-Erythrocyte_progenitors,cell type specific,Spearman,0.04380010029537008
iDNA-ABT,Bone_marrow-Erythrocyte_progenitors,cell type specific,AUC,0.5480383367916212
iDNA-ABT,Bone_marrow-Erythrocyte_progenitors,cell type specific,Accuracy,0.1062045046679975
iDNA-ABT,Bone_marrow-Erythrocyte_progenitors,cell type specific,MAE,0.4984976053237915
iDNA-ABT,Breast-Basal-Epithelial,VALID,Pearson,0.4431641855468701
iDNA-ABT,Breast-Basal-Epithelial,VALID,Spearman,0.2291201918768019
iDNA-ABT,Breast-Basal-Epithelial,VALID,AUC,0.7168336539156617
iDNA-ABT,Breast-Basal-Epithelial,VALID,Accuracy,0.8642954463858973
iDNA-ABT,Breast-Basal-Epithelial,VALID,MAE,0.193851467267536
iDNA-ABT,Breast-Basal-Epithelial,TEST,Pearson,0.4391442911949235
iDNA-ABT,Breast-Basal-Epithelial,TEST,Spearman,0.2341430933811224
iDNA-ABT,Breast-Basal-Epithelial,TEST,AUC,0.7192671232221652
iDNA-ABT,Breast-Basal-Epithelial,TEST,Accuracy,0.860903047111639
iDNA-ABT,Breast-Basal-Epithelial,TEST,MAE,0.194686489988085
iDNA-ABT,Breast-Basal-Epithelial,cell type specific,Pearson,-0.05042325544815537
iDNA-ABT,Breast-Basal-Epithelial,cell type specific,Spearman,-0.06374739373908234
iDNA-ABT,Breast-Basal-Epithelial,cell type specific,AUC,0.4989299248728489
iDNA-ABT,Breast-Basal-Epithelial,cell type specific,Accuracy,0.1564336251349083
iDNA-ABT,Breast-Basal-Epithelial,cell type specific,MAE,0.5561673641204834
iDNA-ABT,Breast-Luminal-Epithelial,VALID,Pearson,0.4908191732181638
iDNA-ABT,Breast-Luminal-Epithelial,VALID,Spearman,0.3502661999530126
iDNA-ABT,Breast-Luminal-Epithelial,VALID,AUC,0.7548875716867485
iDNA-ABT,Breast-Luminal-Epithelial,VALID,Accuracy,0.8614525853487495
iDNA-ABT,Breast-Luminal-Epithelial,VALID,MAE,0.1910979462783527
iDNA-ABT,Breast-Luminal-Epithelial,TEST,Pearson,0.4889511259658912
iDNA-ABT,Breast-Luminal-Epithelial,TEST,Spearman,0.3498838087781004
iDNA-ABT,Breast-Luminal-Epithelial,TEST,AUC,0.7561415709736609
iDNA-ABT,Breast-Luminal-Epithelial,TEST,Accuracy,0.8589388019515355
iDNA-ABT,Breast-Luminal-Epithelial,TEST,MAE,0.1909481634816907
iDNA-ABT,Breast-Luminal-Epithelial,cell type specific,Pearson,0.1333534040927413
iDNA-ABT,Breast-Luminal-Epithelial,cell type specific,Spearman,0.1131147293534499
iDNA-ABT,Breast-Luminal-Epithelial,cell type specific,AUC,0.5851787792930546
iDNA-ABT,Breast-Luminal-Epithelial,cell type specific,Accuracy,0.1640517513411171
iDNA-ABT,Breast-Luminal-Epithelial,cell type specific,MAE,0.5217539668083191
iDNA-ABT,Colon-Fibroblasts,VALID,Pearson,0.4085442071043187
iDNA-ABT,Colon-Fibroblasts,VALID,Spearman,0.2063414656398585
iDNA-ABT,Colon-Fibroblasts,VALID,AUC,0.6516855082087838
iDNA-ABT,Colon-Fibroblasts,VALID,Accuracy,0.8451504574226752
iDNA-ABT,Colon-Fibroblasts,VALID,MAE,0.1811117281055481
iDNA-ABT,Colon-Fibroblasts,TEST,Pearson,0.4035833853146389
iDNA-ABT,Colon-Fibroblasts,TEST,Spearman,0.2051101008922738
iDNA-ABT,Colon-Fibroblasts,TEST,AUC,0.6503521270850587
iDNA-ABT,Colon-Fibroblasts,TEST,Accuracy,0.8420402107425607
iDNA-ABT,Colon-Fibroblasts,TEST,MAE,0.1822510087866954
iDNA-ABT,Colon-Fibroblasts,cell type specific,Pearson,0.07830926183543771
iDNA-ABT,Colon-Fibroblasts,cell type specific,Spearman,0.1865745621640336
iDNA-ABT,Colon-Fibroblasts,cell type specific,AUC,0.583127309959045
iDNA-ABT,Colon-Fibroblasts,cell type specific,Accuracy,0.187088915956151
iDNA-ABT,Colon-Fibroblasts,cell type specific,MAE,0.3927380442619324
iDNA-ABT,Colon-Right-Epithelial,VALID,Pearson,0.4683199997148972
iDNA-ABT,Colon-Right-Epithelial,VALID,Spearman,0.364271587565577
iDNA-ABT,Colon-Right-Epithelial,VALID,AUC,0.7367852461846858
iDNA-ABT,Colon-Right-Epithelial,VALID,Accuracy,0.849227024479169
iDNA-ABT,Colon-Right-Epithelial,VALID,MAE,0.1979177196883468
iDNA-ABT,Colon-Right-Epithelial,TEST,Pearson,0.4655715116529919
iDNA-ABT,Colon-Right-Epithelial,TEST,Spearman,0.3663982619415182
iDNA-ABT,Colon-Right-Epithelial,TEST,AUC,0.7387451619461306
iDNA-ABT,Colon-Right-Epithelial,TEST,Accuracy,0.8428014603003618
iDNA-ABT,Colon-Right-Epithelial,TEST,MAE,0.1999945342310991
iDNA-ABT,Colon-Right-Epithelial,cell type specific,Pearson,0.06221305558898137
iDNA-ABT,Colon-Right-Epithelial,cell type specific,Spearman,0.08712340871355574
iDNA-ABT,Colon-Right-Epithelial,cell type specific,AUC,0.5451790593624933
iDNA-ABT,Colon-Right-Epithelial,cell type specific,Accuracy,0.05546492659053834
iDNA-ABT,Colon-Right-Epithelial,cell type specific,MAE,0.7100257873535156
iDNA-ABT,Cortex-Neuron,VALID,Pearson,0.5223348692002251
iDNA-ABT,Cortex-Neuron,VALID,Spearman,0.3495797760029153
iDNA-ABT,Cortex-Neuron,VALID,AUC,0.7890077656419817
iDNA-ABT,Cortex-Neuron,VALID,Accuracy,0.8914948537626952
iDNA-ABT,Cortex-Neuron,VALID,MAE,0.1682280955013422
iDNA-ABT,Cortex-Neuron,TEST,Pearson,0.4767555676953832
iDNA-ABT,Cortex-Neuron,TEST,Spearman,0.3491307688960885
iDNA-ABT,Cortex-Neuron,TEST,AUC,0.7833874045881271
iDNA-ABT,Cortex-Neuron,TEST,Accuracy,0.8878743264498534
iDNA-ABT,Cortex-Neuron,TEST,MAE,0.1751399318715674
iDNA-ABT,Cortex-Neuron,cell type specific,Pearson,0.003596732679881413
iDNA-ABT,Cortex-Neuron,cell type specific,Spearman,0.0175200205886578
iDNA-ABT,Cortex-Neuron,cell type specific,AUC,0.510459570760273
iDNA-ABT,Cortex-Neuron,cell type specific,Accuracy,0.4530074233546251
iDNA-ABT,Cortex-Neuron,cell type specific,MAE,0.3109018802642822
iDNA-ABT,Dermal-Fibroblasts,VALID,Pearson,0.4956836445820679
iDNA-ABT,Dermal-Fibroblasts,VALID,Spearman,0.404786289144678
iDNA-ABT,Dermal-Fibroblasts,VALID,AUC,0.7529339659765126
iDNA-ABT,Dermal-Fibroblasts,VALID,Accuracy,0.8280349539135045
iDNA-ABT,Dermal-Fibroblasts,VALID,MAE,0.1893877073260363
iDNA-ABT,Dermal-Fibroblasts,TEST,Pearson,0.4897307032898769
iDNA-ABT,Dermal-Fibroblasts,TEST,Spearman,0.3999220066916728
iDNA-ABT,Dermal-Fibroblasts,TEST,AUC,0.7528307320539231
iDNA-ABT,Dermal-Fibroblasts,TEST,Accuracy,0.823121108444675
iDNA-ABT,Dermal-Fibroblasts,TEST,MAE,0.190633287127076
iDNA-ABT,Dermal-Fibroblasts,cell type specific,Pearson,0.1940688805907901
iDNA-ABT,Dermal-Fibroblasts,cell type specific,Spearman,0.2327813101977181
iDNA-ABT,Dermal-Fibroblasts,cell type specific,AUC,0.7649338815326101
iDNA-ABT,Dermal-Fibroblasts,cell type specific,Accuracy,0.1398452611218569
iDNA-ABT,Dermal-Fibroblasts,cell type specific,MAE,0.4897443950176239
iDNA-ABT,Epidermal-Keratinocytes,VALID,Pearson,0.4206075813211971
iDNA-ABT,Epidermal-Keratinocytes,VALID,Spearman,0.2772443962977324
iDNA-ABT,Epidermal-Keratinocytes,VALID,AUC,0.7009334129518847
iDNA-ABT,Epidermal-Keratinocytes,VALID,Accuracy,0.8383888001964878
iDNA-ABT,Epidermal-Keratinocytes,VALID,MAE,0.2023408706696332
iDNA-ABT,Epidermal-Keratinocytes,TEST,Pearson,0.4187774159260524
iDNA-ABT,Epidermal-Keratinocytes,TEST,Spearman,0.2772844296760144
iDNA-ABT,Epidermal-Keratinocytes,TEST,AUC,0.7048746325734554
iDNA-ABT,Epidermal-Keratinocytes,TEST,Accuracy,0.8368197582082779
iDNA-ABT,Epidermal-Keratinocytes,TEST,MAE,0.2026178466596815
iDNA-ABT,Epidermal-Keratinocytes,cell type specific,Pearson,-0.0507952037310086
iDNA-ABT,Epidermal-Keratinocytes,cell type specific,Spearman,-0.06132199875216677
iDNA-ABT,Epidermal-Keratinocytes,cell type specific,AUC,0.5294750948459984
iDNA-ABT,Epidermal-Keratinocytes,cell type specific,Accuracy,0.1369168588587217
iDNA-ABT,Epidermal-Keratinocytes,cell type specific,MAE,0.5303517580032349
iDNA-ABT,Fallopian-Epithelial,VALID,Pearson,0.4852331490076804
iDNA-ABT,Fallopian-Epithelial,VALID,Spearman,0.3602825239526593
iDNA-ABT,Fallopian-Epithelial,VALID,AUC,0.7540456748574177
iDNA-ABT,Fallopian-Epithelial,VALID,Accuracy,0.8513447240183745
iDNA-ABT,Fallopian-Epithelial,VALID,MAE,0.1990008555498514
iDNA-ABT,Fallopian-Epithelial,TEST,Pearson,0.4915774010420649
iDNA-ABT,Fallopian-Epithelial,TEST,Spearman,0.3642110185986724
iDNA-ABT,Fallopian-Epithelial,TEST,AUC,0.756808684140648
iDNA-ABT,Fallopian-Epithelial,TEST,Accuracy,0.8497218773491456
iDNA-ABT,Fallopian-Epithelial,TEST,MAE,0.1988324318412787
iDNA-ABT,Fallopian-Epithelial,cell type specific,Pearson,0.1420430449151139
iDNA-ABT,Fallopian-Epithelial,cell type specific,Spearman,0.1010808171760853
iDNA-ABT,Fallopian-Epithelial,cell type specific,AUC,0.6098911110823972
iDNA-ABT,Fallopian-Epithelial,cell type specific,Accuracy,0.09541180183023036
iDNA-ABT,Fallopian-Epithelial,cell type specific,MAE,0.631829023361206
iDNA-ABT,Gallbladder-Epithelial,VALID,Pearson,0.4886791074784943
iDNA-ABT,Gallbladder-Epithelial,VALID,Spearman,0.3602366425769941
iDNA-ABT,Gallbladder-Epithelial,VALID,AUC,0.7512412669274781
iDNA-ABT,Gallbladder-Epithelial,VALID,Accuracy,0.8526161262278953
iDNA-ABT,Gallbladder-Epithelial,VALID,MAE,0.2006943461328969
iDNA-ABT,Gallbladder-Epithelial,TEST,Pearson,0.4920575561844533
iDNA-ABT,Gallbladder-Epithelial,TEST,Spearman,0.3644491377346813
iDNA-ABT,Gallbladder-Epithelial,TEST,AUC,0.755698642303296
iDNA-ABT,Gallbladder-Epithelial,TEST,Accuracy,0.8494813513218615
iDNA-ABT,Gallbladder-Epithelial,TEST,MAE,0.2002134413192501
iDNA-ABT,Gallbladder-Epithelial,cell type specific,Pearson,0.03060414336783879
iDNA-ABT,Gallbladder-Epithelial,cell type specific,Spearman,0.1157841183352773
iDNA-ABT,Gallbladder-Epithelial,cell type specific,AUC,0.5844315016160674
iDNA-ABT,Gallbladder-Epithelial,cell type specific,Accuracy,0.1707197939639733
iDNA-ABT,Gallbladder-Epithelial,cell type specific,MAE,0.6249582767486572
iDNA-ABT,Gastric-fundus-Epithelial,VALID,Pearson,0.4286973706202267
iDNA-ABT,Gastric-fundus-Epithelial,VALID,Spearman,0.3648551655700401
iDNA-ABT,Gastric-fundus-Epithelial,VALID,AUC,0.724231670104278
iDNA-ABT,Gastric-fundus-Epithelial,VALID,Accuracy,0.8163831143835097
iDNA-ABT,Gastric-fundus-Epithelial,VALID,MAE,0.2072256446173454
iDNA-ABT,Gastric-fundus-Epithelial,TEST,Pearson,0.4251609775566438
iDNA-ABT,Gastric-fundus-Epithelial,TEST,Spearman,0.3586524353363015
iDNA-ABT,Gastric-fundus-Epithelial,TEST,AUC,0.725811523957475
iDNA-ABT,Gastric-fundus-Epithelial,TEST,Accuracy,0.8132160701700697
iDNA-ABT,Gastric-fundus-Epithelial,TEST,MAE,0.2085072162965009
iDNA-ABT,Gastric-fundus-Epithelial,cell type specific,Pearson,0.1190962320635109
iDNA-ABT,Gastric-fundus-Epithelial,cell type specific,Spearman,0.1358988170412609
iDNA-ABT,Gastric-fundus-Epithelial,cell type specific,AUC,0.5656810145260974
iDNA-ABT,Gastric-fundus-Epithelial,cell type specific,Accuracy,0.05471474403682522
iDNA-ABT,Gastric-fundus-Epithelial,cell type specific,MAE,0.6188573837280273
iDNA-ABT,Heart-Cardiomyocyte,VALID,Pearson,0.3696800499088418
iDNA-ABT,Heart-Cardiomyocyte,VALID,Spearman,0.1807810660590428
iDNA-ABT,Heart-Cardiomyocyte,VALID,AUC,0.6637733715357679
iDNA-ABT,Heart-Cardiomyocyte,VALID,Accuracy,0.8199691196126023
iDNA-ABT,Heart-Cardiomyocyte,VALID,MAE,0.2633233663937736
iDNA-ABT,Heart-Cardiomyocyte,TEST,Pearson,0.3495172343206135
iDNA-ABT,Heart-Cardiomyocyte,TEST,Spearman,0.1795290859813943
iDNA-ABT,Heart-Cardiomyocyte,TEST,AUC,0.6636980270066395
iDNA-ABT,Heart-Cardiomyocyte,TEST,Accuracy,0.8157523396157765
iDNA-ABT,Heart-Cardiomyocyte,TEST,MAE,0.2725322418820047
iDNA-ABT,Heart-Cardiomyocyte,cell type specific,Pearson,0.02500427730076621
iDNA-ABT,Heart-Cardiomyocyte,cell type specific,Spearman,0.04021169028764696
iDNA-ABT,Heart-Cardiomyocyte,cell type specific,AUC,0.5186519166452277
iDNA-ABT,Heart-Cardiomyocyte,cell type specific,Accuracy,0.15625
iDNA-ABT,Heart-Cardiomyocyte,cell type specific,MAE,0.5583750605583191
iDNA-ABT,Heart-Fibroblasts,VALID,Pearson,0.3793632365170369
iDNA-ABT,Heart-Fibroblasts,VALID,Spearman,0.3513945205199908
iDNA-ABT,Heart-Fibroblasts,VALID,AUC,0.6813394610637684
iDNA-ABT,Heart-Fibroblasts,VALID,Accuracy,0.6524735240813669
iDNA-ABT,Heart-Fibroblasts,VALID,MAE,0.2555159829920255
iDNA-ABT,Heart-Fibroblasts,TEST,Pearson,0.3671481272194984
iDNA-ABT,Heart-Fibroblasts,TEST,Spearman,0.3456148934106318
iDNA-ABT,Heart-Fibroblasts,TEST,AUC,0.6779597286923436
iDNA-ABT,Heart-Fibroblasts,TEST,Accuracy,0.6351974849631256
iDNA-ABT,Heart-Fibroblasts,TEST,MAE,0.2579456138340463
iDNA-ABT,Heart-Fibroblasts,cell type specific,Pearson,0.0630221030545908
iDNA-ABT,Heart-Fibroblasts,cell type specific,Spearman,0.07410734756025607
iDNA-ABT,Heart-Fibroblasts,cell type specific,AUC,0.52731464736045
iDNA-ABT,Heart-Fibroblasts,cell type specific,Accuracy,0.1097482789426664
iDNA-ABT,Heart-Fibroblasts,cell type specific,MAE,0.4066391587257385
iDNA-ABT,Kidney-Tubular-Endothel,VALID,Pearson,0.5099345373843941
iDNA-ABT,Kidney-Tubular-Endothel,VALID,Spearman,0.3674340001555555
iDNA-ABT,Kidney-Tubular-Endothel,VALID,AUC,0.7704500889872286
iDNA-ABT,Kidney-Tubular-Endothel,VALID,Accuracy,0.8668529009601263
iDNA-ABT,Kidney-Tubular-Endothel,VALID,MAE,0.1762661288199015
iDNA-ABT,Kidney-Tubular-Endothel,TEST,Pearson,0.5070084658623375
iDNA-ABT,Kidney-Tubular-Endothel,TEST,Spearman,0.364713064761435
iDNA-ABT,Kidney-Tubular-Endothel,TEST,AUC,0.7709666391586519
iDNA-ABT,Kidney-Tubular-Endothel,TEST,Accuracy,0.8641763245033113
iDNA-ABT,Kidney-Tubular-Endothel,TEST,MAE,0.1765770292748046
iDNA-ABT,Kidney-Tubular-Endothel,cell type specific,Pearson,0.0862437505605585
iDNA-ABT,Kidney-Tubular-Endothel,cell type specific,Spearman,0.2060771968939755
iDNA-ABT,Kidney-Tubular-Endothel,cell type specific,AUC,0.4073674351426916
iDNA-ABT,Kidney-Tubular-Endothel,cell type specific,Accuracy,0.9638998919697516
iDNA-ABT,Kidney-Tubular-Endothel,cell type specific,MAE,0.1272600442171097
iDNA-ABT,Liver-Hepatocytes,VALID,Pearson,0.4370042467649208
iDNA-ABT,Liver-Hepatocytes,VALID,Spearman,0.3009600792275625
iDNA-ABT,Liver-Hepatocytes,VALID,AUC,0.7104763314858678
iDNA-ABT,Liver-Hepatocytes,VALID,Accuracy,0.8517377610065889
iDNA-ABT,Liver-Hepatocytes,VALID,MAE,0.2016770713035042
iDNA-ABT,Liver-Hepatocytes,TEST,Pearson,0.4232010494292988
iDNA-ABT,Liver-Hepatocytes,TEST,Spearman,0.2961906167314072
iDNA-ABT,Liver-Hepatocytes,TEST,AUC,0.7069911788116912
iDNA-ABT,Liver-Hepatocytes,TEST,Accuracy,0.8420690069016633
iDNA-ABT,Liver-Hepatocytes,TEST,MAE,0.2030033610928819
iDNA-ABT,Liver-Hepatocytes,cell type specific,Pearson,-0.007445806974619741
iDNA-ABT,Liver-Hepatocytes,cell type specific,Spearman,0.1215712866178672
iDNA-ABT,Liver-Hepatocytes,cell type specific,AUC,0.5805065548071782
iDNA-ABT,Liver-Hepatocytes,cell type specific,Accuracy,0.1174530576686735
iDNA-ABT,Liver-Hepatocytes,cell type specific,MAE,0.6151778101921082
iDNA-ABT,Lung-Alveolar-Epithelial,VALID,Pearson,0.5034453446615584
iDNA-ABT,Lung-Alveolar-Epithelial,VALID,Spearman,0.4240039649857663
iDNA-ABT,Lung-Alveolar-Epithelial,VALID,AUC,0.7594538183659505
iDNA-ABT,Lung-Alveolar-Epithelial,VALID,Accuracy,0.848866138558698
iDNA-ABT,Lung-Alveolar-Epithelial,VALID,MAE,0.1947354013871366
iDNA-ABT,Lung-Alveolar-Epithelial,TEST,Pearson,0.488549761244065
iDNA-ABT,Lung-Alveolar-Epithelial,TEST,Spearman,0.4209494406221671
iDNA-ABT,Lung-Alveolar-Epithelial,TEST,AUC,0.7604517600641749
iDNA-ABT,Lung-Alveolar-Epithelial,TEST,Accuracy,0.84713812627888
iDNA-ABT,Lung-Alveolar-Epithelial,TEST,MAE,0.1983428343792369
iDNA-ABT,Lung-Alveolar-Epithelial,cell type specific,Pearson,0.07354965448682102
iDNA-ABT,Lung-Alveolar-Epithelial,cell type specific,Spearman,0.133890159266339
iDNA-ABT,Lung-Alveolar-Epithelial,cell type specific,AUC,0.5533339865621482
iDNA-ABT,Lung-Alveolar-Epithelial,cell type specific,Accuracy,0.07818166381641985
iDNA-ABT,Lung-Alveolar-Epithelial,cell type specific,MAE,0.6002528667449951
iDNA-ABT,Lung-Bronchus-Epithelial,VALID,Pearson,0.4989794382155286
iDNA-ABT,Lung-Bronchus-Epithelial,VALID,Spearman,0.401366057281588
iDNA-ABT,Lung-Bronchus-Epithelial,VALID,AUC,0.753473706466149
iDNA-ABT,Lung-Bronchus-Epithelial,VALID,Accuracy,0.8472564849559734
iDNA-ABT,Lung-Bronchus-Epithelial,VALID,MAE,0.1964406927597978
iDNA-ABT,Lung-Bronchus-Epithelial,TEST,Pearson,0.5038457895910864
iDNA-ABT,Lung-Bronchus-Epithelial,TEST,Spearman,0.4035211057395432
iDNA-ABT,Lung-Bronchus-Epithelial,TEST,AUC,0.7555063746418176
iDNA-ABT,Lung-Bronchus-Epithelial,TEST,Accuracy,0.8467437330365812
iDNA-ABT,Lung-Bronchus-Epithelial,TEST,MAE,0.1967618884975164
iDNA-ABT,Lung-Bronchus-Epithelial,cell type specific,Pearson,0.07157162138227745
iDNA-ABT,Lung-Bronchus-Epithelial,cell type specific,Spearman,0.04487796357359758
iDNA-ABT,Lung-Bronchus-Epithelial,cell type specific,AUC,0.5601180184889558
iDNA-ABT,Lung-Bronchus-Epithelial,cell type specific,Accuracy,0.1371751350311293
iDNA-ABT,Lung-Bronchus-Epithelial,cell type specific,MAE,0.5632683634757996
iDNA-ABT,Oligodendrocytes,VALID,Pearson,0.4516942863478834
iDNA-ABT,Oligodendrocytes,VALID,Spearman,0.1780367435597442
iDNA-ABT,Oligodendrocytes,VALID,AUC,0.7004832084854966
iDNA-ABT,Oligodendrocytes,VALID,Accuracy,0.8664997493251204
iDNA-ABT,Oligodendrocytes,VALID,MAE,0.1829076255911259
iDNA-ABT,Oligodendrocytes,TEST,Pearson,0.4553753332570272
iDNA-ABT,Oligodendrocytes,TEST,Spearman,0.1921949153400529
iDNA-ABT,Oligodendrocytes,TEST,AUC,0.7120899672643426
iDNA-ABT,Oligodendrocytes,TEST,Accuracy,0.869955740692528
iDNA-ABT,Oligodendrocytes,TEST,MAE,0.1804897886795662
iDNA-ABT,Oligodendrocytes,cell type specific,Pearson,0.09000437050591623
iDNA-ABT,Oligodendrocytes,cell type specific,Spearman,0.1070801021558298
iDNA-ABT,Oligodendrocytes,cell type specific,AUC,0.6836673060009114
iDNA-ABT,Oligodendrocytes,cell type specific,Accuracy,0.08585802237481363
iDNA-ABT,Oligodendrocytes,cell type specific,MAE,0.6122082471847534
iDNA-ABT,Ovary-Epithelial,VALID,Pearson,0.3862657177240753
iDNA-ABT,Ovary-Epithelial,VALID,Spearman,0.2827512557863843
iDNA-ABT,Ovary-Epithelial,VALID,AUC,0.6928104345056955
iDNA-ABT,Ovary-Epithelial,VALID,Accuracy,0.7999290502118805
iDNA-ABT,Ovary-Epithelial,VALID,MAE,0.2381701721957624
iDNA-ABT,Ovary-Epithelial,TEST,Pearson,0.3842364970683222
iDNA-ABT,Ovary-Epithelial,TEST,Spearman,0.2817105918953774
iDNA-ABT,Ovary-Epithelial,TEST,AUC,0.6907905896831501
iDNA-ABT,Ovary-Epithelial,TEST,Accuracy,0.7933459587122439
iDNA-ABT,Ovary-Epithelial,TEST,MAE,0.2405496511720488
iDNA-ABT,Ovary-Epithelial,cell type specific,Pearson,0.1417138292936682
iDNA-ABT,Ovary-Epithelial,cell type specific,Spearman,0.1601402886002654
iDNA-ABT,Ovary-Epithelial,cell type specific,AUC,0.621367618847555
iDNA-ABT,Ovary-Epithelial,cell type specific,Accuracy,0.2260199030896681
iDNA-ABT,Ovary-Epithelial,cell type specific,MAE,0.4874236583709717
iDNA-ABT,Pancreas-Acinar,VALID,Pearson,0.4557520246631346
iDNA-ABT,Pancreas-Acinar,VALID,Spearman,0.4316104388938293
iDNA-ABT,Pancreas-Acinar,VALID,AUC,0.7365957336033515
iDNA-ABT,Pancreas-Acinar,VALID,Accuracy,0.7701810106222291
iDNA-ABT,Pancreas-Acinar,VALID,MAE,0.2274846766980768
iDNA-ABT,Pancreas-Acinar,TEST,Pearson,0.4537068510143286
iDNA-ABT,Pancreas-Acinar,TEST,Spearman,0.4245978421492564
iDNA-ABT,Pancreas-Acinar,TEST,AUC,0.7370092322587415
iDNA-ABT,Pancreas-Acinar,TEST,Accuracy,0.7556614969716047
iDNA-ABT,Pancreas-Acinar,TEST,MAE,0.2303043025560665
iDNA-ABT,Pancreas-Acinar,cell type specific,Pearson,0.05581355965593662
iDNA-ABT,Pancreas-Acinar,cell type specific,Spearman,0.04431257601661171
iDNA-ABT,Pancreas-Acinar,cell type specific,AUC,0.624311721041259
iDNA-ABT,Pancreas-Acinar,cell type specific,Accuracy,0.07190334028051597
iDNA-ABT,Pancreas-Acinar,cell type specific,MAE,0.5743608474731445
iDNA-ABT,Pancreas-Alpha,VALID,Pearson,0.505746159782911
iDNA-ABT,Pancreas-Alpha,VALID,Spearman,0.3896566273154267
iDNA-ABT,Pancreas-Alpha,VALID,AUC,0.7625927036058506
iDNA-ABT,Pancreas-Alpha,VALID,Accuracy,0.8662926291975165
iDNA-ABT,Pancreas-Alpha,VALID,MAE,0.1758220701677627
iDNA-ABT,Pancreas-Alpha,TEST,Pearson,0.506037080172431
iDNA-ABT,Pancreas-Alpha,TEST,Spearman,0.3808119112321937
iDNA-ABT,Pancreas-Alpha,TEST,AUC,0.7617581556975589
iDNA-ABT,Pancreas-Alpha,TEST,Accuracy,0.8665943824991279
iDNA-ABT,Pancreas-Alpha,TEST,MAE,0.1770251017093093
iDNA-ABT,Pancreas-Alpha,cell type specific,Pearson,0.006565655488869366
iDNA-ABT,Pancreas-Alpha,cell type specific,Spearman,0.1230287060615157
iDNA-ABT,Pancreas-Alpha,cell type specific,AUC,0.5906265074440615
iDNA-ABT,Pancreas-Alpha,cell type specific,Accuracy,0.1005188815220525
iDNA-ABT,Pancreas-Alpha,cell type specific,MAE,0.6455530524253845
iDNA-ABT,Pancreas-Beta,VALID,Pearson,0.4995213928153684
iDNA-ABT,Pancreas-Beta,VALID,Spearman,0.3784546588325036
iDNA-ABT,Pancreas-Beta,VALID,AUC,0.7621380449079708
iDNA-ABT,Pancreas-Beta,VALID,Accuracy,0.8724361425002445
iDNA-ABT,Pancreas-Beta,VALID,MAE,0.1865413152359682
iDNA-ABT,Pancreas-Beta,TEST,Pearson,0.4756662437539638
iDNA-ABT,Pancreas-Beta,TEST,Spearman,0.3737686294050037
iDNA-ABT,Pancreas-Beta,TEST,AUC,0.7574446582702851
iDNA-ABT,Pancreas-Beta,TEST,Accuracy,0.8663497003134514
iDNA-ABT,Pancreas-Beta,TEST,MAE,0.1927471226067668
iDNA-ABT,Pancreas-Beta,cell type specific,Pearson,-0.06715415086118523
iDNA-ABT,Pancreas-Beta,cell type specific,Spearman,0.009012146108414481
iDNA-ABT,Pancreas-Beta,cell type specific,AUC,0.4822375552987259
iDNA-ABT,Pancreas-Beta,cell type specific,Accuracy,0.08467432950191571
iDNA-ABT,Pancreas-Beta,cell type specific,MAE,0.6428797841072083
iDNA-ABT,Pancreas-Delta,VALID,Pearson,0.481432031616177
iDNA-ABT,Pancreas-Delta,VALID,Spearman,0.3636659676011409
iDNA-ABT,Pancreas-Delta,VALID,AUC,0.7581863843532755
iDNA-ABT,Pancreas-Delta,VALID,Accuracy,0.8635908394856325
iDNA-ABT,Pancreas-Delta,VALID,MAE,0.1878107961544704
iDNA-ABT,Pancreas-Delta,TEST,Pearson,0.484562288759033
iDNA-ABT,Pancreas-Delta,TEST,Spearman,0.3624724416141266
iDNA-ABT,Pancreas-Delta,TEST,AUC,0.7583370038973669
iDNA-ABT,Pancreas-Delta,TEST,Accuracy,0.8605595184368678
iDNA-ABT,Pancreas-Delta,TEST,MAE,0.1878501591469351
iDNA-ABT,Pancreas-Delta,cell type specific,Pearson,0.09509090232053793
iDNA-ABT,Pancreas-Delta,cell type specific,Spearman,0.06735577157338458
iDNA-ABT,Pancreas-Delta,cell type specific,AUC,0.5761780919764519
iDNA-ABT,Pancreas-Delta,cell type specific,Accuracy,0.0999594895685639
iDNA-ABT,Pancreas-Delta,cell type specific,MAE,0.6155213713645935
iDNA-ABT,Pancreas-Duct,VALID,Pearson,0.5023245881572869
iDNA-ABT,Pancreas-Duct,VALID,Spearman,0.3539114767057926
iDNA-ABT,Pancreas-Duct,VALID,AUC,0.7611539443939418
iDNA-ABT,Pancreas-Duct,VALID,Accuracy,0.8684539598896132
iDNA-ABT,Pancreas-Duct,VALID,MAE,0.1901158432648624
iDNA-ABT,Pancreas-Duct,TEST,Pearson,0.5020311574594962
iDNA-ABT,Pancreas-Duct,TEST,Spearman,0.3523120405955968
iDNA-ABT,Pancreas-Duct,TEST,AUC,0.7621612188414547
iDNA-ABT,Pancreas-Duct,TEST,Accuracy,0.8663225251166735
iDNA-ABT,Pancreas-Duct,TEST,MAE,0.1881376407091064
iDNA-ABT,Pancreas-Duct,cell type specific,Pearson,0.08445688878970695
iDNA-ABT,Pancreas-Duct,cell type specific,Spearman,0.1283604366881681
iDNA-ABT,Pancreas-Duct,cell type specific,AUC,0.6411903602284512
iDNA-ABT,Pancreas-Duct,cell type specific,Accuracy,0.07888194584425183
iDNA-ABT,Pancreas-Duct,cell type specific,MAE,0.6479803323745728
iDNA-ABT,Prostate-Epithelial,VALID,Pearson,0.4796305455854021
iDNA-ABT,Prostate-Epithelial,VALID,Spearman,0.3609467341722014
iDNA-ABT,Prostate-Epithelial,VALID,AUC,0.744255139566435
iDNA-ABT,Prostate-Epithelial,VALID,Accuracy,0.8496442524395392
iDNA-ABT,Prostate-Epithelial,VALID,MAE,0.1915841002935791
iDNA-ABT,Prostate-Epithelial,TEST,Pearson,0.4830916167395157
iDNA-ABT,Prostate-Epithelial,TEST,Spearman,0.3636072525007723
iDNA-ABT,Prostate-Epithelial,TEST,AUC,0.7476218849010771
iDNA-ABT,Prostate-Epithelial,TEST,Accuracy,0.848363973439347
iDNA-ABT,Prostate-Epithelial,TEST,MAE,0.1917848935215528
iDNA-ABT,Prostate-Epithelial,cell type specific,Pearson,0.2203019223139368
iDNA-ABT,Prostate-Epithelial,cell type specific,Spearman,0.2097661500974644
iDNA-ABT,Prostate-Epithelial,cell type specific,AUC,0.6769822567007224
iDNA-ABT,Prostate-Epithelial,cell type specific,Accuracy,0.10875667843883
iDNA-ABT,Prostate-Epithelial,cell type specific,MAE,0.5145872235298157
iDNA-ABT,Skeletal-Muscle,VALID,Pearson,0.4736989100600771
iDNA-ABT,Skeletal-Muscle,VALID,Spearman,0.3739078850435179
iDNA-ABT,Skeletal-Muscle,VALID,AUC,0.7317456295393745
iDNA-ABT,Skeletal-Muscle,VALID,Accuracy,0.8428910938547843
iDNA-ABT,Skeletal-Muscle,VALID,MAE,0.1879352765488184
iDNA-ABT,Skeletal-Muscle,TEST,Pearson,0.475604765099534
iDNA-ABT,Skeletal-Muscle,TEST,Spearman,0.3757182893290211
iDNA-ABT,Skeletal-Muscle,TEST,AUC,0.7376875188303896
iDNA-ABT,Skeletal-Muscle,TEST,Accuracy,0.8453791748016366
iDNA-ABT,Skeletal-Muscle,TEST,MAE,0.1867166330588496
iDNA-ABT,Skeletal-Muscle,cell type specific,Pearson,0.08122313102988002
iDNA-ABT,Skeletal-Muscle,cell type specific,Spearman,0.05846129858090235
iDNA-ABT,Skeletal-Muscle,cell type specific,AUC,0.5362015887434591
iDNA-ABT,Skeletal-Muscle,cell type specific,Accuracy,0.07957954235565362
iDNA-ABT,Skeletal-Muscle,cell type specific,MAE,0.4002271592617035
iDNA-ABT,Small-int-Epithelial,VALID,Pearson,0.425233333137617
iDNA-ABT,Small-int-Epithelial,VALID,Spearman,0.3205772637614049
iDNA-ABT,Small-int-Epithelial,VALID,AUC,0.7173017896190137
iDNA-ABT,Small-int-Epithelial,VALID,Accuracy,0.8375321972490253
iDNA-ABT,Small-int-Epithelial,VALID,MAE,0.2006782967540126
iDNA-ABT,Small-int-Epithelial,TEST,Pearson,0.424102362727287
iDNA-ABT,Small-int-Epithelial,TEST,Spearman,0.3245617815158968
iDNA-ABT,Small-int-Epithelial,TEST,AUC,0.7182477391996455
iDNA-ABT,Small-int-Epithelial,TEST,Accuracy,0.8285998561253128
iDNA-ABT,Small-int-Epithelial,TEST,MAE,0.2034885499936799
iDNA-ABT,Small-int-Epithelial,cell type specific,Pearson,0.1381402178453497
iDNA-ABT,Small-int-Epithelial,cell type specific,Spearman,0.1747073039494517
iDNA-ABT,Small-int-Epithelial,cell type specific,AUC,0.6266816849202173
iDNA-ABT,Small-int-Epithelial,cell type specific,Accuracy,0.09072088807323023
iDNA-ABT,Small-int-Epithelial,cell type specific,MAE,0.6599037647247314
iDNA-ABT,Thyroid-Epithelial,VALID,Pearson,0.5140289850415055
iDNA-ABT,Thyroid-Epithelial,VALID,Spearman,0.348695570537641
iDNA-ABT,Thyroid-Epithelial,VALID,AUC,0.768290242545132
iDNA-ABT,Thyroid-Epithelial,VALID,Accuracy,0.8757139309659796
iDNA-ABT,Thyroid-Epithelial,VALID,MAE,0.1679075152075087
iDNA-ABT,Thyroid-Epithelial,TEST,Pearson,0.5157446817214623
iDNA-ABT,Thyroid-Epithelial,TEST,Spearman,0.3474570415382963
iDNA-ABT,Thyroid-Epithelial,TEST,AUC,0.7708422721010857
iDNA-ABT,Thyroid-Epithelial,TEST,Accuracy,0.876270105743004
iDNA-ABT,Thyroid-Epithelial,TEST,MAE,0.1672743021845474
iDNA-ABT,Thyroid-Epithelial,cell type specific,Pearson,0.1313589812096236
iDNA-ABT,Thyroid-Epithelial,cell type specific,Spearman,0.1744823732789167
iDNA-ABT,Thyroid-Epithelial,cell type specific,AUC,0.5606032049766091
iDNA-ABT,Thyroid-Epithelial,cell type specific,Accuracy,0.07720264962776247
iDNA-ABT,Thyroid-Epithelial,cell type specific,MAE,0.7055191993713379
iDNA-ABT,Tonsil-Palatine-Epithelial,VALID,Pearson,0.4754199688277881
iDNA-ABT,Tonsil-Palatine-Epithelial,VALID,Spearman,0.4046875799881635
iDNA-ABT,Tonsil-Palatine-Epithelial,VALID,AUC,0.7344773138104509
iDNA-ABT,Tonsil-Palatine-Epithelial,VALID,Accuracy,0.8032555100631487
iDNA-ABT,Tonsil-Palatine-Epithelial,VALID,MAE,0.2133885000021592
iDNA-ABT,Tonsil-Palatine-Epithelial,TEST,Pearson,0.4721666322372213
iDNA-ABT,Tonsil-Palatine-Epithelial,TEST,Spearman,0.4022524509337972
iDNA-ABT,Tonsil-Palatine-Epithelial,TEST,AUC,0.7354829577163536
iDNA-ABT,Tonsil-Palatine-Epithelial,TEST,Accuracy,0.8041217649820946
iDNA-ABT,Tonsil-Palatine-Epithelial,TEST,MAE,0.2146729160397914
iDNA-ABT,GSM5652176_Adipocytes-Z000000T7,SAMPLE_VALID,Pearson,0.4491077126169785
iDNA-ABT,GSM5652176_Adipocytes-Z000000T7,SAMPLE_VALID,Spearman,0.3808126860691354
iDNA-ABT,GSM5652176_Adipocytes-Z000000T7,SAMPLE_VALID,AUC,0.7171753985624009
iDNA-ABT,GSM5652176_Adipocytes-Z000000T7,SAMPLE_VALID,Accuracy,0.7765181204045832
iDNA-ABT,GSM5652176_Adipocytes-Z000000T7,SAMPLE_VALID,MAE,0.2270873337984085
iDNA-ABT,GSM5652176_Adipocytes-Z000000T7,SAMPLE_TEST,Pearson,0.5090317729575291
iDNA-ABT,GSM5652176_Adipocytes-Z000000T7,SAMPLE_TEST,Spearman,0.4521946102251673
iDNA-ABT,GSM5652176_Adipocytes-Z000000T7,SAMPLE_TEST,AUC,0.7562832680044624
iDNA-ABT,GSM5652176_Adipocytes-Z000000T7,SAMPLE_TEST,Accuracy,0.7790003845040135
iDNA-ABT,GSM5652176_Adipocytes-Z000000T7,SAMPLE_TEST,MAE,0.229659378528595
iDNA-ABT,GSM5652335_Lung-Bronchus-Epithelial-Z000000QD,SAMPLE_VALID,Pearson,0.4427398455753127
iDNA-ABT,GSM5652335_Lung-Bronchus-Epithelial-Z000000QD,SAMPLE_VALID,Spearman,0.3877567332016496
iDNA-ABT,GSM5652335_Lung-Bronchus-Epithelial-Z000000QD,SAMPLE_VALID,AUC,0.7127131468577573
iDNA-ABT,GSM5652335_Lung-Bronchus-Epithelial-Z000000QD,SAMPLE_VALID,Accuracy,0.7565595491359683
iDNA-ABT,GSM5652335_Lung-Bronchus-Epithelial-Z000000QD,SAMPLE_VALID,MAE,0.2547668814659119
iDNA-ABT,GSM5652335_Lung-Bronchus-Epithelial-Z000000QD,SAMPLE_TEST,Pearson,0.4813436242125411
iDNA-ABT,GSM5652335_Lung-Bronchus-Epithelial-Z000000QD,SAMPLE_TEST,Spearman,0.4457599543080109
iDNA-ABT,GSM5652335_Lung-Bronchus-Epithelial-Z000000QD,SAMPLE_TEST,AUC,0.7395327612435881
iDNA-ABT,GSM5652335_Lung-Bronchus-Epithelial-Z000000QD,SAMPLE_TEST,Accuracy,0.7421924323913777
iDNA-ABT,GSM5652335_Lung-Bronchus-Epithelial-Z000000QD,SAMPLE_TEST,MAE,0.265107125043869
iDNA-ABT,GSM5652179_Aorta-Endothel-Z00000422,SAMPLE_VALID,Pearson,0.4484781720785339
iDNA-ABT,GSM5652179_Aorta-Endothel-Z00000422,SAMPLE_VALID,Spearman,0.3634187356256463
iDNA-ABT,GSM5652179_Aorta-Endothel-Z00000422,SAMPLE_VALID,AUC,0.722574022444171
iDNA-ABT,GSM5652179_Aorta-Endothel-Z00000422,SAMPLE_VALID,Accuracy,0.7986227746053074
iDNA-ABT,GSM5652179_Aorta-Endothel-Z00000422,SAMPLE_VALID,MAE,0.2257555574178696
iDNA-ABT,GSM5652179_Aorta-Endothel-Z00000422,SAMPLE_TEST,Pearson,0.5111767376705009
iDNA-ABT,GSM5652179_Aorta-Endothel-Z00000422,SAMPLE_TEST,Spearman,0.4173518416786748
iDNA-ABT,GSM5652179_Aorta-Endothel-Z00000422,SAMPLE_TEST,AUC,0.7577816155995134
iDNA-ABT,GSM5652179_Aorta-Endothel-Z00000422,SAMPLE_TEST,Accuracy,0.7976844313850214
iDNA-ABT,GSM5652179_Aorta-Endothel-Z00000422,SAMPLE_TEST,MAE,0.2320433855056763
iDNA-ABT,GSM5652321_Epidermal-Keratinocytes-Z00000424,SAMPLE_VALID,Pearson,0.3708065917015037
iDNA-ABT,GSM5652321_Epidermal-Keratinocytes-Z00000424,SAMPLE_VALID,Spearman,0.2699501930850439
iDNA-ABT,GSM5652321_Epidermal-Keratinocytes-Z00000424,SAMPLE_VALID,AUC,0.6752197309884055
iDNA-ABT,GSM5652321_Epidermal-Keratinocytes-Z00000424,SAMPLE_VALID,Accuracy,0.7663382226701004
iDNA-ABT,GSM5652321_Epidermal-Keratinocytes-Z00000424,SAMPLE_VALID,MAE,0.2534541487693787
iDNA-ABT,GSM5652321_Epidermal-Keratinocytes-Z00000424,SAMPLE_TEST,Pearson,0.4444963621996561
iDNA-ABT,GSM5652321_Epidermal-Keratinocytes-Z00000424,SAMPLE_TEST,Spearman,0.352985735474606
iDNA-ABT,GSM5652321_Epidermal-Keratinocytes-Z00000424,SAMPLE_TEST,AUC,0.7168446961719924
iDNA-ABT,GSM5652321_Epidermal-Keratinocytes-Z00000424,SAMPLE_TEST,Accuracy,0.7596327749322371
iDNA-ABT,GSM5652321_Epidermal-Keratinocytes-Z00000424,SAMPLE_TEST,MAE,0.2623461782932281
iDNA-ABT,GSM5652189_Kidney-Tubular-Endothel-Z0000042R,SAMPLE_VALID,Pearson,0.4882400875807427
iDNA-ABT,GSM5652189_Kidney-Tubular-Endothel-Z0000042R,SAMPLE_VALID,Spearman,0.3712752001340498
iDNA-ABT,GSM5652189_Kidney-Tubular-Endothel-Z0000042R,SAMPLE_VALID,AUC,0.7475324047588765
iDNA-ABT,GSM5652189_Kidney-Tubular-Endothel-Z0000042R,SAMPLE_VALID,Accuracy,0.8210913298249543
iDNA-ABT,GSM5652189_Kidney-Tubular-Endothel-Z0000042R,SAMPLE_VALID,MAE,0.21544449031353
iDNA-ABT,GSM5652189_Kidney-Tubular-Endothel-Z0000042R,SAMPLE_TEST,Pearson,0.5353635113749359
iDNA-ABT,GSM5652189_Kidney-Tubular-Endothel-Z0000042R,SAMPLE_TEST,Spearman,0.4286029757742527
iDNA-ABT,GSM5652189_Kidney-Tubular-Endothel-Z0000042R,SAMPLE_TEST,AUC,0.7789323355200002
iDNA-ABT,GSM5652189_Kidney-Tubular-Endothel-Z0000042R,SAMPLE_TEST,Accuracy,0.81919292132858
iDNA-ABT,GSM5652189_Kidney-Tubular-Endothel-Z0000042R,SAMPLE_TEST,MAE,0.2230968326330185
iDNA-ABT,GSM5652338_Prostate-Epithelial-Z000000RV,SAMPLE_VALID,Pearson,0.427670345708599
iDNA-ABT,GSM5652338_Prostate-Epithelial-Z000000RV,SAMPLE_VALID,Spearman,0.351739999296155
iDNA-ABT,GSM5652338_Prostate-Epithelial-Z000000RV,SAMPLE_VALID,AUC,0.7060811501311707
iDNA-ABT,GSM5652338_Prostate-Epithelial-Z000000RV,SAMPLE_VALID,Accuracy,0.769837270928974
iDNA-ABT,GSM5652338_Prostate-Epithelial-Z000000RV,SAMPLE_VALID,MAE,0.242873877286911
iDNA-ABT,GSM5652338_Prostate-Epithelial-Z000000RV,SAMPLE_TEST,Pearson,0.4822516422656836
iDNA-ABT,GSM5652338_Prostate-Epithelial-Z000000RV,SAMPLE_TEST,Spearman,0.4152496532272879
iDNA-ABT,GSM5652338_Prostate-Epithelial-Z000000RV,SAMPLE_TEST,AUC,0.7381141013535573
iDNA-ABT,GSM5652338_Prostate-Epithelial-Z000000RV,SAMPLE_TEST,Accuracy,0.7596707506372798
iDNA-ABT,GSM5652338_Prostate-Epithelial-Z000000RV,SAMPLE_TEST,MAE,0.2516718804836273
iDNA-ABT,GSM5652198_Colon-Fibroblasts-Z0000042A,SAMPLE_VALID,Pearson,0.3912676564024925
iDNA-ABT,GSM5652198_Colon-Fibroblasts-Z0000042A,SAMPLE_VALID,Spearman,0.215160363307909
iDNA-ABT,GSM5652198_Colon-Fibroblasts-Z0000042A,SAMPLE_VALID,AUC,0.65309771453427
iDNA-ABT,GSM5652198_Colon-Fibroblasts-Z0000042A,SAMPLE_VALID,Accuracy,0.7935188295450304
iDNA-ABT,GSM5652198_Colon-Fibroblasts-Z0000042A,SAMPLE_VALID,MAE,0.2104333788156509
iDNA-ABT,GSM5652198_Colon-Fibroblasts-Z0000042A,SAMPLE_TEST,Pearson,0.4538638620003125
iDNA-ABT,GSM5652198_Colon-Fibroblasts-Z0000042A,SAMPLE_TEST,Spearman,0.2837034058627665
iDNA-ABT,GSM5652198_Colon-Fibroblasts-Z0000042A,SAMPLE_TEST,AUC,0.6888479523378667
iDNA-ABT,GSM5652198_Colon-Fibroblasts-Z0000042A,SAMPLE_TEST,Accuracy,0.7873075699821039
iDNA-ABT,GSM5652198_Colon-Fibroblasts-Z0000042A,SAMPLE_TEST,MAE,0.2177734375
iDNA-ABT,GSM5652342_Bladder-Epithelial-Z000000QM,SAMPLE_VALID,Pearson,0.4046946399814613
iDNA-ABT,GSM5652342_Bladder-Epithelial-Z000000QM,SAMPLE_VALID,Spearman,0.354766797612131
iDNA-ABT,GSM5652342_Bladder-Epithelial-Z000000QM,SAMPLE_VALID,AUC,0.6949126718704057
iDNA-ABT,GSM5652342_Bladder-Epithelial-Z000000QM,SAMPLE_VALID,Accuracy,0.7527432538349569
iDNA-ABT,GSM5652342_Bladder-Epithelial-Z000000QM,SAMPLE_VALID,MAE,0.2534466683864594
iDNA-ABT,GSM5652342_Bladder-Epithelial-Z000000QM,SAMPLE_TEST,Pearson,0.467210105146995
iDNA-ABT,GSM5652342_Bladder-Epithelial-Z000000QM,SAMPLE_TEST,Spearman,0.416637319160664
iDNA-ABT,GSM5652342_Bladder-Epithelial-Z000000QM,SAMPLE_TEST,AUC,0.7296061385755814
iDNA-ABT,GSM5652342_Bladder-Epithelial-Z000000QM,SAMPLE_TEST,Accuracy,0.7460232316375599
iDNA-ABT,GSM5652342_Bladder-Epithelial-Z000000QM,SAMPLE_TEST,MAE,0.2601946294307709
iDNA-ABT,GSM5652200_Heart-Fibroblasts-Z0000043R,SAMPLE_VALID,Pearson,0.3923621345473024
iDNA-ABT,GSM5652200_Heart-Fibroblasts-Z0000043R,SAMPLE_VALID,Spearman,0.3350478152855565
iDNA-ABT,GSM5652200_Heart-Fibroblasts-Z0000043R,SAMPLE_VALID,AUC,0.6855129871930009
iDNA-ABT,GSM5652200_Heart-Fibroblasts-Z0000043R,SAMPLE_VALID,Accuracy,0.7093457246295675
iDNA-ABT,GSM5652200_Heart-Fibroblasts-Z0000043R,SAMPLE_VALID,MAE,0.2749504446983337
iDNA-ABT,GSM5652200_Heart-Fibroblasts-Z0000043R,SAMPLE_TEST,Pearson,0.4504284111642199
iDNA-ABT,GSM5652200_Heart-Fibroblasts-Z0000043R,SAMPLE_TEST,Spearman,0.383339845585942
iDNA-ABT,GSM5652200_Heart-Fibroblasts-Z0000043R,SAMPLE_TEST,AUC,0.712392638749119
iDNA-ABT,GSM5652200_Heart-Fibroblasts-Z0000043R,SAMPLE_TEST,Accuracy,0.7126615747575489
iDNA-ABT,GSM5652200_Heart-Fibroblasts-Z0000043R,SAMPLE_TEST,MAE,0.2783497869968414
iDNA-ABT,GSM5652347_Breast-Luminal-Epithelial-Z000000V2,SAMPLE_VALID,Pearson,0.4514981584265203
iDNA-ABT,GSM5652347_Breast-Luminal-Epithelial-Z000000V2,SAMPLE_VALID,Spearman,0.3550537161196161
iDNA-ABT,GSM5652347_Breast-Luminal-Epithelial-Z000000V2,SAMPLE_VALID,AUC,0.7252726065508922
iDNA-ABT,GSM5652347_Breast-Luminal-Epithelial-Z000000V2,SAMPLE_VALID,Accuracy,0.7885268540290374
iDNA-ABT,GSM5652347_Breast-Luminal-Epithelial-Z000000V2,SAMPLE_VALID,MAE,0.2379132658243179
iDNA-ABT,GSM5652347_Breast-Luminal-Epithelial-Z000000V2,SAMPLE_TEST,Pearson,0.5015386158916221
iDNA-ABT,GSM5652347_Breast-Luminal-Epithelial-Z000000V2,SAMPLE_TEST,Spearman,0.4161962415963096
iDNA-ABT,GSM5652347_Breast-Luminal-Epithelial-Z000000V2,SAMPLE_TEST,AUC,0.7519704516871275
iDNA-ABT,GSM5652347_Breast-Luminal-Epithelial-Z000000V2,SAMPLE_TEST,Accuracy,0.7836666492611352
iDNA-ABT,GSM5652347_Breast-Luminal-Epithelial-Z000000V2,SAMPLE_TEST,MAE,0.2434955835342407
iDNA-ABT,GSM5652204_Dermal-Fibroblasts-Z00000423,SAMPLE_VALID,Pearson,0.4756134491317701
iDNA-ABT,GSM5652204_Dermal-Fibroblasts-Z00000423,SAMPLE_VALID,Spearman,0.3901476295047328
iDNA-ABT,GSM5652204_Dermal-Fibroblasts-Z00000423,SAMPLE_VALID,AUC,0.73438071904368
iDNA-ABT,GSM5652204_Dermal-Fibroblasts-Z00000423,SAMPLE_VALID,Accuracy,0.7998171164110028
iDNA-ABT,GSM5652204_Dermal-Fibroblasts-Z00000423,SAMPLE_VALID,MAE,0.2207779586315155
iDNA-ABT,GSM5652204_Dermal-Fibroblasts-Z00000423,SAMPLE_TEST,Pearson,0.5401424067178987
iDNA-ABT,GSM5652204_Dermal-Fibroblasts-Z00000423,SAMPLE_TEST,Spearman,0.4553279082261292
iDNA-ABT,GSM5652204_Dermal-Fibroblasts-Z00000423,SAMPLE_TEST,AUC,0.7724704535503633
iDNA-ABT,GSM5652204_Dermal-Fibroblasts-Z00000423,SAMPLE_TEST,Accuracy,0.8026070321511812
iDNA-ABT,GSM5652204_Dermal-Fibroblasts-Z00000423,SAMPLE_TEST,MAE,0.2232981771230698
iDNA-ABT,GSM5652350_Breast-Basal-Epithelial-Z000000V6,SAMPLE_VALID,Pearson,0.4031176282793468
iDNA-ABT,GSM5652350_Breast-Basal-Epithelial-Z000000V6,SAMPLE_VALID,Spearman,0.2688615585447841
iDNA-ABT,GSM5652350_Breast-Basal-Epithelial-Z000000V6,SAMPLE_VALID,AUC,0.6969265829123907
iDNA-ABT,GSM5652350_Breast-Basal-Epithelial-Z000000V6,SAMPLE_VALID,Accuracy,0.7965699996267682
iDNA-ABT,GSM5652350_Breast-Basal-Epithelial-Z000000V6,SAMPLE_VALID,MAE,0.2442371249198914
iDNA-ABT,GSM5652350_Breast-Basal-Epithelial-Z000000V6,SAMPLE_TEST,Pearson,0.4616020763237464
iDNA-ABT,GSM5652350_Breast-Basal-Epithelial-Z000000V6,SAMPLE_TEST,Spearman,0.3470127735854243
iDNA-ABT,GSM5652350_Breast-Basal-Epithelial-Z000000V6,SAMPLE_TEST,AUC,0.7355316172813999
iDNA-ABT,GSM5652350_Breast-Basal-Epithelial-Z000000V6,SAMPLE_TEST,Accuracy,0.7871081975306298
iDNA-ABT,GSM5652350_Breast-Basal-Epithelial-Z000000V6,SAMPLE_TEST,MAE,0.2527616620063782
iDNA-ABT,GSM5652205_Skeletal-Muscle-Z00000427,SAMPLE_VALID,Pearson,0.4399494211418396
iDNA-ABT,GSM5652205_Skeletal-Muscle-Z00000427,SAMPLE_VALID,Spearman,0.3630919299138335
iDNA-ABT,GSM5652205_Skeletal-Muscle-Z00000427,SAMPLE_VALID,AUC,0.7066644702199856
iDNA-ABT,GSM5652205_Skeletal-Muscle-Z00000427,SAMPLE_VALID,Accuracy,0.7784309334527675
iDNA-ABT,GSM5652205_Skeletal-Muscle-Z00000427,SAMPLE_VALID,MAE,0.2214492559432983
iDNA-ABT,GSM5652205_Skeletal-Muscle-Z00000427,SAMPLE_TEST,Pearson,0.503329863608979
iDNA-ABT,GSM5652205_Skeletal-Muscle-Z00000427,SAMPLE_TEST,Spearman,0.4311016917927057
iDNA-ABT,GSM5652205_Skeletal-Muscle-Z00000427,SAMPLE_TEST,AUC,0.744722736638719
iDNA-ABT,GSM5652205_Skeletal-Muscle-Z00000427,SAMPLE_TEST,Accuracy,0.7818675502347373
iDNA-ABT,GSM5652205_Skeletal-Muscle-Z00000427,SAMPLE_TEST,MAE,0.2244060039520264
iDNA-ABT,GSM5652354_Lung-Alveolar-Epithelial-Z000000T1,SAMPLE_VALID,Pearson,0.4506483093033682
iDNA-ABT,GSM5652354_Lung-Alveolar-Epithelial-Z000000T1,SAMPLE_VALID,Spearman,0.3965971499458055
iDNA-ABT,GSM5652354_Lung-Alveolar-Epithelial-Z000000T1,SAMPLE_VALID,AUC,0.7180239773431902
iDNA-ABT,GSM5652354_Lung-Alveolar-Epithelial-Z000000T1,SAMPLE_VALID,Accuracy,0.7709009815996716
iDNA-ABT,GSM5652354_Lung-Alveolar-Epithelial-Z000000T1,SAMPLE_VALID,MAE,0.240778312087059
iDNA-ABT,GSM5652354_Lung-Alveolar-Epithelial-Z000000T1,SAMPLE_TEST,Pearson,0.4950923758891886
iDNA-ABT,GSM5652354_Lung-Alveolar-Epithelial-Z000000T1,SAMPLE_TEST,Spearman,0.449386846142454
iDNA-ABT,GSM5652354_Lung-Alveolar-Epithelial-Z000000T1,SAMPLE_TEST,AUC,0.7445584398290513
iDNA-ABT,GSM5652354_Lung-Alveolar-Epithelial-Z000000T1,SAMPLE_TEST,Accuracy,0.7615315601843721
iDNA-ABT,GSM5652354_Lung-Alveolar-Epithelial-Z000000T1,SAMPLE_TEST,MAE,0.2484229207038879
iDNA-ABT,GSM5652207_Aorta-Smooth-Muscle-Z0000041U,SAMPLE_VALID,Pearson,0.3406595818955476
iDNA-ABT,GSM5652207_Aorta-Smooth-Muscle-Z0000041U,SAMPLE_VALID,Spearman,0.2094522576561985
iDNA-ABT,GSM5652207_Aorta-Smooth-Muscle-Z0000041U,SAMPLE_VALID,AUC,0.6274575837346137
iDNA-ABT,GSM5652207_Aorta-Smooth-Muscle-Z0000041U,SAMPLE_VALID,Accuracy,0.747443362072183
iDNA-ABT,GSM5652207_Aorta-Smooth-Muscle-Z0000041U,SAMPLE_VALID,MAE,0.252824604511261
iDNA-ABT,GSM5652207_Aorta-Smooth-Muscle-Z0000041U,SAMPLE_TEST,Pearson,0.4066691023091377
iDNA-ABT,GSM5652207_Aorta-Smooth-Muscle-Z0000041U,SAMPLE_TEST,Spearman,0.2604920931648073
iDNA-ABT,GSM5652207_Aorta-Smooth-Muscle-Z0000041U,SAMPLE_TEST,AUC,0.6583600374568697
iDNA-ABT,GSM5652207_Aorta-Smooth-Muscle-Z0000041U,SAMPLE_TEST,Accuracy,0.7428095375983215
iDNA-ABT,GSM5652207_Aorta-Smooth-Muscle-Z0000041U,SAMPLE_TEST,MAE,0.2586811482906342
iDNA-ABT,GSM5652358_Gallbladder-Epithelial-Z00000432,SAMPLE_VALID,Pearson,0.4200932828972975
iDNA-ABT,GSM5652358_Gallbladder-Epithelial-Z00000432,SAMPLE_VALID,Spearman,0.3432251035597947
iDNA-ABT,GSM5652358_Gallbladder-Epithelial-Z00000432,SAMPLE_VALID,AUC,0.703307873241604
iDNA-ABT,GSM5652358_Gallbladder-Epithelial-Z00000432,SAMPLE_VALID,Accuracy,0.7545534281342141
iDNA-ABT,GSM5652358_Gallbladder-Epithelial-Z00000432,SAMPLE_VALID,MAE,0.2662766873836517
iDNA-ABT,GSM5652358_Gallbladder-Epithelial-Z00000432,SAMPLE_TEST,Pearson,0.4689025315649661
iDNA-ABT,GSM5652358_Gallbladder-Epithelial-Z00000432,SAMPLE_TEST,Spearman,0.4172476996599757
iDNA-ABT,GSM5652358_Gallbladder-Epithelial-Z00000432,SAMPLE_TEST,AUC,0.737143384530327
iDNA-ABT,GSM5652358_Gallbladder-Epithelial-Z00000432,SAMPLE_TEST,Accuracy,0.7377350340119908
iDNA-ABT,GSM5652358_Gallbladder-Epithelial-Z00000432,SAMPLE_TEST,MAE,0.2770605981349945
iDNA-ABT,GSM5652215_Heart-Cardiomyocyte-Z0000044P,SAMPLE_VALID,Pearson,0.3854721348059122
iDNA-ABT,GSM5652215_Heart-Cardiomyocyte-Z0000044P,SAMPLE_VALID,Spearman,0.2322893148072749
iDNA-ABT,GSM5652215_Heart-Cardiomyocyte-Z0000044P,SAMPLE_VALID,AUC,0.663863360338889
iDNA-ABT,GSM5652215_Heart-Cardiomyocyte-Z0000044P,SAMPLE_VALID,Accuracy,0.7613649087448214
iDNA-ABT,GSM5652215_Heart-Cardiomyocyte-Z0000044P,SAMPLE_VALID,MAE,0.2918678522109985
iDNA-ABT,GSM5652215_Heart-Cardiomyocyte-Z0000044P,SAMPLE_TEST,Pearson,0.4418274482919875
iDNA-ABT,GSM5652215_Heart-Cardiomyocyte-Z0000044P,SAMPLE_TEST,Spearman,0.291639948554142
iDNA-ABT,GSM5652215_Heart-Cardiomyocyte-Z0000044P,SAMPLE_TEST,AUC,0.7002124031128338
iDNA-ABT,GSM5652215_Heart-Cardiomyocyte-Z0000044P,SAMPLE_TEST,Accuracy,0.7637341510768486
iDNA-ABT,GSM5652215_Heart-Cardiomyocyte-Z0000044P,SAMPLE_TEST,MAE,0.2992658615112305
iDNA-ABT,GSM5652359_Gastric-fundus-Epithelial-Z000000RX,SAMPLE_VALID,Pearson,0.3820510886846096
iDNA-ABT,GSM5652359_Gastric-fundus-Epithelial-Z000000RX,SAMPLE_VALID,Spearman,0.3357651986722194
iDNA-ABT,GSM5652359_Gastric-fundus-Epithelial-Z000000RX,SAMPLE_VALID,AUC,0.6873069187905199
iDNA-ABT,GSM5652359_Gastric-fundus-Epithelial-Z000000RX,SAMPLE_VALID,Accuracy,0.7466222520807674
iDNA-ABT,GSM5652359_Gastric-fundus-Epithelial-Z000000RX,SAMPLE_VALID,MAE,0.2646481394767761
iDNA-ABT,GSM5652359_Gastric-fundus-Epithelial-Z000000RX,SAMPLE_TEST,Pearson,0.4458980080677731
iDNA-ABT,GSM5652359_Gastric-fundus-Epithelial-Z000000RX,SAMPLE_TEST,Spearman,0.3971797392034738
iDNA-ABT,GSM5652359_Gastric-fundus-Epithelial-Z000000RX,SAMPLE_TEST,AUC,0.7212199053686076
iDNA-ABT,GSM5652359_Gastric-fundus-Epithelial-Z000000RX,SAMPLE_TEST,Accuracy,0.7369280502798334
iDNA-ABT,GSM5652359_Gastric-fundus-Epithelial-Z000000RX,SAMPLE_TEST,MAE,0.2753909826278687
iDNA-ABT,GSM5652218_Bone-Osteoblasts-Z0000042Z,SAMPLE_VALID,Pearson,0.4771497851438741
iDNA-ABT,GSM5652218_Bone-Osteoblasts-Z0000042Z,SAMPLE_VALID,Spearman,0.4334868967743127
iDNA-ABT,GSM5652218_Bone-Osteoblasts-Z0000042Z,SAMPLE_VALID,AUC,0.7368512502646607
iDNA-ABT,GSM5652218_Bone-Osteoblasts-Z0000042Z,SAMPLE_VALID,Accuracy,0.7612436084051805
iDNA-ABT,GSM5652218_Bone-Osteoblasts-Z0000042Z,SAMPLE_VALID,MAE,0.239848330616951
iDNA-ABT,GSM5652218_Bone-Osteoblasts-Z0000042Z,SAMPLE_TEST,Pearson,0.5183603701796156
iDNA-ABT,GSM5652218_Bone-Osteoblasts-Z0000042Z,SAMPLE_TEST,Spearman,0.4775714626331283
iDNA-ABT,GSM5652218_Bone-Osteoblasts-Z0000042Z,SAMPLE_TEST,AUC,0.7582076740422384
iDNA-ABT,GSM5652218_Bone-Osteoblasts-Z0000042Z,SAMPLE_TEST,Accuracy,0.7586738883799089
iDNA-ABT,GSM5652218_Bone-Osteoblasts-Z0000042Z,SAMPLE_TEST,MAE,0.243450328707695
iDNA-ABT,GSM5652219_Oligodendrocytes-Z000000TK,SAMPLE_VALID,Pearson,0.4243708204935807
iDNA-ABT,GSM5652219_Oligodendrocytes-Z000000TK,SAMPLE_VALID,Spearman,0.2384482437043876
iDNA-ABT,GSM5652219_Oligodendrocytes-Z000000TK,SAMPLE_VALID,AUC,0.697898650528548
iDNA-ABT,GSM5652219_Oligodendrocytes-Z000000TK,SAMPLE_VALID,Accuracy,0.8192624939349831
iDNA-ABT,GSM5652219_Oligodendrocytes-Z000000TK,SAMPLE_VALID,MAE,0.2181638479232788
iDNA-ABT,GSM5652219_Oligodendrocytes-Z000000TK,SAMPLE_TEST,Pearson,0.477809373415049
iDNA-ABT,GSM5652219_Oligodendrocytes-Z000000TK,SAMPLE_TEST,Spearman,0.3155410763726587
iDNA-ABT,GSM5652219_Oligodendrocytes-Z000000TK,SAMPLE_TEST,AUC,0.7366931797436445
iDNA-ABT,GSM5652219_Oligodendrocytes-Z000000TK,SAMPLE_TEST,Accuracy,0.8166627899801102
iDNA-ABT,GSM5652219_Oligodendrocytes-Z000000TK,SAMPLE_TEST,MAE,0.2239568680524826
iDNA-ABT,GSM5652223_Cortex-Neuron-Z000000TF,SAMPLE_VALID,Pearson,0.5298617059128978
iDNA-ABT,GSM5652223_Cortex-Neuron-Z000000TF,SAMPLE_VALID,Spearman,0.377962141637411
iDNA-ABT,GSM5652223_Cortex-Neuron-Z000000TF,SAMPLE_VALID,AUC,0.7781172000820813
iDNA-ABT,GSM5652223_Cortex-Neuron-Z000000TF,SAMPLE_VALID,Accuracy,0.8598981077147017
iDNA-ABT,GSM5652223_Cortex-Neuron-Z000000TF,SAMPLE_VALID,MAE,0.182096853852272
iDNA-ABT,GSM5652223_Cortex-Neuron-Z000000TF,SAMPLE_TEST,Pearson,0.5755945715094514
iDNA-ABT,GSM5652223_Cortex-Neuron-Z000000TF,SAMPLE_TEST,Spearman,0.4330044001046069
iDNA-ABT,GSM5652223_Cortex-Neuron-Z000000TF,SAMPLE_TEST,AUC,0.8032595623038412
iDNA-ABT,GSM5652223_Cortex-Neuron-Z000000TF,SAMPLE_TEST,Accuracy,0.8523124830889438
iDNA-ABT,GSM5652223_Cortex-Neuron-Z000000TF,SAMPLE_TEST,MAE,0.1911495178937912
iDNA-ABT,GSM5652233_Liver-Hepatocytes-Z000000R3,SAMPLE_VALID,Pearson,0.4176872874066612
iDNA-ABT,GSM5652233_Liver-Hepatocytes-Z000000R3,SAMPLE_VALID,Spearman,0.2801399195782542
iDNA-ABT,GSM5652233_Liver-Hepatocytes-Z000000R3,SAMPLE_VALID,AUC,0.6993205332581459
iDNA-ABT,GSM5652233_Liver-Hepatocytes-Z000000R3,SAMPLE_VALID,Accuracy,0.8294143992833949
iDNA-ABT,GSM5652233_Liver-Hepatocytes-Z000000R3,SAMPLE_VALID,MAE,0.2328290194272995
iDNA-ABT,GSM5652233_Liver-Hepatocytes-Z000000R3,SAMPLE_TEST,Pearson,0.4647979309279511
iDNA-ABT,GSM5652233_Liver-Hepatocytes-Z000000R3,SAMPLE_TEST,Spearman,0.3419952209689731
iDNA-ABT,GSM5652233_Liver-Hepatocytes-Z000000R3,SAMPLE_TEST,AUC,0.7290754422680749
iDNA-ABT,GSM5652233_Liver-Hepatocytes-Z000000R3,SAMPLE_TEST,Accuracy,0.8102543897541548
iDNA-ABT,GSM5652233_Liver-Hepatocytes-Z000000R3,SAMPLE_TEST,MAE,0.2455980032682419
iDNA-ABT,GSM5652239_Pancreas-Duct-Z0000043T,SAMPLE_VALID,Pearson,0.4437924777203714
iDNA-ABT,GSM5652239_Pancreas-Duct-Z0000043T,SAMPLE_VALID,Spearman,0.3368009995774934
iDNA-ABT,GSM5652239_Pancreas-Duct-Z0000043T,SAMPLE_VALID,AUC,0.7222688775037108
iDNA-ABT,GSM5652239_Pancreas-Duct-Z0000043T,SAMPLE_VALID,Accuracy,0.8082988093905125
iDNA-ABT,GSM5652239_Pancreas-Duct-Z0000043T,SAMPLE_VALID,MAE,0.2395975887775421
iDNA-ABT,GSM5652239_Pancreas-Duct-Z0000043T,SAMPLE_TEST,Pearson,0.5035012981136961
iDNA-ABT,GSM5652239_Pancreas-Duct-Z0000043T,SAMPLE_TEST,Spearman,0.4026399628292979
iDNA-ABT,GSM5652239_Pancreas-Duct-Z0000043T,SAMPLE_TEST,AUC,0.7565630253856128
iDNA-ABT,GSM5652239_Pancreas-Duct-Z0000043T,SAMPLE_TEST,Accuracy,0.8034377506989904
iDNA-ABT,GSM5652239_Pancreas-Duct-Z0000043T,SAMPLE_TEST,MAE,0.2440672367811203
iDNA-ABT,GSM5652243_Pancreas-Acinar-Z000000QX,SAMPLE_VALID,Pearson,0.4009835793589378
iDNA-ABT,GSM5652243_Pancreas-Acinar-Z000000QX,SAMPLE_VALID,Spearman,0.3821961993468423
iDNA-ABT,GSM5652243_Pancreas-Acinar-Z000000QX,SAMPLE_VALID,AUC,0.7051937763197799
iDNA-ABT,GSM5652243_Pancreas-Acinar-Z000000QX,SAMPLE_VALID,Accuracy,0.7653118351808308
iDNA-ABT,GSM5652243_Pancreas-Acinar-Z000000QX,SAMPLE_VALID,MAE,0.2583474218845367
iDNA-ABT,GSM5652243_Pancreas-Acinar-Z000000QX,SAMPLE_TEST,Pearson,0.4421829388732811
iDNA-ABT,GSM5652243_Pancreas-Acinar-Z000000QX,SAMPLE_TEST,Spearman,0.4112680724556242
iDNA-ABT,GSM5652243_Pancreas-Acinar-Z000000QX,SAMPLE_TEST,AUC,0.7236099645817466
iDNA-ABT,GSM5652243_Pancreas-Acinar-Z000000QX,SAMPLE_TEST,Accuracy,0.7622720864327047
iDNA-ABT,GSM5652243_Pancreas-Acinar-Z000000QX,SAMPLE_TEST,MAE,0.267588883638382
iDNA-ABT,GSM5652247_Pancreas-Delta-Z00000451,SAMPLE_VALID,Pearson,0.4844479743438069
iDNA-ABT,GSM5652247_Pancreas-Delta-Z00000451,SAMPLE_VALID,Spearman,0.3607881003932895
iDNA-ABT,GSM5652247_Pancreas-Delta-Z00000451,SAMPLE_VALID,AUC,0.7453037856031046
iDNA-ABT,GSM5652247_Pancreas-Delta-Z00000451,SAMPLE_VALID,Accuracy,0.8325868697047736
iDNA-ABT,GSM5652247_Pancreas-Delta-Z00000451,SAMPLE_VALID,MAE,0.2175983786582947
iDNA-ABT,GSM5652247_Pancreas-Delta-Z00000451,SAMPLE_TEST,Pearson,0.5162396225880237
iDNA-ABT,GSM5652247_Pancreas-Delta-Z00000451,SAMPLE_TEST,Spearman,0.4138613528768089
iDNA-ABT,GSM5652247_Pancreas-Delta-Z00000451,SAMPLE_TEST,AUC,0.7648415619855753
iDNA-ABT,GSM5652247_Pancreas-Delta-Z00000451,SAMPLE_TEST,Accuracy,0.8142703205624202
iDNA-ABT,GSM5652247_Pancreas-Delta-Z00000451,SAMPLE_TEST,MAE,0.2316118776798248
iDNA-ABT,GSM5652250_Pancreas-Beta-Z00000452,SAMPLE_VALID,Pearson,0.4810598984415227
iDNA-ABT,GSM5652250_Pancreas-Beta-Z00000452,SAMPLE_VALID,Spearman,0.3597920965913292
iDNA-ABT,GSM5652250_Pancreas-Beta-Z00000452,SAMPLE_VALID,AUC,0.7450039581003813
iDNA-ABT,GSM5652250_Pancreas-Beta-Z00000452,SAMPLE_VALID,Accuracy,0.836552457731497
iDNA-ABT,GSM5652250_Pancreas-Beta-Z00000452,SAMPLE_VALID,MAE,0.2129641771316528
iDNA-ABT,GSM5652250_Pancreas-Beta-Z00000452,SAMPLE_TEST,Pearson,0.5171745131657924
iDNA-ABT,GSM5652250_Pancreas-Beta-Z00000452,SAMPLE_TEST,Spearman,0.4119440611490818
iDNA-ABT,GSM5652250_Pancreas-Beta-Z00000452,SAMPLE_TEST,AUC,0.7650870178846966
iDNA-ABT,GSM5652250_Pancreas-Beta-Z00000452,SAMPLE_TEST,Accuracy,0.8225205424829465
iDNA-ABT,GSM5652250_Pancreas-Beta-Z00000452,SAMPLE_TEST,MAE,0.2241283804178238
iDNA-ABT,GSM5652253_Pancreas-Alpha-Z00000453,SAMPLE_VALID,Pearson,0.4886630929646292
iDNA-ABT,GSM5652253_Pancreas-Alpha-Z00000453,SAMPLE_VALID,Spearman,0.3732929989332126
iDNA-ABT,GSM5652253_Pancreas-Alpha-Z00000453,SAMPLE_VALID,AUC,0.746620952650467
iDNA-ABT,GSM5652253_Pancreas-Alpha-Z00000453,SAMPLE_VALID,Accuracy,0.8334453028776173
iDNA-ABT,GSM5652253_Pancreas-Alpha-Z00000453,SAMPLE_VALID,MAE,0.2074170559644699
iDNA-ABT,GSM5652253_Pancreas-Alpha-Z00000453,SAMPLE_TEST,Pearson,0.5215725844403147
iDNA-ABT,GSM5652253_Pancreas-Alpha-Z00000453,SAMPLE_TEST,Spearman,0.4219201396261156
iDNA-ABT,GSM5652253_Pancreas-Alpha-Z00000453,SAMPLE_TEST,AUC,0.7686550500860025
iDNA-ABT,GSM5652253_Pancreas-Alpha-Z00000453,SAMPLE_TEST,Accuracy,0.8237310180811825
iDNA-ABT,GSM5652253_Pancreas-Alpha-Z00000453,SAMPLE_TEST,MAE,0.2199474275112152
iDNA-ABT,GSM5652264_Thyroid-Epithelial-Z0000042S,SAMPLE_VALID,Pearson,0.4792659026128607
iDNA-ABT,GSM5652264_Thyroid-Epithelial-Z0000042S,SAMPLE_VALID,Spearman,0.3598087382317751
iDNA-ABT,GSM5652264_Thyroid-Epithelial-Z0000042S,SAMPLE_VALID,AUC,0.7407659549868661
iDNA-ABT,GSM5652264_Thyroid-Epithelial-Z0000042S,SAMPLE_VALID,Accuracy,0.8230974508267085
iDNA-ABT,GSM5652264_Thyroid-Epithelial-Z0000042S,SAMPLE_VALID,MAE,0.2111049145460129
iDNA-ABT,GSM5652264_Thyroid-Epithelial-Z0000042S,SAMPLE_TEST,Pearson,0.5180511442549797
iDNA-ABT,GSM5652264_Thyroid-Epithelial-Z0000042S,SAMPLE_TEST,Spearman,0.4062690844017864
iDNA-ABT,GSM5652264_Thyroid-Epithelial-Z0000042S,SAMPLE_TEST,AUC,0.76645326544497
iDNA-ABT,GSM5652264_Thyroid-Epithelial-Z0000042S,SAMPLE_TEST,Accuracy,0.8173653405234002
iDNA-ABT,GSM5652264_Thyroid-Epithelial-Z0000042S,SAMPLE_TEST,MAE,0.2209448963403702
iDNA-ABT,GSM5652322_Tonsil-Palatine-Epithelial-Z000000QF,SAMPLE_VALID,Pearson,0.4212183318414328
iDNA-ABT,GSM5652322_Tonsil-Palatine-Epithelial-Z000000QF,SAMPLE_VALID,Spearman,0.3686207507777464
iDNA-ABT,GSM5652322_Tonsil-Palatine-Epithelial-Z000000QF,SAMPLE_VALID,AUC,0.6979159709517134
iDNA-ABT,GSM5652322_Tonsil-Palatine-Epithelial-Z000000QF,SAMPLE_VALID,Accuracy,0.7362557384391446
iDNA-ABT,GSM5652322_Tonsil-Palatine-Epithelial-Z000000QF,SAMPLE_VALID,MAE,0.2606117129325867
iDNA-ABT,GSM5652322_Tonsil-Palatine-Epithelial-Z000000QF,SAMPLE_TEST,Pearson,0.4639945360174166
iDNA-ABT,GSM5652322_Tonsil-Palatine-Epithelial-Z000000QF,SAMPLE_TEST,Spearman,0.4220117117641696
iDNA-ABT,GSM5652322_Tonsil-Palatine-Epithelial-Z000000QF,SAMPLE_TEST,AUC,0.7228098629367694
iDNA-ABT,GSM5652322_Tonsil-Palatine-Epithelial-Z000000QF,SAMPLE_TEST,Accuracy,0.7295227877965071
iDNA-ABT,GSM5652322_Tonsil-Palatine-Epithelial-Z000000QF,SAMPLE_TEST,MAE,0.2692539095878601
iDNA-ABT,GSM5652267_Fallopian-Epithelial-Z000000Q7,SAMPLE_VALID,Pearson,0.4493958958056019
iDNA-ABT,GSM5652267_Fallopian-Epithelial-Z000000Q7,SAMPLE_VALID,Spearman,0.3547700135215433
iDNA-ABT,GSM5652267_Fallopian-Epithelial-Z000000Q7,SAMPLE_VALID,AUC,0.7224605071013415
iDNA-ABT,GSM5652267_Fallopian-Epithelial-Z000000Q7,SAMPLE_VALID,Accuracy,0.7843373269137461
iDNA-ABT,GSM5652267_Fallopian-Epithelial-Z000000Q7,SAMPLE_VALID,MAE,0.2496725469827652
iDNA-ABT,GSM5652267_Fallopian-Epithelial-Z000000Q7,SAMPLE_TEST,Pearson,0.4995512778704964
iDNA-ABT,GSM5652267_Fallopian-Epithelial-Z000000Q7,SAMPLE_TEST,Spearman,0.4244752566262166
iDNA-ABT,GSM5652267_Fallopian-Epithelial-Z000000Q7,SAMPLE_TEST,AUC,0.7555080302220561
iDNA-ABT,GSM5652267_Fallopian-Epithelial-Z000000Q7,SAMPLE_TEST,Accuracy,0.7754971257138246
iDNA-ABT,GSM5652267_Fallopian-Epithelial-Z000000Q7,SAMPLE_TEST,MAE,0.2574498057365417
iDNA-ABT,GSM5652270_Ovary-Epithelial-Z000000QT,SAMPLE_VALID,Pearson,0.4009122643293955
iDNA-ABT,GSM5652270_Ovary-Epithelial-Z000000QT,SAMPLE_VALID,Spearman,0.3012749295371228
iDNA-ABT,GSM5652270_Ovary-Epithelial-Z000000QT,SAMPLE_VALID,AUC,0.6942043428384879
iDNA-ABT,GSM5652270_Ovary-Epithelial-Z000000QT,SAMPLE_VALID,Accuracy,0.7604504907998357
iDNA-ABT,GSM5652270_Ovary-Epithelial-Z000000QT,SAMPLE_VALID,MAE,0.2788704931735992
iDNA-ABT,GSM5652270_Ovary-Epithelial-Z000000QT,SAMPLE_TEST,Pearson,0.4682896183789766
iDNA-ABT,GSM5652270_Ovary-Epithelial-Z000000QT,SAMPLE_TEST,Spearman,0.3774196820871718
iDNA-ABT,GSM5652270_Ovary-Epithelial-Z000000QT,SAMPLE_TEST,AUC,0.73350447003137
iDNA-ABT,GSM5652270_Ovary-Epithelial-Z000000QT,SAMPLE_TEST,Accuracy,0.7534664698259289
iDNA-ABT,GSM5652270_Ovary-Epithelial-Z000000QT,SAMPLE_TEST,MAE,0.285698413848877
iDNA-ABT,GSM5652274_Bone_marrow-Erythrocyte_progenitors-Z000000RF,SAMPLE_VALID,Pearson,0.4503581617955259
iDNA-ABT,GSM5652274_Bone_marrow-Erythrocyte_progenitors-Z000000RF,SAMPLE_VALID,Spearman,0.4084296980453983
iDNA-ABT,GSM5652274_Bone_marrow-Erythrocyte_progenitors-Z000000RF,SAMPLE_VALID,AUC,0.7286961117264592
iDNA-ABT,GSM5652274_Bone_marrow-Erythrocyte_progenitors-Z000000RF,SAMPLE_VALID,Accuracy,0.7387470607994625
iDNA-ABT,GSM5652274_Bone_marrow-Erythrocyte_progenitors-Z000000RF,SAMPLE_VALID,MAE,0.1875934302806854
iDNA-ABT,GSM5652274_Bone_marrow-Erythrocyte_progenitors-Z000000RF,SAMPLE_TEST,Pearson,0.4890796218651598
iDNA-ABT,GSM5652274_Bone_marrow-Erythrocyte_progenitors-Z000000RF,SAMPLE_TEST,Spearman,0.4386948644660959
iDNA-ABT,GSM5652274_Bone_marrow-Erythrocyte_progenitors-Z000000RF,SAMPLE_TEST,AUC,0.7474873699388376
iDNA-ABT,GSM5652274_Bone_marrow-Erythrocyte_progenitors-Z000000RF,SAMPLE_TEST,Accuracy,0.7474283327241398
iDNA-ABT,GSM5652274_Bone_marrow-Erythrocyte_progenitors-Z000000RF,SAMPLE_TEST,MAE,0.1987200975418091
iDNA-ABT,GSM5652277_Blood-T-CD3-Z000000TV,SAMPLE_VALID,Pearson,0.3866390160415246
iDNA-ABT,GSM5652277_Blood-T-CD3-Z000000TV,SAMPLE_VALID,Spearman,0.1823493843381251
iDNA-ABT,GSM5652277_Blood-T-CD3-Z000000TV,SAMPLE_VALID,AUC,0.6816839495068406
iDNA-ABT,GSM5652277_Blood-T-CD3-Z000000TV,SAMPLE_VALID,Accuracy,0.8319430448251409
iDNA-ABT,GSM5652277_Blood-T-CD3-Z000000TV,SAMPLE_VALID,MAE,0.2184791266918182
iDNA-ABT,GSM5652277_Blood-T-CD3-Z000000TV,SAMPLE_TEST,Pearson,0.45861776436893
iDNA-ABT,GSM5652277_Blood-T-CD3-Z000000TV,SAMPLE_TEST,Spearman,0.2539560435823665
iDNA-ABT,GSM5652277_Blood-T-CD3-Z000000TV,SAMPLE_TEST,AUC,0.7264319913600332
iDNA-ABT,GSM5652277_Blood-T-CD3-Z000000TV,SAMPLE_TEST,Accuracy,0.825776959190358
iDNA-ABT,GSM5652277_Blood-T-CD3-Z000000TV,SAMPLE_TEST,MAE,0.2304894924163818
iDNA-ABT,GSM5652299_Blood-NK-Z000000TM,SAMPLE_VALID,Pearson,0.3985056039203754
iDNA-ABT,GSM5652299_Blood-NK-Z000000TM,SAMPLE_VALID,Spearman,0.2432344174019311
iDNA-ABT,GSM5652299_Blood-NK-Z000000TM,SAMPLE_VALID,AUC,0.7006501928219137
iDNA-ABT,GSM5652299_Blood-NK-Z000000TM,SAMPLE_VALID,Accuracy,0.8322043070951368
iDNA-ABT,GSM5652299_Blood-NK-Z000000TM,SAMPLE_VALID,MAE,0.2065626382827759
iDNA-ABT,GSM5652299_Blood-NK-Z000000TM,SAMPLE_TEST,Pearson,0.4748897867738573
iDNA-ABT,GSM5652299_Blood-NK-Z000000TM,SAMPLE_TEST,Spearman,0.309509136574861
iDNA-ABT,GSM5652299_Blood-NK-Z000000TM,SAMPLE_TEST,AUC,0.7459278215294575
iDNA-ABT,GSM5652299_Blood-NK-Z000000TM,SAMPLE_TEST,Accuracy,0.8286726066998638
iDNA-ABT,GSM5652299_Blood-NK-Z000000TM,SAMPLE_TEST,MAE,0.2136669307947159
iDNA-ABT,GSM5652302_Blood-Monocytes-Z000000TP,SAMPLE_VALID,Pearson,0.3717778988685293
iDNA-ABT,GSM5652302_Blood-Monocytes-Z000000TP,SAMPLE_VALID,Spearman,0.1432083807607315
iDNA-ABT,GSM5652302_Blood-Monocytes-Z000000TP,SAMPLE_VALID,AUC,0.670285945913092
iDNA-ABT,GSM5652302_Blood-Monocytes-Z000000TP,SAMPLE_VALID,Accuracy,0.8160900235136043
iDNA-ABT,GSM5652302_Blood-Monocytes-Z000000TP,SAMPLE_VALID,MAE,0.2321369647979736
iDNA-ABT,GSM5652302_Blood-Monocytes-Z000000TP,SAMPLE_TEST,Pearson,0.4465068170707497
iDNA-ABT,GSM5652302_Blood-Monocytes-Z000000TP,SAMPLE_TEST,Spearman,0.224117345360361
iDNA-ABT,GSM5652302_Blood-Monocytes-Z000000TP,SAMPLE_TEST,AUC,0.7181809385399818
iDNA-ABT,GSM5652302_Blood-Monocytes-Z000000TP,SAMPLE_TEST,Accuracy,0.8089299870407907
iDNA-ABT,GSM5652302_Blood-Monocytes-Z000000TP,SAMPLE_TEST,MAE,0.2431339621543884
iDNA-ABT,GSM5652313_Blood-Granulocytes-Z000000TZ,SAMPLE_VALID,Pearson,0.4466471264958971
iDNA-ABT,GSM5652313_Blood-Granulocytes-Z000000TZ,SAMPLE_VALID,Spearman,0.3115836871095946
iDNA-ABT,GSM5652313_Blood-Granulocytes-Z000000TZ,SAMPLE_VALID,AUC,0.7305177790729189
iDNA-ABT,GSM5652313_Blood-Granulocytes-Z000000TZ,SAMPLE_VALID,Accuracy,0.826577837494868
iDNA-ABT,GSM5652313_Blood-Granulocytes-Z000000TZ,SAMPLE_VALID,MAE,0.2147689759731293
iDNA-ABT,GSM5652313_Blood-Granulocytes-Z000000TZ,SAMPLE_TEST,Pearson,0.5100218752831167
iDNA-ABT,GSM5652313_Blood-Granulocytes-Z000000TZ,SAMPLE_TEST,Spearman,0.3739019935321719
iDNA-ABT,GSM5652313_Blood-Granulocytes-Z000000TZ,SAMPLE_TEST,AUC,0.7669182652311504
iDNA-ABT,GSM5652313_Blood-Granulocytes-Z000000TZ,SAMPLE_TEST,Accuracy,0.8248465544168119
iDNA-ABT,GSM5652313_Blood-Granulocytes-Z000000TZ,SAMPLE_TEST,MAE,0.2214164584875107
iDNA-ABT,GSM5652317_Blood-B-Z000000UB,SAMPLE_VALID,Pearson,0.4023477546448462
iDNA-ABT,GSM5652317_Blood-B-Z000000UB,SAMPLE_VALID,Spearman,0.2573909614022378
iDNA-ABT,GSM5652317_Blood-B-Z000000UB,SAMPLE_VALID,AUC,0.707525415322909
iDNA-ABT,GSM5652317_Blood-B-Z000000UB,SAMPLE_VALID,Accuracy,0.8213432612995932
iDNA-ABT,GSM5652317_Blood-B-Z000000UB,SAMPLE_VALID,MAE,0.2128537893295288
iDNA-ABT,GSM5652317_Blood-B-Z000000UB,SAMPLE_TEST,Pearson,0.4758440792248185
iDNA-ABT,GSM5652317_Blood-B-Z000000UB,SAMPLE_TEST,Spearman,0.3155739405034419
iDNA-ABT,GSM5652317_Blood-B-Z000000UB,SAMPLE_TEST,AUC,0.7462879130109158
iDNA-ABT,GSM5652317_Blood-B-Z000000UB,SAMPLE_TEST,Accuracy,0.8196296419365711
iDNA-ABT,GSM5652317_Blood-B-Z000000UB,SAMPLE_TEST,MAE,0.2215549945831299
iDNA-ABT,GSM5652370_Colon-Right-Epithelial-Z000000V0,SAMPLE_VALID,Pearson,0.4011184319077384
iDNA-ABT,GSM5652370_Colon-Right-Epithelial-Z000000V0,SAMPLE_VALID,Spearman,0.3242381520758433
iDNA-ABT,GSM5652370_Colon-Right-Epithelial-Z000000V0,SAMPLE_VALID,AUC,0.6926958466948149
iDNA-ABT,GSM5652370_Colon-Right-Epithelial-Z000000V0,SAMPLE_VALID,Accuracy,0.7856809614451535
iDNA-ABT,GSM5652370_Colon-Right-Epithelial-Z000000V0,SAMPLE_VALID,MAE,0.2492344528436661
iDNA-ABT,GSM5652370_Colon-Right-Epithelial-Z000000V0,SAMPLE_TEST,Pearson,0.4546362682575694
iDNA-ABT,GSM5652370_Colon-Right-Epithelial-Z000000V0,SAMPLE_TEST,Spearman,0.3852123107672034
iDNA-ABT,GSM5652370_Colon-Right-Epithelial-Z000000V0,SAMPLE_TEST,AUC,0.7232214539973998
iDNA-ABT,GSM5652370_Colon-Right-Epithelial-Z000000V0,SAMPLE_TEST,Accuracy,0.7643749910994442
iDNA-ABT,GSM5652370_Colon-Right-Epithelial-Z000000V0,SAMPLE_TEST,MAE,0.2625610828399658
iDNA-ABT,GSM5652378_Small-int-Epithelial-Z0000042V,SAMPLE_VALID,Pearson,0.3827512050445844
iDNA-ABT,GSM5652378_Small-int-Epithelial-Z0000042V,SAMPLE_VALID,Spearman,0.290955545561248
iDNA-ABT,GSM5652378_Small-int-Epithelial-Z0000042V,SAMPLE_VALID,AUC,0.6833571797100237
iDNA-ABT,GSM5652378_Small-int-Epithelial-Z0000042V,SAMPLE_VALID,Accuracy,0.7787948344716904
iDNA-ABT,GSM5652378_Small-int-Epithelial-Z0000042V,SAMPLE_VALID,MAE,0.2501642107963562
iDNA-ABT,GSM5652378_Small-int-Epithelial-Z0000042V,SAMPLE_TEST,Pearson,0.4425635442460217
iDNA-ABT,GSM5652378_Small-int-Epithelial-Z0000042V,SAMPLE_TEST,Spearman,0.3617580464483945
iDNA-ABT,GSM5652378_Small-int-Epithelial-Z0000042V,SAMPLE_TEST,AUC,0.7155344466060978
iDNA-ABT,GSM5652378_Small-int-Epithelial-Z0000042V,SAMPLE_TEST,Accuracy,0.7560108420637897
iDNA-ABT,GSM5652378_Small-int-Epithelial-Z0000042V,SAMPLE_TEST,MAE,0.2664852142333984
CpGenie,Adipocytes,VALID,Pearson,0.7324321379836359
CpGenie,Adipocytes,VALID,Spearman,0.5865571418675235
CpGenie,Adipocytes,VALID,AUC,0.8665998450475538
CpGenie,Adipocytes,VALID,Accuracy,0.8874825509927704
CpGenie,Adipocytes,VALID,MAE,0.1332075620660869
CpGenie,Adipocytes,TEST,Pearson,0.7306163031591787
CpGenie,Adipocytes,TEST,Spearman,0.5859477027138854
CpGenie,Adipocytes,TEST,AUC,0.8680764391394217
CpGenie,Adipocytes,TEST,Accuracy,0.8888068771942916
CpGenie,Adipocytes,TEST,MAE,0.1321463598110386
CpGenie,Adipocytes,cell type specific,Pearson,-0.06526119623167018
CpGenie,Adipocytes,cell type specific,Spearman,-0.06847751140475306
CpGenie,Adipocytes,cell type specific,AUC,0.5828908554572271
CpGenie,Adipocytes,cell type specific,Accuracy,0.171875
CpGenie,Adipocytes,cell type specific,MAE,0.4169386625289917
CpGenie,Aorta-Endothel,VALID,Pearson,0.6761024139038869
CpGenie,Aorta-Endothel,VALID,Spearman,0.5544940963730104
CpGenie,Aorta-Endothel,VALID,AUC,0.843162643813179
CpGenie,Aorta-Endothel,VALID,Accuracy,0.855142794225739
CpGenie,Aorta-Endothel,VALID,MAE,0.1574747938411632
CpGenie,Aorta-Endothel,TEST,Pearson,0.6764692403089402
CpGenie,Aorta-Endothel,TEST,Spearman,0.5513474749346577
CpGenie,Aorta-Endothel,TEST,AUC,0.8408879826259654
CpGenie,Aorta-Endothel,TEST,Accuracy,0.8535285642784919
CpGenie,Aorta-Endothel,TEST,MAE,0.1569767227971312
CpGenie,Aorta-Endothel,cell type specific,Pearson,0.3804054780737949
CpGenie,Aorta-Endothel,cell type specific,Spearman,0.3528153907709515
CpGenie,Aorta-Endothel,cell type specific,AUC,0.723447612866658
CpGenie,Aorta-Endothel,cell type specific,Accuracy,0.6468654311039485
CpGenie,Aorta-Endothel,cell type specific,MAE,0.2606883645057678
CpGenie,Aorta-Smooth-Muscle,VALID,Pearson,0.6459480087551905
CpGenie,Aorta-Smooth-Muscle,VALID,Spearman,0.5805612919502655
CpGenie,Aorta-Smooth-Muscle,VALID,AUC,0.8121309060357034
CpGenie,Aorta-Smooth-Muscle,VALID,Accuracy,0.7733177406220838
CpGenie,Aorta-Smooth-Muscle,VALID,MAE,0.1746891465971039
CpGenie,Aorta-Smooth-Muscle,TEST,Pearson,0.6437339435963451
CpGenie,Aorta-Smooth-Muscle,TEST,Spearman,0.5788139818972218
CpGenie,Aorta-Smooth-Muscle,TEST,AUC,0.8089102637455786
CpGenie,Aorta-Smooth-Muscle,TEST,Accuracy,0.7669532073537029
CpGenie,Aorta-Smooth-Muscle,TEST,MAE,0.1735019718475333
CpGenie,Aorta-Smooth-Muscle,cell type specific,Pearson,0.3345357835777039
CpGenie,Aorta-Smooth-Muscle,cell type specific,Spearman,0.3525254667055701
CpGenie,Aorta-Smooth-Muscle,cell type specific,AUC,0.6440261900067206
CpGenie,Aorta-Smooth-Muscle,cell type specific,Accuracy,0.394928308319888
CpGenie,Aorta-Smooth-Muscle,cell type specific,MAE,0.2341032028198242
CpGenie,Bladder-Epithelial,VALID,Pearson,0.6681545484412851
CpGenie,Bladder-Epithelial,VALID,Spearman,0.5353356756894034
CpGenie,Bladder-Epithelial,VALID,AUC,0.8421817343294172
CpGenie,Bladder-Epithelial,VALID,Accuracy,0.8587043114313572
CpGenie,Bladder-Epithelial,VALID,MAE,0.1618393801767903
CpGenie,Bladder-Epithelial,TEST,Pearson,0.6645644681970942
CpGenie,Bladder-Epithelial,TEST,Spearman,0.5327722516184746
CpGenie,Bladder-Epithelial,TEST,AUC,0.8401132637728097
CpGenie,Bladder-Epithelial,TEST,Accuracy,0.8572345193325048
CpGenie,Bladder-Epithelial,TEST,MAE,0.1620230416207692
CpGenie,Bladder-Epithelial,cell type specific,Pearson,0.126129724007207
CpGenie,Bladder-Epithelial,cell type specific,Spearman,0.163582972700775
CpGenie,Bladder-Epithelial,cell type specific,AUC,0.5781025076144983
CpGenie,Bladder-Epithelial,cell type specific,Accuracy,0.2197500269367525
CpGenie,Bladder-Epithelial,cell type specific,MAE,0.5066379308700562
CpGenie,Blood-B,VALID,Pearson,0.6857276900785508
CpGenie,Blood-B,VALID,Spearman,0.4764769869669889
CpGenie,Blood-B,VALID,AUC,0.8538896158891768
CpGenie,Blood-B,VALID,Accuracy,0.9037736603927914
CpGenie,Blood-B,VALID,MAE,0.1323121453830053
CpGenie,Blood-B,TEST,Pearson,0.6817892532764978
CpGenie,Blood-B,TEST,Spearman,0.4690597378932757
CpGenie,Blood-B,TEST,AUC,0.8516975445294739
CpGenie,Blood-B,TEST,Accuracy,0.903424540649667
CpGenie,Blood-B,TEST,MAE,0.1331650765594636
CpGenie,Blood-B,cell type specific,Pearson,0.07796186501841366
CpGenie,Blood-B,cell type specific,Spearman,0.0364358178002713
CpGenie,Blood-B,cell type specific,AUC,0.5774830879973982
CpGenie,Blood-B,cell type specific,Accuracy,0.2167822156778534
CpGenie,Blood-B,cell type specific,MAE,0.5900702476501465
CpGenie,Blood-Granulocytes,VALID,Pearson,0.7028541760003851
CpGenie,Blood-Granulocytes,VALID,Spearman,0.4634862263249743
CpGenie,Blood-Granulocytes,VALID,AUC,0.8698214130565214
CpGenie,Blood-Granulocytes,VALID,Accuracy,0.9097304340453635
CpGenie,Blood-Granulocytes,VALID,MAE,0.1280965241898284
CpGenie,Blood-Granulocytes,TEST,Pearson,0.7114056396779109
CpGenie,Blood-Granulocytes,TEST,Spearman,0.4572042050967927
CpGenie,Blood-Granulocytes,TEST,AUC,0.8701977306555748
CpGenie,Blood-Granulocytes,TEST,Accuracy,0.9131477414906409
CpGenie,Blood-Granulocytes,TEST,MAE,0.1259175792541777
CpGenie,Blood-Granulocytes,cell type specific,Pearson,0.1626817853263659
CpGenie,Blood-Granulocytes,cell type specific,Spearman,0.1631863760491207
CpGenie,Blood-Granulocytes,cell type specific,AUC,0.6233108165567786
CpGenie,Blood-Granulocytes,cell type specific,Accuracy,0.2476791829140357
CpGenie,Blood-Granulocytes,cell type specific,MAE,0.5729607939720154
CpGenie,Blood-Monocytes,VALID,Pearson,0.7042695379646796
CpGenie,Blood-Monocytes,VALID,Spearman,0.4417195935305399
CpGenie,Blood-Monocytes,VALID,AUC,0.8699929987078061
CpGenie,Blood-Monocytes,VALID,Accuracy,0.9107941724110462
CpGenie,Blood-Monocytes,VALID,MAE,0.1286938097009359
CpGenie,Blood-Monocytes,TEST,Pearson,0.7042505903927558
CpGenie,Blood-Monocytes,TEST,Spearman,0.4342137584062137
CpGenie,Blood-Monocytes,TEST,AUC,0.8686602332888056
CpGenie,Blood-Monocytes,TEST,Accuracy,0.9130770090306065
CpGenie,Blood-Monocytes,TEST,MAE,0.1279096960754521
CpGenie,Blood-Monocytes,cell type specific,Pearson,0.1008022724218336
CpGenie,Blood-Monocytes,cell type specific,Spearman,0.09278487258307304
CpGenie,Blood-Monocytes,cell type specific,AUC,0.5984959997547151
CpGenie,Blood-Monocytes,cell type specific,Accuracy,0.2049143304525882
CpGenie,Blood-Monocytes,cell type specific,MAE,0.571847140789032
CpGenie,Blood-NK,VALID,Pearson,0.7207536819991154
CpGenie,Blood-NK,VALID,Spearman,0.4716562169356107
CpGenie,Blood-NK,VALID,AUC,0.8747934464061692
CpGenie,Blood-NK,VALID,Accuracy,0.9190827189609718
CpGenie,Blood-NK,VALID,MAE,0.1145518686090957
CpGenie,Blood-NK,TEST,Pearson,0.7266589301211415
CpGenie,Blood-NK,TEST,Spearman,0.4618957473570403
CpGenie,Blood-NK,TEST,AUC,0.8734643102462243
CpGenie,Blood-NK,TEST,Accuracy,0.9228540937354214
CpGenie,Blood-NK,TEST,MAE,0.1132095017898958
CpGenie,Blood-NK,cell type specific,Pearson,0.302477563594318
CpGenie,Blood-NK,cell type specific,Spearman,0.4510369204972565
CpGenie,Blood-NK,cell type specific,AUC,0.5599144228861043
CpGenie,Blood-NK,cell type specific,Accuracy,0.3022281857363585
CpGenie,Blood-NK,cell type specific,MAE,0.5214815735816956
CpGenie,Blood-T-CD3,VALID,Pearson,0.6967315356000904
CpGenie,Blood-T-CD3,VALID,Spearman,0.530338145825819
CpGenie,Blood-T-CD3,VALID,AUC,0.861397311342446
CpGenie,Blood-T-CD3,VALID,Accuracy,0.8961243790117107
CpGenie,Blood-T-CD3,VALID,MAE,0.1338997412629307
CpGenie,Blood-T-CD3,TEST,Pearson,0.6927382684338734
CpGenie,Blood-T-CD3,TEST,Spearman,0.5234652851582406
CpGenie,Blood-T-CD3,TEST,AUC,0.8587339564292424
CpGenie,Blood-T-CD3,TEST,Accuracy,0.8961557357910508
CpGenie,Blood-T-CD3,TEST,MAE,0.1344765226897067
CpGenie,Blood-T-CD3,cell type specific,Pearson,-0.06117319421711234
CpGenie,Blood-T-CD3,cell type specific,Spearman,-0.05175359027880801
CpGenie,Blood-T-CD3,cell type specific,AUC,0.3278260136579985
CpGenie,Blood-T-CD3,cell type specific,Accuracy,0.1164441985383959
CpGenie,Blood-T-CD3,cell type specific,MAE,0.6499825119972229
CpGenie,Bone-Osteoblasts,VALID,Pearson,0.674386243651429
CpGenie,Bone-Osteoblasts,VALID,Spearman,0.6047416751521172
CpGenie,Bone-Osteoblasts,VALID,AUC,0.8323934584626853
CpGenie,Bone-Osteoblasts,VALID,Accuracy,0.7968352293097575
CpGenie,Bone-Osteoblasts,VALID,MAE,0.1802367410243889
CpGenie,Bone-Osteoblasts,TEST,Pearson,0.6733412060493081
CpGenie,Bone-Osteoblasts,TEST,Spearman,0.6016909620377884
CpGenie,Bone-Osteoblasts,TEST,AUC,0.8318273469961769
CpGenie,Bone-Osteoblasts,TEST,Accuracy,0.795715620417382
CpGenie,Bone-Osteoblasts,TEST,MAE,0.1798877584396704
CpGenie,Bone-Osteoblasts,cell type specific,Pearson,0.2005410434579549
CpGenie,Bone-Osteoblasts,cell type specific,Spearman,0.2084188039577707
CpGenie,Bone-Osteoblasts,cell type specific,AUC,0.7021903675259107
CpGenie,Bone-Osteoblasts,cell type specific,Accuracy,0.4153295403694943
CpGenie,Bone-Osteoblasts,cell type specific,MAE,0.3872071504592896
CpGenie,Bone_marrow-Erythrocyte_progenitors,VALID,Pearson,0.6802754462171212
CpGenie,Bone_marrow-Erythrocyte_progenitors,VALID,Spearman,0.6179623751838306
CpGenie,Bone_marrow-Erythrocyte_progenitors,VALID,AUC,0.824390666537169
CpGenie,Bone_marrow-Erythrocyte_progenitors,VALID,Accuracy,0.7817380488257681
CpGenie,Bone_marrow-Erythrocyte_progenitors,VALID,MAE,0.1287905968971919
CpGenie,Bone_marrow-Erythrocyte_progenitors,TEST,Pearson,0.6739381406215195
CpGenie,Bone_marrow-Erythrocyte_progenitors,TEST,Spearman,0.6139886734907212
CpGenie,Bone_marrow-Erythrocyte_progenitors,TEST,AUC,0.821656674979592
CpGenie,Bone_marrow-Erythrocyte_progenitors,TEST,Accuracy,0.7759726589753183
CpGenie,Bone_marrow-Erythrocyte_progenitors,TEST,MAE,0.1308046094841886
CpGenie,Bone_marrow-Erythrocyte_progenitors,cell type specific,Pearson,0.2000284460608796
CpGenie,Bone_marrow-Erythrocyte_progenitors,cell type specific,Spearman,0.212995962886636
CpGenie,Bone_marrow-Erythrocyte_progenitors,cell type specific,AUC,0.6381524187124222
CpGenie,Bone_marrow-Erythrocyte_progenitors,cell type specific,Accuracy,0.3406529147258686
CpGenie,Bone_marrow-Erythrocyte_progenitors,cell type specific,MAE,0.4406230449676514
CpGenie,Breast-Basal-Epithelial,VALID,Pearson,0.6832801657237924
CpGenie,Breast-Basal-Epithelial,VALID,Spearman,0.455818864347782
CpGenie,Breast-Basal-Epithelial,VALID,AUC,0.8591289078370983
CpGenie,Breast-Basal-Epithelial,VALID,Accuracy,0.8959635835748484
CpGenie,Breast-Basal-Epithelial,VALID,MAE,0.1428241426816366
CpGenie,Breast-Basal-Epithelial,TEST,Pearson,0.6857417627461968
CpGenie,Breast-Basal-Epithelial,TEST,Spearman,0.4512340748770002
CpGenie,Breast-Basal-Epithelial,TEST,AUC,0.8588991056446352
CpGenie,Breast-Basal-Epithelial,TEST,Accuracy,0.8971291021735877
CpGenie,Breast-Basal-Epithelial,TEST,MAE,0.1417689563792273
CpGenie,Breast-Basal-Epithelial,cell type specific,Pearson,0.03646901645599074
CpGenie,Breast-Basal-Epithelial,cell type specific,Spearman,0.1227146167461715
CpGenie,Breast-Basal-Epithelial,cell type specific,AUC,0.5929746075697299
CpGenie,Breast-Basal-Epithelial,cell type specific,Accuracy,0.3158052524283487
CpGenie,Breast-Basal-Epithelial,cell type specific,MAE,0.4766057431697845
CpGenie,Breast-Luminal-Epithelial,VALID,Pearson,0.6973139311162996
CpGenie,Breast-Luminal-Epithelial,VALID,Spearman,0.4954038830045687
CpGenie,Breast-Luminal-Epithelial,VALID,AUC,0.8618976061743103
CpGenie,Breast-Luminal-Epithelial,VALID,Accuracy,0.8900636196962538
CpGenie,Breast-Luminal-Epithelial,VALID,MAE,0.1452466731127123
CpGenie,Breast-Luminal-Epithelial,TEST,Pearson,0.6967735104899445
CpGenie,Breast-Luminal-Epithelial,TEST,Spearman,0.4908849230325122
CpGenie,Breast-Luminal-Epithelial,TEST,AUC,0.8611694493848251
CpGenie,Breast-Luminal-Epithelial,TEST,Accuracy,0.8911031034273337
CpGenie,Breast-Luminal-Epithelial,TEST,MAE,0.144009931604254
CpGenie,Breast-Luminal-Epithelial,cell type specific,Pearson,0.129070069455471
CpGenie,Breast-Luminal-Epithelial,cell type specific,Spearman,0.1108931530201652
CpGenie,Breast-Luminal-Epithelial,cell type specific,AUC,0.5686522958245039
CpGenie,Breast-Luminal-Epithelial,cell type specific,Accuracy,0.3467970968759861
CpGenie,Breast-Luminal-Epithelial,cell type specific,MAE,0.4403403997421265
CpGenie,Colon-Fibroblasts,VALID,Pearson,0.7233158219673123
CpGenie,Colon-Fibroblasts,VALID,Spearman,0.5939551322029546
CpGenie,Colon-Fibroblasts,VALID,AUC,0.8674684373926386
CpGenie,Colon-Fibroblasts,VALID,Accuracy,0.8868380601829691
CpGenie,Colon-Fibroblasts,VALID,MAE,0.1283139874606664
CpGenie,Colon-Fibroblasts,TEST,Pearson,0.7258844631598792
CpGenie,Colon-Fibroblasts,TEST,Spearman,0.591019518240001
CpGenie,Colon-Fibroblasts,TEST,AUC,0.8673521564743936
CpGenie,Colon-Fibroblasts,TEST,Accuracy,0.8865587268028178
CpGenie,Colon-Fibroblasts,TEST,MAE,0.127948669431309
CpGenie,Colon-Fibroblasts,cell type specific,Pearson,0.3041283207474234
CpGenie,Colon-Fibroblasts,cell type specific,Spearman,0.2723040122071751
CpGenie,Colon-Fibroblasts,cell type specific,AUC,0.6817063729897113
CpGenie,Colon-Fibroblasts,cell type specific,Accuracy,0.3745432399512789
CpGenie,Colon-Fibroblasts,cell type specific,MAE,0.2676888704299927
CpGenie,Colon-Right-Epithelial,VALID,Pearson,0.6692499575645416
CpGenie,Colon-Right-Epithelial,VALID,Spearman,0.4943431873622819
CpGenie,Colon-Right-Epithelial,VALID,AUC,0.8466015563175427
CpGenie,Colon-Right-Epithelial,VALID,Accuracy,0.8783372067607292
CpGenie,Colon-Right-Epithelial,VALID,MAE,0.1582991360803631
CpGenie,Colon-Right-Epithelial,TEST,Pearson,0.663157129774299
CpGenie,Colon-Right-Epithelial,TEST,Spearman,0.494509174163603
CpGenie,Colon-Right-Epithelial,TEST,AUC,0.8431378757628756
CpGenie,Colon-Right-Epithelial,TEST,Accuracy,0.8737990284912457
CpGenie,Colon-Right-Epithelial,TEST,MAE,0.1601206050342047
CpGenie,Colon-Right-Epithelial,cell type specific,Pearson,0.1540324270576416
CpGenie,Colon-Right-Epithelial,cell type specific,Spearman,0.159259134165646
CpGenie,Colon-Right-Epithelial,cell type specific,AUC,0.6876541578576463
CpGenie,Colon-Right-Epithelial,cell type specific,Accuracy,0.3186409838122726
CpGenie,Colon-Right-Epithelial,cell type specific,MAE,0.530823290348053
CpGenie,Cortex-Neuron,VALID,Pearson,0.708176105006315
CpGenie,Cortex-Neuron,VALID,Spearman,0.4959717168431059
CpGenie,Cortex-Neuron,VALID,AUC,0.8818735819778389
CpGenie,Cortex-Neuron,VALID,Accuracy,0.9253202877032638
CpGenie,Cortex-Neuron,VALID,MAE,0.1230851436284114
CpGenie,Cortex-Neuron,TEST,Pearson,0.6538400239395882
CpGenie,Cortex-Neuron,TEST,Spearman,0.485499086222432
CpGenie,Cortex-Neuron,TEST,AUC,0.8712003053765761
CpGenie,Cortex-Neuron,TEST,Accuracy,0.9217297299037751
CpGenie,Cortex-Neuron,TEST,MAE,0.1301031310087913
CpGenie,Cortex-Neuron,cell type specific,Pearson,0.3639037031465857
CpGenie,Cortex-Neuron,cell type specific,Spearman,0.3452492215325513
CpGenie,Cortex-Neuron,cell type specific,AUC,0.6958539876992068
CpGenie,Cortex-Neuron,cell type specific,Accuracy,0.5673941080296122
CpGenie,Cortex-Neuron,cell type specific,MAE,0.2535330057144165
CpGenie,Dermal-Fibroblasts,VALID,Pearson,0.685078189832723
CpGenie,Dermal-Fibroblasts,VALID,Spearman,0.5667551872346118
CpGenie,Dermal-Fibroblasts,VALID,AUC,0.8456050607224649
CpGenie,Dermal-Fibroblasts,VALID,Accuracy,0.862093680830293
CpGenie,Dermal-Fibroblasts,VALID,MAE,0.1511605854438034
CpGenie,Dermal-Fibroblasts,TEST,Pearson,0.6864614683713945
CpGenie,Dermal-Fibroblasts,TEST,Spearman,0.5652474336845121
CpGenie,Dermal-Fibroblasts,TEST,AUC,0.8434921587829234
CpGenie,Dermal-Fibroblasts,TEST,Accuracy,0.8603422136463873
CpGenie,Dermal-Fibroblasts,TEST,MAE,0.1507075856600481
CpGenie,Dermal-Fibroblasts,cell type specific,Pearson,0.1187247317543408
CpGenie,Dermal-Fibroblasts,cell type specific,Spearman,0.1016335074023142
CpGenie,Dermal-Fibroblasts,cell type specific,AUC,0.598290228979619
CpGenie,Dermal-Fibroblasts,cell type specific,Accuracy,0.2740812379110251
CpGenie,Dermal-Fibroblasts,cell type specific,MAE,0.4175089299678802
CpGenie,Epidermal-Keratinocytes,VALID,Pearson,0.6758771516924
CpGenie,Epidermal-Keratinocytes,VALID,Spearman,0.5224377046522685
CpGenie,Epidermal-Keratinocytes,VALID,AUC,0.8512631258674939
CpGenie,Epidermal-Keratinocytes,VALID,Accuracy,0.8728604973969091
CpGenie,Epidermal-Keratinocytes,VALID,MAE,0.1505105827741119
CpGenie,Epidermal-Keratinocytes,TEST,Pearson,0.6857021857102235
CpGenie,Epidermal-Keratinocytes,TEST,Spearman,0.5221796392747758
CpGenie,Epidermal-Keratinocytes,TEST,AUC,0.8532122176323886
CpGenie,Epidermal-Keratinocytes,TEST,Accuracy,0.8748342948821832
CpGenie,Epidermal-Keratinocytes,TEST,MAE,0.148729899803769
CpGenie,Epidermal-Keratinocytes,cell type specific,Pearson,0.08589139215358957
CpGenie,Epidermal-Keratinocytes,cell type specific,Spearman,0.08464899237816899
CpGenie,Epidermal-Keratinocytes,cell type specific,AUC,0.5883851747343953
CpGenie,Epidermal-Keratinocytes,cell type specific,Accuracy,0.3243440732537163
CpGenie,Epidermal-Keratinocytes,cell type specific,MAE,0.4498612582683563
CpGenie,Fallopian-Epithelial,VALID,Pearson,0.6843916520064756
CpGenie,Fallopian-Epithelial,VALID,Spearman,0.5016925819464053
CpGenie,Fallopian-Epithelial,VALID,AUC,0.859372679756427
CpGenie,Fallopian-Epithelial,VALID,Accuracy,0.8778855056331728
CpGenie,Fallopian-Epithelial,VALID,MAE,0.1561525842465621
CpGenie,Fallopian-Epithelial,TEST,Pearson,0.6922510653390903
CpGenie,Fallopian-Epithelial,TEST,Spearman,0.503675033727231
CpGenie,Fallopian-Epithelial,TEST,AUC,0.8596721262422677
CpGenie,Fallopian-Epithelial,TEST,Accuracy,0.8799160268354658
CpGenie,Fallopian-Epithelial,TEST,MAE,0.1536731330281693
CpGenie,Fallopian-Epithelial,cell type specific,Pearson,0.1541713904315686
CpGenie,Fallopian-Epithelial,cell type specific,Spearman,0.03958905953806442
CpGenie,Fallopian-Epithelial,cell type specific,AUC,0.659984008977526
CpGenie,Fallopian-Epithelial,cell type specific,Accuracy,0.2626948564215841
CpGenie,Fallopian-Epithelial,cell type specific,MAE,0.5420767068862915
CpGenie,Gallbladder-Epithelial,VALID,Pearson,0.6858877282278713
CpGenie,Gallbladder-Epithelial,VALID,Spearman,0.4951882183942387
CpGenie,Gallbladder-Epithelial,VALID,AUC,0.8578839992645438
CpGenie,Gallbladder-Epithelial,VALID,Accuracy,0.8836019600216855
CpGenie,Gallbladder-Epithelial,VALID,MAE,0.1514023356604097
CpGenie,Gallbladder-Epithelial,TEST,Pearson,0.6820375736064971
CpGenie,Gallbladder-Epithelial,TEST,Spearman,0.4932360753723894
CpGenie,Gallbladder-Epithelial,TEST,AUC,0.8575042868351809
CpGenie,Gallbladder-Epithelial,TEST,Accuracy,0.8821465033956652
CpGenie,Gallbladder-Epithelial,TEST,MAE,0.151197926273964
CpGenie,Gallbladder-Epithelial,cell type specific,Pearson,-0.01144454495808739
CpGenie,Gallbladder-Epithelial,cell type specific,Spearman,0.04948653217665272
CpGenie,Gallbladder-Epithelial,cell type specific,AUC,0.4982209869746252
CpGenie,Gallbladder-Epithelial,cell type specific,Accuracy,0.2486049644025399
CpGenie,Gallbladder-Epithelial,cell type specific,MAE,0.5832482576370239
CpGenie,Gastric-fundus-Epithelial,VALID,Pearson,0.6819826438592035
CpGenie,Gastric-fundus-Epithelial,VALID,Spearman,0.5519421102572138
CpGenie,Gastric-fundus-Epithelial,VALID,AUC,0.8488870805464974
CpGenie,Gastric-fundus-Epithelial,VALID,Accuracy,0.8673861121556167
CpGenie,Gastric-fundus-Epithelial,VALID,MAE,0.1547428223839791
CpGenie,Gastric-fundus-Epithelial,TEST,Pearson,0.6807018263612228
CpGenie,Gastric-fundus-Epithelial,TEST,Spearman,0.543363297413452
CpGenie,Gastric-fundus-Epithelial,TEST,AUC,0.8457362995434524
CpGenie,Gastric-fundus-Epithelial,TEST,Accuracy,0.8647385118086937
CpGenie,Gastric-fundus-Epithelial,TEST,MAE,0.1559882713726621
CpGenie,Gastric-fundus-Epithelial,cell type specific,Pearson,0.1256120959769816
CpGenie,Gastric-fundus-Epithelial,cell type specific,Spearman,0.1703590677661566
CpGenie,Gastric-fundus-Epithelial,cell type specific,AUC,0.5740152506541113
CpGenie,Gastric-fundus-Epithelial,cell type specific,Accuracy,0.213174780304087
CpGenie,Gastric-fundus-Epithelial,cell type specific,MAE,0.5207135081291199
CpGenie,Heart-Cardiomyocyte,VALID,Pearson,0.5802512863009692
CpGenie,Heart-Cardiomyocyte,VALID,Spearman,0.434456468323895
CpGenie,Heart-Cardiomyocyte,VALID,AUC,0.8156497670676981
CpGenie,Heart-Cardiomyocyte,VALID,Accuracy,0.8588504020081142
CpGenie,Heart-Cardiomyocyte,VALID,MAE,0.2104761464242577
CpGenie,Heart-Cardiomyocyte,TEST,Pearson,0.5441311914244965
CpGenie,Heart-Cardiomyocyte,TEST,Spearman,0.4181482108730393
CpGenie,Heart-Cardiomyocyte,TEST,AUC,0.8069301175392766
CpGenie,Heart-Cardiomyocyte,TEST,Accuracy,0.8546077511192967
CpGenie,Heart-Cardiomyocyte,TEST,MAE,0.2210516979511749
CpGenie,Heart-Cardiomyocyte,cell type specific,Pearson,0.1419542607742399
CpGenie,Heart-Cardiomyocyte,cell type specific,Spearman,0.08844464826278643
CpGenie,Heart-Cardiomyocyte,cell type specific,AUC,0.6173141240030873
CpGenie,Heart-Cardiomyocyte,cell type specific,Accuracy,0.25390625
CpGenie,Heart-Cardiomyocyte,cell type specific,MAE,0.5201638340950012
CpGenie,Heart-Fibroblasts,VALID,Pearson,0.5962148285166443
CpGenie,Heart-Fibroblasts,VALID,Spearman,0.5480839554048843
CpGenie,Heart-Fibroblasts,VALID,AUC,0.7870858144071338
CpGenie,Heart-Fibroblasts,VALID,Accuracy,0.7340913094495218
CpGenie,Heart-Fibroblasts,VALID,MAE,0.2073992418655216
CpGenie,Heart-Fibroblasts,TEST,Pearson,0.5864362266343509
CpGenie,Heart-Fibroblasts,TEST,Spearman,0.547954842414329
CpGenie,Heart-Fibroblasts,TEST,AUC,0.7835233243517574
CpGenie,Heart-Fibroblasts,TEST,Accuracy,0.7230963133696852
CpGenie,Heart-Fibroblasts,TEST,MAE,0.2087999446913359
CpGenie,Heart-Fibroblasts,cell type specific,Pearson,0.05719144404143036
CpGenie,Heart-Fibroblasts,cell type specific,Spearman,0.04728126522662928
CpGenie,Heart-Fibroblasts,cell type specific,AUC,0.537827652314162
CpGenie,Heart-Fibroblasts,cell type specific,Accuracy,0.4559356771243891
CpGenie,Heart-Fibroblasts,cell type specific,MAE,0.3109668493270874
CpGenie,Kidney-Tubular-Endothel,VALID,Pearson,0.7135890508829613
CpGenie,Kidney-Tubular-Endothel,VALID,Spearman,0.5114318342478539
CpGenie,Kidney-Tubular-Endothel,VALID,AUC,0.8698291524443521
CpGenie,Kidney-Tubular-Endothel,VALID,Accuracy,0.8985134751899746
CpGenie,Kidney-Tubular-Endothel,VALID,MAE,0.132515644787757
CpGenie,Kidney-Tubular-Endothel,TEST,Pearson,0.7064862877155026
CpGenie,Kidney-Tubular-Endothel,TEST,Spearman,0.5088295657690985
CpGenie,Kidney-Tubular-Endothel,TEST,AUC,0.866516899548661
CpGenie,Kidney-Tubular-Endothel,TEST,Accuracy,0.8966591189455915
CpGenie,Kidney-Tubular-Endothel,TEST,MAE,0.133355106462893
CpGenie,Kidney-Tubular-Endothel,cell type specific,Pearson,0.1612704101777986
CpGenie,Kidney-Tubular-Endothel,cell type specific,Spearman,0.1759387745255103
CpGenie,Kidney-Tubular-Endothel,cell type specific,AUC,0.7664648141184403
CpGenie,Kidney-Tubular-Endothel,cell type specific,Accuracy,0.9840655383507382
CpGenie,Kidney-Tubular-Endothel,cell type specific,MAE,0.08374545723199844
CpGenie,Liver-Hepatocytes,VALID,Pearson,0.6970990436464063
CpGenie,Liver-Hepatocytes,VALID,Spearman,0.5149197723919952
CpGenie,Liver-Hepatocytes,VALID,AUC,0.8506199121905866
CpGenie,Liver-Hepatocytes,VALID,Accuracy,0.892531800203825
CpGenie,Liver-Hepatocytes,VALID,MAE,0.1399152124857382
CpGenie,Liver-Hepatocytes,TEST,Pearson,0.682019704488621
CpGenie,Liver-Hepatocytes,TEST,Spearman,0.511406530435216
CpGenie,Liver-Hepatocytes,TEST,AUC,0.8400864812354214
CpGenie,Liver-Hepatocytes,TEST,Accuracy,0.8824466967947122
CpGenie,Liver-Hepatocytes,TEST,MAE,0.1443873350895246
CpGenie,Liver-Hepatocytes,cell type specific,Pearson,0.02166215795334631
CpGenie,Liver-Hepatocytes,cell type specific,Spearman,0.02089994650546683
CpGenie,Liver-Hepatocytes,cell type specific,AUC,0.5437276225881772
CpGenie,Liver-Hepatocytes,cell type specific,Accuracy,0.3332555498514336
CpGenie,Liver-Hepatocytes,cell type specific,MAE,0.5329577922821045
CpGenie,Lung-Alveolar-Epithelial,VALID,Pearson,0.6878568930609247
CpGenie,Lung-Alveolar-Epithelial,VALID,Spearman,0.557999123274737
CpGenie,Lung-Alveolar-Epithelial,VALID,AUC,0.8598342624788964
CpGenie,Lung-Alveolar-Epithelial,VALID,Accuracy,0.8772786139981211
CpGenie,Lung-Alveolar-Epithelial,VALID,MAE,0.1526274141851345
CpGenie,Lung-Alveolar-Epithelial,TEST,Pearson,0.6650867197693927
CpGenie,Lung-Alveolar-Epithelial,TEST,Spearman,0.5516866715325757
CpGenie,Lung-Alveolar-Epithelial,TEST,AUC,0.8567965815257125
CpGenie,Lung-Alveolar-Epithelial,TEST,Accuracy,0.8778002540453257
CpGenie,Lung-Alveolar-Epithelial,TEST,MAE,0.1547935410682917
CpGenie,Lung-Alveolar-Epithelial,cell type specific,Pearson,0.2436561004355771
CpGenie,Lung-Alveolar-Epithelial,cell type specific,Spearman,0.2744830439489901
CpGenie,Lung-Alveolar-Epithelial,cell type specific,AUC,0.6597073101167075
CpGenie,Lung-Alveolar-Epithelial,cell type specific,Accuracy,0.283945226746231
CpGenie,Lung-Alveolar-Epithelial,cell type specific,MAE,0.4577522575855255
CpGenie,Lung-Bronchus-Epithelial,VALID,Pearson,0.6819370857745927
CpGenie,Lung-Bronchus-Epithelial,VALID,Spearman,0.5202219164846758
CpGenie,Lung-Bronchus-Epithelial,VALID,AUC,0.8494291615728573
CpGenie,Lung-Bronchus-Epithelial,VALID,Accuracy,0.8762427577094871
CpGenie,Lung-Bronchus-Epithelial,VALID,MAE,0.1605676865754715
CpGenie,Lung-Bronchus-Epithelial,TEST,Pearson,0.6847635058764232
CpGenie,Lung-Bronchus-Epithelial,TEST,Spearman,0.5202028892224146
CpGenie,Lung-Bronchus-Epithelial,TEST,AUC,0.8506997785888292
CpGenie,Lung-Bronchus-Epithelial,TEST,Accuracy,0.8765498914543896
CpGenie,Lung-Bronchus-Epithelial,TEST,MAE,0.1594886355208276
CpGenie,Lung-Bronchus-Epithelial,cell type specific,Pearson,0.04637288655947417
CpGenie,Lung-Bronchus-Epithelial,cell type specific,Spearman,-0.008013840944118774
CpGenie,Lung-Bronchus-Epithelial,cell type specific,AUC,0.5254644241709926
CpGenie,Lung-Bronchus-Epithelial,cell type specific,Accuracy,0.2274707604348483
CpGenie,Lung-Bronchus-Epithelial,cell type specific,MAE,0.4719859659671783
CpGenie,Oligodendrocytes,VALID,Pearson,0.7237507468817996
CpGenie,Oligodendrocytes,VALID,Spearman,0.4739567403691793
CpGenie,Oligodendrocytes,VALID,AUC,0.8721355969473646
CpGenie,Oligodendrocytes,VALID,Accuracy,0.9077404368093832
CpGenie,Oligodendrocytes,VALID,MAE,0.1281907753101454
CpGenie,Oligodendrocytes,TEST,Pearson,0.723030357507075
CpGenie,Oligodendrocytes,TEST,Spearman,0.4694792079643946
CpGenie,Oligodendrocytes,TEST,AUC,0.8733624547792483
CpGenie,Oligodendrocytes,TEST,Accuracy,0.9095625325436084
CpGenie,Oligodendrocytes,TEST,MAE,0.1270390641376303
CpGenie,Oligodendrocytes,cell type specific,Pearson,0.2265539542865278
CpGenie,Oligodendrocytes,cell type specific,Spearman,0.2391453837827179
CpGenie,Oligodendrocytes,cell type specific,AUC,0.6665773974953897
CpGenie,Oligodendrocytes,cell type specific,Accuracy,0.4099885387400728
CpGenie,Oligodendrocytes,cell type specific,MAE,0.4139528572559357
CpGenie,Ovary-Epithelial,VALID,Pearson,0.6213831042473132
CpGenie,Ovary-Epithelial,VALID,Spearman,0.47948591243744
CpGenie,Ovary-Epithelial,VALID,AUC,0.8172585010620573
CpGenie,Ovary-Epithelial,VALID,Accuracy,0.841266990312969
CpGenie,Ovary-Epithelial,VALID,MAE,0.1815430993382743
CpGenie,Ovary-Epithelial,TEST,Pearson,0.6171283838140968
CpGenie,Ovary-Epithelial,TEST,Spearman,0.4748839132683015
CpGenie,Ovary-Epithelial,TEST,AUC,0.8118078428915169
CpGenie,Ovary-Epithelial,TEST,Accuracy,0.8353372799171835
CpGenie,Ovary-Epithelial,TEST,MAE,0.1839877092024883
CpGenie,Ovary-Epithelial,cell type specific,Pearson,0.2471816933221278
CpGenie,Ovary-Epithelial,cell type specific,Spearman,0.2702790522245861
CpGenie,Ovary-Epithelial,cell type specific,AUC,0.6799908599546658
CpGenie,Ovary-Epithelial,cell type specific,Accuracy,0.3215755744281769
CpGenie,Ovary-Epithelial,cell type specific,MAE,0.4605053067207336
CpGenie,Pancreas-Acinar,VALID,Pearson,0.6550909997500087
CpGenie,Pancreas-Acinar,VALID,Spearman,0.57263693691195
CpGenie,Pancreas-Acinar,VALID,AUC,0.8263582956779588
CpGenie,Pancreas-Acinar,VALID,Accuracy,0.820318733675309
CpGenie,Pancreas-Acinar,VALID,MAE,0.1747442414814378
CpGenie,Pancreas-Acinar,TEST,Pearson,0.6492205777348725
CpGenie,Pancreas-Acinar,TEST,Spearman,0.5707769155017381
CpGenie,Pancreas-Acinar,TEST,AUC,0.8228793351691877
CpGenie,Pancreas-Acinar,TEST,Accuracy,0.8070009693935896
CpGenie,Pancreas-Acinar,TEST,MAE,0.1785837019164581
CpGenie,Pancreas-Acinar,cell type specific,Pearson,-0.005070877992296537
CpGenie,Pancreas-Acinar,cell type specific,Spearman,0.06572554010027089
CpGenie,Pancreas-Acinar,cell type specific,AUC,0.5681024576162144
CpGenie,Pancreas-Acinar,cell type specific,Accuracy,0.2880639891849265
CpGenie,Pancreas-Acinar,cell type specific,MAE,0.5248804688453674
CpGenie,Pancreas-Alpha,VALID,Pearson,0.6970726396827052
CpGenie,Pancreas-Alpha,VALID,Spearman,0.506904573344749
CpGenie,Pancreas-Alpha,VALID,AUC,0.8574366826429016
CpGenie,Pancreas-Alpha,VALID,Accuracy,0.8973019655176002
CpGenie,Pancreas-Alpha,VALID,MAE,0.1400585583820599
CpGenie,Pancreas-Alpha,TEST,Pearson,0.6960304993723332
CpGenie,Pancreas-Alpha,TEST,Spearman,0.489207507830928
CpGenie,Pancreas-Alpha,TEST,AUC,0.8535916899737528
CpGenie,Pancreas-Alpha,TEST,Accuracy,0.8996757341968536
CpGenie,Pancreas-Alpha,TEST,MAE,0.1407397889389696
CpGenie,Pancreas-Alpha,cell type specific,Pearson,0.2034124630278146
CpGenie,Pancreas-Alpha,cell type specific,Spearman,0.2515151126938433
CpGenie,Pancreas-Alpha,cell type specific,AUC,0.6363536227395876
CpGenie,Pancreas-Alpha,cell type specific,Accuracy,0.2295474200057654
CpGenie,Pancreas-Alpha,cell type specific,MAE,0.5605189800262451
CpGenie,Pancreas-Beta,VALID,Pearson,0.6815984482191757
CpGenie,Pancreas-Beta,VALID,Spearman,0.4930199407357402
CpGenie,Pancreas-Beta,VALID,AUC,0.8641529360713202
CpGenie,Pancreas-Beta,VALID,Accuracy,0.9015517246488912
CpGenie,Pancreas-Beta,VALID,MAE,0.1423652038755618
CpGenie,Pancreas-Beta,TEST,Pearson,0.6525750990555562
CpGenie,Pancreas-Beta,TEST,Spearman,0.4874053625396111
CpGenie,Pancreas-Beta,TEST,AUC,0.8559737066888108
CpGenie,Pancreas-Beta,TEST,Accuracy,0.8991679130128198
CpGenie,Pancreas-Beta,TEST,MAE,0.1477873674310757
CpGenie,Pancreas-Beta,cell type specific,Pearson,0.1474814995673082
CpGenie,Pancreas-Beta,cell type specific,Spearman,0.1492038177238036
CpGenie,Pancreas-Beta,cell type specific,AUC,0.6398056135141615
CpGenie,Pancreas-Beta,cell type specific,Accuracy,0.2549808429118774
CpGenie,Pancreas-Beta,cell type specific,MAE,0.5468471050262451
CpGenie,Pancreas-Delta,VALID,Pearson,0.6943834027214094
CpGenie,Pancreas-Delta,VALID,Spearman,0.5038028720269462
CpGenie,Pancreas-Delta,VALID,AUC,0.8609050218279357
CpGenie,Pancreas-Delta,VALID,Accuracy,0.8988036686106989
CpGenie,Pancreas-Delta,VALID,MAE,0.1409029789414104
CpGenie,Pancreas-Delta,TEST,Pearson,0.6962400089752616
CpGenie,Pancreas-Delta,TEST,Spearman,0.4989543332243548
CpGenie,Pancreas-Delta,TEST,AUC,0.8573067424905938
CpGenie,Pancreas-Delta,TEST,Accuracy,0.8973942928015533
CpGenie,Pancreas-Delta,TEST,MAE,0.1408758922538293
CpGenie,Pancreas-Delta,cell type specific,Pearson,0.1542592789508553
CpGenie,Pancreas-Delta,cell type specific,Spearman,0.1426245757089125
CpGenie,Pancreas-Delta,cell type specific,AUC,0.6264314824372711
CpGenie,Pancreas-Delta,cell type specific,Accuracy,0.1881203159813652
CpGenie,Pancreas-Delta,cell type specific,MAE,0.5582844018936157
CpGenie,Pancreas-Duct,VALID,Pearson,0.6958790816221448
CpGenie,Pancreas-Duct,VALID,Spearman,0.4850291632617391
CpGenie,Pancreas-Duct,VALID,AUC,0.8628714182319657
CpGenie,Pancreas-Duct,VALID,Accuracy,0.8973866393871628
CpGenie,Pancreas-Duct,VALID,MAE,0.1363765151930584
CpGenie,Pancreas-Duct,TEST,Pearson,0.6915910063589207
CpGenie,Pancreas-Duct,TEST,Spearman,0.4828234564245533
CpGenie,Pancreas-Duct,TEST,AUC,0.858303286558374
CpGenie,Pancreas-Duct,TEST,Accuracy,0.8968053511998422
CpGenie,Pancreas-Duct,TEST,MAE,0.1363078601037487
CpGenie,Pancreas-Duct,cell type specific,Pearson,0.0726226970209705
CpGenie,Pancreas-Duct,cell type specific,Spearman,0.09481994874122054
CpGenie,Pancreas-Duct,cell type specific,AUC,0.5631018072697727
CpGenie,Pancreas-Duct,cell type specific,Accuracy,0.2502407668704786
CpGenie,Pancreas-Duct,cell type specific,MAE,0.5716565251350403
CpGenie,Prostate-Epithelial,VALID,Pearson,0.6925432710673551
CpGenie,Prostate-Epithelial,VALID,Spearman,0.5407661902815617
CpGenie,Prostate-Epithelial,VALID,AUC,0.8571086553923241
CpGenie,Prostate-Epithelial,VALID,Accuracy,0.8816050414171627
CpGenie,Prostate-Epithelial,VALID,MAE,0.1477101567840129
CpGenie,Prostate-Epithelial,TEST,Pearson,0.6971125831074019
CpGenie,Prostate-Epithelial,TEST,Spearman,0.540433244429382
CpGenie,Prostate-Epithelial,TEST,AUC,0.8583552116049732
CpGenie,Prostate-Epithelial,TEST,Accuracy,0.8822997958586147
CpGenie,Prostate-Epithelial,TEST,MAE,0.1467021148711745
CpGenie,Prostate-Epithelial,cell type specific,Pearson,0.1543949003592029
CpGenie,Prostate-Epithelial,cell type specific,Spearman,0.1145747710170017
CpGenie,Prostate-Epithelial,cell type specific,AUC,0.5938394036827268
CpGenie,Prostate-Epithelial,cell type specific,Accuracy,0.267318663406683
CpGenie,Prostate-Epithelial,cell type specific,MAE,0.4120570719242096
CpGenie,Skeletal-Muscle,VALID,Pearson,0.7146161964709986
CpGenie,Skeletal-Muscle,VALID,Spearman,0.5622875401276353
CpGenie,Skeletal-Muscle,VALID,AUC,0.8550257006365551
CpGenie,Skeletal-Muscle,VALID,Accuracy,0.8826750068662251
CpGenie,Skeletal-Muscle,VALID,MAE,0.1356754036809496
CpGenie,Skeletal-Muscle,TEST,Pearson,0.7204933603247584
CpGenie,Skeletal-Muscle,TEST,Spearman,0.5622236749132059
CpGenie,Skeletal-Muscle,TEST,AUC,0.858561257838454
CpGenie,Skeletal-Muscle,TEST,Accuracy,0.8867510756012574
CpGenie,Skeletal-Muscle,TEST,MAE,0.1331535866194035
CpGenie,Skeletal-Muscle,cell type specific,Pearson,0.09964317970040887
CpGenie,Skeletal-Muscle,cell type specific,Spearman,0.07737057291011157
CpGenie,Skeletal-Muscle,cell type specific,AUC,0.7075746489639171
CpGenie,Skeletal-Muscle,cell type specific,Accuracy,0.1920321293105585
CpGenie,Skeletal-Muscle,cell type specific,MAE,0.3338417112827301
CpGenie,Small-int-Epithelial,VALID,Pearson,0.6480323143598378
CpGenie,Small-int-Epithelial,VALID,Spearman,0.5055608993950064
CpGenie,Small-int-Epithelial,VALID,AUC,0.8417270474737307
CpGenie,Small-int-Epithelial,VALID,Accuracy,0.8730441428194734
CpGenie,Small-int-Epithelial,VALID,MAE,0.1530275129204449
CpGenie,Small-int-Epithelial,TEST,Pearson,0.644790233181292
CpGenie,Small-int-Epithelial,TEST,Spearman,0.5084004899308074
CpGenie,Small-int-Epithelial,TEST,AUC,0.8382907536882525
CpGenie,Small-int-Epithelial,TEST,Accuracy,0.8653563938113621
CpGenie,Small-int-Epithelial,TEST,MAE,0.1558166219600954
CpGenie,Small-int-Epithelial,cell type specific,Pearson,0.1791676936502104
CpGenie,Small-int-Epithelial,cell type specific,Spearman,0.2115801366406705
CpGenie,Small-int-Epithelial,cell type specific,AUC,0.639101303146495
CpGenie,Small-int-Epithelial,cell type specific,Accuracy,0.2754302723752826
CpGenie,Small-int-Epithelial,cell type specific,MAE,0.5325080156326294
CpGenie,Thyroid-Epithelial,VALID,Pearson,0.7078279584407046
CpGenie,Thyroid-Epithelial,VALID,Spearman,0.4740037393708288
CpGenie,Thyroid-Epithelial,VALID,AUC,0.8640329950774588
CpGenie,Thyroid-Epithelial,VALID,Accuracy,0.9068488302758774
CpGenie,Thyroid-Epithelial,VALID,MAE,0.1311233316488823
CpGenie,Thyroid-Epithelial,TEST,Pearson,0.7143491591201008
CpGenie,Thyroid-Epithelial,TEST,Spearman,0.4625324700043476
CpGenie,Thyroid-Epithelial,TEST,AUC,0.8634696167722218
CpGenie,Thyroid-Epithelial,TEST,Accuracy,0.9097299210099314
CpGenie,Thyroid-Epithelial,TEST,MAE,0.1287145073507817
CpGenie,Thyroid-Epithelial,cell type specific,Pearson,0.1883217189151682
CpGenie,Thyroid-Epithelial,cell type specific,Spearman,0.2286379031305906
CpGenie,Thyroid-Epithelial,cell type specific,AUC,0.562444704009642
CpGenie,Thyroid-Epithelial,cell type specific,Accuracy,0.1569064228071204
CpGenie,Thyroid-Epithelial,cell type specific,MAE,0.6253012418746948
CpGenie,Tonsil-Palatine-Epithelial,VALID,Pearson,0.6659089537800938
CpGenie,Tonsil-Palatine-Epithelial,VALID,Spearman,0.5552261346479506
CpGenie,Tonsil-Palatine-Epithelial,VALID,AUC,0.8331720715165785
CpGenie,Tonsil-Palatine-Epithelial,VALID,Accuracy,0.8407502824051543
CpGenie,Tonsil-Palatine-Epithelial,VALID,MAE,0.1673903269741759
CpGenie,Tonsil-Palatine-Epithelial,TEST,Pearson,0.6653023250142294
CpGenie,Tonsil-Palatine-Epithelial,TEST,Spearman,0.5537431071508204
CpGenie,Tonsil-Palatine-Epithelial,TEST,AUC,0.8337681833292877
CpGenie,Tonsil-Palatine-Epithelial,TEST,Accuracy,0.8423757922069083
CpGenie,Tonsil-Palatine-Epithelial,TEST,MAE,0.1678403872396134
CpGenie,GSM5652176_Adipocytes-Z000000T7,SAMPLE_VALID,Pearson,0.7193460323331115
CpGenie,GSM5652176_Adipocytes-Z000000T7,SAMPLE_VALID,Spearman,0.6412201429774539
CpGenie,GSM5652176_Adipocytes-Z000000T7,SAMPLE_VALID,AUC,0.8673046048985887
CpGenie,GSM5652176_Adipocytes-Z000000T7,SAMPLE_VALID,Accuracy,0.8495969096405778
CpGenie,GSM5652176_Adipocytes-Z000000T7,SAMPLE_VALID,MAE,0.1567772775888443
CpGenie,GSM5652176_Adipocytes-Z000000T7,SAMPLE_TEST,Pearson,0.733081415561749
CpGenie,GSM5652176_Adipocytes-Z000000T7,SAMPLE_TEST,Spearman,0.6706754722140729
CpGenie,GSM5652176_Adipocytes-Z000000T7,SAMPLE_TEST,AUC,0.8828252766540768
CpGenie,GSM5652176_Adipocytes-Z000000T7,SAMPLE_TEST,Accuracy,0.8561480292982564
CpGenie,GSM5652176_Adipocytes-Z000000T7,SAMPLE_TEST,MAE,0.1523791253566742
CpGenie,GSM5652335_Lung-Bronchus-Epithelial-Z000000QD,SAMPLE_VALID,Pearson,0.65493142821867
CpGenie,GSM5652335_Lung-Bronchus-Epithelial-Z000000QD,SAMPLE_VALID,Spearman,0.5876559828310717
CpGenie,GSM5652335_Lung-Bronchus-Epithelial-Z000000QD,SAMPLE_VALID,AUC,0.8435583260365986
CpGenie,GSM5652335_Lung-Bronchus-Epithelial-Z000000QD,SAMPLE_VALID,Accuracy,0.8162766394207442
CpGenie,GSM5652335_Lung-Bronchus-Epithelial-Z000000QD,SAMPLE_VALID,MAE,0.2019246369600296
CpGenie,GSM5652335_Lung-Bronchus-Epithelial-Z000000QD,SAMPLE_TEST,Pearson,0.6615189459836165
CpGenie,GSM5652335_Lung-Bronchus-Epithelial-Z000000QD,SAMPLE_TEST,Spearman,0.6253392489298373
CpGenie,GSM5652335_Lung-Bronchus-Epithelial-Z000000QD,SAMPLE_TEST,AUC,0.8539631977503152
CpGenie,GSM5652335_Lung-Bronchus-Epithelial-Z000000QD,SAMPLE_TEST,Accuracy,0.8112275171958739
CpGenie,GSM5652335_Lung-Bronchus-Epithelial-Z000000QD,SAMPLE_TEST,MAE,0.201711505651474
CpGenie,GSM5652179_Aorta-Endothel-Z00000422,SAMPLE_VALID,Pearson,0.6708700240824007
CpGenie,GSM5652179_Aorta-Endothel-Z00000422,SAMPLE_VALID,Spearman,0.5736568862341093
CpGenie,GSM5652179_Aorta-Endothel-Z00000422,SAMPLE_VALID,AUC,0.8566593615631193
CpGenie,GSM5652179_Aorta-Endothel-Z00000422,SAMPLE_VALID,Accuracy,0.8444836337849438
CpGenie,GSM5652179_Aorta-Endothel-Z00000422,SAMPLE_VALID,MAE,0.1808351278305054
CpGenie,GSM5652179_Aorta-Endothel-Z00000422,SAMPLE_TEST,Pearson,0.6878493079124396
CpGenie,GSM5652179_Aorta-Endothel-Z00000422,SAMPLE_TEST,Spearman,0.5985052793256549
CpGenie,GSM5652179_Aorta-Endothel-Z00000422,SAMPLE_TEST,AUC,0.8691867472581922
CpGenie,GSM5652179_Aorta-Endothel-Z00000422,SAMPLE_TEST,Accuracy,0.8506652868827168
CpGenie,GSM5652179_Aorta-Endothel-Z00000422,SAMPLE_TEST,MAE,0.1779507547616959
CpGenie,GSM5652321_Epidermal-Keratinocytes-Z00000424,SAMPLE_VALID,Pearson,0.6429425642943906
CpGenie,GSM5652321_Epidermal-Keratinocytes-Z00000424,SAMPLE_VALID,Spearman,0.564490329113009
CpGenie,GSM5652321_Epidermal-Keratinocytes-Z00000424,SAMPLE_VALID,AUC,0.8433039463408625
CpGenie,GSM5652321_Epidermal-Keratinocytes-Z00000424,SAMPLE_VALID,Accuracy,0.824347777404546
CpGenie,GSM5652321_Epidermal-Keratinocytes-Z00000424,SAMPLE_VALID,MAE,0.1886501610279083
CpGenie,GSM5652321_Epidermal-Keratinocytes-Z00000424,SAMPLE_TEST,Pearson,0.6809913461851297
CpGenie,GSM5652321_Epidermal-Keratinocytes-Z00000424,SAMPLE_TEST,Spearman,0.6160632093737051
CpGenie,GSM5652321_Epidermal-Keratinocytes-Z00000424,SAMPLE_TEST,AUC,0.867214609721892
CpGenie,GSM5652321_Epidermal-Keratinocytes-Z00000424,SAMPLE_TEST,Accuracy,0.8322375760107471
CpGenie,GSM5652321_Epidermal-Keratinocytes-Z00000424,SAMPLE_TEST,MAE,0.1848979443311691
CpGenie,GSM5652189_Kidney-Tubular-Endothel-Z0000042R,SAMPLE_VALID,Pearson,0.6974223338692026
CpGenie,GSM5652189_Kidney-Tubular-Endothel-Z0000042R,SAMPLE_VALID,Spearman,0.5615205432770977
CpGenie,GSM5652189_Kidney-Tubular-Endothel-Z0000042R,SAMPLE_VALID,AUC,0.8741266198885836
CpGenie,GSM5652189_Kidney-Tubular-Endothel-Z0000042R,SAMPLE_VALID,Accuracy,0.8684451162617102
CpGenie,GSM5652189_Kidney-Tubular-Endothel-Z0000042R,SAMPLE_VALID,MAE,0.159376934170723
CpGenie,GSM5652189_Kidney-Tubular-Endothel-Z0000042R,SAMPLE_TEST,Pearson,0.7012847169286825
CpGenie,GSM5652189_Kidney-Tubular-Endothel-Z0000042R,SAMPLE_TEST,Spearman,0.5938511940369778
CpGenie,GSM5652189_Kidney-Tubular-Endothel-Z0000042R,SAMPLE_TEST,AUC,0.8860285702708868
CpGenie,GSM5652189_Kidney-Tubular-Endothel-Z0000042R,SAMPLE_TEST,Accuracy,0.8696056697727629
CpGenie,GSM5652189_Kidney-Tubular-Endothel-Z0000042R,SAMPLE_TEST,MAE,0.1614670306444168
CpGenie,GSM5652338_Prostate-Epithelial-Z000000RV,SAMPLE_VALID,Pearson,0.6543956847601756
CpGenie,GSM5652338_Prostate-Epithelial-Z000000RV,SAMPLE_VALID,Spearman,0.5947342754577228
CpGenie,GSM5652338_Prostate-Epithelial-Z000000RV,SAMPLE_VALID,AUC,0.8460976605711324
CpGenie,GSM5652338_Prostate-Epithelial-Z000000RV,SAMPLE_VALID,Accuracy,0.826652483857724
CpGenie,GSM5652338_Prostate-Epithelial-Z000000RV,SAMPLE_VALID,MAE,0.1834932416677475
CpGenie,GSM5652338_Prostate-Epithelial-Z000000RV,SAMPLE_TEST,Pearson,0.6736306012459973
CpGenie,GSM5652338_Prostate-Epithelial-Z000000RV,SAMPLE_TEST,Spearman,0.6273829607292902
CpGenie,GSM5652338_Prostate-Epithelial-Z000000RV,SAMPLE_TEST,AUC,0.8606501567971305
CpGenie,GSM5652338_Prostate-Epithelial-Z000000RV,SAMPLE_TEST,Accuracy,0.825439924808104
CpGenie,GSM5652338_Prostate-Epithelial-Z000000RV,SAMPLE_TEST,MAE,0.1833363026380539
CpGenie,GSM5652198_Colon-Fibroblasts-Z0000042A,SAMPLE_VALID,Pearson,0.7201659504623932
CpGenie,GSM5652198_Colon-Fibroblasts-Z0000042A,SAMPLE_VALID,Spearman,0.6338845710656037
CpGenie,GSM5652198_Colon-Fibroblasts-Z0000042A,SAMPLE_VALID,AUC,0.8740059746025262
CpGenie,GSM5652198_Colon-Fibroblasts-Z0000042A,SAMPLE_VALID,Accuracy,0.8599820848729146
CpGenie,GSM5652198_Colon-Fibroblasts-Z0000042A,SAMPLE_VALID,MAE,0.1458202600479126
CpGenie,GSM5652198_Colon-Fibroblasts-Z0000042A,SAMPLE_TEST,Pearson,0.7249225645687437
CpGenie,GSM5652198_Colon-Fibroblasts-Z0000042A,SAMPLE_TEST,Spearman,0.6551293188073498
CpGenie,GSM5652198_Colon-Fibroblasts-Z0000042A,SAMPLE_TEST,AUC,0.8803143805765425
CpGenie,GSM5652198_Colon-Fibroblasts-Z0000042A,SAMPLE_TEST,Accuracy,0.8575009137904026
CpGenie,GSM5652198_Colon-Fibroblasts-Z0000042A,SAMPLE_TEST,MAE,0.1472269892692566
CpGenie,GSM5652342_Bladder-Epithelial-Z000000QM,SAMPLE_VALID,Pearson,0.6210948129421769
CpGenie,GSM5652342_Bladder-Epithelial-Z000000QM,SAMPLE_VALID,Spearman,0.5737061419166678
CpGenie,GSM5652342_Bladder-Epithelial-Z000000QM,SAMPLE_VALID,AUC,0.8355900663991601
CpGenie,GSM5652342_Bladder-Epithelial-Z000000QM,SAMPLE_VALID,Accuracy,0.8113406486768933
CpGenie,GSM5652342_Bladder-Epithelial-Z000000QM,SAMPLE_VALID,MAE,0.1990785747766495
CpGenie,GSM5652342_Bladder-Epithelial-Z000000QM,SAMPLE_TEST,Pearson,0.6519201996191709
CpGenie,GSM5652342_Bladder-Epithelial-Z000000QM,SAMPLE_TEST,Spearman,0.6086149829093284
CpGenie,GSM5652342_Bladder-Epithelial-Z000000QM,SAMPLE_TEST,AUC,0.8485241114041298
CpGenie,GSM5652342_Bladder-Epithelial-Z000000QM,SAMPLE_TEST,Accuracy,0.8119015859603819
CpGenie,GSM5652342_Bladder-Epithelial-Z000000QM,SAMPLE_TEST,MAE,0.1956231147050858
CpGenie,GSM5652200_Heart-Fibroblasts-Z0000043R,SAMPLE_VALID,Pearson,0.6159366233923648
CpGenie,GSM5652200_Heart-Fibroblasts-Z0000043R,SAMPLE_VALID,Spearman,0.5586199758989056
CpGenie,GSM5652200_Heart-Fibroblasts-Z0000043R,SAMPLE_VALID,AUC,0.8164540097778006
CpGenie,GSM5652200_Heart-Fibroblasts-Z0000043R,SAMPLE_VALID,Accuracy,0.7773578919867129
CpGenie,GSM5652200_Heart-Fibroblasts-Z0000043R,SAMPLE_VALID,MAE,0.2215121686458588
CpGenie,GSM5652200_Heart-Fibroblasts-Z0000043R,SAMPLE_TEST,Pearson,0.6471150673532257
CpGenie,GSM5652200_Heart-Fibroblasts-Z0000043R,SAMPLE_TEST,Spearman,0.5911356977990107
CpGenie,GSM5652200_Heart-Fibroblasts-Z0000043R,SAMPLE_TEST,AUC,0.8318528606798116
CpGenie,GSM5652200_Heart-Fibroblasts-Z0000043R,SAMPLE_TEST,Accuracy,0.7864388757292522
CpGenie,GSM5652200_Heart-Fibroblasts-Z0000043R,SAMPLE_TEST,MAE,0.2148381918668747
CpGenie,GSM5652347_Breast-Luminal-Epithelial-Z000000V2,SAMPLE_VALID,Pearson,0.6751549539975552
CpGenie,GSM5652347_Breast-Luminal-Epithelial-Z000000V2,SAMPLE_VALID,Spearman,0.5676112357849337
CpGenie,GSM5652347_Breast-Luminal-Epithelial-Z000000V2,SAMPLE_VALID,AUC,0.8602816765982579
CpGenie,GSM5652347_Breast-Luminal-Epithelial-Z000000V2,SAMPLE_VALID,Accuracy,0.8401634755346545
CpGenie,GSM5652347_Breast-Luminal-Epithelial-Z000000V2,SAMPLE_VALID,MAE,0.1790441870689392
CpGenie,GSM5652347_Breast-Luminal-Epithelial-Z000000V2,SAMPLE_TEST,Pearson,0.6935804108447345
CpGenie,GSM5652347_Breast-Luminal-Epithelial-Z000000V2,SAMPLE_TEST,Spearman,0.6021240503185983
CpGenie,GSM5652347_Breast-Luminal-Epithelial-Z000000V2,SAMPLE_TEST,AUC,0.87065144844951
CpGenie,GSM5652347_Breast-Luminal-Epithelial-Z000000V2,SAMPLE_TEST,Accuracy,0.8411191440276083
CpGenie,GSM5652347_Breast-Luminal-Epithelial-Z000000V2,SAMPLE_TEST,MAE,0.1786026656627655
CpGenie,GSM5652204_Dermal-Fibroblasts-Z00000423,SAMPLE_VALID,Pearson,0.6852421065961626
CpGenie,GSM5652204_Dermal-Fibroblasts-Z00000423,SAMPLE_VALID,Spearman,0.5952447009653349
CpGenie,GSM5652204_Dermal-Fibroblasts-Z00000423,SAMPLE_VALID,AUC,0.8580483422372901
CpGenie,GSM5652204_Dermal-Fibroblasts-Z00000423,SAMPLE_VALID,Accuracy,0.8491956854402269
CpGenie,GSM5652204_Dermal-Fibroblasts-Z00000423,SAMPLE_VALID,MAE,0.1700545102357864
CpGenie,GSM5652204_Dermal-Fibroblasts-Z00000423,SAMPLE_TEST,Pearson,0.7120993354143791
CpGenie,GSM5652204_Dermal-Fibroblasts-Z00000423,SAMPLE_TEST,Spearman,0.6286063715051732
CpGenie,GSM5652204_Dermal-Fibroblasts-Z00000423,SAMPLE_TEST,AUC,0.8732964247710313
CpGenie,GSM5652204_Dermal-Fibroblasts-Z00000423,SAMPLE_TEST,Accuracy,0.856831591989025
CpGenie,GSM5652204_Dermal-Fibroblasts-Z00000423,SAMPLE_TEST,MAE,0.1654614210128784
CpGenie,GSM5652350_Breast-Basal-Epithelial-Z000000V6,SAMPLE_VALID,Pearson,0.6641060845679406
CpGenie,GSM5652350_Breast-Basal-Epithelial-Z000000V6,SAMPLE_VALID,Spearman,0.5278090382460634
CpGenie,GSM5652350_Breast-Basal-Epithelial-Z000000V6,SAMPLE_VALID,AUC,0.8586846655059299
CpGenie,GSM5652350_Breast-Basal-Epithelial-Z000000V6,SAMPLE_VALID,Accuracy,0.8527040644944575
CpGenie,GSM5652350_Breast-Basal-Epithelial-Z000000V6,SAMPLE_VALID,MAE,0.1799236238002777
CpGenie,GSM5652350_Breast-Basal-Epithelial-Z000000V6,SAMPLE_TEST,Pearson,0.6868312162134333
CpGenie,GSM5652350_Breast-Basal-Epithelial-Z000000V6,SAMPLE_TEST,Spearman,0.577723839580011
CpGenie,GSM5652350_Breast-Basal-Epithelial-Z000000V6,SAMPLE_TEST,AUC,0.8753375614350464
CpGenie,GSM5652350_Breast-Basal-Epithelial-Z000000V6,SAMPLE_TEST,Accuracy,0.8520134244117326
CpGenie,GSM5652350_Breast-Basal-Epithelial-Z000000V6,SAMPLE_TEST,MAE,0.1813028007745743
CpGenie,GSM5652205_Skeletal-Muscle-Z00000427,SAMPLE_VALID,Pearson,0.7062268942429172
CpGenie,GSM5652205_Skeletal-Muscle-Z00000427,SAMPLE_VALID,Spearman,0.6146420949823101
CpGenie,GSM5652205_Skeletal-Muscle-Z00000427,SAMPLE_VALID,AUC,0.8540888936511808
CpGenie,GSM5652205_Skeletal-Muscle-Z00000427,SAMPLE_VALID,Accuracy,0.8426268055089016
CpGenie,GSM5652205_Skeletal-Muscle-Z00000427,SAMPLE_VALID,MAE,0.1586871296167374
CpGenie,GSM5652205_Skeletal-Muscle-Z00000427,SAMPLE_TEST,Pearson,0.7076516111760479
CpGenie,GSM5652205_Skeletal-Muscle-Z00000427,SAMPLE_TEST,Spearman,0.6377585220193963
CpGenie,GSM5652205_Skeletal-Muscle-Z00000427,SAMPLE_TEST,AUC,0.8664103828377578
CpGenie,GSM5652205_Skeletal-Muscle-Z00000427,SAMPLE_TEST,Accuracy,0.8479025543408605
CpGenie,GSM5652205_Skeletal-Muscle-Z00000427,SAMPLE_TEST,MAE,0.1587938368320465
CpGenie,GSM5652354_Lung-Alveolar-Epithelial-Z000000T1,SAMPLE_VALID,Pearson,0.6711800119761171
CpGenie,GSM5652354_Lung-Alveolar-Epithelial-Z000000T1,SAMPLE_VALID,Spearman,0.6043539718915392
CpGenie,GSM5652354_Lung-Alveolar-Epithelial-Z000000T1,SAMPLE_VALID,AUC,0.8526502720702347
CpGenie,GSM5652354_Lung-Alveolar-Epithelial-Z000000T1,SAMPLE_VALID,Accuracy,0.8279867875937745
CpGenie,GSM5652354_Lung-Alveolar-Epithelial-Z000000T1,SAMPLE_VALID,MAE,0.1866244673728943
CpGenie,GSM5652354_Lung-Alveolar-Epithelial-Z000000T1,SAMPLE_TEST,Pearson,0.6796413485400445
CpGenie,GSM5652354_Lung-Alveolar-Epithelial-Z000000T1,SAMPLE_TEST,Spearman,0.6353091211569258
CpGenie,GSM5652354_Lung-Alveolar-Epithelial-Z000000T1,SAMPLE_TEST,AUC,0.8591363928590398
CpGenie,GSM5652354_Lung-Alveolar-Epithelial-Z000000T1,SAMPLE_TEST,Accuracy,0.8222262307688656
CpGenie,GSM5652354_Lung-Alveolar-Epithelial-Z000000T1,SAMPLE_TEST,MAE,0.1866584271192551
CpGenie,GSM5652207_Aorta-Smooth-Muscle-Z0000041U,SAMPLE_VALID,Pearson,0.6787704966012422
CpGenie,GSM5652207_Aorta-Smooth-Muscle-Z0000041U,SAMPLE_VALID,Spearman,0.5913411632760291
CpGenie,GSM5652207_Aorta-Smooth-Muscle-Z0000041U,SAMPLE_VALID,AUC,0.8433181089438807
CpGenie,GSM5652207_Aorta-Smooth-Muscle-Z0000041U,SAMPLE_VALID,Accuracy,0.8071044675848169
CpGenie,GSM5652207_Aorta-Smooth-Muscle-Z0000041U,SAMPLE_VALID,MAE,0.1912542283535004
CpGenie,GSM5652207_Aorta-Smooth-Muscle-Z0000041U,SAMPLE_TEST,Pearson,0.6808880482253534
CpGenie,GSM5652207_Aorta-Smooth-Muscle-Z0000041U,SAMPLE_TEST,Spearman,0.6217280086291502
CpGenie,GSM5652207_Aorta-Smooth-Muscle-Z0000041U,SAMPLE_TEST,AUC,0.8522321752724382
CpGenie,GSM5652207_Aorta-Smooth-Muscle-Z0000041U,SAMPLE_TEST,Accuracy,0.8116120212094312
CpGenie,GSM5652207_Aorta-Smooth-Muscle-Z0000041U,SAMPLE_TEST,MAE,0.1852239072322845
CpGenie,GSM5652358_Gallbladder-Epithelial-Z00000432,SAMPLE_VALID,Pearson,0.6374082239723636
CpGenie,GSM5652358_Gallbladder-Epithelial-Z00000432,SAMPLE_VALID,Spearman,0.5576996094025873
CpGenie,GSM5652358_Gallbladder-Epithelial-Z00000432,SAMPLE_VALID,AUC,0.8413650568144246
CpGenie,GSM5652358_Gallbladder-Epithelial-Z00000432,SAMPLE_VALID,Accuracy,0.8158567536296794
CpGenie,GSM5652358_Gallbladder-Epithelial-Z00000432,SAMPLE_VALID,MAE,0.2020038515329361
CpGenie,GSM5652358_Gallbladder-Epithelial-Z00000432,SAMPLE_TEST,Pearson,0.6450150474939221
CpGenie,GSM5652358_Gallbladder-Epithelial-Z00000432,SAMPLE_TEST,Spearman,0.6030490841447107
CpGenie,GSM5652358_Gallbladder-Epithelial-Z00000432,SAMPLE_TEST,AUC,0.8514650454763218
CpGenie,GSM5652358_Gallbladder-Epithelial-Z00000432,SAMPLE_TEST,Accuracy,0.8060818091625882
CpGenie,GSM5652358_Gallbladder-Epithelial-Z00000432,SAMPLE_TEST,MAE,0.2062162905931473
CpGenie,GSM5652215_Heart-Cardiomyocyte-Z0000044P,SAMPLE_VALID,Pearson,0.5817906517127015
CpGenie,GSM5652215_Heart-Cardiomyocyte-Z0000044P,SAMPLE_VALID,Spearman,0.4961438884322281
CpGenie,GSM5652215_Heart-Cardiomyocyte-Z0000044P,SAMPLE_VALID,AUC,0.8198319195576171
CpGenie,GSM5652215_Heart-Cardiomyocyte-Z0000044P,SAMPLE_VALID,Accuracy,0.8134027544507894
CpGenie,GSM5652215_Heart-Cardiomyocyte-Z0000044P,SAMPLE_VALID,MAE,0.2348746657371521
CpGenie,GSM5652215_Heart-Cardiomyocyte-Z0000044P,SAMPLE_TEST,Pearson,0.6036833651856737
CpGenie,GSM5652215_Heart-Cardiomyocyte-Z0000044P,SAMPLE_TEST,Spearman,0.520976551212926
CpGenie,GSM5652215_Heart-Cardiomyocyte-Z0000044P,SAMPLE_TEST,AUC,0.8332654381370947
CpGenie,GSM5652215_Heart-Cardiomyocyte-Z0000044P,SAMPLE_TEST,Accuracy,0.820754672198461
CpGenie,GSM5652215_Heart-Cardiomyocyte-Z0000044P,SAMPLE_TEST,MAE,0.2374614030122757
CpGenie,GSM5652359_Gastric-fundus-Epithelial-Z000000RX,SAMPLE_VALID,Pearson,0.6628813242101222
CpGenie,GSM5652359_Gastric-fundus-Epithelial-Z000000RX,SAMPLE_VALID,Spearman,0.5962403042744443
CpGenie,GSM5652359_Gastric-fundus-Epithelial-Z000000RX,SAMPLE_VALID,AUC,0.852313867230042
CpGenie,GSM5652359_Gastric-fundus-Epithelial-Z000000RX,SAMPLE_VALID,Accuracy,0.8280521031612734
CpGenie,GSM5652359_Gastric-fundus-Epithelial-Z000000RX,SAMPLE_VALID,MAE,0.1903778463602066
CpGenie,GSM5652359_Gastric-fundus-Epithelial-Z000000RX,SAMPLE_TEST,Pearson,0.6689662828710717
CpGenie,GSM5652359_Gastric-fundus-Epithelial-Z000000RX,SAMPLE_TEST,Spearman,0.6153773245650141
CpGenie,GSM5652359_Gastric-fundus-Epithelial-Z000000RX,SAMPLE_TEST,AUC,0.8580559233742742
CpGenie,GSM5652359_Gastric-fundus-Epithelial-Z000000RX,SAMPLE_TEST,Accuracy,0.8249557345688096
CpGenie,GSM5652359_Gastric-fundus-Epithelial-Z000000RX,SAMPLE_TEST,MAE,0.1939485520124435
CpGenie,GSM5652218_Bone-Osteoblasts-Z0000042Z,SAMPLE_VALID,Pearson,0.6786653954435707
CpGenie,GSM5652218_Bone-Osteoblasts-Z0000042Z,SAMPLE_VALID,Spearman,0.6139188838105474
CpGenie,GSM5652218_Bone-Osteoblasts-Z0000042Z,SAMPLE_VALID,AUC,0.848852590914718
CpGenie,GSM5652218_Bone-Osteoblasts-Z0000042Z,SAMPLE_VALID,Accuracy,0.8059754413466204
CpGenie,GSM5652218_Bone-Osteoblasts-Z0000042Z,SAMPLE_VALID,MAE,0.2013857513666153
CpGenie,GSM5652218_Bone-Osteoblasts-Z0000042Z,SAMPLE_TEST,Pearson,0.6759289926942453
CpGenie,GSM5652218_Bone-Osteoblasts-Z0000042Z,SAMPLE_TEST,Spearman,0.6299050344390076
CpGenie,GSM5652218_Bone-Osteoblasts-Z0000042Z,SAMPLE_TEST,AUC,0.8530755343313564
CpGenie,GSM5652218_Bone-Osteoblasts-Z0000042Z,SAMPLE_TEST,Accuracy,0.8085644708797547
CpGenie,GSM5652218_Bone-Osteoblasts-Z0000042Z,SAMPLE_TEST,MAE,0.1989431977272034
CpGenie,GSM5652219_Oligodendrocytes-Z000000TK,SAMPLE_VALID,Pearson,0.6829890891652526
CpGenie,GSM5652219_Oligodendrocytes-Z000000TK,SAMPLE_VALID,Spearman,0.5348612244845868
CpGenie,GSM5652219_Oligodendrocytes-Z000000TK,SAMPLE_VALID,AUC,0.8653837707415011
CpGenie,GSM5652219_Oligodendrocytes-Z000000TK,SAMPLE_VALID,Accuracy,0.8753592356212444
CpGenie,GSM5652219_Oligodendrocytes-Z000000TK,SAMPLE_VALID,MAE,0.1540725827217102
CpGenie,GSM5652219_Oligodendrocytes-Z000000TK,SAMPLE_TEST,Pearson,0.7071166834924361
CpGenie,GSM5652219_Oligodendrocytes-Z000000TK,SAMPLE_TEST,Spearman,0.5724335473979885
CpGenie,GSM5652219_Oligodendrocytes-Z000000TK,SAMPLE_TEST,AUC,0.8835797932204725
CpGenie,GSM5652219_Oligodendrocytes-Z000000TK,SAMPLE_TEST,Accuracy,0.8784587560108421
CpGenie,GSM5652219_Oligodendrocytes-Z000000TK,SAMPLE_TEST,MAE,0.1544438153505325
CpGenie,GSM5652223_Cortex-Neuron-Z000000TF,SAMPLE_VALID,Pearson,0.7319567606190536
CpGenie,GSM5652223_Cortex-Neuron-Z000000TF,SAMPLE_VALID,Spearman,0.5702101126913947
CpGenie,GSM5652223_Cortex-Neuron-Z000000TF,SAMPLE_VALID,AUC,0.8879208888732297
CpGenie,GSM5652223_Cortex-Neuron-Z000000TF,SAMPLE_VALID,Accuracy,0.9035755607808009
CpGenie,GSM5652223_Cortex-Neuron-Z000000TF,SAMPLE_VALID,MAE,0.1315697431564331
CpGenie,GSM5652223_Cortex-Neuron-Z000000TF,SAMPLE_TEST,Pearson,0.7442856769761022
CpGenie,GSM5652223_Cortex-Neuron-Z000000TF,SAMPLE_TEST,Spearman,0.6043727220698704
CpGenie,GSM5652223_Cortex-Neuron-Z000000TF,SAMPLE_TEST,AUC,0.9010010693423591
CpGenie,GSM5652223_Cortex-Neuron-Z000000TF,SAMPLE_TEST,Accuracy,0.9003707378204794
CpGenie,GSM5652223_Cortex-Neuron-Z000000TF,SAMPLE_TEST,MAE,0.1346785575151443
CpGenie,GSM5652233_Liver-Hepatocytes-Z000000R3,SAMPLE_VALID,Pearson,0.686862717835019
CpGenie,GSM5652233_Liver-Hepatocytes-Z000000R3,SAMPLE_VALID,Spearman,0.5146664210096337
CpGenie,GSM5652233_Liver-Hepatocytes-Z000000R3,SAMPLE_VALID,AUC,0.8605029336661695
CpGenie,GSM5652233_Liver-Hepatocytes-Z000000R3,SAMPLE_VALID,Accuracy,0.8819747695293547
CpGenie,GSM5652233_Liver-Hepatocytes-Z000000R3,SAMPLE_VALID,MAE,0.1568765491247177
CpGenie,GSM5652233_Liver-Hepatocytes-Z000000R3,SAMPLE_TEST,Pearson,0.6800513097528439
CpGenie,GSM5652233_Liver-Hepatocytes-Z000000R3,SAMPLE_TEST,Spearman,0.5407204606805996
CpGenie,GSM5652233_Liver-Hepatocytes-Z000000R3,SAMPLE_TEST,AUC,0.8574102007938679
CpGenie,GSM5652233_Liver-Hepatocytes-Z000000R3,SAMPLE_TEST,Accuracy,0.8711104570850798
CpGenie,GSM5652233_Liver-Hepatocytes-Z000000R3,SAMPLE_TEST,MAE,0.163785994052887
CpGenie,GSM5652239_Pancreas-Duct-Z0000043T,SAMPLE_VALID,Pearson,0.6509262871706464
CpGenie,GSM5652239_Pancreas-Duct-Z0000043T,SAMPLE_VALID,Spearman,0.5268200626138348
CpGenie,GSM5652239_Pancreas-Duct-Z0000043T,SAMPLE_VALID,AUC,0.8572351547999577
CpGenie,GSM5652239_Pancreas-Duct-Z0000043T,SAMPLE_VALID,Accuracy,0.8526667413130296
CpGenie,GSM5652239_Pancreas-Duct-Z0000043T,SAMPLE_VALID,MAE,0.1737263947725296
CpGenie,GSM5652239_Pancreas-Duct-Z0000043T,SAMPLE_TEST,Pearson,0.6708972517874698
CpGenie,GSM5652239_Pancreas-Duct-Z0000043T,SAMPLE_TEST,Spearman,0.5606030056878791
CpGenie,GSM5652239_Pancreas-Duct-Z0000043T,SAMPLE_TEST,AUC,0.8660438625975351
CpGenie,GSM5652239_Pancreas-Duct-Z0000043T,SAMPLE_TEST,Accuracy,0.8533188392725753
CpGenie,GSM5652239_Pancreas-Duct-Z0000043T,SAMPLE_TEST,MAE,0.1726468950510025
CpGenie,GSM5652243_Pancreas-Acinar-Z000000QX,SAMPLE_VALID,Pearson,0.619573844228375
CpGenie,GSM5652243_Pancreas-Acinar-Z000000QX,SAMPLE_VALID,Spearman,0.5516566039002747
CpGenie,GSM5652243_Pancreas-Acinar-Z000000QX,SAMPLE_VALID,AUC,0.8267446424133693
CpGenie,GSM5652243_Pancreas-Acinar-Z000000QX,SAMPLE_VALID,Accuracy,0.8232654051431344
CpGenie,GSM5652243_Pancreas-Acinar-Z000000QX,SAMPLE_VALID,MAE,0.1942361742258072
CpGenie,GSM5652243_Pancreas-Acinar-Z000000QX,SAMPLE_TEST,Pearson,0.64176193057326
CpGenie,GSM5652243_Pancreas-Acinar-Z000000QX,SAMPLE_TEST,Spearman,0.5747507069214445
CpGenie,GSM5652243_Pancreas-Acinar-Z000000QX,SAMPLE_TEST,AUC,0.8337434285492589
CpGenie,GSM5652243_Pancreas-Acinar-Z000000QX,SAMPLE_TEST,Accuracy,0.8256867668908816
CpGenie,GSM5652243_Pancreas-Acinar-Z000000QX,SAMPLE_TEST,MAE,0.1947640627622604
CpGenie,GSM5652247_Pancreas-Delta-Z00000451,SAMPLE_VALID,Pearson,0.6977834806341079
CpGenie,GSM5652247_Pancreas-Delta-Z00000451,SAMPLE_VALID,Spearman,0.5337924896343634
CpGenie,GSM5652247_Pancreas-Delta-Z00000451,SAMPLE_VALID,AUC,0.8700385006170042
CpGenie,GSM5652247_Pancreas-Delta-Z00000451,SAMPLE_VALID,Accuracy,0.8806871197700892
CpGenie,GSM5652247_Pancreas-Delta-Z00000451,SAMPLE_VALID,MAE,0.159882590174675
CpGenie,GSM5652247_Pancreas-Delta-Z00000451,SAMPLE_TEST,Pearson,0.6904357545816291
CpGenie,GSM5652247_Pancreas-Delta-Z00000451,SAMPLE_TEST,Spearman,0.5739892940643255
CpGenie,GSM5652247_Pancreas-Delta-Z00000451,SAMPLE_TEST,AUC,0.8736901801173186
CpGenie,GSM5652247_Pancreas-Delta-Z00000451,SAMPLE_TEST,Accuracy,0.8664204575123065
CpGenie,GSM5652247_Pancreas-Delta-Z00000451,SAMPLE_TEST,MAE,0.1680630445480347
CpGenie,GSM5652250_Pancreas-Beta-Z00000452,SAMPLE_VALID,Pearson,0.6770056410160368
CpGenie,GSM5652250_Pancreas-Beta-Z00000452,SAMPLE_VALID,Spearman,0.5175856025794873
CpGenie,GSM5652250_Pancreas-Beta-Z00000452,SAMPLE_VALID,AUC,0.8644070756390347
CpGenie,GSM5652250_Pancreas-Beta-Z00000452,SAMPLE_VALID,Accuracy,0.8765349158362259
CpGenie,GSM5652250_Pancreas-Beta-Z00000452,SAMPLE_VALID,MAE,0.1616055369377136
CpGenie,GSM5652250_Pancreas-Beta-Z00000452,SAMPLE_TEST,Pearson,0.6837550855449537
CpGenie,GSM5652250_Pancreas-Beta-Z00000452,SAMPLE_TEST,Spearman,0.5608155526404178
CpGenie,GSM5652250_Pancreas-Beta-Z00000452,SAMPLE_TEST,AUC,0.8736561231440607
CpGenie,GSM5652250_Pancreas-Beta-Z00000452,SAMPLE_TEST,Accuracy,0.8695676940677202
CpGenie,GSM5652250_Pancreas-Beta-Z00000452,SAMPLE_TEST,MAE,0.1657823026180267
CpGenie,GSM5652253_Pancreas-Alpha-Z00000453,SAMPLE_VALID,Pearson,0.6893176324857804
CpGenie,GSM5652253_Pancreas-Alpha-Z00000453,SAMPLE_VALID,Spearman,0.5260462003192958
CpGenie,GSM5652253_Pancreas-Alpha-Z00000453,SAMPLE_VALID,AUC,0.8636542408400749
CpGenie,GSM5652253_Pancreas-Alpha-Z00000453,SAMPLE_VALID,Accuracy,0.8782424513865562
CpGenie,GSM5652253_Pancreas-Alpha-Z00000453,SAMPLE_VALID,MAE,0.1610358655452728
CpGenie,GSM5652253_Pancreas-Alpha-Z00000453,SAMPLE_TEST,Pearson,0.6915167770562014
CpGenie,GSM5652253_Pancreas-Alpha-Z00000453,SAMPLE_TEST,Spearman,0.555915132214298
CpGenie,GSM5652253_Pancreas-Alpha-Z00000453,SAMPLE_TEST,AUC,0.8724083266110831
CpGenie,GSM5652253_Pancreas-Alpha-Z00000453,SAMPLE_TEST,Accuracy,0.8730804467841699
CpGenie,GSM5652253_Pancreas-Alpha-Z00000453,SAMPLE_TEST,MAE,0.1666489690542221
CpGenie,GSM5652264_Thyroid-Epithelial-Z0000042S,SAMPLE_VALID,Pearson,0.6729037926482833
CpGenie,GSM5652264_Thyroid-Epithelial-Z0000042S,SAMPLE_VALID,Spearman,0.5208000347950759
CpGenie,GSM5652264_Thyroid-Epithelial-Z0000042S,SAMPLE_VALID,AUC,0.8548137532910197
CpGenie,GSM5652264_Thyroid-Epithelial-Z0000042S,SAMPLE_VALID,Accuracy,0.8658698167431792
CpGenie,GSM5652264_Thyroid-Epithelial-Z0000042S,SAMPLE_VALID,MAE,0.166367694735527
CpGenie,GSM5652264_Thyroid-Epithelial-Z0000042S,SAMPLE_TEST,Pearson,0.6878351781905491
CpGenie,GSM5652264_Thyroid-Epithelial-Z0000042S,SAMPLE_TEST,Spearman,0.5599835465966152
CpGenie,GSM5652264_Thyroid-Epithelial-Z0000042S,SAMPLE_TEST,AUC,0.8715643128104829
CpGenie,GSM5652264_Thyroid-Epithelial-Z0000042S,SAMPLE_TEST,Accuracy,0.8692971171692909
CpGenie,GSM5652264_Thyroid-Epithelial-Z0000042S,SAMPLE_TEST,MAE,0.166216254234314
CpGenie,GSM5652322_Tonsil-Palatine-Epithelial-Z000000QF,SAMPLE_VALID,Pearson,0.650691569803884
CpGenie,GSM5652322_Tonsil-Palatine-Epithelial-Z000000QF,SAMPLE_VALID,Spearman,0.5984065018537521
CpGenie,GSM5652322_Tonsil-Palatine-Epithelial-Z000000QF,SAMPLE_VALID,AUC,0.8373899543271167
CpGenie,GSM5652322_Tonsil-Palatine-Epithelial-Z000000QF,SAMPLE_VALID,Accuracy,0.8025697010413168
CpGenie,GSM5652322_Tonsil-Palatine-Epithelial-Z000000QF,SAMPLE_VALID,MAE,0.199349045753479
CpGenie,GSM5652322_Tonsil-Palatine-Epithelial-Z000000QF,SAMPLE_TEST,Pearson,0.6606355491977911
CpGenie,GSM5652322_Tonsil-Palatine-Epithelial-Z000000QF,SAMPLE_TEST,Spearman,0.6298353487771882
CpGenie,GSM5652322_Tonsil-Palatine-Epithelial-Z000000QF,SAMPLE_TEST,AUC,0.8464965203790347
CpGenie,GSM5652322_Tonsil-Palatine-Epithelial-Z000000QF,SAMPLE_TEST,Accuracy,0.8038222547125476
CpGenie,GSM5652322_Tonsil-Palatine-Epithelial-Z000000QF,SAMPLE_TEST,MAE,0.2001203745603561
CpGenie,GSM5652267_Fallopian-Epithelial-Z000000Q7,SAMPLE_VALID,Pearson,0.6810087912399927
CpGenie,GSM5652267_Fallopian-Epithelial-Z000000Q7,SAMPLE_VALID,Spearman,0.5700868658912213
CpGenie,GSM5652267_Fallopian-Epithelial-Z000000Q7,SAMPLE_VALID,AUC,0.8655093775263799
CpGenie,GSM5652267_Fallopian-Epithelial-Z000000Q7,SAMPLE_VALID,Accuracy,0.8397715821296607
CpGenie,GSM5652267_Fallopian-Epithelial-Z000000Q7,SAMPLE_VALID,MAE,0.1893342137336731
CpGenie,GSM5652267_Fallopian-Epithelial-Z000000Q7,SAMPLE_TEST,Pearson,0.6853751964833665
CpGenie,GSM5652267_Fallopian-Epithelial-Z000000Q7,SAMPLE_TEST,Spearman,0.6080075629896408
CpGenie,GSM5652267_Fallopian-Epithelial-Z000000Q7,SAMPLE_TEST,AUC,0.8722866427967471
CpGenie,GSM5652267_Fallopian-Epithelial-Z000000Q7,SAMPLE_TEST,Accuracy,0.8359686890311923
CpGenie,GSM5652267_Fallopian-Epithelial-Z000000Q7,SAMPLE_TEST,MAE,0.190608024597168
CpGenie,GSM5652270_Ovary-Epithelial-Z000000QT,SAMPLE_VALID,Pearson,0.658169041965324
CpGenie,GSM5652270_Ovary-Epithelial-Z000000QT,SAMPLE_VALID,Spearman,0.5493633854691712
CpGenie,GSM5652270_Ovary-Epithelial-Z000000QT,SAMPLE_VALID,AUC,0.8509493097312804
CpGenie,GSM5652270_Ovary-Epithelial-Z000000QT,SAMPLE_VALID,Accuracy,0.829339752920539
CpGenie,GSM5652270_Ovary-Epithelial-Z000000QT,SAMPLE_VALID,MAE,0.2028522193431854
CpGenie,GSM5652270_Ovary-Epithelial-Z000000QT,SAMPLE_TEST,Pearson,0.6602156968626548
CpGenie,GSM5652270_Ovary-Epithelial-Z000000QT,SAMPLE_TEST,Spearman,0.5838291326893685
CpGenie,GSM5652270_Ovary-Epithelial-Z000000QT,SAMPLE_TEST,AUC,0.8580416250249734
CpGenie,GSM5652270_Ovary-Epithelial-Z000000QT,SAMPLE_TEST,Accuracy,0.8230427084272837
CpGenie,GSM5652270_Ovary-Epithelial-Z000000QT,SAMPLE_TEST,MAE,0.2079225182533264
CpGenie,GSM5652274_Bone_marrow-Erythrocyte_progenitors-Z000000RF,SAMPLE_VALID,Pearson,0.6319974730144149
CpGenie,GSM5652274_Bone_marrow-Erythrocyte_progenitors-Z000000RF,SAMPLE_VALID,Spearman,0.5713012659111941
CpGenie,GSM5652274_Bone_marrow-Erythrocyte_progenitors-Z000000RF,SAMPLE_VALID,AUC,0.8156859925685045
CpGenie,GSM5652274_Bone_marrow-Erythrocyte_progenitors-Z000000RF,SAMPLE_VALID,Accuracy,0.789581233904378
CpGenie,GSM5652274_Bone_marrow-Erythrocyte_progenitors-Z000000RF,SAMPLE_VALID,MAE,0.151188537478447
CpGenie,GSM5652274_Bone_marrow-Erythrocyte_progenitors-Z000000RF,SAMPLE_TEST,Pearson,0.6488296962154566
CpGenie,GSM5652274_Bone_marrow-Erythrocyte_progenitors-Z000000RF,SAMPLE_TEST,Spearman,0.6028196405737745
CpGenie,GSM5652274_Bone_marrow-Erythrocyte_progenitors-Z000000RF,SAMPLE_TEST,AUC,0.8314416134085119
CpGenie,GSM5652274_Bone_marrow-Erythrocyte_progenitors-Z000000RF,SAMPLE_TEST,Accuracy,0.8039883984221095
CpGenie,GSM5652274_Bone_marrow-Erythrocyte_progenitors-Z000000RF,SAMPLE_TEST,MAE,0.1534064114093781
CpGenie,GSM5652277_Blood-T-CD3-Z000000TV,SAMPLE_VALID,Pearson,0.6715032845523233
CpGenie,GSM5652277_Blood-T-CD3-Z000000TV,SAMPLE_VALID,Spearman,0.5185956341012063
CpGenie,GSM5652277_Blood-T-CD3-Z000000TV,SAMPLE_VALID,AUC,0.8629058269547034
CpGenie,GSM5652277_Blood-T-CD3-Z000000TV,SAMPLE_VALID,Accuracy,0.8768148396969357
CpGenie,GSM5652277_Blood-T-CD3-Z000000TV,SAMPLE_VALID,MAE,0.1553169786930084
CpGenie,GSM5652277_Blood-T-CD3-Z000000TV,SAMPLE_TEST,Pearson,0.6872577719553757
CpGenie,GSM5652277_Blood-T-CD3-Z000000TV,SAMPLE_TEST,Spearman,0.5498272438076295
CpGenie,GSM5652277_Blood-T-CD3-Z000000TV,SAMPLE_TEST,AUC,0.8742635480534975
CpGenie,GSM5652277_Blood-T-CD3-Z000000TV,SAMPLE_TEST,Accuracy,0.8812167415895681
CpGenie,GSM5652277_Blood-T-CD3-Z000000TV,SAMPLE_TEST,MAE,0.1564326882362366
CpGenie,GSM5652299_Blood-NK-Z000000TM,SAMPLE_VALID,Pearson,0.6845330599636857
CpGenie,GSM5652299_Blood-NK-Z000000TM,SAMPLE_VALID,Spearman,0.5027224474484352
CpGenie,GSM5652299_Blood-NK-Z000000TM,SAMPLE_VALID,AUC,0.8726967373631305
CpGenie,GSM5652299_Blood-NK-Z000000TM,SAMPLE_VALID,Accuracy,0.8863975665285709
CpGenie,GSM5652299_Blood-NK-Z000000TM,SAMPLE_VALID,MAE,0.1431375592947006
CpGenie,GSM5652299_Blood-NK-Z000000TM,SAMPLE_TEST,Pearson,0.7026284399091086
CpGenie,GSM5652299_Blood-NK-Z000000TM,SAMPLE_TEST,Spearman,0.5318272667206376
CpGenie,GSM5652299_Blood-NK-Z000000TM,SAMPLE_TEST,AUC,0.8836645591412484
CpGenie,GSM5652299_Blood-NK-Z000000TM,SAMPLE_TEST,Accuracy,0.8903736334679888
CpGenie,GSM5652299_Blood-NK-Z000000TM,SAMPLE_TEST,MAE,0.1425132602453232
CpGenie,GSM5652302_Blood-Monocytes-Z000000TP,SAMPLE_VALID,Pearson,0.6646489189690177
CpGenie,GSM5652302_Blood-Monocytes-Z000000TP,SAMPLE_VALID,Spearman,0.491429126265682
CpGenie,GSM5652302_Blood-Monocytes-Z000000TP,SAMPLE_VALID,AUC,0.869101490149899
CpGenie,GSM5652302_Blood-Monocytes-Z000000TP,SAMPLE_VALID,Accuracy,0.8750046653976785
CpGenie,GSM5652302_Blood-Monocytes-Z000000TP,SAMPLE_VALID,MAE,0.1608894765377045
CpGenie,GSM5652302_Blood-Monocytes-Z000000TP,SAMPLE_TEST,Pearson,0.6777914281432731
CpGenie,GSM5652302_Blood-Monocytes-Z000000TP,SAMPLE_TEST,Spearman,0.5211007050055797
CpGenie,GSM5652302_Blood-Monocytes-Z000000TP,SAMPLE_TEST,AUC,0.8754998680019458
CpGenie,GSM5652302_Blood-Monocytes-Z000000TP,SAMPLE_TEST,Accuracy,0.8762704060077565
CpGenie,GSM5652302_Blood-Monocytes-Z000000TP,SAMPLE_TEST,MAE,0.162261039018631
CpGenie,GSM5652313_Blood-Granulocytes-Z000000TZ,SAMPLE_VALID,Pearson,0.6724829607687086
CpGenie,GSM5652313_Blood-Granulocytes-Z000000TZ,SAMPLE_VALID,Spearman,0.5138059746947788
CpGenie,GSM5652313_Blood-Granulocytes-Z000000TZ,SAMPLE_VALID,AUC,0.868552834367601
CpGenie,GSM5652313_Blood-Granulocytes-Z000000TZ,SAMPLE_VALID,Accuracy,0.8730078751912813
CpGenie,GSM5652313_Blood-Granulocytes-Z000000TZ,SAMPLE_VALID,MAE,0.1599789410829544
CpGenie,GSM5652313_Blood-Granulocytes-Z000000TZ,SAMPLE_TEST,Pearson,0.6830407690001217
CpGenie,GSM5652313_Blood-Granulocytes-Z000000TZ,SAMPLE_TEST,Spearman,0.548487689101114
CpGenie,GSM5652313_Blood-Granulocytes-Z000000TZ,SAMPLE_TEST,AUC,0.8787885752610731
CpGenie,GSM5652313_Blood-Granulocytes-Z000000TZ,SAMPLE_TEST,Accuracy,0.8733462767194687
CpGenie,GSM5652313_Blood-Granulocytes-Z000000TZ,SAMPLE_TEST,MAE,0.1626878529787064
CpGenie,GSM5652317_Blood-B-Z000000UB,SAMPLE_VALID,Pearson,0.6482270852983115
CpGenie,GSM5652317_Blood-B-Z000000UB,SAMPLE_VALID,Spearman,0.4933488936210108
CpGenie,GSM5652317_Blood-B-Z000000UB,SAMPLE_VALID,AUC,0.8540261205248756
CpGenie,GSM5652317_Blood-B-Z000000UB,SAMPLE_VALID,Accuracy,0.8674000671817266
CpGenie,GSM5652317_Blood-B-Z000000UB,SAMPLE_VALID,MAE,0.1616025120019913
CpGenie,GSM5652317_Blood-B-Z000000UB,SAMPLE_TEST,Pearson,0.6621677041630727
CpGenie,GSM5652317_Blood-B-Z000000UB,SAMPLE_TEST,Spearman,0.511234892278262
CpGenie,GSM5652317_Blood-B-Z000000UB,SAMPLE_TEST,AUC,0.8617954683009539
CpGenie,GSM5652317_Blood-B-Z000000UB,SAMPLE_TEST,Accuracy,0.8722259934207091
CpGenie,GSM5652317_Blood-B-Z000000UB,SAMPLE_TEST,MAE,0.1616836041212082
CpGenie,GSM5652370_Colon-Right-Epithelial-Z000000V0,SAMPLE_VALID,Pearson,0.6118413175448159
CpGenie,GSM5652370_Colon-Right-Epithelial-Z000000V0,SAMPLE_VALID,Spearman,0.5207132433825646
CpGenie,GSM5652370_Colon-Right-Epithelial-Z000000V0,SAMPLE_VALID,AUC,0.8322752187621303
CpGenie,GSM5652370_Colon-Right-Epithelial-Z000000V0,SAMPLE_VALID,Accuracy,0.8283413578173403
CpGenie,GSM5652370_Colon-Right-Epithelial-Z000000V0,SAMPLE_VALID,MAE,0.2017850428819656
CpGenie,GSM5652370_Colon-Right-Epithelial-Z000000V0,SAMPLE_TEST,Pearson,0.64100046543471
CpGenie,GSM5652370_Colon-Right-Epithelial-Z000000V0,SAMPLE_TEST,Spearman,0.5713492373735045
CpGenie,GSM5652370_Colon-Right-Epithelial-Z000000V0,SAMPLE_TEST,AUC,0.8469698341345852
CpGenie,GSM5652370_Colon-Right-Epithelial-Z000000V0,SAMPLE_TEST,Accuracy,0.8217515344558319
CpGenie,GSM5652370_Colon-Right-Epithelial-Z000000V0,SAMPLE_TEST,MAE,0.2023385763168335
CpGenie,GSM5652378_Small-int-Epithelial-Z0000042V,SAMPLE_VALID,Pearson,0.621115819265396
CpGenie,GSM5652378_Small-int-Epithelial-Z0000042V,SAMPLE_VALID,Spearman,0.5302325453982099
CpGenie,GSM5652378_Small-int-Epithelial-Z0000042V,SAMPLE_VALID,AUC,0.8360198483068515
CpGenie,GSM5652378_Small-int-Epithelial-Z0000042V,SAMPLE_VALID,Accuracy,0.8330254170865524
CpGenie,GSM5652378_Small-int-Epithelial-Z0000042V,SAMPLE_VALID,MAE,0.1894337832927704
CpGenie,GSM5652378_Small-int-Epithelial-Z0000042V,SAMPLE_TEST,Pearson,0.6372309435440591
CpGenie,GSM5652378_Small-int-Epithelial-Z0000042V,SAMPLE_TEST,Spearman,0.5745432130485165
CpGenie,GSM5652378_Small-int-Epithelial-Z0000042V,SAMPLE_TEST,AUC,0.844392807288399
CpGenie,GSM5652378_Small-int-Epithelial-Z0000042V,SAMPLE_TEST,Accuracy,0.8181770712186879
CpGenie,GSM5652378_Small-int-Epithelial-Z0000042V,SAMPLE_TEST,MAE,0.1972208023071289
INTERACT,Adipocytes,VALID,Pearson,0.7722224488798918
INTERACT,Adipocytes,VALID,Spearman,0.6493525643202366
INTERACT,Adipocytes,VALID,AUC,0.8906947615239841
INTERACT,Adipocytes,VALID,Accuracy,0.8946891025927216
INTERACT,Adipocytes,VALID,MAE,0.1258538748347222
INTERACT,Adipocytes,TEST,Pearson,0.7730187658514689
INTERACT,Adipocytes,TEST,Spearman,0.6478449022629956
INTERACT,Adipocytes,TEST,AUC,0.8922833812427735
INTERACT,Adipocytes,TEST,Accuracy,0.8975250357595772
INTERACT,Adipocytes,TEST,MAE,0.1241422190308612
INTERACT,Adipocytes,cell type specific,Pearson,-0.03251493390657226
INTERACT,Adipocytes,cell type specific,Spearman,-0.101912231476813
INTERACT,Adipocytes,cell type specific,AUC,0.5817109144542774
INTERACT,Adipocytes,cell type specific,Accuracy,0.28125
INTERACT,Adipocytes,cell type specific,MAE,0.3744634985923767
INTERACT,Aorta-Endothel,VALID,Pearson,0.7195815135449738
INTERACT,Aorta-Endothel,VALID,Spearman,0.609897956871209
INTERACT,Aorta-Endothel,VALID,AUC,0.8676097289553675
INTERACT,Aorta-Endothel,VALID,Accuracy,0.8650819984347241
INTERACT,Aorta-Endothel,VALID,MAE,0.146224307971064
INTERACT,Aorta-Endothel,TEST,Pearson,0.7207306321284869
INTERACT,Aorta-Endothel,TEST,Spearman,0.6077289998566061
INTERACT,Aorta-Endothel,TEST,AUC,0.8682567904215763
INTERACT,Aorta-Endothel,TEST,Accuracy,0.8628529628106123
INTERACT,Aorta-Endothel,TEST,MAE,0.1459051436957907
INTERACT,Aorta-Endothel,cell type specific,Pearson,0.4093752648352453
INTERACT,Aorta-Endothel,cell type specific,Spearman,0.385055431670532
INTERACT,Aorta-Endothel,cell type specific,AUC,0.7077002944628557
INTERACT,Aorta-Endothel,cell type specific,Accuracy,0.5658662369057212
INTERACT,Aorta-Endothel,cell type specific,MAE,0.2854877710342407
INTERACT,Aorta-Smooth-Muscle,VALID,Pearson,0.6926949198472881
INTERACT,Aorta-Smooth-Muscle,VALID,Spearman,0.6427563433990747
INTERACT,Aorta-Smooth-Muscle,VALID,AUC,0.8411930854378638
INTERACT,Aorta-Smooth-Muscle,VALID,Accuracy,0.7925119322876112
INTERACT,Aorta-Smooth-Muscle,VALID,MAE,0.163010823869135
INTERACT,Aorta-Smooth-Muscle,TEST,Pearson,0.697208770397247
INTERACT,Aorta-Smooth-Muscle,TEST,Spearman,0.6441836688351469
INTERACT,Aorta-Smooth-Muscle,TEST,AUC,0.8393515042805533
INTERACT,Aorta-Smooth-Muscle,TEST,Accuracy,0.786749177209628
INTERACT,Aorta-Smooth-Muscle,TEST,MAE,0.1613337761228186
INTERACT,Aorta-Smooth-Muscle,cell type specific,Pearson,0.303839953906247
INTERACT,Aorta-Smooth-Muscle,cell type specific,Spearman,0.3029542734533069
INTERACT,Aorta-Smooth-Muscle,cell type specific,AUC,0.6612209763659296
INTERACT,Aorta-Smooth-Muscle,cell type specific,Accuracy,0.3250631678285488
INTERACT,Aorta-Smooth-Muscle,cell type specific,MAE,0.2589683532714844
INTERACT,Bladder-Epithelial,VALID,Pearson,0.7168738286140119
INTERACT,Bladder-Epithelial,VALID,Spearman,0.6052227154664793
INTERACT,Bladder-Epithelial,VALID,AUC,0.8762088307018663
INTERACT,Bladder-Epithelial,VALID,Accuracy,0.8676339444959692
INTERACT,Bladder-Epithelial,VALID,MAE,0.1567125391931222
INTERACT,Bladder-Epithelial,TEST,Pearson,0.7202548777813728
INTERACT,Bladder-Epithelial,TEST,Spearman,0.6045447104722002
INTERACT,Bladder-Epithelial,TEST,AUC,0.8762701352204485
INTERACT,Bladder-Epithelial,TEST,Accuracy,0.8685558992373289
INTERACT,Bladder-Epithelial,TEST,MAE,0.1554327762295797
INTERACT,Bladder-Epithelial,cell type specific,Pearson,0.09313107703404729
INTERACT,Bladder-Epithelial,cell type specific,Spearman,0.1387558720013003
INTERACT,Bladder-Epithelial,cell type specific,AUC,0.4577814443359796
INTERACT,Bladder-Epithelial,cell type specific,Accuracy,0.275562978127357
INTERACT,Bladder-Epithelial,cell type specific,MAE,0.4434176683425903
INTERACT,Blood-B,VALID,Pearson,0.7432020129035415
INTERACT,Blood-B,VALID,Spearman,0.581590414240012
INTERACT,Blood-B,VALID,AUC,0.8845800509677237
INTERACT,Blood-B,VALID,Accuracy,0.9134097045025501
INTERACT,Blood-B,VALID,MAE,0.1189416952124323
INTERACT,Blood-B,TEST,Pearson,0.7412984666814821
INTERACT,Blood-B,TEST,Spearman,0.5749005020577556
INTERACT,Blood-B,TEST,AUC,0.884477322019041
INTERACT,Blood-B,TEST,Accuracy,0.9135267866486141
INTERACT,Blood-B,TEST,MAE,0.1196154337289358
INTERACT,Blood-B,cell type specific,Pearson,0.2158755669633582
INTERACT,Blood-B,cell type specific,Spearman,0.3002470772135108
INTERACT,Blood-B,cell type specific,AUC,0.654987678187488
INTERACT,Blood-B,cell type specific,Accuracy,0.1986215923267276
INTERACT,Blood-B,cell type specific,MAE,0.6052237153053284
INTERACT,Blood-Granulocytes,VALID,Pearson,0.7438369791047565
INTERACT,Blood-Granulocytes,VALID,Spearman,0.5367360277107367
INTERACT,Blood-Granulocytes,VALID,AUC,0.8897635771317652
INTERACT,Blood-Granulocytes,VALID,Accuracy,0.9139331521650208
INTERACT,Blood-Granulocytes,VALID,MAE,0.1198954516163348
INTERACT,Blood-Granulocytes,TEST,Pearson,0.753578582633043
INTERACT,Blood-Granulocytes,TEST,Spearman,0.5342459366310286
INTERACT,Blood-Granulocytes,TEST,AUC,0.8921412213057407
INTERACT,Blood-Granulocytes,TEST,Accuracy,0.918068440120272
INTERACT,Blood-Granulocytes,TEST,MAE,0.117544675069452
INTERACT,Blood-Granulocytes,cell type specific,Pearson,0.2274849064181466
INTERACT,Blood-Granulocytes,cell type specific,Spearman,0.2485396644969129
INTERACT,Blood-Granulocytes,cell type specific,AUC,0.7427861376292177
INTERACT,Blood-Granulocytes,cell type specific,Accuracy,0.2328734585617862
INTERACT,Blood-Granulocytes,cell type specific,MAE,0.5612967014312744
INTERACT,Blood-Monocytes,VALID,Pearson,0.7448099859541457
INTERACT,Blood-Monocytes,VALID,Spearman,0.5020260450738712
INTERACT,Blood-Monocytes,VALID,AUC,0.8927459387725427
INTERACT,Blood-Monocytes,VALID,Accuracy,0.9185450831114126
INTERACT,Blood-Monocytes,VALID,MAE,0.1165705952536768
INTERACT,Blood-Monocytes,TEST,Pearson,0.7499477572594702
INTERACT,Blood-Monocytes,TEST,Spearman,0.4965555803029053
INTERACT,Blood-Monocytes,TEST,AUC,0.8940282901402545
INTERACT,Blood-Monocytes,TEST,Accuracy,0.921453429903599
INTERACT,Blood-Monocytes,TEST,MAE,0.1152110605445
INTERACT,Blood-Monocytes,cell type specific,Pearson,0.2732008367521199
INTERACT,Blood-Monocytes,cell type specific,Spearman,0.3174409533556704
INTERACT,Blood-Monocytes,cell type specific,AUC,0.661516465463834
INTERACT,Blood-Monocytes,cell type specific,Accuracy,0.2761901894064862
INTERACT,Blood-Monocytes,cell type specific,MAE,0.5222280025482178
INTERACT,Blood-NK,VALID,Pearson,0.7540227108005959
INTERACT,Blood-NK,VALID,Spearman,0.5434020362597535
INTERACT,Blood-NK,VALID,AUC,0.8896175405394044
INTERACT,Blood-NK,VALID,Accuracy,0.9245539095488293
INTERACT,Blood-NK,VALID,MAE,0.1062212358839386
INTERACT,Blood-NK,TEST,Pearson,0.7579969651184159
INTERACT,Blood-NK,TEST,Spearman,0.5349051925205652
INTERACT,Blood-NK,TEST,AUC,0.8894557311218737
INTERACT,Blood-NK,TEST,Accuracy,0.9272991758743947
INTERACT,Blood-NK,TEST,MAE,0.1053123693645289
INTERACT,Blood-NK,cell type specific,Pearson,0.3456752175154801
INTERACT,Blood-NK,cell type specific,Spearman,0.4690119691999459
INTERACT,Blood-NK,cell type specific,AUC,0.6601002858775362
INTERACT,Blood-NK,cell type specific,Accuracy,0.2967797023664309
INTERACT,Blood-NK,cell type specific,MAE,0.5238209962844849
INTERACT,Blood-T-CD3,VALID,Pearson,0.7404647407126579
INTERACT,Blood-T-CD3,VALID,Spearman,0.6308178047812202
INTERACT,Blood-T-CD3,VALID,AUC,0.8836417074362289
INTERACT,Blood-T-CD3,VALID,Accuracy,0.9055309951569602
INTERACT,Blood-T-CD3,VALID,MAE,0.1187473199601017
INTERACT,Blood-T-CD3,TEST,Pearson,0.7433725857922858
INTERACT,Blood-T-CD3,TEST,Spearman,0.6278396715930352
INTERACT,Blood-T-CD3,TEST,AUC,0.8847520804431585
INTERACT,Blood-T-CD3,TEST,Accuracy,0.9059915780803082
INTERACT,Blood-T-CD3,TEST,MAE,0.1186928250917857
INTERACT,Blood-T-CD3,cell type specific,Pearson,0.0376648858301728
INTERACT,Blood-T-CD3,cell type specific,Spearman,-0.02664348076373244
INTERACT,Blood-T-CD3,cell type specific,AUC,0.4479186111166026
INTERACT,Blood-T-CD3,cell type specific,Accuracy,0.09873896304493164
INTERACT,Blood-T-CD3,cell type specific,MAE,0.6669854521751404
INTERACT,Bone-Osteoblasts,VALID,Pearson,0.7047260047615008
INTERACT,Bone-Osteoblasts,VALID,Spearman,0.6517735956060244
INTERACT,Bone-Osteoblasts,VALID,AUC,0.8502533523926008
INTERACT,Bone-Osteoblasts,VALID,Accuracy,0.810819636037982
INTERACT,Bone-Osteoblasts,VALID,MAE,0.1614403681152176
INTERACT,Bone-Osteoblasts,TEST,Pearson,0.7060915321406797
INTERACT,Bone-Osteoblasts,TEST,Spearman,0.65028259165256
INTERACT,Bone-Osteoblasts,TEST,AUC,0.8498214271290994
INTERACT,Bone-Osteoblasts,TEST,Accuracy,0.808554341826199
INTERACT,Bone-Osteoblasts,TEST,MAE,0.1613659760919952
INTERACT,Bone-Osteoblasts,cell type specific,Pearson,0.2189206259210302
INTERACT,Bone-Osteoblasts,cell type specific,Spearman,0.2055375345465458
INTERACT,Bone-Osteoblasts,cell type specific,AUC,0.6641017747442295
INTERACT,Bone-Osteoblasts,cell type specific,Accuracy,0.3642310724711799
INTERACT,Bone-Osteoblasts,cell type specific,MAE,0.4378993809223175
INTERACT,Bone_marrow-Erythrocyte_progenitors,VALID,Pearson,0.7252407009613594
INTERACT,Bone_marrow-Erythrocyte_progenitors,VALID,Spearman,0.6803271085765076
INTERACT,Bone_marrow-Erythrocyte_progenitors,VALID,AUC,0.8515394689764556
INTERACT,Bone_marrow-Erythrocyte_progenitors,VALID,Accuracy,0.8008302237074167
INTERACT,Bone_marrow-Erythrocyte_progenitors,VALID,MAE,0.1197886759713274
INTERACT,Bone_marrow-Erythrocyte_progenitors,TEST,Pearson,0.7246312290632039
INTERACT,Bone_marrow-Erythrocyte_progenitors,TEST,Spearman,0.6748558799613649
INTERACT,Bone_marrow-Erythrocyte_progenitors,TEST,AUC,0.8487752340305768
INTERACT,Bone_marrow-Erythrocyte_progenitors,TEST,Accuracy,0.794860210922254
INTERACT,Bone_marrow-Erythrocyte_progenitors,TEST,MAE,0.121405116329602
INTERACT,Bone_marrow-Erythrocyte_progenitors,cell type specific,Pearson,0.2405711036709849
INTERACT,Bone_marrow-Erythrocyte_progenitors,cell type specific,Spearman,0.2433698919949581
INTERACT,Bone_marrow-Erythrocyte_progenitors,cell type specific,AUC,0.7236685305376034
INTERACT,Bone_marrow-Erythrocyte_progenitors,cell type specific,Accuracy,0.3591434274998488
INTERACT,Bone_marrow-Erythrocyte_progenitors,cell type specific,MAE,0.4311247766017914
INTERACT,Breast-Basal-Epithelial,VALID,Pearson,0.7356107003511972
INTERACT,Breast-Basal-Epithelial,VALID,Spearman,0.535810769936859
INTERACT,Breast-Basal-Epithelial,VALID,AUC,0.8885975530921051
INTERACT,Breast-Basal-Epithelial,VALID,Accuracy,0.9042812639603606
INTERACT,Breast-Basal-Epithelial,VALID,MAE,0.1332925760956744
INTERACT,Breast-Basal-Epithelial,TEST,Pearson,0.7400423330389393
INTERACT,Breast-Basal-Epithelial,TEST,Spearman,0.535634815679203
INTERACT,Breast-Basal-Epithelial,TEST,AUC,0.8897647759468491
INTERACT,Breast-Basal-Epithelial,TEST,Accuracy,0.9054440900426621
INTERACT,Breast-Basal-Epithelial,TEST,MAE,0.1319349241685621
INTERACT,Breast-Basal-Epithelial,cell type specific,Pearson,0.06460624363504418
INTERACT,Breast-Basal-Epithelial,cell type specific,Spearman,0.1070926659717161
INTERACT,Breast-Basal-Epithelial,cell type specific,AUC,0.5819182758758138
INTERACT,Breast-Basal-Epithelial,cell type specific,Accuracy,0.4360235040172682
INTERACT,Breast-Basal-Epithelial,cell type specific,MAE,0.3989457488059998
INTERACT,Breast-Luminal-Epithelial,VALID,Pearson,0.7436461328760643
INTERACT,Breast-Luminal-Epithelial,VALID,Spearman,0.5605085195529004
INTERACT,Breast-Luminal-Epithelial,VALID,AUC,0.890788753656424
INTERACT,Breast-Luminal-Epithelial,VALID,Accuracy,0.8995857736731534
INTERACT,Breast-Luminal-Epithelial,VALID,MAE,0.1395812255536232
INTERACT,Breast-Luminal-Epithelial,TEST,Pearson,0.750020640384706
INTERACT,Breast-Luminal-Epithelial,TEST,Spearman,0.5581319591249617
INTERACT,Breast-Luminal-Epithelial,TEST,AUC,0.891866575544167
INTERACT,Breast-Luminal-Epithelial,TEST,Accuracy,0.9017130594975403
INTERACT,Breast-Luminal-Epithelial,TEST,MAE,0.1373705681430302
INTERACT,Breast-Luminal-Epithelial,cell type specific,Pearson,0.309135860655596
INTERACT,Breast-Luminal-Epithelial,cell type specific,Spearman,0.3244261561170854
INTERACT,Breast-Luminal-Epithelial,cell type specific,AUC,0.6595971403265618
INTERACT,Breast-Luminal-Epithelial,cell type specific,Accuracy,0.4813505837803724
INTERACT,Breast-Luminal-Epithelial,cell type specific,MAE,0.3483057022094727
INTERACT,Colon-Fibroblasts,VALID,Pearson,0.7639758991610017
INTERACT,Colon-Fibroblasts,VALID,Spearman,0.6575249046415146
INTERACT,Colon-Fibroblasts,VALID,AUC,0.8864770653150096
INTERACT,Colon-Fibroblasts,VALID,Accuracy,0.8960147588310673
INTERACT,Colon-Fibroblasts,VALID,MAE,0.119780492737402
INTERACT,Colon-Fibroblasts,TEST,Pearson,0.7641772666987032
INTERACT,Colon-Fibroblasts,TEST,Spearman,0.6557519977214279
INTERACT,Colon-Fibroblasts,TEST,AUC,0.8878388712698839
INTERACT,Colon-Fibroblasts,TEST,Accuracy,0.8953531572936304
INTERACT,Colon-Fibroblasts,TEST,MAE,0.1196573406470931
INTERACT,Colon-Fibroblasts,cell type specific,Pearson,0.2372657077236504
INTERACT,Colon-Fibroblasts,cell type specific,Spearman,0.2265416356945297
INTERACT,Colon-Fibroblasts,cell type specific,AUC,0.6290080910997903
INTERACT,Colon-Fibroblasts,cell type specific,Accuracy,0.2338611449451888
INTERACT,Colon-Fibroblasts,cell type specific,MAE,0.3074449598789215
INTERACT,Colon-Right-Epithelial,VALID,Pearson,0.7191474701496735
INTERACT,Colon-Right-Epithelial,VALID,Spearman,0.5688118297283108
INTERACT,Colon-Right-Epithelial,VALID,AUC,0.8763641281544481
INTERACT,Colon-Right-Epithelial,VALID,Accuracy,0.8879865760834816
INTERACT,Colon-Right-Epithelial,VALID,MAE,0.1458992591000793
INTERACT,Colon-Right-Epithelial,TEST,Pearson,0.713786620051794
INTERACT,Colon-Right-Epithelial,TEST,Spearman,0.5652637473114523
INTERACT,Colon-Right-Epithelial,TEST,AUC,0.8730891031067245
INTERACT,Colon-Right-Epithelial,TEST,Accuracy,0.8844507978804181
INTERACT,Colon-Right-Epithelial,TEST,MAE,0.1473554631413564
INTERACT,Colon-Right-Epithelial,cell type specific,Pearson,0.2188273245661283
INTERACT,Colon-Right-Epithelial,cell type specific,Spearman,0.2344826632938572
INTERACT,Colon-Right-Epithelial,cell type specific,AUC,0.7169967410394293
INTERACT,Colon-Right-Epithelial,cell type specific,Accuracy,0.2807127619525662
INTERACT,Colon-Right-Epithelial,cell type specific,MAE,0.5464979410171509
INTERACT,Cortex-Neuron,VALID,Pearson,0.7320705402700045
INTERACT,Cortex-Neuron,VALID,Spearman,0.5580013261042228
INTERACT,Cortex-Neuron,VALID,AUC,0.8957505021051546
INTERACT,Cortex-Neuron,VALID,Accuracy,0.9303050105058516
INTERACT,Cortex-Neuron,VALID,MAE,0.122195375192943
INTERACT,Cortex-Neuron,TEST,Pearson,0.6767011872008802
INTERACT,Cortex-Neuron,TEST,Spearman,0.5465170599228593
INTERACT,Cortex-Neuron,TEST,AUC,0.8852523782377584
INTERACT,Cortex-Neuron,TEST,Accuracy,0.9264874450413669
INTERACT,Cortex-Neuron,TEST,MAE,0.1292454830818834
INTERACT,Cortex-Neuron,cell type specific,Pearson,0.3271746944038224
INTERACT,Cortex-Neuron,cell type specific,Spearman,0.3274838868377656
INTERACT,Cortex-Neuron,cell type specific,AUC,0.6870222485726782
INTERACT,Cortex-Neuron,cell type specific,Accuracy,0.5181318737115758
INTERACT,Cortex-Neuron,cell type specific,MAE,0.2518605291843414
INTERACT,Dermal-Fibroblasts,VALID,Pearson,0.7323566534752669
INTERACT,Dermal-Fibroblasts,VALID,Spearman,0.629017879907299
INTERACT,Dermal-Fibroblasts,VALID,AUC,0.8737453980948905
INTERACT,Dermal-Fibroblasts,VALID,Accuracy,0.8729065533755003
INTERACT,Dermal-Fibroblasts,VALID,MAE,0.135429264879326
INTERACT,Dermal-Fibroblasts,TEST,Pearson,0.7306443593844597
INTERACT,Dermal-Fibroblasts,TEST,Spearman,0.6277039813428651
INTERACT,Dermal-Fibroblasts,TEST,AUC,0.8730388533235768
INTERACT,Dermal-Fibroblasts,TEST,Accuracy,0.8708887339473342
INTERACT,Dermal-Fibroblasts,TEST,MAE,0.1359693468019409
INTERACT,Dermal-Fibroblasts,cell type specific,Pearson,0.3117055981594928
INTERACT,Dermal-Fibroblasts,cell type specific,Spearman,0.3123832729616931
INTERACT,Dermal-Fibroblasts,cell type specific,AUC,0.8010265762042097
INTERACT,Dermal-Fibroblasts,cell type specific,Accuracy,0.3157640232108317
INTERACT,Dermal-Fibroblasts,cell type specific,MAE,0.4061412513256073
INTERACT,Epidermal-Keratinocytes,VALID,Pearson,0.7312257144656835
INTERACT,Epidermal-Keratinocytes,VALID,Spearman,0.6031759362080786
INTERACT,Epidermal-Keratinocytes,VALID,AUC,0.8816506294841746
INTERACT,Epidermal-Keratinocytes,VALID,Accuracy,0.8857364012220944
INTERACT,Epidermal-Keratinocytes,VALID,MAE,0.1351902096538658
INTERACT,Epidermal-Keratinocytes,TEST,Pearson,0.7362660785032544
INTERACT,Epidermal-Keratinocytes,TEST,Spearman,0.6030100762410704
INTERACT,Epidermal-Keratinocytes,TEST,AUC,0.8829317210870233
INTERACT,Epidermal-Keratinocytes,TEST,Accuracy,0.886433247982368
INTERACT,Epidermal-Keratinocytes,TEST,MAE,0.1344729166361238
INTERACT,Epidermal-Keratinocytes,cell type specific,Pearson,0.1822862751990441
INTERACT,Epidermal-Keratinocytes,cell type specific,Spearman,0.2156133126120283
INTERACT,Epidermal-Keratinocytes,cell type specific,AUC,0.634093913913523
INTERACT,Epidermal-Keratinocytes,cell type specific,Accuracy,0.4107505765761651
INTERACT,Epidermal-Keratinocytes,cell type specific,MAE,0.3892970979213715
INTERACT,Fallopian-Epithelial,VALID,Pearson,0.7413896008029757
INTERACT,Fallopian-Epithelial,VALID,Spearman,0.5770312482356632
INTERACT,Fallopian-Epithelial,VALID,AUC,0.8888514710659396
INTERACT,Fallopian-Epithelial,VALID,Accuracy,0.8923083896452461
INTERACT,Fallopian-Epithelial,VALID,MAE,0.1411214819663522
INTERACT,Fallopian-Epithelial,TEST,Pearson,0.7440978420031009
INTERACT,Fallopian-Epithelial,TEST,Spearman,0.5742614843056734
INTERACT,Fallopian-Epithelial,TEST,AUC,0.8884355782818733
INTERACT,Fallopian-Epithelial,TEST,Accuracy,0.8932515839085978
INTERACT,Fallopian-Epithelial,TEST,MAE,0.1398173254208704
INTERACT,Fallopian-Epithelial,cell type specific,Pearson,0.2929546266066412
INTERACT,Fallopian-Epithelial,cell type specific,Spearman,0.2574647858471933
INTERACT,Fallopian-Epithelial,cell type specific,AUC,0.7691719027084892
INTERACT,Fallopian-Epithelial,cell type specific,Accuracy,0.3467970968759861
INTERACT,Fallopian-Epithelial,cell type specific,MAE,0.4792442321777344
INTERACT,Gallbladder-Epithelial,VALID,Pearson,0.7416011361354298
INTERACT,Gallbladder-Epithelial,VALID,Spearman,0.5633564085007564
INTERACT,Gallbladder-Epithelial,VALID,AUC,0.8878253886896069
INTERACT,Gallbladder-Epithelial,VALID,Accuracy,0.8959826099760612
INTERACT,Gallbladder-Epithelial,VALID,MAE,0.1326710748332617
INTERACT,Gallbladder-Epithelial,TEST,Pearson,0.7390636181511128
INTERACT,Gallbladder-Epithelial,TEST,Spearman,0.5601337825852191
INTERACT,Gallbladder-Epithelial,TEST,AUC,0.8867939751447166
INTERACT,Gallbladder-Epithelial,TEST,Accuracy,0.8949686231036661
INTERACT,Gallbladder-Epithelial,TEST,MAE,0.132902210885277
INTERACT,Gallbladder-Epithelial,cell type specific,Pearson,0.1219050266023346
INTERACT,Gallbladder-Epithelial,cell type specific,Spearman,0.1394286320700911
INTERACT,Gallbladder-Epithelial,cell type specific,AUC,0.5397256565275868
INTERACT,Gallbladder-Epithelial,cell type specific,Accuracy,0.3254688355708175
INTERACT,Gallbladder-Epithelial,cell type specific,MAE,0.5632436871528625
INTERACT,Gastric-fundus-Epithelial,VALID,Pearson,0.7344191778845649
INTERACT,Gastric-fundus-Epithelial,VALID,Spearman,0.6127936776293318
INTERACT,Gastric-fundus-Epithelial,VALID,AUC,0.8767070313689299
INTERACT,Gastric-fundus-Epithelial,VALID,Accuracy,0.8756593389444335
INTERACT,Gastric-fundus-Epithelial,VALID,MAE,0.1473652772229012
INTERACT,Gastric-fundus-Epithelial,TEST,Pearson,0.7280540646101576
INTERACT,Gastric-fundus-Epithelial,TEST,Spearman,0.6036710632914501
INTERACT,Gastric-fundus-Epithelial,TEST,AUC,0.8732856062852087
INTERACT,Gastric-fundus-Epithelial,TEST,Accuracy,0.8729256406301802
INTERACT,Gastric-fundus-Epithelial,TEST,MAE,0.1492826555330666
INTERACT,Gastric-fundus-Epithelial,cell type specific,Pearson,0.2056127610181849
INTERACT,Gastric-fundus-Epithelial,cell type specific,Spearman,0.2188715432100708
INTERACT,Gastric-fundus-Epithelial,cell type specific,AUC,0.6541405932450395
INTERACT,Gastric-fundus-Epithelial,cell type specific,Accuracy,0.3493513739712651
INTERACT,Gastric-fundus-Epithelial,cell type specific,MAE,0.4444610178470612
INTERACT,Heart-Cardiomyocyte,VALID,Pearson,0.6108111958620704
INTERACT,Heart-Cardiomyocyte,VALID,Spearman,0.4783674559704286
INTERACT,Heart-Cardiomyocyte,VALID,AUC,0.837588908744386
INTERACT,Heart-Cardiomyocyte,VALID,Accuracy,0.866308963906695
INTERACT,Heart-Cardiomyocyte,VALID,MAE,0.208822782759554
INTERACT,Heart-Cardiomyocyte,TEST,Pearson,0.5756082854498243
INTERACT,Heart-Cardiomyocyte,TEST,Spearman,0.462371168924025
INTERACT,Heart-Cardiomyocyte,TEST,AUC,0.8289994289130572
INTERACT,Heart-Cardiomyocyte,TEST,Accuracy,0.8632341032505888
INTERACT,Heart-Cardiomyocyte,TEST,MAE,0.2184875046174166
INTERACT,Heart-Cardiomyocyte,cell type specific,Pearson,0.1606069679107803
INTERACT,Heart-Cardiomyocyte,cell type specific,Spearman,0.1662560897338962
INTERACT,Heart-Cardiomyocyte,cell type specific,AUC,0.6394069976845896
INTERACT,Heart-Cardiomyocyte,cell type specific,Accuracy,0.2565104166666667
INTERACT,Heart-Cardiomyocyte,cell type specific,MAE,0.4819637835025787
INTERACT,Heart-Fibroblasts,VALID,Pearson,0.6486913276733485
INTERACT,Heart-Fibroblasts,VALID,Spearman,0.6125778904364745
INTERACT,Heart-Fibroblasts,VALID,AUC,0.819828289698664
INTERACT,Heart-Fibroblasts,VALID,Accuracy,0.7565200775094274
INTERACT,Heart-Fibroblasts,VALID,MAE,0.1970520413857559
INTERACT,Heart-Fibroblasts,TEST,Pearson,0.6429935945052632
INTERACT,Heart-Fibroblasts,TEST,Spearman,0.6158561286169442
INTERACT,Heart-Fibroblasts,TEST,AUC,0.8180174584370925
INTERACT,Heart-Fibroblasts,TEST,Accuracy,0.7469602505263415
INTERACT,Heart-Fibroblasts,TEST,MAE,0.1978756822145812
INTERACT,Heart-Fibroblasts,cell type specific,Pearson,0.07281834257815459
INTERACT,Heart-Fibroblasts,cell type specific,Spearman,0.06768753623134405
INTERACT,Heart-Fibroblasts,cell type specific,AUC,0.542220512934032
INTERACT,Heart-Fibroblasts,cell type specific,Accuracy,0.3716327710336854
INTERACT,Heart-Fibroblasts,cell type specific,MAE,0.3394733667373657
INTERACT,Kidney-Tubular-Endothel,VALID,Pearson,0.748699065926832
INTERACT,Kidney-Tubular-Endothel,VALID,Spearman,0.5653317171120648
INTERACT,Kidney-Tubular-Endothel,VALID,AUC,0.887368672980243
INTERACT,Kidney-Tubular-Endothel,VALID,Accuracy,0.9062710043923604
INTERACT,Kidney-Tubular-Endothel,VALID,MAE,0.1214141702807013
INTERACT,Kidney-Tubular-Endothel,TEST,Pearson,0.7451467732184768
INTERACT,Kidney-Tubular-Endothel,TEST,Spearman,0.5632338340994923
INTERACT,Kidney-Tubular-Endothel,TEST,AUC,0.8851843807288738
INTERACT,Kidney-Tubular-Endothel,TEST,Accuracy,0.9047319341643942
INTERACT,Kidney-Tubular-Endothel,TEST,MAE,0.1222401536213359
INTERACT,Kidney-Tubular-Endothel,cell type specific,Pearson,0.2736354636649856
INTERACT,Kidney-Tubular-Endothel,cell type specific,Spearman,0.3049451515212618
INTERACT,Kidney-Tubular-Endothel,cell type specific,AUC,0.9368787697733871
INTERACT,Kidney-Tubular-Endothel,cell type specific,Accuracy,0.9720921858120274
INTERACT,Kidney-Tubular-Endothel,cell type specific,MAE,0.08041203767061234
INTERACT,Liver-Hepatocytes,VALID,Pearson,0.7380216023997842
INTERACT,Liver-Hepatocytes,VALID,Spearman,0.5766341312655678
INTERACT,Liver-Hepatocytes,VALID,AUC,0.8790630753829533
INTERACT,Liver-Hepatocytes,VALID,Accuracy,0.9007346783204758
INTERACT,Liver-Hepatocytes,VALID,MAE,0.1307760422646657
INTERACT,Liver-Hepatocytes,TEST,Pearson,0.7315704466000366
INTERACT,Liver-Hepatocytes,TEST,Spearman,0.5771041449715176
INTERACT,Liver-Hepatocytes,TEST,AUC,0.871683814089807
INTERACT,Liver-Hepatocytes,TEST,Accuracy,0.8912621099416874
INTERACT,Liver-Hepatocytes,TEST,MAE,0.1344215623617367
INTERACT,Liver-Hepatocytes,cell type specific,Pearson,0.09765210337911374
INTERACT,Liver-Hepatocytes,cell type specific,Spearman,0.1172774970592265
INTERACT,Liver-Hepatocytes,cell type specific,AUC,0.5944280929672654
INTERACT,Liver-Hepatocytes,cell type specific,Accuracy,0.180939935595277
INTERACT,Liver-Hepatocytes,cell type specific,MAE,0.6028336882591248
INTERACT,Lung-Alveolar-Epithelial,VALID,Pearson,0.7394465251143719
INTERACT,Lung-Alveolar-Epithelial,VALID,Spearman,0.6376785742165366
INTERACT,Lung-Alveolar-Epithelial,VALID,AUC,0.8876594230732259
INTERACT,Lung-Alveolar-Epithelial,VALID,Accuracy,0.8935019307651045
INTERACT,Lung-Alveolar-Epithelial,VALID,MAE,0.1319203683324028
INTERACT,Lung-Alveolar-Epithelial,TEST,Pearson,0.7165263241422498
INTERACT,Lung-Alveolar-Epithelial,TEST,Spearman,0.629733983663279
INTERACT,Lung-Alveolar-Epithelial,TEST,AUC,0.8853658673077804
INTERACT,Lung-Alveolar-Epithelial,TEST,Accuracy,0.8933786418395586
INTERACT,Lung-Alveolar-Epithelial,TEST,MAE,0.1347381164511533
INTERACT,Lung-Alveolar-Epithelial,cell type specific,Pearson,0.3384021653553579
INTERACT,Lung-Alveolar-Epithelial,cell type specific,Spearman,0.3587347570861794
INTERACT,Lung-Alveolar-Epithelial,cell type specific,AUC,0.7962117156339957
INTERACT,Lung-Alveolar-Epithelial,cell type specific,Accuracy,0.2886026513359774
INTERACT,Lung-Alveolar-Epithelial,cell type specific,MAE,0.458759605884552
INTERACT,Lung-Bronchus-Epithelial,VALID,Pearson,0.7467316133257227
INTERACT,Lung-Bronchus-Epithelial,VALID,Spearman,0.6111517546603114
INTERACT,Lung-Bronchus-Epithelial,VALID,AUC,0.8878274008271765
INTERACT,Lung-Bronchus-Epithelial,VALID,Accuracy,0.8921036343130574
INTERACT,Lung-Bronchus-Epithelial,VALID,MAE,0.1341444575942233
INTERACT,Lung-Bronchus-Epithelial,TEST,Pearson,0.7482829630342835
INTERACT,Lung-Bronchus-Epithelial,TEST,Spearman,0.6060204219870552
INTERACT,Lung-Bronchus-Epithelial,TEST,AUC,0.887802575520441
INTERACT,Lung-Bronchus-Epithelial,TEST,Accuracy,0.8920738393930364
INTERACT,Lung-Bronchus-Epithelial,TEST,MAE,0.134216759218319
INTERACT,Lung-Bronchus-Epithelial,cell type specific,Pearson,0.185652348385996
INTERACT,Lung-Bronchus-Epithelial,cell type specific,Spearman,0.1729137774016109
INTERACT,Lung-Bronchus-Epithelial,cell type specific,AUC,0.6386701919229492
INTERACT,Lung-Bronchus-Epithelial,cell type specific,Accuracy,0.3429034785118401
INTERACT,Lung-Bronchus-Epithelial,cell type specific,MAE,0.4189525544643402
INTERACT,Oligodendrocytes,VALID,Pearson,0.7620079081405106
INTERACT,Oligodendrocytes,VALID,Spearman,0.5317214519829547
INTERACT,Oligodendrocytes,VALID,AUC,0.8939536441992912
INTERACT,Oligodendrocytes,VALID,Accuracy,0.913880663813979
INTERACT,Oligodendrocytes,VALID,MAE,0.1220438713244519
INTERACT,Oligodendrocytes,TEST,Pearson,0.7614311122157311
INTERACT,Oligodendrocytes,TEST,Spearman,0.5256963690130049
INTERACT,Oligodendrocytes,TEST,AUC,0.8948674484309661
INTERACT,Oligodendrocytes,TEST,Accuracy,0.9156294747461599
INTERACT,Oligodendrocytes,TEST,MAE,0.1210968841019488
INTERACT,Oligodendrocytes,cell type specific,Pearson,0.2826413888785573
INTERACT,Oligodendrocytes,cell type specific,Spearman,0.2848129114809359
INTERACT,Oligodendrocytes,cell type specific,AUC,0.7559159289918332
INTERACT,Oligodendrocytes,cell type specific,Accuracy,0.5386893592851419
INTERACT,Oligodendrocytes,cell type specific,MAE,0.3471286296844482
INTERACT,Ovary-Epithelial,VALID,Pearson,0.6662435581939143
INTERACT,Ovary-Epithelial,VALID,Spearman,0.5361381055957837
INTERACT,Ovary-Epithelial,VALID,AUC,0.846369603150402
INTERACT,Ovary-Epithelial,VALID,Accuracy,0.8435080198599785
INTERACT,Ovary-Epithelial,VALID,MAE,0.1812137983626387
INTERACT,Ovary-Epithelial,TEST,Pearson,0.6613937198854051
INTERACT,Ovary-Epithelial,TEST,Spearman,0.5330406158488621
INTERACT,Ovary-Epithelial,TEST,AUC,0.8413111914605323
INTERACT,Ovary-Epithelial,TEST,Accuracy,0.8391851177871351
INTERACT,Ovary-Epithelial,TEST,MAE,0.1828202828185626
INTERACT,Ovary-Epithelial,cell type specific,Pearson,0.3155372495534624
INTERACT,Ovary-Epithelial,cell type specific,Spearman,0.3185191521826771
INTERACT,Ovary-Epithelial,cell type specific,AUC,0.7032362462122035
INTERACT,Ovary-Epithelial,cell type specific,Accuracy,0.4930443390819569
INTERACT,Ovary-Epithelial,cell type specific,MAE,0.3497650325298309
INTERACT,Pancreas-Acinar,VALID,Pearson,0.704906899809287
INTERACT,Pancreas-Acinar,VALID,Spearman,0.6414242535875049
INTERACT,Pancreas-Acinar,VALID,AUC,0.8594035015783199
INTERACT,Pancreas-Acinar,VALID,Accuracy,0.8324915068928328
INTERACT,Pancreas-Acinar,VALID,MAE,0.1631808736876647
INTERACT,Pancreas-Acinar,TEST,Pearson,0.7006248133788516
INTERACT,Pancreas-Acinar,TEST,Spearman,0.6394786803131061
INTERACT,Pancreas-Acinar,TEST,AUC,0.8558854126505865
INTERACT,Pancreas-Acinar,TEST,Accuracy,0.8211183949201998
INTERACT,Pancreas-Acinar,TEST,MAE,0.165748951810776
INTERACT,Pancreas-Acinar,cell type specific,Pearson,0.1279647657521872
INTERACT,Pancreas-Acinar,cell type specific,Spearman,0.1579719333503569
INTERACT,Pancreas-Acinar,cell type specific,AUC,0.4998646735971533
INTERACT,Pancreas-Acinar,cell type specific,Accuracy,0.2746859685686926
INTERACT,Pancreas-Acinar,cell type specific,MAE,0.5082096457481384
INTERACT,Pancreas-Alpha,VALID,Pearson,0.7413196040479476
INTERACT,Pancreas-Alpha,VALID,Spearman,0.5663844795454536
INTERACT,Pancreas-Alpha,VALID,AUC,0.8826927255705819
INTERACT,Pancreas-Alpha,VALID,Accuracy,0.9048456407961959
INTERACT,Pancreas-Alpha,VALID,MAE,0.1283244789079928
INTERACT,Pancreas-Alpha,TEST,Pearson,0.7409331195637058
INTERACT,Pancreas-Alpha,TEST,Spearman,0.553828503324554
INTERACT,Pancreas-Alpha,TEST,AUC,0.8819666241507392
INTERACT,Pancreas-Alpha,TEST,Accuracy,0.9072007429386189
INTERACT,Pancreas-Alpha,TEST,MAE,0.1287663376952489
INTERACT,Pancreas-Alpha,cell type specific,Pearson,0.218777706575743
INTERACT,Pancreas-Alpha,cell type specific,Spearman,0.273525841581797
INTERACT,Pancreas-Alpha,cell type specific,AUC,0.6662857813165798
INTERACT,Pancreas-Alpha,cell type specific,Accuracy,0.2968002306140098
INTERACT,Pancreas-Alpha,cell type specific,MAE,0.5113258361816406
INTERACT,Pancreas-Beta,VALID,Pearson,0.716868226793612
INTERACT,Pancreas-Beta,VALID,Spearman,0.5549148253115825
INTERACT,Pancreas-Beta,VALID,AUC,0.8841058313558038
INTERACT,Pancreas-Beta,VALID,Accuracy,0.9083931233348448
INTERACT,Pancreas-Beta,VALID,MAE,0.1334516321798558
INTERACT,Pancreas-Beta,TEST,Pearson,0.6854122789665837
INTERACT,Pancreas-Beta,TEST,Spearman,0.5502178094827026
INTERACT,Pancreas-Beta,TEST,AUC,0.8774689647872914
INTERACT,Pancreas-Beta,TEST,Accuracy,0.9061010321195075
INTERACT,Pancreas-Beta,TEST,MAE,0.1389943459485298
INTERACT,Pancreas-Beta,cell type specific,Pearson,0.3153702378446946
INTERACT,Pancreas-Beta,cell type specific,Spearman,0.3450643462017963
INTERACT,Pancreas-Beta,cell type specific,AUC,0.7584289270113026
INTERACT,Pancreas-Beta,cell type specific,Accuracy,0.3704022988505747
INTERACT,Pancreas-Beta,cell type specific,MAE,0.4746635854244232
INTERACT,Pancreas-Delta,VALID,Pearson,0.7339499987373345
INTERACT,Pancreas-Delta,VALID,Spearman,0.5641388273722592
INTERACT,Pancreas-Delta,VALID,AUC,0.8849714431883006
INTERACT,Pancreas-Delta,VALID,Accuracy,0.9030784066574301
INTERACT,Pancreas-Delta,VALID,MAE,0.1326478474126361
INTERACT,Pancreas-Delta,TEST,Pearson,0.7358783957687434
INTERACT,Pancreas-Delta,TEST,Spearman,0.5610829687401144
INTERACT,Pancreas-Delta,TEST,AUC,0.8823359302810785
INTERACT,Pancreas-Delta,TEST,Accuracy,0.9028635019172264
INTERACT,Pancreas-Delta,TEST,MAE,0.13220712430792
INTERACT,Pancreas-Delta,cell type specific,Pearson,0.3602825343559999
INTERACT,Pancreas-Delta,cell type specific,Spearman,0.3503074012601621
INTERACT,Pancreas-Delta,cell type specific,AUC,0.7868853288534909
INTERACT,Pancreas-Delta,cell type specific,Accuracy,0.4198906218351225
INTERACT,Pancreas-Delta,cell type specific,MAE,0.4179531335830688
INTERACT,Pancreas-Duct,VALID,Pearson,0.7451689238149822
INTERACT,Pancreas-Duct,VALID,Spearman,0.5434195798614289
INTERACT,Pancreas-Duct,VALID,AUC,0.8875657193664117
INTERACT,Pancreas-Duct,VALID,Accuracy,0.9074447173716516
INTERACT,Pancreas-Duct,VALID,MAE,0.1256977323211388
INTERACT,Pancreas-Duct,TEST,Pearson,0.7429953033171952
INTERACT,Pancreas-Duct,TEST,Spearman,0.5408921567044331
INTERACT,Pancreas-Duct,TEST,AUC,0.885453682778291
INTERACT,Pancreas-Duct,TEST,Accuracy,0.9065890315315407
INTERACT,Pancreas-Duct,TEST,MAE,0.1255219882349535
INTERACT,Pancreas-Duct,cell type specific,Pearson,0.1259840850299923
INTERACT,Pancreas-Duct,cell type specific,Spearman,0.1501058276198657
INTERACT,Pancreas-Duct,cell type specific,AUC,0.6313137129672435
INTERACT,Pancreas-Duct,cell type specific,Accuracy,0.2285829469864946
INTERACT,Pancreas-Duct,cell type specific,MAE,0.5824626088142395
INTERACT,Prostate-Epithelial,VALID,Pearson,0.7394175933133906
INTERACT,Prostate-Epithelial,VALID,Spearman,0.6036051922566014
INTERACT,Prostate-Epithelial,VALID,AUC,0.886228719239023
INTERACT,Prostate-Epithelial,VALID,Accuracy,0.890101803564314
INTERACT,Prostate-Epithelial,VALID,MAE,0.132858866696291
INTERACT,Prostate-Epithelial,TEST,Pearson,0.7451321238257695
INTERACT,Prostate-Epithelial,TEST,Spearman,0.6018051425173552
INTERACT,Prostate-Epithelial,TEST,AUC,0.8875862752651005
INTERACT,Prostate-Epithelial,TEST,Accuracy,0.8921055476970414
INTERACT,Prostate-Epithelial,TEST,MAE,0.1317137030384904
INTERACT,Prostate-Epithelial,cell type specific,Pearson,0.1936393972299669
INTERACT,Prostate-Epithelial,cell type specific,Spearman,0.1529539541380243
INTERACT,Prostate-Epithelial,cell type specific,AUC,0.6559042769813012
INTERACT,Prostate-Epithelial,cell type specific,Accuracy,0.3092456759938422
INTERACT,Prostate-Epithelial,cell type specific,MAE,0.3851923048496246
INTERACT,Skeletal-Muscle,VALID,Pearson,0.7570848052943119
INTERACT,Skeletal-Muscle,VALID,Spearman,0.6345107522198594
INTERACT,Skeletal-Muscle,VALID,AUC,0.8787687246132956
INTERACT,Skeletal-Muscle,VALID,Accuracy,0.8909896519102992
INTERACT,Skeletal-Muscle,VALID,MAE,0.1233454446355421
INTERACT,Skeletal-Muscle,TEST,Pearson,0.7648880342285601
INTERACT,Skeletal-Muscle,TEST,Spearman,0.6326076264665491
INTERACT,Skeletal-Muscle,TEST,AUC,0.8813537665971275
INTERACT,Skeletal-Muscle,TEST,Accuracy,0.8950199377766093
INTERACT,Skeletal-Muscle,TEST,MAE,0.1208593145164519
INTERACT,Skeletal-Muscle,cell type specific,Pearson,0.1355160808217919
INTERACT,Skeletal-Muscle,cell type specific,Spearman,0.1232706685686596
INTERACT,Skeletal-Muscle,cell type specific,AUC,0.7506983152216867
INTERACT,Skeletal-Muscle,cell type specific,Accuracy,0.2419118923073109
INTERACT,Skeletal-Muscle,cell type specific,MAE,0.3106129765510559
INTERACT,Small-int-Epithelial,VALID,Pearson,0.7055113945757471
INTERACT,Small-int-Epithelial,VALID,Spearman,0.5763684720066315
INTERACT,Small-int-Epithelial,VALID,AUC,0.8747016601202676
INTERACT,Small-int-Epithelial,VALID,Accuracy,0.8807886147249994
INTERACT,Small-int-Epithelial,VALID,MAE,0.1510791755306089
INTERACT,Small-int-Epithelial,TEST,Pearson,0.7052216932969011
INTERACT,Small-int-Epithelial,TEST,Spearman,0.5801312811893704
INTERACT,Small-int-Epithelial,TEST,AUC,0.8719459744385049
INTERACT,Small-int-Epithelial,TEST,Accuracy,0.8747787673384196
INTERACT,Small-int-Epithelial,TEST,MAE,0.1518651858910568
INTERACT,Small-int-Epithelial,cell type specific,Pearson,0.2096407148345822
INTERACT,Small-int-Epithelial,cell type specific,Spearman,0.2183361275619067
INTERACT,Small-int-Epithelial,cell type specific,AUC,0.6516774821183448
INTERACT,Small-int-Epithelial,cell type specific,Accuracy,0.396779391687742
INTERACT,Small-int-Epithelial,cell type specific,MAE,0.4554333686828613
INTERACT,Thyroid-Epithelial,VALID,Pearson,0.7548641397746276
INTERACT,Thyroid-Epithelial,VALID,Spearman,0.545268489305986
INTERACT,Thyroid-Epithelial,VALID,AUC,0.891206292830795
INTERACT,Thyroid-Epithelial,VALID,Accuracy,0.9133550629062214
INTERACT,Thyroid-Epithelial,VALID,MAE,0.1256030182103139
INTERACT,Thyroid-Epithelial,TEST,Pearson,0.7543576256443735
INTERACT,Thyroid-Epithelial,TEST,Spearman,0.5327986485880437
INTERACT,Thyroid-Epithelial,TEST,AUC,0.8905054559942649
INTERACT,Thyroid-Epithelial,TEST,Accuracy,0.916027805217552
INTERACT,Thyroid-Epithelial,TEST,MAE,0.1242573743161077
INTERACT,Thyroid-Epithelial,cell type specific,Pearson,0.2864939167237454
INTERACT,Thyroid-Epithelial,cell type specific,Spearman,0.28966006883253
INTERACT,Thyroid-Epithelial,cell type specific,AUC,0.7729169992929316
INTERACT,Thyroid-Epithelial,cell type specific,Accuracy,0.2165230474627274
INTERACT,Thyroid-Epithelial,cell type specific,MAE,0.5705360174179077
INTERACT,Tonsil-Palatine-Epithelial,VALID,Pearson,0.7195559668552867
INTERACT,Tonsil-Palatine-Epithelial,VALID,Spearman,0.6356967450969995
INTERACT,Tonsil-Palatine-Epithelial,VALID,AUC,0.8684111140300902
INTERACT,Tonsil-Palatine-Epithelial,VALID,Accuracy,0.8551131332163528
INTERACT,Tonsil-Palatine-Epithelial,VALID,MAE,0.1512759179566177
INTERACT,Tonsil-Palatine-Epithelial,TEST,Pearson,0.7257180278335644
INTERACT,Tonsil-Palatine-Epithelial,TEST,Spearman,0.6349762631737802
INTERACT,Tonsil-Palatine-Epithelial,TEST,AUC,0.870459855128747
INTERACT,Tonsil-Palatine-Epithelial,TEST,Accuracy,0.8581200625703177
INTERACT,Tonsil-Palatine-Epithelial,TEST,MAE,0.1505863409733325
INTERACT,GSM5652176_Adipocytes-Z000000T7,SAMPLE_VALID,Pearson,0.682204231005957
INTERACT,GSM5652176_Adipocytes-Z000000T7,SAMPLE_VALID,Spearman,0.5619343282817129
INTERACT,GSM5652176_Adipocytes-Z000000T7,SAMPLE_VALID,AUC,0.8604538930039709
INTERACT,GSM5652176_Adipocytes-Z000000T7,SAMPLE_VALID,Accuracy,0.8579946254618743
INTERACT,GSM5652176_Adipocytes-Z000000T7,SAMPLE_VALID,MAE,0.1833510100841522
INTERACT,GSM5652176_Adipocytes-Z000000T7,SAMPLE_TEST,Pearson,0.700373186938855
INTERACT,GSM5652176_Adipocytes-Z000000T7,SAMPLE_TEST,Spearman,0.5974446766674183
INTERACT,GSM5652176_Adipocytes-Z000000T7,SAMPLE_TEST,AUC,0.8771747932753913
INTERACT,GSM5652176_Adipocytes-Z000000T7,SAMPLE_TEST,Accuracy,0.8656372085958008
INTERACT,GSM5652176_Adipocytes-Z000000T7,SAMPLE_TEST,MAE,0.1786342263221741
INTERACT,GSM5652335_Lung-Bronchus-Epithelial-Z000000QD,SAMPLE_VALID,Pearson,0.652100751454059
INTERACT,GSM5652335_Lung-Bronchus-Epithelial-Z000000QD,SAMPLE_VALID,Spearman,0.529792743796703
INTERACT,GSM5652335_Lung-Bronchus-Epithelial-Z000000QD,SAMPLE_VALID,AUC,0.8465238250080662
INTERACT,GSM5652335_Lung-Bronchus-Epithelial-Z000000QD,SAMPLE_VALID,Accuracy,0.8454820288881424
INTERACT,GSM5652335_Lung-Bronchus-Epithelial-Z000000QD,SAMPLE_VALID,MAE,0.182374969124794
INTERACT,GSM5652335_Lung-Bronchus-Epithelial-Z000000QD,SAMPLE_TEST,Pearson,0.6747587476684719
INTERACT,GSM5652335_Lung-Bronchus-Epithelial-Z000000QD,SAMPLE_TEST,Spearman,0.5682388378778931
INTERACT,GSM5652335_Lung-Bronchus-Epithelial-Z000000QD,SAMPLE_TEST,AUC,0.8661293750914123
INTERACT,GSM5652335_Lung-Bronchus-Epithelial-Z000000QD,SAMPLE_TEST,Accuracy,0.8511589710482719
INTERACT,GSM5652335_Lung-Bronchus-Epithelial-Z000000QD,SAMPLE_TEST,MAE,0.1800944209098816
INTERACT,GSM5652179_Aorta-Endothel-Z00000422,SAMPLE_VALID,Pearson,0.6567734168597302
INTERACT,GSM5652179_Aorta-Endothel-Z00000422,SAMPLE_VALID,Spearman,0.529837508088429
INTERACT,GSM5652179_Aorta-Endothel-Z00000422,SAMPLE_VALID,AUC,0.8445938911233868
INTERACT,GSM5652179_Aorta-Endothel-Z00000422,SAMPLE_VALID,Accuracy,0.8471055872802598
INTERACT,GSM5652179_Aorta-Endothel-Z00000422,SAMPLE_VALID,MAE,0.1904188096523285
INTERACT,GSM5652179_Aorta-Endothel-Z00000422,SAMPLE_TEST,Pearson,0.6836861444215653
INTERACT,GSM5652179_Aorta-Endothel-Z00000422,SAMPLE_TEST,Spearman,0.5684533320791574
INTERACT,GSM5652179_Aorta-Endothel-Z00000422,SAMPLE_TEST,AUC,0.8677034659193129
INTERACT,GSM5652179_Aorta-Endothel-Z00000422,SAMPLE_TEST,Accuracy,0.8567698814683307
INTERACT,GSM5652179_Aorta-Endothel-Z00000422,SAMPLE_TEST,MAE,0.1845092624425888
INTERACT,GSM5652321_Epidermal-Keratinocytes-Z00000424,SAMPLE_VALID,Pearson,0.6383741532697733
INTERACT,GSM5652321_Epidermal-Keratinocytes-Z00000424,SAMPLE_VALID,Spearman,0.511257806006564
INTERACT,GSM5652321_Epidermal-Keratinocytes-Z00000424,SAMPLE_VALID,AUC,0.8373934212036327
INTERACT,GSM5652321_Epidermal-Keratinocytes-Z00000424,SAMPLE_VALID,Accuracy,0.836627104094353
INTERACT,GSM5652321_Epidermal-Keratinocytes-Z00000424,SAMPLE_VALID,MAE,0.1948166787624359
INTERACT,GSM5652321_Epidermal-Keratinocytes-Z00000424,SAMPLE_TEST,Pearson,0.6597272821523548
INTERACT,GSM5652321_Epidermal-Keratinocytes-Z00000424,SAMPLE_TEST,Spearman,0.5513268756185475
INTERACT,GSM5652321_Epidermal-Keratinocytes-Z00000424,SAMPLE_TEST,AUC,0.8587953532077149
INTERACT,GSM5652321_Epidermal-Keratinocytes-Z00000424,SAMPLE_TEST,Accuracy,0.8424245588884511
INTERACT,GSM5652321_Epidermal-Keratinocytes-Z00000424,SAMPLE_TEST,MAE,0.1918312460184097
INTERACT,GSM5652189_Kidney-Tubular-Endothel-Z0000042R,SAMPLE_VALID,Pearson,0.6670308562318515
INTERACT,GSM5652189_Kidney-Tubular-Endothel-Z0000042R,SAMPLE_VALID,Spearman,0.5320461431540584
INTERACT,GSM5652189_Kidney-Tubular-Endothel-Z0000042R,SAMPLE_VALID,AUC,0.8436885524506017
INTERACT,GSM5652189_Kidney-Tubular-Endothel-Z0000042R,SAMPLE_VALID,Accuracy,0.863845034150711
INTERACT,GSM5652189_Kidney-Tubular-Endothel-Z0000042R,SAMPLE_VALID,MAE,0.1589571386575699
INTERACT,GSM5652189_Kidney-Tubular-Endothel-Z0000042R,SAMPLE_TEST,Pearson,0.6882789680458116
INTERACT,GSM5652189_Kidney-Tubular-Endothel-Z0000042R,SAMPLE_TEST,Spearman,0.572480398144222
INTERACT,GSM5652189_Kidney-Tubular-Endothel-Z0000042R,SAMPLE_TEST,AUC,0.8644937667778152
INTERACT,GSM5652189_Kidney-Tubular-Endothel-Z0000042R,SAMPLE_TEST,Accuracy,0.8693161050218123
INTERACT,GSM5652189_Kidney-Tubular-Endothel-Z0000042R,SAMPLE_TEST,MAE,0.1560946106910706
INTERACT,GSM5652338_Prostate-Epithelial-Z000000RV,SAMPLE_VALID,Pearson,0.6497717637602736
INTERACT,GSM5652338_Prostate-Epithelial-Z000000RV,SAMPLE_VALID,Spearman,0.5298621837858208
INTERACT,GSM5652338_Prostate-Epithelial-Z000000RV,SAMPLE_VALID,AUC,0.847677783592336
INTERACT,GSM5652338_Prostate-Epithelial-Z000000RV,SAMPLE_VALID,Accuracy,0.8435505542492442
INTERACT,GSM5652338_Prostate-Epithelial-Z000000RV,SAMPLE_VALID,MAE,0.1775606274604797
INTERACT,GSM5652338_Prostate-Epithelial-Z000000RV,SAMPLE_TEST,Pearson,0.6714232074829961
INTERACT,GSM5652338_Prostate-Epithelial-Z000000RV,SAMPLE_TEST,Spearman,0.567578563450264
INTERACT,GSM5652338_Prostate-Epithelial-Z000000RV,SAMPLE_TEST,AUC,0.8683028977938705
INTERACT,GSM5652338_Prostate-Epithelial-Z000000RV,SAMPLE_TEST,Accuracy,0.8492079692017032
INTERACT,GSM5652338_Prostate-Epithelial-Z000000RV,SAMPLE_TEST,MAE,0.1753398030996323
INTERACT,GSM5652198_Colon-Fibroblasts-Z0000042A,SAMPLE_VALID,Pearson,0.6847948832781258
INTERACT,GSM5652198_Colon-Fibroblasts-Z0000042A,SAMPLE_VALID,Spearman,0.5559169988907057
INTERACT,GSM5652198_Colon-Fibroblasts-Z0000042A,SAMPLE_VALID,AUC,0.8556826351095127
INTERACT,GSM5652198_Colon-Fibroblasts-Z0000042A,SAMPLE_VALID,Accuracy,0.866243048557459
INTERACT,GSM5652198_Colon-Fibroblasts-Z0000042A,SAMPLE_VALID,MAE,0.1821132302284241
INTERACT,GSM5652198_Colon-Fibroblasts-Z0000042A,SAMPLE_TEST,Pearson,0.7039059550395016
INTERACT,GSM5652198_Colon-Fibroblasts-Z0000042A,SAMPLE_TEST,Spearman,0.5919945983235421
INTERACT,GSM5652198_Colon-Fibroblasts-Z0000042A,SAMPLE_TEST,AUC,0.8737620613003545
INTERACT,GSM5652198_Colon-Fibroblasts-Z0000042A,SAMPLE_TEST,Accuracy,0.8728383516645226
INTERACT,GSM5652198_Colon-Fibroblasts-Z0000042A,SAMPLE_TEST,MAE,0.1792354136705399
INTERACT,GSM5652342_Bladder-Epithelial-Z000000QM,SAMPLE_VALID,Pearson,0.61537235924468
INTERACT,GSM5652342_Bladder-Epithelial-Z000000QM,SAMPLE_VALID,Spearman,0.4976677155730864
INTERACT,GSM5652342_Bladder-Epithelial-Z000000QM,SAMPLE_VALID,AUC,0.8297406011562166
INTERACT,GSM5652342_Bladder-Epithelial-Z000000QM,SAMPLE_VALID,Accuracy,0.8198596648378308
INTERACT,GSM5652342_Bladder-Epithelial-Z000000QM,SAMPLE_VALID,MAE,0.2084859907627106
INTERACT,GSM5652342_Bladder-Epithelial-Z000000QM,SAMPLE_TEST,Pearson,0.6421733787000771
INTERACT,GSM5652342_Bladder-Epithelial-Z000000QM,SAMPLE_TEST,Spearman,0.537833997508233
INTERACT,GSM5652342_Bladder-Epithelial-Z000000QM,SAMPLE_TEST,AUC,0.8522019670120144
INTERACT,GSM5652342_Bladder-Epithelial-Z000000QM,SAMPLE_TEST,Accuracy,0.827058639235549
INTERACT,GSM5652342_Bladder-Epithelial-Z000000QM,SAMPLE_TEST,MAE,0.2045311033725739
INTERACT,GSM5652200_Heart-Fibroblasts-Z0000043R,SAMPLE_VALID,Pearson,0.6524813921242717
INTERACT,GSM5652200_Heart-Fibroblasts-Z0000043R,SAMPLE_VALID,Spearman,0.5155157579153795
INTERACT,GSM5652200_Heart-Fibroblasts-Z0000043R,SAMPLE_VALID,AUC,0.84130486250289
INTERACT,GSM5652200_Heart-Fibroblasts-Z0000043R,SAMPLE_VALID,Accuracy,0.8047157839734259
INTERACT,GSM5652200_Heart-Fibroblasts-Z0000043R,SAMPLE_VALID,MAE,0.2596010565757751
INTERACT,GSM5652200_Heart-Fibroblasts-Z0000043R,SAMPLE_TEST,Pearson,0.6725318887780731
INTERACT,GSM5652200_Heart-Fibroblasts-Z0000043R,SAMPLE_TEST,Spearman,0.545335301023406
INTERACT,GSM5652200_Heart-Fibroblasts-Z0000043R,SAMPLE_TEST,AUC,0.8594943259064654
INTERACT,GSM5652200_Heart-Fibroblasts-Z0000043R,SAMPLE_TEST,Accuracy,0.8201423139546475
INTERACT,GSM5652200_Heart-Fibroblasts-Z0000043R,SAMPLE_TEST,MAE,0.2483400702476501
INTERACT,GSM5652347_Breast-Luminal-Epithelial-Z000000V2,SAMPLE_VALID,Pearson,0.6661636388362824
INTERACT,GSM5652347_Breast-Luminal-Epithelial-Z000000V2,SAMPLE_VALID,Spearman,0.5356371203076266
INTERACT,GSM5652347_Breast-Luminal-Epithelial-Z000000V2,SAMPLE_VALID,AUC,0.8548462079993917
INTERACT,GSM5652347_Breast-Luminal-Epithelial-Z000000V2,SAMPLE_VALID,Accuracy,0.8535158436905161
INTERACT,GSM5652347_Breast-Luminal-Epithelial-Z000000V2,SAMPLE_VALID,MAE,0.1755486875772476
INTERACT,GSM5652347_Breast-Luminal-Epithelial-Z000000V2,SAMPLE_TEST,Pearson,0.6939962684078383
INTERACT,GSM5652347_Breast-Luminal-Epithelial-Z000000V2,SAMPLE_TEST,Spearman,0.5753976792634349
INTERACT,GSM5652347_Breast-Luminal-Epithelial-Z000000V2,SAMPLE_TEST,AUC,0.8773592016087429
INTERACT,GSM5652347_Breast-Luminal-Epithelial-Z000000V2,SAMPLE_TEST,Accuracy,0.8628412473120322
INTERACT,GSM5652347_Breast-Luminal-Epithelial-Z000000V2,SAMPLE_TEST,MAE,0.1703067719936371
INTERACT,GSM5652204_Dermal-Fibroblasts-Z00000423,SAMPLE_VALID,Pearson,0.6837682928151373
INTERACT,GSM5652204_Dermal-Fibroblasts-Z00000423,SAMPLE_VALID,Spearman,0.5514350021809284
INTERACT,GSM5652204_Dermal-Fibroblasts-Z00000423,SAMPLE_VALID,AUC,0.85663140794877
INTERACT,GSM5652204_Dermal-Fibroblasts-Z00000423,SAMPLE_VALID,Accuracy,0.8633878251782182
INTERACT,GSM5652204_Dermal-Fibroblasts-Z00000423,SAMPLE_VALID,MAE,0.1768848598003387
INTERACT,GSM5652204_Dermal-Fibroblasts-Z00000423,SAMPLE_TEST,Pearson,0.7003691575888288
INTERACT,GSM5652204_Dermal-Fibroblasts-Z00000423,SAMPLE_TEST,Spearman,0.5878350400411125
INTERACT,GSM5652204_Dermal-Fibroblasts-Z00000423,SAMPLE_TEST,AUC,0.8746080055692832
INTERACT,GSM5652204_Dermal-Fibroblasts-Z00000423,SAMPLE_TEST,Accuracy,0.868608807515392
INTERACT,GSM5652204_Dermal-Fibroblasts-Z00000423,SAMPLE_TEST,MAE,0.1727200150489807
INTERACT,GSM5652350_Breast-Basal-Epithelial-Z000000V6,SAMPLE_VALID,Pearson,0.6742378648948406
INTERACT,GSM5652350_Breast-Basal-Epithelial-Z000000V6,SAMPLE_VALID,Spearman,0.5428850138260513
INTERACT,GSM5652350_Breast-Basal-Epithelial-Z000000V6,SAMPLE_VALID,AUC,0.8568453675386797
INTERACT,GSM5652350_Breast-Basal-Epithelial-Z000000V6,SAMPLE_VALID,Accuracy,0.861232411450752
INTERACT,GSM5652350_Breast-Basal-Epithelial-Z000000V6,SAMPLE_VALID,MAE,0.1640880852937698
INTERACT,GSM5652350_Breast-Basal-Epithelial-Z000000V6,SAMPLE_TEST,Pearson,0.6866764959653799
INTERACT,GSM5652350_Breast-Basal-Epithelial-Z000000V6,SAMPLE_TEST,Spearman,0.579857067180282
INTERACT,GSM5652350_Breast-Basal-Epithelial-Z000000V6,SAMPLE_TEST,AUC,0.875030968803676
INTERACT,GSM5652350_Breast-Basal-Epithelial-Z000000V6,SAMPLE_TEST,Accuracy,0.8606386564195556
INTERACT,GSM5652350_Breast-Basal-Epithelial-Z000000V6,SAMPLE_TEST,MAE,0.1650438010692596
INTERACT,GSM5652205_Skeletal-Muscle-Z00000427,SAMPLE_VALID,Pearson,0.6919609772066162
INTERACT,GSM5652205_Skeletal-Muscle-Z00000427,SAMPLE_VALID,Spearman,0.5615183025829338
INTERACT,GSM5652205_Skeletal-Muscle-Z00000427,SAMPLE_VALID,AUC,0.8606781242138977
INTERACT,GSM5652205_Skeletal-Muscle-Z00000427,SAMPLE_VALID,Accuracy,0.8677079834285074
INTERACT,GSM5652205_Skeletal-Muscle-Z00000427,SAMPLE_VALID,MAE,0.1706519722938538
INTERACT,GSM5652205_Skeletal-Muscle-Z00000427,SAMPLE_TEST,Pearson,0.7077113783878981
INTERACT,GSM5652205_Skeletal-Muscle-Z00000427,SAMPLE_TEST,Spearman,0.5947453779512184
INTERACT,GSM5652205_Skeletal-Muscle-Z00000427,SAMPLE_TEST,AUC,0.8757180355673347
INTERACT,GSM5652205_Skeletal-Muscle-Z00000427,SAMPLE_TEST,Accuracy,0.8735266613184215
INTERACT,GSM5652205_Skeletal-Muscle-Z00000427,SAMPLE_TEST,MAE,0.16700080037117
INTERACT,GSM5652354_Lung-Alveolar-Epithelial-Z000000T1,SAMPLE_VALID,Pearson,0.6552766322511238
INTERACT,GSM5652354_Lung-Alveolar-Epithelial-Z000000T1,SAMPLE_VALID,Spearman,0.5323218211385979
INTERACT,GSM5652354_Lung-Alveolar-Epithelial-Z000000T1,SAMPLE_VALID,AUC,0.8453343047606773
INTERACT,GSM5652354_Lung-Alveolar-Epithelial-Z000000T1,SAMPLE_VALID,Accuracy,0.8503993580412794
INTERACT,GSM5652354_Lung-Alveolar-Epithelial-Z000000T1,SAMPLE_VALID,MAE,0.1775292605161667
INTERACT,GSM5652354_Lung-Alveolar-Epithelial-Z000000T1,SAMPLE_TEST,Pearson,0.6752789530998938
INTERACT,GSM5652354_Lung-Alveolar-Epithelial-Z000000T1,SAMPLE_TEST,Spearman,0.5681302754908466
INTERACT,GSM5652354_Lung-Alveolar-Epithelial-Z000000T1,SAMPLE_TEST,AUC,0.8627453646360449
INTERACT,GSM5652354_Lung-Alveolar-Epithelial-Z000000T1,SAMPLE_TEST,Accuracy,0.8551369261514946
INTERACT,GSM5652354_Lung-Alveolar-Epithelial-Z000000T1,SAMPLE_TEST,MAE,0.1755033433437347
INTERACT,GSM5652207_Aorta-Smooth-Muscle-Z0000041U,SAMPLE_VALID,Pearson,0.6603890792070856
INTERACT,GSM5652207_Aorta-Smooth-Muscle-Z0000041U,SAMPLE_VALID,Spearman,0.5292075238139285
INTERACT,GSM5652207_Aorta-Smooth-Muscle-Z0000041U,SAMPLE_VALID,AUC,0.8446526208065894
INTERACT,GSM5652207_Aorta-Smooth-Muscle-Z0000041U,SAMPLE_VALID,Accuracy,0.8224629567424327
INTERACT,GSM5652207_Aorta-Smooth-Muscle-Z0000041U,SAMPLE_VALID,MAE,0.24413201212883
INTERACT,GSM5652207_Aorta-Smooth-Muscle-Z0000041U,SAMPLE_TEST,Pearson,0.6762434543753266
INTERACT,GSM5652207_Aorta-Smooth-Muscle-Z0000041U,SAMPLE_TEST,Spearman,0.5574384962140365
INTERACT,GSM5652207_Aorta-Smooth-Muscle-Z0000041U,SAMPLE_TEST,AUC,0.8600513490359637
INTERACT,GSM5652207_Aorta-Smooth-Muscle-Z0000041U,SAMPLE_TEST,Accuracy,0.8326125860980438
INTERACT,GSM5652207_Aorta-Smooth-Muscle-Z0000041U,SAMPLE_TEST,MAE,0.2365195900201797
INTERACT,GSM5652358_Gallbladder-Epithelial-Z00000432,SAMPLE_VALID,Pearson,0.6306010876589674
INTERACT,GSM5652358_Gallbladder-Epithelial-Z00000432,SAMPLE_VALID,Spearman,0.4978577824186013
INTERACT,GSM5652358_Gallbladder-Epithelial-Z00000432,SAMPLE_VALID,AUC,0.8371588267963384
INTERACT,GSM5652358_Gallbladder-Epithelial-Z00000432,SAMPLE_VALID,Accuracy,0.8416657335871309
INTERACT,GSM5652358_Gallbladder-Epithelial-Z00000432,SAMPLE_VALID,MAE,0.1790360510349274
INTERACT,GSM5652358_Gallbladder-Epithelial-Z00000432,SAMPLE_TEST,Pearson,0.6602696936724082
INTERACT,GSM5652358_Gallbladder-Epithelial-Z00000432,SAMPLE_TEST,Spearman,0.5484236835208387
INTERACT,GSM5652358_Gallbladder-Epithelial-Z00000432,SAMPLE_TEST,AUC,0.8606546658714864
INTERACT,GSM5652358_Gallbladder-Epithelial-Z00000432,SAMPLE_TEST,Accuracy,0.8476224835161705
INTERACT,GSM5652358_Gallbladder-Epithelial-Z00000432,SAMPLE_TEST,MAE,0.1767663210630417
INTERACT,GSM5652215_Heart-Cardiomyocyte-Z0000044P,SAMPLE_VALID,Pearson,0.6784437559123326
INTERACT,GSM5652215_Heart-Cardiomyocyte-Z0000044P,SAMPLE_VALID,Spearman,0.5267668524782209
INTERACT,GSM5652215_Heart-Cardiomyocyte-Z0000044P,SAMPLE_VALID,AUC,0.8502114858993688
INTERACT,GSM5652215_Heart-Cardiomyocyte-Z0000044P,SAMPLE_VALID,Accuracy,0.8623054529168066
INTERACT,GSM5652215_Heart-Cardiomyocyte-Z0000044P,SAMPLE_VALID,MAE,0.179902121424675
INTERACT,GSM5652215_Heart-Cardiomyocyte-Z0000044P,SAMPLE_TEST,Pearson,0.6993217648291324
INTERACT,GSM5652215_Heart-Cardiomyocyte-Z0000044P,SAMPLE_TEST,Spearman,0.5705684935722887
INTERACT,GSM5652215_Heart-Cardiomyocyte-Z0000044P,SAMPLE_TEST,AUC,0.8712254655716091
INTERACT,GSM5652215_Heart-Cardiomyocyte-Z0000044P,SAMPLE_TEST,Accuracy,0.8685423500315673
INTERACT,GSM5652215_Heart-Cardiomyocyte-Z0000044P,SAMPLE_TEST,MAE,0.1761565953493118
INTERACT,GSM5652359_Gastric-fundus-Epithelial-Z000000RX,SAMPLE_VALID,Pearson,0.6314372341239892
INTERACT,GSM5652359_Gastric-fundus-Epithelial-Z000000RX,SAMPLE_VALID,Spearman,0.5038611730019469
INTERACT,GSM5652359_Gastric-fundus-Epithelial-Z000000RX,SAMPLE_VALID,AUC,0.8349025138584136
INTERACT,GSM5652359_Gastric-fundus-Epithelial-Z000000RX,SAMPLE_VALID,Accuracy,0.831607136192289
INTERACT,GSM5652359_Gastric-fundus-Epithelial-Z000000RX,SAMPLE_VALID,MAE,0.2017195671796799
INTERACT,GSM5652359_Gastric-fundus-Epithelial-Z000000RX,SAMPLE_TEST,Pearson,0.6591806519702587
INTERACT,GSM5652359_Gastric-fundus-Epithelial-Z000000RX,SAMPLE_TEST,Spearman,0.5474446999177174
INTERACT,GSM5652359_Gastric-fundus-Epithelial-Z000000RX,SAMPLE_TEST,AUC,0.8592952595062308
INTERACT,GSM5652359_Gastric-fundus-Epithelial-Z000000RX,SAMPLE_TEST,Accuracy,0.8370082739567362
INTERACT,GSM5652359_Gastric-fundus-Epithelial-Z000000RX,SAMPLE_TEST,MAE,0.1990679651498795
INTERACT,GSM5652218_Bone-Osteoblasts-Z0000042Z,SAMPLE_VALID,Pearson,0.6465610792782887
INTERACT,GSM5652218_Bone-Osteoblasts-Z0000042Z,SAMPLE_VALID,Spearman,0.5349718170283659
INTERACT,GSM5652218_Bone-Osteoblasts-Z0000042Z,SAMPLE_VALID,AUC,0.8422888634957753
INTERACT,GSM5652218_Bone-Osteoblasts-Z0000042Z,SAMPLE_VALID,Accuracy,0.8302075168887396
INTERACT,GSM5652218_Bone-Osteoblasts-Z0000042Z,SAMPLE_VALID,MAE,0.2165415734052658
INTERACT,GSM5652218_Bone-Osteoblasts-Z0000042Z,SAMPLE_TEST,Pearson,0.6725368398133389
INTERACT,GSM5652218_Bone-Osteoblasts-Z0000042Z,SAMPLE_TEST,Spearman,0.5674371023688771
INTERACT,GSM5652218_Bone-Osteoblasts-Z0000042Z,SAMPLE_TEST,AUC,0.8621965746787942
INTERACT,GSM5652218_Bone-Osteoblasts-Z0000042Z,SAMPLE_TEST,Accuracy,0.8425479799298399
INTERACT,GSM5652218_Bone-Osteoblasts-Z0000042Z,SAMPLE_TEST,MAE,0.2082533091306686
INTERACT,GSM5652219_Oligodendrocytes-Z000000TK,SAMPLE_VALID,Pearson,0.7411015598762467
INTERACT,GSM5652219_Oligodendrocytes-Z000000TK,SAMPLE_VALID,Spearman,0.6026099110629608
INTERACT,GSM5652219_Oligodendrocytes-Z000000TK,SAMPLE_VALID,AUC,0.8958054716460369
INTERACT,GSM5652219_Oligodendrocytes-Z000000TK,SAMPLE_VALID,Accuracy,0.8874146232224834
INTERACT,GSM5652219_Oligodendrocytes-Z000000TK,SAMPLE_VALID,MAE,0.1428030431270599
INTERACT,GSM5652219_Oligodendrocytes-Z000000TK,SAMPLE_TEST,Pearson,0.7454844683442953
INTERACT,GSM5652219_Oligodendrocytes-Z000000TK,SAMPLE_TEST,Spearman,0.6313945549943049
INTERACT,GSM5652219_Oligodendrocytes-Z000000TK,SAMPLE_TEST,AUC,0.9071347633184779
INTERACT,GSM5652219_Oligodendrocytes-Z000000TK,SAMPLE_TEST,Accuracy,0.8891109412753191
INTERACT,GSM5652219_Oligodendrocytes-Z000000TK,SAMPLE_TEST,MAE,0.1432164013385773
INTERACT,GSM5652223_Cortex-Neuron-Z000000TF,SAMPLE_VALID,Pearson,0.7223064566276273
INTERACT,GSM5652223_Cortex-Neuron-Z000000TF,SAMPLE_VALID,Spearman,0.5952677515833419
INTERACT,GSM5652223_Cortex-Neuron-Z000000TF,SAMPLE_VALID,AUC,0.8860136007028387
INTERACT,GSM5652223_Cortex-Neuron-Z000000TF,SAMPLE_VALID,Accuracy,0.8799779793229575
INTERACT,GSM5652223_Cortex-Neuron-Z000000TF,SAMPLE_VALID,MAE,0.1518464237451553
INTERACT,GSM5652223_Cortex-Neuron-Z000000TF,SAMPLE_TEST,Pearson,0.7330357954921686
INTERACT,GSM5652223_Cortex-Neuron-Z000000TF,SAMPLE_TEST,Spearman,0.627657346135896
INTERACT,GSM5652223_Cortex-Neuron-Z000000TF,SAMPLE_TEST,AUC,0.8985508160933015
INTERACT,GSM5652223_Cortex-Neuron-Z000000TF,SAMPLE_TEST,Accuracy,0.883509524781521
INTERACT,GSM5652223_Cortex-Neuron-Z000000TF,SAMPLE_TEST,MAE,0.1507199257612228
INTERACT,GSM5652233_Liver-Hepatocytes-Z000000R3,SAMPLE_VALID,Pearson,0.6527445770791204
INTERACT,GSM5652233_Liver-Hepatocytes-Z000000R3,SAMPLE_VALID,Spearman,0.4871429118732556
INTERACT,GSM5652233_Liver-Hepatocytes-Z000000R3,SAMPLE_VALID,AUC,0.8243659340640264
INTERACT,GSM5652233_Liver-Hepatocytes-Z000000R3,SAMPLE_VALID,Accuracy,0.8653192998171164
INTERACT,GSM5652233_Liver-Hepatocytes-Z000000R3,SAMPLE_VALID,MAE,0.1662596315145493
INTERACT,GSM5652233_Liver-Hepatocytes-Z000000R3,SAMPLE_TEST,Pearson,0.6782232965951254
INTERACT,GSM5652233_Liver-Hepatocytes-Z000000R3,SAMPLE_TEST,Spearman,0.5288446626434735
INTERACT,GSM5652233_Liver-Hepatocytes-Z000000R3,SAMPLE_TEST,AUC,0.8495163422334764
INTERACT,GSM5652233_Liver-Hepatocytes-Z000000R3,SAMPLE_TEST,Accuracy,0.8705028458043966
INTERACT,GSM5652233_Liver-Hepatocytes-Z000000R3,SAMPLE_TEST,MAE,0.1630392074584961
INTERACT,GSM5652239_Pancreas-Duct-Z0000043T,SAMPLE_VALID,Pearson,0.6742326916156057
INTERACT,GSM5652239_Pancreas-Duct-Z0000043T,SAMPLE_VALID,Spearman,0.5386653449316118
INTERACT,GSM5652239_Pancreas-Duct-Z0000043T,SAMPLE_VALID,AUC,0.8541628166131554
INTERACT,GSM5652239_Pancreas-Duct-Z0000043T,SAMPLE_VALID,Accuracy,0.8637330646064271
INTERACT,GSM5652239_Pancreas-Duct-Z0000043T,SAMPLE_VALID,MAE,0.1597810834646225
INTERACT,GSM5652239_Pancreas-Duct-Z0000043T,SAMPLE_TEST,Pearson,0.6996988813886387
INTERACT,GSM5652239_Pancreas-Duct-Z0000043T,SAMPLE_TEST,Spearman,0.5820803313459437
INTERACT,GSM5652239_Pancreas-Duct-Z0000043T,SAMPLE_TEST,AUC,0.876030221174701
INTERACT,GSM5652239_Pancreas-Duct-Z0000043T,SAMPLE_TEST,Accuracy,0.8712671068683809
INTERACT,GSM5652239_Pancreas-Duct-Z0000043T,SAMPLE_TEST,MAE,0.1560254842042923
INTERACT,GSM5652243_Pancreas-Acinar-Z000000QX,SAMPLE_VALID,Pearson,0.6304074313336568
INTERACT,GSM5652243_Pancreas-Acinar-Z000000QX,SAMPLE_VALID,Spearman,0.5025883311461203
INTERACT,GSM5652243_Pancreas-Acinar-Z000000QX,SAMPLE_VALID,AUC,0.8286619160052794
INTERACT,GSM5652243_Pancreas-Acinar-Z000000QX,SAMPLE_VALID,Accuracy,0.8350595304743776
INTERACT,GSM5652243_Pancreas-Acinar-Z000000QX,SAMPLE_VALID,MAE,0.2037946879863739
INTERACT,GSM5652243_Pancreas-Acinar-Z000000QX,SAMPLE_TEST,Pearson,0.6571582532139058
INTERACT,GSM5652243_Pancreas-Acinar-Z000000QX,SAMPLE_TEST,Spearman,0.5399724087306391
INTERACT,GSM5652243_Pancreas-Acinar-Z000000QX,SAMPLE_TEST,AUC,0.8494337780883449
INTERACT,GSM5652243_Pancreas-Acinar-Z000000QX,SAMPLE_TEST,Accuracy,0.8412235772164758
INTERACT,GSM5652243_Pancreas-Acinar-Z000000QX,SAMPLE_TEST,MAE,0.1982707977294922
INTERACT,GSM5652247_Pancreas-Delta-Z00000451,SAMPLE_VALID,Pearson,0.6641106828229354
INTERACT,GSM5652247_Pancreas-Delta-Z00000451,SAMPLE_VALID,Spearman,0.5297304610133706
INTERACT,GSM5652247_Pancreas-Delta-Z00000451,SAMPLE_VALID,AUC,0.8448504473012506
INTERACT,GSM5652247_Pancreas-Delta-Z00000451,SAMPLE_VALID,Accuracy,0.8615309969021759
INTERACT,GSM5652247_Pancreas-Delta-Z00000451,SAMPLE_VALID,MAE,0.1691027283668518
INTERACT,GSM5652247_Pancreas-Delta-Z00000451,SAMPLE_TEST,Pearson,0.6908797713156112
INTERACT,GSM5652247_Pancreas-Delta-Z00000451,SAMPLE_TEST,Spearman,0.5729643776448443
INTERACT,GSM5652247_Pancreas-Delta-Z00000451,SAMPLE_TEST,AUC,0.8670000445246013
INTERACT,GSM5652247_Pancreas-Delta-Z00000451,SAMPLE_TEST,Accuracy,0.8675170059954145
INTERACT,GSM5652247_Pancreas-Delta-Z00000451,SAMPLE_TEST,MAE,0.1657355129718781
INTERACT,GSM5652250_Pancreas-Beta-Z00000452,SAMPLE_VALID,Pearson,0.6685492793330742
INTERACT,GSM5652250_Pancreas-Beta-Z00000452,SAMPLE_VALID,Spearman,0.5282489453010935
INTERACT,GSM5652250_Pancreas-Beta-Z00000452,SAMPLE_VALID,AUC,0.8449796868211631
INTERACT,GSM5652250_Pancreas-Beta-Z00000452,SAMPLE_VALID,Accuracy,0.8644701974396297
INTERACT,GSM5652250_Pancreas-Beta-Z00000452,SAMPLE_VALID,MAE,0.1643669158220291
INTERACT,GSM5652250_Pancreas-Beta-Z00000452,SAMPLE_TEST,Pearson,0.690578736483105
INTERACT,GSM5652250_Pancreas-Beta-Z00000452,SAMPLE_TEST,Spearman,0.5672126579993525
INTERACT,GSM5652250_Pancreas-Beta-Z00000452,SAMPLE_TEST,AUC,0.8655058831654653
INTERACT,GSM5652250_Pancreas-Beta-Z00000452,SAMPLE_TEST,Accuracy,0.8710345056749944
INTERACT,GSM5652250_Pancreas-Beta-Z00000452,SAMPLE_TEST,MAE,0.1619609147310257
INTERACT,GSM5652253_Pancreas-Alpha-Z00000453,SAMPLE_VALID,Pearson,0.6655483642796122
INTERACT,GSM5652253_Pancreas-Alpha-Z00000453,SAMPLE_VALID,Spearman,0.5228711865533534
INTERACT,GSM5652253_Pancreas-Alpha-Z00000453,SAMPLE_VALID,AUC,0.841246361631864
INTERACT,GSM5652253_Pancreas-Alpha-Z00000453,SAMPLE_VALID,Accuracy,0.8637983801739261
INTERACT,GSM5652253_Pancreas-Alpha-Z00000453,SAMPLE_VALID,MAE,0.1683614999055862
INTERACT,GSM5652253_Pancreas-Alpha-Z00000453,SAMPLE_TEST,Pearson,0.6905822377410173
INTERACT,GSM5652253_Pancreas-Alpha-Z00000453,SAMPLE_TEST,Spearman,0.5651727737790572
INTERACT,GSM5652253_Pancreas-Alpha-Z00000453,SAMPLE_TEST,AUC,0.8636872231573742
INTERACT,GSM5652253_Pancreas-Alpha-Z00000453,SAMPLE_TEST,Accuracy,0.8707164591452619
INTERACT,GSM5652253_Pancreas-Alpha-Z00000453,SAMPLE_TEST,MAE,0.1643270999193192
INTERACT,GSM5652264_Thyroid-Epithelial-Z0000042S,SAMPLE_VALID,Pearson,0.6805393612703523
INTERACT,GSM5652264_Thyroid-Epithelial-Z0000042S,SAMPLE_VALID,Spearman,0.5275176592866455
INTERACT,GSM5652264_Thyroid-Epithelial-Z0000042S,SAMPLE_VALID,AUC,0.8487892660299234
INTERACT,GSM5652264_Thyroid-Epithelial-Z0000042S,SAMPLE_VALID,Accuracy,0.868967640801702
INTERACT,GSM5652264_Thyroid-Epithelial-Z0000042S,SAMPLE_VALID,MAE,0.16450035572052
INTERACT,GSM5652264_Thyroid-Epithelial-Z0000042S,SAMPLE_TEST,Pearson,0.6954055596954216
INTERACT,GSM5652264_Thyroid-Epithelial-Z0000042S,SAMPLE_TEST,Spearman,0.5665277356542968
INTERACT,GSM5652264_Thyroid-Epithelial-Z0000042S,SAMPLE_TEST,AUC,0.8650397955437037
INTERACT,GSM5652264_Thyroid-Epithelial-Z0000042S,SAMPLE_TEST,Accuracy,0.8722259934207091
INTERACT,GSM5652264_Thyroid-Epithelial-Z0000042S,SAMPLE_TEST,MAE,0.1630238443613052
INTERACT,GSM5652322_Tonsil-Palatine-Epithelial-Z000000QF,SAMPLE_VALID,Pearson,0.6241599916271985
INTERACT,GSM5652322_Tonsil-Palatine-Epithelial-Z000000QF,SAMPLE_VALID,Spearman,0.5165075614526213
INTERACT,GSM5652322_Tonsil-Palatine-Epithelial-Z000000QF,SAMPLE_VALID,AUC,0.8356852627339703
INTERACT,GSM5652322_Tonsil-Palatine-Epithelial-Z000000QF,SAMPLE_VALID,Accuracy,0.8157914380621805
INTERACT,GSM5652322_Tonsil-Palatine-Epithelial-Z000000QF,SAMPLE_VALID,MAE,0.2130448520183563
INTERACT,GSM5652322_Tonsil-Palatine-Epithelial-Z000000QF,SAMPLE_TEST,Pearson,0.6486079325423059
INTERACT,GSM5652322_Tonsil-Palatine-Epithelial-Z000000QF,SAMPLE_TEST,Spearman,0.5545997746419703
INTERACT,GSM5652322_Tonsil-Palatine-Epithelial-Z000000QF,SAMPLE_TEST,AUC,0.8581380625105499
INTERACT,GSM5652322_Tonsil-Palatine-Epithelial-Z000000QF,SAMPLE_TEST,Accuracy,0.823849692159441
INTERACT,GSM5652322_Tonsil-Palatine-Epithelial-Z000000QF,SAMPLE_TEST,MAE,0.2091690003871918
INTERACT,GSM5652267_Fallopian-Epithelial-Z000000Q7,SAMPLE_VALID,Pearson,0.6654084121630899
INTERACT,GSM5652267_Fallopian-Epithelial-Z000000Q7,SAMPLE_VALID,Spearman,0.5475265839821236
INTERACT,GSM5652267_Fallopian-Epithelial-Z000000Q7,SAMPLE_VALID,AUC,0.8579671740761413
INTERACT,GSM5652267_Fallopian-Epithelial-Z000000Q7,SAMPLE_VALID,Accuracy,0.8481506363602433
INTERACT,GSM5652267_Fallopian-Epithelial-Z000000Q7,SAMPLE_VALID,MAE,0.1787724494934082
INTERACT,GSM5652267_Fallopian-Epithelial-Z000000Q7,SAMPLE_TEST,Pearson,0.6822646521915819
INTERACT,GSM5652267_Fallopian-Epithelial-Z000000Q7,SAMPLE_TEST,Spearman,0.5845509538279399
INTERACT,GSM5652267_Fallopian-Epithelial-Z000000Q7,SAMPLE_TEST,AUC,0.8756843842374449
INTERACT,GSM5652267_Fallopian-Epithelial-Z000000Q7,SAMPLE_TEST,Accuracy,0.8513915722416584
INTERACT,GSM5652267_Fallopian-Epithelial-Z000000Q7,SAMPLE_TEST,MAE,0.1771475374698639
INTERACT,GSM5652270_Ovary-Epithelial-Z000000QT,SAMPLE_VALID,Pearson,0.6373383723188599
INTERACT,GSM5652270_Ovary-Epithelial-Z000000QT,SAMPLE_VALID,Spearman,0.5316650723795159
INTERACT,GSM5652270_Ovary-Epithelial-Z000000QT,SAMPLE_VALID,AUC,0.851028840517449
INTERACT,GSM5652270_Ovary-Epithelial-Z000000QT,SAMPLE_VALID,Accuracy,0.8158660844250364
INTERACT,GSM5652270_Ovary-Epithelial-Z000000QT,SAMPLE_VALID,MAE,0.2086481750011444
INTERACT,GSM5652270_Ovary-Epithelial-Z000000QT,SAMPLE_TEST,Pearson,0.6576855265283399
INTERACT,GSM5652270_Ovary-Epithelial-Z000000QT,SAMPLE_TEST,Spearman,0.5728262827211748
INTERACT,GSM5652270_Ovary-Epithelial-Z000000QT,SAMPLE_TEST,AUC,0.8717033631735697
INTERACT,GSM5652270_Ovary-Epithelial-Z000000QT,SAMPLE_TEST,Accuracy,0.8217705223083532
INTERACT,GSM5652270_Ovary-Epithelial-Z000000QT,SAMPLE_TEST,MAE,0.205735519528389
INTERACT,GSM5652274_Bone_marrow-Erythrocyte_progenitors-Z000000RF,SAMPLE_VALID,Pearson,0.5914245917797889
INTERACT,GSM5652274_Bone_marrow-Erythrocyte_progenitors-Z000000RF,SAMPLE_VALID,Spearman,0.4217689274011255
INTERACT,GSM5652274_Bone_marrow-Erythrocyte_progenitors-Z000000RF,SAMPLE_VALID,AUC,0.7830494801776748
INTERACT,GSM5652274_Bone_marrow-Erythrocyte_progenitors-Z000000RF,SAMPLE_VALID,Accuracy,0.8095677975590639
INTERACT,GSM5652274_Bone_marrow-Erythrocyte_progenitors-Z000000RF,SAMPLE_VALID,MAE,0.2693139016628265
INTERACT,GSM5652274_Bone_marrow-Erythrocyte_progenitors-Z000000RF,SAMPLE_TEST,Pearson,0.6191468432376406
INTERACT,GSM5652274_Bone_marrow-Erythrocyte_progenitors-Z000000RF,SAMPLE_TEST,Spearman,0.457777625620095
INTERACT,GSM5652274_Bone_marrow-Erythrocyte_progenitors-Z000000RF,SAMPLE_TEST,AUC,0.8110528554537739
INTERACT,GSM5652274_Bone_marrow-Erythrocyte_progenitors-Z000000RF,SAMPLE_TEST,Accuracy,0.8205125770788139
INTERACT,GSM5652274_Bone_marrow-Erythrocyte_progenitors-Z000000RF,SAMPLE_TEST,MAE,0.2594653069972992
INTERACT,GSM5652277_Blood-T-CD3-Z000000TV,SAMPLE_VALID,Pearson,0.6279686322704814
INTERACT,GSM5652277_Blood-T-CD3-Z000000TV,SAMPLE_VALID,Spearman,0.4601838803318269
INTERACT,GSM5652277_Blood-T-CD3-Z000000TV,SAMPLE_VALID,AUC,0.7974581537113139
INTERACT,GSM5652277_Blood-T-CD3-Z000000TV,SAMPLE_VALID,Accuracy,0.8594782219236368
INTERACT,GSM5652277_Blood-T-CD3-Z000000TV,SAMPLE_VALID,MAE,0.167750209569931
INTERACT,GSM5652277_Blood-T-CD3-Z000000TV,SAMPLE_TEST,Pearson,0.6548105559812659
INTERACT,GSM5652277_Blood-T-CD3-Z000000TV,SAMPLE_TEST,Spearman,0.5052229022337715
INTERACT,GSM5652277_Blood-T-CD3-Z000000TV,SAMPLE_TEST,AUC,0.8274752938225587
INTERACT,GSM5652277_Blood-T-CD3-Z000000TV,SAMPLE_TEST,Accuracy,0.8644504678132165
INTERACT,GSM5652277_Blood-T-CD3-Z000000TV,SAMPLE_TEST,MAE,0.1655308306217194
INTERACT,GSM5652299_Blood-NK-Z000000TM,SAMPLE_VALID,Pearson,0.6159345336262734
INTERACT,GSM5652299_Blood-NK-Z000000TM,SAMPLE_VALID,Spearman,0.459182551854778
INTERACT,GSM5652299_Blood-NK-Z000000TM,SAMPLE_VALID,AUC,0.8024015589191911
INTERACT,GSM5652299_Blood-NK-Z000000TM,SAMPLE_VALID,Accuracy,0.8550740865151345
INTERACT,GSM5652299_Blood-NK-Z000000TM,SAMPLE_VALID,MAE,0.1633953899145126
INTERACT,GSM5652299_Blood-NK-Z000000TM,SAMPLE_TEST,Pearson,0.6481313514737629
INTERACT,GSM5652299_Blood-NK-Z000000TM,SAMPLE_TEST,Spearman,0.5052126477682499
INTERACT,GSM5652299_Blood-NK-Z000000TM,SAMPLE_TEST,AUC,0.8323969132979966
INTERACT,GSM5652299_Blood-NK-Z000000TM,SAMPLE_TEST,Accuracy,0.8626798505656007
INTERACT,GSM5652299_Blood-NK-Z000000TM,SAMPLE_TEST,MAE,0.1598556190729141
INTERACT,GSM5652302_Blood-Monocytes-Z000000TP,SAMPLE_VALID,Pearson,0.6132217177446124
INTERACT,GSM5652302_Blood-Monocytes-Z000000TP,SAMPLE_VALID,Spearman,0.4671674171002181
INTERACT,GSM5652302_Blood-Monocytes-Z000000TP,SAMPLE_VALID,AUC,0.8094467454027839
INTERACT,GSM5652302_Blood-Monocytes-Z000000TP,SAMPLE_VALID,Accuracy,0.8494756093009368
INTERACT,GSM5652302_Blood-Monocytes-Z000000TP,SAMPLE_VALID,MAE,0.1679179221391678
INTERACT,GSM5652302_Blood-Monocytes-Z000000TP,SAMPLE_TEST,Pearson,0.6416494133104322
INTERACT,GSM5652302_Blood-Monocytes-Z000000TP,SAMPLE_TEST,Spearman,0.511024774819791
INTERACT,GSM5652302_Blood-Monocytes-Z000000TP,SAMPLE_TEST,AUC,0.8369517577639962
INTERACT,GSM5652302_Blood-Monocytes-Z000000TP,SAMPLE_TEST,Accuracy,0.8562049928558205
INTERACT,GSM5652302_Blood-Monocytes-Z000000TP,SAMPLE_TEST,MAE,0.165199488401413
INTERACT,GSM5652313_Blood-Granulocytes-Z000000TZ,SAMPLE_VALID,Pearson,0.5999157826728719
INTERACT,GSM5652313_Blood-Granulocytes-Z000000TZ,SAMPLE_VALID,Spearman,0.4690550759510376
INTERACT,GSM5652313_Blood-Granulocytes-Z000000TZ,SAMPLE_VALID,AUC,0.8072057943686086
INTERACT,GSM5652313_Blood-Granulocytes-Z000000TZ,SAMPLE_VALID,Accuracy,0.8437278393610271
INTERACT,GSM5652313_Blood-Granulocytes-Z000000TZ,SAMPLE_VALID,MAE,0.1741967499256134
INTERACT,GSM5652313_Blood-Granulocytes-Z000000TZ,SAMPLE_TEST,Pearson,0.6379843870955154
INTERACT,GSM5652313_Blood-Granulocytes-Z000000TZ,SAMPLE_TEST,Spearman,0.5105941746807008
INTERACT,GSM5652313_Blood-Granulocytes-Z000000TZ,SAMPLE_TEST,AUC,0.8333189132396888
INTERACT,GSM5652313_Blood-Granulocytes-Z000000TZ,SAMPLE_TEST,Accuracy,0.8514912584673955
INTERACT,GSM5652313_Blood-Granulocytes-Z000000TZ,SAMPLE_TEST,MAE,0.1703029572963715
INTERACT,GSM5652317_Blood-B-Z000000UB,SAMPLE_VALID,Pearson,0.6117289205759904
INTERACT,GSM5652317_Blood-B-Z000000UB,SAMPLE_VALID,Spearman,0.475704861047919
INTERACT,GSM5652317_Blood-B-Z000000UB,SAMPLE_VALID,AUC,0.8063964938341868
INTERACT,GSM5652317_Blood-B-Z000000UB,SAMPLE_VALID,Accuracy,0.8490650543052289
INTERACT,GSM5652317_Blood-B-Z000000UB,SAMPLE_VALID,MAE,0.1679446548223495
INTERACT,GSM5652317_Blood-B-Z000000UB,SAMPLE_TEST,Pearson,0.6429014809562502
INTERACT,GSM5652317_Blood-B-Z000000UB,SAMPLE_TEST,Spearman,0.5185603174732375
INTERACT,GSM5652317_Blood-B-Z000000UB,SAMPLE_TEST,AUC,0.8334788492473706
INTERACT,GSM5652317_Blood-B-Z000000UB,SAMPLE_TEST,Accuracy,0.8566986770213756
INTERACT,GSM5652317_Blood-B-Z000000UB,SAMPLE_TEST,MAE,0.1646338999271393
INTERACT,GSM5652370_Colon-Right-Epithelial-Z000000V0,SAMPLE_VALID,Pearson,0.6217576872617295
INTERACT,GSM5652370_Colon-Right-Epithelial-Z000000V0,SAMPLE_VALID,Spearman,0.480677226653267
INTERACT,GSM5652370_Colon-Right-Epithelial-Z000000V0,SAMPLE_VALID,AUC,0.8234517766760661
INTERACT,GSM5652370_Colon-Right-Epithelial-Z000000V0,SAMPLE_VALID,Accuracy,0.8377094763557645
INTERACT,GSM5652370_Colon-Right-Epithelial-Z000000V0,SAMPLE_VALID,MAE,0.191162571310997
INTERACT,GSM5652370_Colon-Right-Epithelial-Z000000V0,SAMPLE_TEST,Pearson,0.6494806009556382
INTERACT,GSM5652370_Colon-Right-Epithelial-Z000000V0,SAMPLE_TEST,Spearman,0.5289174476675846
INTERACT,GSM5652370_Colon-Right-Epithelial-Z000000V0,SAMPLE_TEST,AUC,0.8482131399793242
INTERACT,GSM5652370_Colon-Right-Epithelial-Z000000V0,SAMPLE_TEST,Accuracy,0.8425432329667095
INTERACT,GSM5652370_Colon-Right-Epithelial-Z000000V0,SAMPLE_TEST,MAE,0.1890596151351929
INTERACT,GSM5652378_Small-int-Epithelial-Z0000042V,SAMPLE_VALID,Pearson,0.615362781579296
INTERACT,GSM5652378_Small-int-Epithelial-Z0000042V,SAMPLE_VALID,Spearman,0.4829806115419443
INTERACT,GSM5652378_Small-int-Epithelial-Z0000042V,SAMPLE_VALID,AUC,0.8220225672768624
INTERACT,GSM5652378_Small-int-Epithelial-Z0000042V,SAMPLE_VALID,Accuracy,0.8327454932258426
INTERACT,GSM5652378_Small-int-Epithelial-Z0000042V,SAMPLE_VALID,MAE,0.1981679350137711
INTERACT,GSM5652378_Small-int-Epithelial-Z0000042V,SAMPLE_TEST,Pearson,0.645428925053799
INTERACT,GSM5652378_Small-int-Epithelial-Z0000042V,SAMPLE_TEST,Spearman,0.5300906324770194
INTERACT,GSM5652378_Small-int-Epithelial-Z0000042V,SAMPLE_TEST,AUC,0.8457275733688465
INTERACT,GSM5652378_Small-int-Epithelial-Z0000042V,SAMPLE_TEST,Accuracy,0.8374687293803789
INTERACT,GSM5652378_Small-int-Epithelial-Z0000042V,SAMPLE_TEST,MAE,0.1955377161502838
Melody-ST,GSM5652176_Adipocytes-Z000000T7,SAMPLE_VALID,Pearson,0.8359626543027788
Melody-ST,GSM5652176_Adipocytes-Z000000T7,SAMPLE_VALID,Spearman,0.7780335542486464
Melody-ST,GSM5652176_Adipocytes-Z000000T7,SAMPLE_VALID,AUC,0.9251329682300774
Melody-ST,GSM5652176_Adipocytes-Z000000T7,SAMPLE_VALID,Accuracy,0.8736539664257894
Melody-ST,GSM5652176_Adipocytes-Z000000T7,SAMPLE_VALID,MAE,0.1313389428581308
Melody-ST,GSM5652176_Adipocytes-Z000000T7,SAMPLE_TEST,Pearson,0.8461589748409583
Melody-ST,GSM5652176_Adipocytes-Z000000T7,SAMPLE_TEST,Spearman,0.7913854962478812
Melody-ST,GSM5652176_Adipocytes-Z000000T7,SAMPLE_TEST,AUC,0.9296435118105176
Melody-ST,GSM5652176_Adipocytes-Z000000T7,SAMPLE_TEST,Accuracy,0.8720015299710399
Melody-ST,GSM5652176_Adipocytes-Z000000T7,SAMPLE_TEST,MAE,0.1295880032451125
Melody-ST,GSM5652176_Adipocytes-Z000000T7,VALID,Pearson,0.811413882255256
Melody-ST,GSM5652176_Adipocytes-Z000000T7,VALID,Spearman,0.7006116365987777
Melody-ST,GSM5652176_Adipocytes-Z000000T7,VALID,AUC,0.9112550547912495
Melody-ST,GSM5652176_Adipocytes-Z000000T7,VALID,Accuracy,0.896517189724727
Melody-ST,GSM5652176_Adipocytes-Z000000T7,VALID,MAE,0.1225506969662831
Melody-ST,GSM5652176_Adipocytes-Z000000T7,TEST,Pearson,0.8130535771712618
Melody-ST,GSM5652176_Adipocytes-Z000000T7,TEST,Spearman,0.7000834513344417
Melody-ST,GSM5652176_Adipocytes-Z000000T7,TEST,AUC,0.9131061084989974
Melody-ST,GSM5652176_Adipocytes-Z000000T7,TEST,Accuracy,0.8988027920198504
Melody-ST,GSM5652176_Adipocytes-Z000000T7,TEST,MAE,0.1217849541574509
Melody-ST,GSM5652179_Aorta-Endothel-Z00000422,SAMPLE_VALID,Pearson,0.7776702841626671
Melody-ST,GSM5652179_Aorta-Endothel-Z00000422,SAMPLE_VALID,Spearman,0.7066742547690326
Melody-ST,GSM5652179_Aorta-Endothel-Z00000422,SAMPLE_VALID,AUC,0.9110478562204248
Melody-ST,GSM5652179_Aorta-Endothel-Z00000422,SAMPLE_VALID,Accuracy,0.8606972724851173
Melody-ST,GSM5652179_Aorta-Endothel-Z00000422,SAMPLE_VALID,MAE,0.1550039698915271
Melody-ST,GSM5652179_Aorta-Endothel-Z00000422,SAMPLE_TEST,Pearson,0.797897261572683
Melody-ST,GSM5652179_Aorta-Endothel-Z00000422,SAMPLE_TEST,Spearman,0.7145894960767094
Melody-ST,GSM5652179_Aorta-Endothel-Z00000422,SAMPLE_TEST,AUC,0.915429874774888
Melody-ST,GSM5652179_Aorta-Endothel-Z00000422,SAMPLE_TEST,Accuracy,0.8649617612625625
Melody-ST,GSM5652179_Aorta-Endothel-Z00000422,SAMPLE_TEST,MAE,0.1489267041188643
Melody-ST,GSM5652179_Aorta-Endothel-Z00000422,VALID,Pearson,0.7776570782603659
Melody-ST,GSM5652179_Aorta-Endothel-Z00000422,VALID,Spearman,0.6924174662786123
Melody-ST,GSM5652179_Aorta-Endothel-Z00000422,VALID,AUC,0.9010895306002628
Melody-ST,GSM5652179_Aorta-Endothel-Z00000422,VALID,Accuracy,0.869080862539687
Melody-ST,GSM5652179_Aorta-Endothel-Z00000422,VALID,MAE,0.1376179236997566
Melody-ST,GSM5652179_Aorta-Endothel-Z00000422,TEST,Pearson,0.7753805837786047
Melody-ST,GSM5652179_Aorta-Endothel-Z00000422,TEST,Spearman,0.6894289083418096
Melody-ST,GSM5652179_Aorta-Endothel-Z00000422,TEST,AUC,0.8999594678237113
Melody-ST,GSM5652179_Aorta-Endothel-Z00000422,TEST,Accuracy,0.8682389397429606
Melody-ST,GSM5652179_Aorta-Endothel-Z00000422,TEST,MAE,0.137778759487275
Melody-ST,GSM5652189_Kidney-Tubular-Endothel-Z0000042R,SAMPLE_VALID,Pearson,0.7996020106185223
Melody-ST,GSM5652189_Kidney-Tubular-Endothel-Z0000042R,SAMPLE_VALID,Spearman,0.685304631885521
Melody-ST,GSM5652189_Kidney-Tubular-Endothel-Z0000042R,SAMPLE_VALID,AUC,0.9227358464975552
Melody-ST,GSM5652189_Kidney-Tubular-Endothel-Z0000042R,SAMPLE_VALID,Accuracy,0.8770539069184886
Melody-ST,GSM5652189_Kidney-Tubular-Endothel-Z0000042R,SAMPLE_VALID,MAE,0.1530414451892631
Melody-ST,GSM5652189_Kidney-Tubular-Endothel-Z0000042R,SAMPLE_TEST,Pearson,0.8022095736307676
Melody-ST,GSM5652189_Kidney-Tubular-Endothel-Z0000042R,SAMPLE_TEST,Spearman,0.702041063009669
Melody-ST,GSM5652189_Kidney-Tubular-Endothel-Z0000042R,SAMPLE_TEST,AUC,0.9229175108256589
Melody-ST,GSM5652189_Kidney-Tubular-Endothel-Z0000042R,SAMPLE_TEST,Accuracy,0.8728684744399701
Melody-ST,GSM5652189_Kidney-Tubular-Endothel-Z0000042R,SAMPLE_TEST,MAE,0.1524347521135861
Melody-ST,GSM5652189_Kidney-Tubular-Endothel-Z0000042R,VALID,Pearson,0.7817389547395345
Melody-ST,GSM5652189_Kidney-Tubular-Endothel-Z0000042R,VALID,Spearman,0.6191413016900064
Melody-ST,GSM5652189_Kidney-Tubular-Endothel-Z0000042R,VALID,AUC,0.9096371982485603
Melody-ST,GSM5652189_Kidney-Tubular-Endothel-Z0000042R,VALID,Accuracy,0.8999767735577715
Melody-ST,GSM5652189_Kidney-Tubular-Endothel-Z0000042R,VALID,MAE,0.1368505308991819
Melody-ST,GSM5652189_Kidney-Tubular-Endothel-Z0000042R,TEST,Pearson,0.7818116046076241
Melody-ST,GSM5652189_Kidney-Tubular-Endothel-Z0000042R,TEST,Spearman,0.6214954071530983
Melody-ST,GSM5652189_Kidney-Tubular-Endothel-Z0000042R,TEST,AUC,0.907849173312634
Melody-ST,GSM5652189_Kidney-Tubular-Endothel-Z0000042R,TEST,Accuracy,0.9007484504027943
Melody-ST,GSM5652189_Kidney-Tubular-Endothel-Z0000042R,TEST,MAE,0.1355023854407489
Melody-ST,GSM5652198_Colon-Fibroblasts-Z0000042A,SAMPLE_VALID,Pearson,0.8270879248275274
Melody-ST,GSM5652198_Colon-Fibroblasts-Z0000042A,SAMPLE_VALID,Spearman,0.7618080185729381
Melody-ST,GSM5652198_Colon-Fibroblasts-Z0000042A,SAMPLE_VALID,AUC,0.9243916092452915
Melody-ST,GSM5652198_Colon-Fibroblasts-Z0000042A,SAMPLE_VALID,Accuracy,0.8781112397891881
Melody-ST,GSM5652198_Colon-Fibroblasts-Z0000042A,SAMPLE_VALID,MAE,0.1266358779611775
Melody-ST,GSM5652198_Colon-Fibroblasts-Z0000042A,SAMPLE_TEST,Pearson,0.8436015884403991
Melody-ST,GSM5652198_Colon-Fibroblasts-Z0000042A,SAMPLE_TEST,Spearman,0.7744123281255814
Melody-ST,GSM5652198_Colon-Fibroblasts-Z0000042A,SAMPLE_TEST,AUC,0.9293792229897994
Melody-ST,GSM5652198_Colon-Fibroblasts-Z0000042A,SAMPLE_TEST,Accuracy,0.8801297665233917
Melody-ST,GSM5652198_Colon-Fibroblasts-Z0000042A,SAMPLE_TEST,MAE,0.1250466564809655
Melody-ST,GSM5652198_Colon-Fibroblasts-Z0000042A,VALID,Pearson,0.8093788104393445
Melody-ST,GSM5652198_Colon-Fibroblasts-Z0000042A,VALID,Spearman,0.7136466769696522
Melody-ST,GSM5652198_Colon-Fibroblasts-Z0000042A,VALID,AUC,0.9105708167853466
Melody-ST,GSM5652198_Colon-Fibroblasts-Z0000042A,VALID,Accuracy,0.8981269162680188
Melody-ST,GSM5652198_Colon-Fibroblasts-Z0000042A,VALID,MAE,0.1172398871715206
Melody-ST,GSM5652198_Colon-Fibroblasts-Z0000042A,TEST,Pearson,0.8077489044539145
Melody-ST,GSM5652198_Colon-Fibroblasts-Z0000042A,TEST,Spearman,0.7085473638441064
Melody-ST,GSM5652198_Colon-Fibroblasts-Z0000042A,TEST,AUC,0.9096331627269455
Melody-ST,GSM5652198_Colon-Fibroblasts-Z0000042A,TEST,Accuracy,0.8979912321274157
Melody-ST,GSM5652198_Colon-Fibroblasts-Z0000042A,TEST,MAE,0.1170263806623779
Melody-ST,GSM5652200_Heart-Fibroblasts-Z0000043R,SAMPLE_VALID,Pearson,0.7540886934996679
Melody-ST,GSM5652200_Heart-Fibroblasts-Z0000043R,SAMPLE_VALID,Spearman,0.7083596837748362
Melody-ST,GSM5652200_Heart-Fibroblasts-Z0000043R,SAMPLE_VALID,AUC,0.8871170068400038
Melody-ST,GSM5652200_Heart-Fibroblasts-Z0000043R,SAMPLE_VALID,Accuracy,0.8055586616472226
Melody-ST,GSM5652200_Heart-Fibroblasts-Z0000043R,SAMPLE_VALID,MAE,0.1852680657552103
Melody-ST,GSM5652200_Heart-Fibroblasts-Z0000043R,SAMPLE_TEST,Pearson,0.7701744143004339
Melody-ST,GSM5652200_Heart-Fibroblasts-Z0000043R,SAMPLE_TEST,Spearman,0.7154352186917105
Melody-ST,GSM5652200_Heart-Fibroblasts-Z0000043R,SAMPLE_TEST,AUC,0.8932037234103336
Melody-ST,GSM5652200_Heart-Fibroblasts-Z0000043R,SAMPLE_TEST,Accuracy,0.8150298186477128
Melody-ST,GSM5652200_Heart-Fibroblasts-Z0000043R,SAMPLE_TEST,MAE,0.1772827156972931
Melody-ST,GSM5652200_Heart-Fibroblasts-Z0000043R,VALID,Pearson,0.7219691070303835
Melody-ST,GSM5652200_Heart-Fibroblasts-Z0000043R,VALID,Spearman,0.694462800206047
Melody-ST,GSM5652200_Heart-Fibroblasts-Z0000043R,VALID,AUC,0.8606403962589235
Melody-ST,GSM5652200_Heart-Fibroblasts-Z0000043R,VALID,Accuracy,0.7743274558218926
Melody-ST,GSM5652200_Heart-Fibroblasts-Z0000043R,VALID,MAE,0.1801054734174097
Melody-ST,GSM5652200_Heart-Fibroblasts-Z0000043R,TEST,Pearson,0.7209408883882857
Melody-ST,GSM5652200_Heart-Fibroblasts-Z0000043R,TEST,Spearman,0.6994641359640336
Melody-ST,GSM5652200_Heart-Fibroblasts-Z0000043R,TEST,AUC,0.8589057005736506
Melody-ST,GSM5652200_Heart-Fibroblasts-Z0000043R,TEST,Accuracy,0.7742095934751143
Melody-ST,GSM5652200_Heart-Fibroblasts-Z0000043R,TEST,MAE,0.1790332425327375
Melody-ST,GSM5652204_Dermal-Fibroblasts-Z00000423,SAMPLE_VALID,Pearson,0.7988390060773093
Melody-ST,GSM5652204_Dermal-Fibroblasts-Z00000423,SAMPLE_VALID,Spearman,0.7256723923918007
Melody-ST,GSM5652204_Dermal-Fibroblasts-Z00000423,SAMPLE_VALID,AUC,0.9128551885260827
Melody-ST,GSM5652204_Dermal-Fibroblasts-Z00000423,SAMPLE_VALID,Accuracy,0.8610835821265315
Melody-ST,GSM5652204_Dermal-Fibroblasts-Z00000423,SAMPLE_VALID,MAE,0.1496674853800623
Melody-ST,GSM5652204_Dermal-Fibroblasts-Z00000423,SAMPLE_TEST,Pearson,0.8266576235355058
Melody-ST,GSM5652204_Dermal-Fibroblasts-Z00000423,SAMPLE_TEST,Spearman,0.7514849473742219
Melody-ST,GSM5652204_Dermal-Fibroblasts-Z00000423,SAMPLE_TEST,AUC,0.9234575598158624
Melody-ST,GSM5652204_Dermal-Fibroblasts-Z00000423,SAMPLE_TEST,Accuracy,0.8724004460067508
Melody-ST,GSM5652204_Dermal-Fibroblasts-Z00000423,SAMPLE_TEST,MAE,0.1399388459191926
Melody-ST,GSM5652204_Dermal-Fibroblasts-Z00000423,VALID,Pearson,0.7853665926327303
Melody-ST,GSM5652204_Dermal-Fibroblasts-Z00000423,VALID,Spearman,0.701570084353869
Melody-ST,GSM5652204_Dermal-Fibroblasts-Z00000423,VALID,AUC,0.9025714946249024
Melody-ST,GSM5652204_Dermal-Fibroblasts-Z00000423,VALID,Accuracy,0.8740948383469257
Melody-ST,GSM5652204_Dermal-Fibroblasts-Z00000423,VALID,MAE,0.1343214754842609
Melody-ST,GSM5652204_Dermal-Fibroblasts-Z00000423,TEST,Pearson,0.784534918847982
Melody-ST,GSM5652204_Dermal-Fibroblasts-Z00000423,TEST,Spearman,0.698357566552744
Melody-ST,GSM5652204_Dermal-Fibroblasts-Z00000423,TEST,AUC,0.9010197853379628
Melody-ST,GSM5652204_Dermal-Fibroblasts-Z00000423,TEST,Accuracy,0.8745485749839014
Melody-ST,GSM5652204_Dermal-Fibroblasts-Z00000423,TEST,MAE,0.1334814536995966
Melody-ST,GSM5652205_Skeletal-Muscle-Z00000427,SAMPLE_VALID,Pearson,0.8045520010163257
Melody-ST,GSM5652205_Skeletal-Muscle-Z00000427,SAMPLE_VALID,Spearman,0.7472070070005247
Melody-ST,GSM5652205_Skeletal-Muscle-Z00000427,SAMPLE_VALID,AUC,0.9078169517440224
Melody-ST,GSM5652205_Skeletal-Muscle-Z00000427,SAMPLE_VALID,Accuracy,0.8606422791429669
Melody-ST,GSM5652205_Skeletal-Muscle-Z00000427,SAMPLE_VALID,MAE,0.1423294394179769
Melody-ST,GSM5652205_Skeletal-Muscle-Z00000427,SAMPLE_TEST,Pearson,0.8168202914633671
Melody-ST,GSM5652205_Skeletal-Muscle-Z00000427,SAMPLE_TEST,Spearman,0.7504734807517199
Melody-ST,GSM5652205_Skeletal-Muscle-Z00000427,SAMPLE_TEST,AUC,0.9087562732077925
Melody-ST,GSM5652205_Skeletal-Muscle-Z00000427,SAMPLE_TEST,Accuracy,0.8595211355910022
Melody-ST,GSM5652205_Skeletal-Muscle-Z00000427,SAMPLE_TEST,MAE,0.1400966925820032
Melody-ST,GSM5652205_Skeletal-Muscle-Z00000427,VALID,Pearson,0.7953079328863962
Melody-ST,GSM5652205_Skeletal-Muscle-Z00000427,VALID,Spearman,0.6828163456815209
Melody-ST,GSM5652205_Skeletal-Muscle-Z00000427,VALID,AUC,0.9021840238037645
Melody-ST,GSM5652205_Skeletal-Muscle-Z00000427,VALID,Accuracy,0.8897717688249586
Melody-ST,GSM5652205_Skeletal-Muscle-Z00000427,VALID,MAE,0.1321663509058297
Melody-ST,GSM5652205_Skeletal-Muscle-Z00000427,TEST,Pearson,0.7953298358444602
Melody-ST,GSM5652205_Skeletal-Muscle-Z00000427,TEST,Spearman,0.6837089772877354
Melody-ST,GSM5652205_Skeletal-Muscle-Z00000427,TEST,AUC,0.902929392981124
Melody-ST,GSM5652205_Skeletal-Muscle-Z00000427,TEST,Accuracy,0.8928143181245274
Melody-ST,GSM5652205_Skeletal-Muscle-Z00000427,TEST,MAE,0.131558000952107
Melody-ST,GSM5652207_Aorta-Smooth-Muscle-Z0000041U,SAMPLE_VALID,Pearson,0.7886982221477518
Melody-ST,GSM5652207_Aorta-Smooth-Muscle-Z0000041U,SAMPLE_VALID,Spearman,0.7368300219389361
Melody-ST,GSM5652207_Aorta-Smooth-Muscle-Z0000041U,SAMPLE_VALID,AUC,0.9070490868892908
Melody-ST,GSM5652207_Aorta-Smooth-Muscle-Z0000041U,SAMPLE_VALID,Accuracy,0.8307621830427893
Melody-ST,GSM5652207_Aorta-Smooth-Muscle-Z0000041U,SAMPLE_VALID,MAE,0.1580954278515506
Melody-ST,GSM5652207_Aorta-Smooth-Muscle-Z0000041U,SAMPLE_TEST,Pearson,0.8058862284032859
Melody-ST,GSM5652207_Aorta-Smooth-Muscle-Z0000041U,SAMPLE_TEST,Spearman,0.7531869574194985
Melody-ST,GSM5652207_Aorta-Smooth-Muscle-Z0000041U,SAMPLE_TEST,AUC,0.9098115786694143
Melody-ST,GSM5652207_Aorta-Smooth-Muscle-Z0000041U,SAMPLE_TEST,Accuracy,0.835219571493694
Melody-ST,GSM5652207_Aorta-Smooth-Muscle-Z0000041U,SAMPLE_TEST,MAE,0.1493653537862837
Melody-ST,GSM5652207_Aorta-Smooth-Muscle-Z0000041U,VALID,Pearson,0.759401203216677
Melody-ST,GSM5652207_Aorta-Smooth-Muscle-Z0000041U,VALID,Spearman,0.7168662250044392
Melody-ST,GSM5652207_Aorta-Smooth-Muscle-Z0000041U,VALID,AUC,0.8790202667925152
Melody-ST,GSM5652207_Aorta-Smooth-Muscle-Z0000041U,VALID,Accuracy,0.8081730616255847
Melody-ST,GSM5652207_Aorta-Smooth-Muscle-Z0000041U,VALID,MAE,0.1466966357413176
Melody-ST,GSM5652207_Aorta-Smooth-Muscle-Z0000041U,TEST,Pearson,0.7561482042019555
Melody-ST,GSM5652207_Aorta-Smooth-Muscle-Z0000041U,TEST,Spearman,0.7172308722964809
Melody-ST,GSM5652207_Aorta-Smooth-Muscle-Z0000041U,TEST,AUC,0.8755469024777353
Melody-ST,GSM5652207_Aorta-Smooth-Muscle-Z0000041U,TEST,Accuracy,0.8043401004400591
Melody-ST,GSM5652207_Aorta-Smooth-Muscle-Z0000041U,TEST,MAE,0.1467516941736738
Melody-ST,GSM5652215_Heart-Cardiomyocyte-Z0000044P,SAMPLE_VALID,Pearson,0.7065224438803489
Melody-ST,GSM5652215_Heart-Cardiomyocyte-Z0000044P,SAMPLE_VALID,Spearman,0.6159531754692295
Melody-ST,GSM5652215_Heart-Cardiomyocyte-Z0000044P,SAMPLE_VALID,AUC,0.8766887296684953
Melody-ST,GSM5652215_Heart-Cardiomyocyte-Z0000044P,SAMPLE_VALID,Accuracy,0.8363859516616314
Melody-ST,GSM5652215_Heart-Cardiomyocyte-Z0000044P,SAMPLE_VALID,MAE,0.2073244781664506
Melody-ST,GSM5652215_Heart-Cardiomyocyte-Z0000044P,SAMPLE_TEST,Pearson,0.7147843616977626
Melody-ST,GSM5652215_Heart-Cardiomyocyte-Z0000044P,SAMPLE_TEST,Spearman,0.6077021778445374
Melody-ST,GSM5652215_Heart-Cardiomyocyte-Z0000044P,SAMPLE_TEST,AUC,0.8747364391144006
Melody-ST,GSM5652215_Heart-Cardiomyocyte-Z0000044P,SAMPLE_TEST,Accuracy,0.8384074868637876
Melody-ST,GSM5652215_Heart-Cardiomyocyte-Z0000044P,SAMPLE_TEST,MAE,0.2055245383143986
Melody-ST,GSM5652215_Heart-Cardiomyocyte-Z0000044P,VALID,Pearson,0.6953269477160682
Melody-ST,GSM5652215_Heart-Cardiomyocyte-Z0000044P,VALID,Spearman,0.5118663499643678
Melody-ST,GSM5652215_Heart-Cardiomyocyte-Z0000044P,VALID,AUC,0.8628037500917717
Melody-ST,GSM5652215_Heart-Cardiomyocyte-Z0000044P,VALID,Accuracy,0.8758413521463828
Melody-ST,GSM5652215_Heart-Cardiomyocyte-Z0000044P,VALID,MAE,0.188732244656681
Melody-ST,GSM5652215_Heart-Cardiomyocyte-Z0000044P,TEST,Pearson,0.6914149913293625
Melody-ST,GSM5652215_Heart-Cardiomyocyte-Z0000044P,TEST,Spearman,0.5010259260775706
Melody-ST,GSM5652215_Heart-Cardiomyocyte-Z0000044P,TEST,AUC,0.8603845698794679
Melody-ST,GSM5652215_Heart-Cardiomyocyte-Z0000044P,TEST,Accuracy,0.8775291677351764
Melody-ST,GSM5652215_Heart-Cardiomyocyte-Z0000044P,TEST,MAE,0.1883563912050452
Melody-ST,GSM5652218_Bone-Osteoblasts-Z0000042Z,SAMPLE_VALID,Pearson,0.78865985159395
Melody-ST,GSM5652218_Bone-Osteoblasts-Z0000042Z,SAMPLE_VALID,Spearman,0.7449248357728435
Melody-ST,GSM5652218_Bone-Osteoblasts-Z0000042Z,SAMPLE_VALID,AUC,0.9078130018155861
Melody-ST,GSM5652218_Bone-Osteoblasts-Z0000042Z,SAMPLE_VALID,Accuracy,0.8378271286969335
Melody-ST,GSM5652218_Bone-Osteoblasts-Z0000042Z,SAMPLE_VALID,MAE,0.1624840411887318
Melody-ST,GSM5652218_Bone-Osteoblasts-Z0000042Z,SAMPLE_TEST,Pearson,0.8061243327695725
Melody-ST,GSM5652218_Bone-Osteoblasts-Z0000042Z,SAMPLE_TEST,Spearman,0.7558623477655617
Melody-ST,GSM5652218_Bone-Osteoblasts-Z0000042Z,SAMPLE_TEST,AUC,0.911245141761407
Melody-ST,GSM5652218_Bone-Osteoblasts-Z0000042Z,SAMPLE_TEST,Accuracy,0.840769761497336
Melody-ST,GSM5652218_Bone-Osteoblasts-Z0000042Z,SAMPLE_TEST,MAE,0.155952852107107
Melody-ST,GSM5652218_Bone-Osteoblasts-Z0000042Z,VALID,Pearson,0.7681408872289694
Melody-ST,GSM5652218_Bone-Osteoblasts-Z0000042Z,VALID,Spearman,0.7231233577399734
Melody-ST,GSM5652218_Bone-Osteoblasts-Z0000042Z,VALID,AUC,0.8875213836259358
Melody-ST,GSM5652218_Bone-Osteoblasts-Z0000042Z,VALID,Accuracy,0.8265210209765347
Melody-ST,GSM5652218_Bone-Osteoblasts-Z0000042Z,VALID,MAE,0.1509365761234584
Melody-ST,GSM5652218_Bone-Osteoblasts-Z0000042Z,TEST,Pearson,0.7659650927733651
Melody-ST,GSM5652218_Bone-Osteoblasts-Z0000042Z,TEST,Spearman,0.7207008000349755
Melody-ST,GSM5652218_Bone-Osteoblasts-Z0000042Z,TEST,AUC,0.8867878525538363
Melody-ST,GSM5652218_Bone-Osteoblasts-Z0000042Z,TEST,Accuracy,0.824876378024977
Melody-ST,GSM5652218_Bone-Osteoblasts-Z0000042Z,TEST,MAE,0.1517008104161008
Melody-ST,GSM5652219_Oligodendrocytes-Z000000TK,SAMPLE_VALID,Pearson,0.7997196085392891
Melody-ST,GSM5652219_Oligodendrocytes-Z000000TK,SAMPLE_VALID,Spearman,0.6596188350265297
Melody-ST,GSM5652219_Oligodendrocytes-Z000000TK,SAMPLE_VALID,AUC,0.9160958136907091
Melody-ST,GSM5652219_Oligodendrocytes-Z000000TK,SAMPLE_VALID,Accuracy,0.885910780669145
Melody-ST,GSM5652219_Oligodendrocytes-Z000000TK,SAMPLE_VALID,MAE,0.1420748201350461
Melody-ST,GSM5652219_Oligodendrocytes-Z000000TK,SAMPLE_TEST,Pearson,0.8160268211719875
Melody-ST,GSM5652219_Oligodendrocytes-Z000000TK,SAMPLE_TEST,Spearman,0.6872549860369671
Melody-ST,GSM5652219_Oligodendrocytes-Z000000TK,SAMPLE_TEST,AUC,0.9279227134859269
Melody-ST,GSM5652219_Oligodendrocytes-Z000000TK,SAMPLE_TEST,Accuracy,0.8843369359575095
Melody-ST,GSM5652219_Oligodendrocytes-Z000000TK,SAMPLE_TEST,MAE,0.1426751139644467
Melody-ST,GSM5652219_Oligodendrocytes-Z000000TK,VALID,Pearson,0.7885987032218523
Melody-ST,GSM5652219_Oligodendrocytes-Z000000TK,VALID,Spearman,0.5646919369159713
Melody-ST,GSM5652219_Oligodendrocytes-Z000000TK,VALID,AUC,0.9113069255672249
Melody-ST,GSM5652219_Oligodendrocytes-Z000000TK,VALID,Accuracy,0.9134476350936519
Melody-ST,GSM5652219_Oligodendrocytes-Z000000TK,VALID,MAE,0.1300793609793076
Melody-ST,GSM5652219_Oligodendrocytes-Z000000TK,TEST,Pearson,0.7883900607152985
Melody-ST,GSM5652219_Oligodendrocytes-Z000000TK,TEST,Spearman,0.5606273541728239
Melody-ST,GSM5652219_Oligodendrocytes-Z000000TK,TEST,AUC,0.9116593550228427
Melody-ST,GSM5652219_Oligodendrocytes-Z000000TK,TEST,Accuracy,0.9151322997782346
Melody-ST,GSM5652219_Oligodendrocytes-Z000000TK,TEST,MAE,0.1302408060117954
Melody-ST,GSM5652223_Cortex-Neuron-Z000000TF,SAMPLE_VALID,Pearson,0.8307992047291192
Melody-ST,GSM5652223_Cortex-Neuron-Z000000TF,SAMPLE_VALID,Spearman,0.6913943152271069
Melody-ST,GSM5652223_Cortex-Neuron-Z000000TF,SAMPLE_VALID,AUC,0.9282447338712869
Melody-ST,GSM5652223_Cortex-Neuron-Z000000TF,SAMPLE_VALID,Accuracy,0.9087928298705806
Melody-ST,GSM5652223_Cortex-Neuron-Z000000TF,SAMPLE_VALID,MAE,0.1184979970164811
Melody-ST,GSM5652223_Cortex-Neuron-Z000000TF,SAMPLE_TEST,Pearson,0.8529129628902593
Melody-ST,GSM5652223_Cortex-Neuron-Z000000TF,SAMPLE_TEST,Spearman,0.7091752477445158
Melody-ST,GSM5652223_Cortex-Neuron-Z000000TF,SAMPLE_TEST,AUC,0.9380387358855917
Melody-ST,GSM5652223_Cortex-Neuron-Z000000TF,SAMPLE_TEST,Accuracy,0.9110703282145396
Melody-ST,GSM5652223_Cortex-Neuron-Z000000TF,SAMPLE_TEST,MAE,0.1170876951882244
Melody-ST,GSM5652223_Cortex-Neuron-Z000000TF,VALID,Pearson,0.8138264210320095
Melody-ST,GSM5652223_Cortex-Neuron-Z000000TF,VALID,Spearman,0.5848511742713718
Melody-ST,GSM5652223_Cortex-Neuron-Z000000TF,VALID,AUC,0.9146432174651499
Melody-ST,GSM5652223_Cortex-Neuron-Z000000TF,VALID,Accuracy,0.9359013188689116
Melody-ST,GSM5652223_Cortex-Neuron-Z000000TF,VALID,MAE,0.1130412012585209
Melody-ST,GSM5652223_Cortex-Neuron-Z000000TF,TEST,Pearson,0.8118023676855525
Melody-ST,GSM5652223_Cortex-Neuron-Z000000TF,TEST,Spearman,0.5778008019417371
Melody-ST,GSM5652223_Cortex-Neuron-Z000000TF,TEST,AUC,0.9133516704987634
Melody-ST,GSM5652223_Cortex-Neuron-Z000000TF,TEST,Accuracy,0.9372167620894799
Melody-ST,GSM5652223_Cortex-Neuron-Z000000TF,TEST,MAE,0.1134775331612297
Melody-ST,GSM5652233_Liver-Hepatocytes-Z000000R3,SAMPLE_VALID,Pearson,0.7958816359788412
Melody-ST,GSM5652233_Liver-Hepatocytes-Z000000R3,SAMPLE_VALID,Spearman,0.641893523122999
Melody-ST,GSM5652233_Liver-Hepatocytes-Z000000R3,SAMPLE_VALID,AUC,0.9179757192050539
Melody-ST,GSM5652233_Liver-Hepatocytes-Z000000R3,SAMPLE_VALID,Accuracy,0.8963936354631006
Melody-ST,GSM5652233_Liver-Hepatocytes-Z000000R3,SAMPLE_VALID,MAE,0.1374747719844031
Melody-ST,GSM5652233_Liver-Hepatocytes-Z000000R3,SAMPLE_TEST,Pearson,0.8031570940184373
Melody-ST,GSM5652233_Liver-Hepatocytes-Z000000R3,SAMPLE_TEST,Spearman,0.6761155334809266
Melody-ST,GSM5652233_Liver-Hepatocytes-Z000000R3,SAMPLE_TEST,AUC,0.921286982045332
Melody-ST,GSM5652233_Liver-Hepatocytes-Z000000R3,SAMPLE_TEST,Accuracy,0.8885978578087941
Melody-ST,GSM5652233_Liver-Hepatocytes-Z000000R3,SAMPLE_TEST,MAE,0.1393470971919568
Melody-ST,GSM5652233_Liver-Hepatocytes-Z000000R3,VALID,Pearson,0.7801817273508562
Melody-ST,GSM5652233_Liver-Hepatocytes-Z000000R3,VALID,Spearman,0.6333228481856373
Melody-ST,GSM5652233_Liver-Hepatocytes-Z000000R3,VALID,AUC,0.9027571018997081
Melody-ST,GSM5652233_Liver-Hepatocytes-Z000000R3,VALID,Accuracy,0.9024198755848409
Melody-ST,GSM5652233_Liver-Hepatocytes-Z000000R3,VALID,MAE,0.1257879817260959
Melody-ST,GSM5652233_Liver-Hepatocytes-Z000000R3,TEST,Pearson,0.7741150402175396
Melody-ST,GSM5652233_Liver-Hepatocytes-Z000000R3,TEST,Spearman,0.6389977313593533
Melody-ST,GSM5652233_Liver-Hepatocytes-Z000000R3,TEST,AUC,0.8982045125539105
Melody-ST,GSM5652233_Liver-Hepatocytes-Z000000R3,TEST,Accuracy,0.8959583952931006
Melody-ST,GSM5652233_Liver-Hepatocytes-Z000000R3,TEST,MAE,0.1275879148813228
Melody-ST,GSM5652239_Pancreas-Duct-Z0000043T,SAMPLE_VALID,Pearson,0.7710802411942274
Melody-ST,GSM5652239_Pancreas-Duct-Z0000043T,SAMPLE_VALID,Spearman,0.6581925990411722
Melody-ST,GSM5652239_Pancreas-Duct-Z0000043T,SAMPLE_VALID,AUC,0.9127505443869481
Melody-ST,GSM5652239_Pancreas-Duct-Z0000043T,SAMPLE_VALID,Accuracy,0.8710869268981579
Melody-ST,GSM5652239_Pancreas-Duct-Z0000043T,SAMPLE_VALID,MAE,0.1593373615908177
Melody-ST,GSM5652239_Pancreas-Duct-Z0000043T,SAMPLE_TEST,Pearson,0.7841317141640625
Melody-ST,GSM5652239_Pancreas-Duct-Z0000043T,SAMPLE_TEST,Spearman,0.6818176765781739
Melody-ST,GSM5652239_Pancreas-Duct-Z0000043T,SAMPLE_TEST,AUC,0.9161424877541057
Melody-ST,GSM5652239_Pancreas-Duct-Z0000043T,SAMPLE_TEST,Accuracy,0.8672328306275068
Melody-ST,GSM5652239_Pancreas-Duct-Z0000043T,SAMPLE_TEST,MAE,0.1583706201348412
Melody-ST,GSM5652239_Pancreas-Duct-Z0000043T,VALID,Pearson,0.7722011717887093
Melody-ST,GSM5652239_Pancreas-Duct-Z0000043T,VALID,Spearman,0.5824030914462722
Melody-ST,GSM5652239_Pancreas-Duct-Z0000043T,VALID,AUC,0.9068579198952256
Melody-ST,GSM5652239_Pancreas-Duct-Z0000043T,VALID,Accuracy,0.905384658681056
Melody-ST,GSM5652239_Pancreas-Duct-Z0000043T,VALID,MAE,0.1349270401948226
Melody-ST,GSM5652239_Pancreas-Duct-Z0000043T,TEST,Pearson,0.7701875642887983
Melody-ST,GSM5652239_Pancreas-Duct-Z0000043T,TEST,Spearman,0.5880045393100948
Melody-ST,GSM5652239_Pancreas-Duct-Z0000043T,TEST,AUC,0.9044942219720707
Melody-ST,GSM5652239_Pancreas-Duct-Z0000043T,TEST,Accuracy,0.9042906298104562
Melody-ST,GSM5652239_Pancreas-Duct-Z0000043T,TEST,MAE,0.1330872030919133
Melody-ST,GSM5652243_Pancreas-Acinar-Z000000QX,SAMPLE_VALID,Pearson,0.7268593820177935
Melody-ST,GSM5652243_Pancreas-Acinar-Z000000QX,SAMPLE_VALID,Spearman,0.6758612261306649
Melody-ST,GSM5652243_Pancreas-Acinar-Z000000QX,SAMPLE_VALID,AUC,0.8861347291068652
Melody-ST,GSM5652243_Pancreas-Acinar-Z000000QX,SAMPLE_VALID,Accuracy,0.8210257870433415
Melody-ST,GSM5652243_Pancreas-Acinar-Z000000QX,SAMPLE_VALID,MAE,0.1938041771325633
Melody-ST,GSM5652243_Pancreas-Acinar-Z000000QX,SAMPLE_TEST,Pearson,0.7464715693689372
Melody-ST,GSM5652243_Pancreas-Acinar-Z000000QX,SAMPLE_TEST,Spearman,0.694453473778016
Melody-ST,GSM5652243_Pancreas-Acinar-Z000000QX,SAMPLE_TEST,AUC,0.8905300895290871
Melody-ST,GSM5652243_Pancreas-Acinar-Z000000QX,SAMPLE_TEST,Accuracy,0.8237251832435318
Melody-ST,GSM5652243_Pancreas-Acinar-Z000000QX,SAMPLE_TEST,MAE,0.1906013708454359
Melody-ST,GSM5652243_Pancreas-Acinar-Z000000QX,VALID,Pearson,0.7444663079501606
Melody-ST,GSM5652243_Pancreas-Acinar-Z000000QX,VALID,Spearman,0.6913562007967968
Melody-ST,GSM5652243_Pancreas-Acinar-Z000000QX,VALID,AUC,0.8843779978246907
Melody-ST,GSM5652243_Pancreas-Acinar-Z000000QX,VALID,Accuracy,0.8266782061554762
Melody-ST,GSM5652243_Pancreas-Acinar-Z000000QX,VALID,MAE,0.1677429137804369
Melody-ST,GSM5652243_Pancreas-Acinar-Z000000QX,TEST,Pearson,0.745878327260938
Melody-ST,GSM5652243_Pancreas-Acinar-Z000000QX,TEST,Spearman,0.6947313531843263
Melody-ST,GSM5652243_Pancreas-Acinar-Z000000QX,TEST,AUC,0.8832061909280208
Melody-ST,GSM5652243_Pancreas-Acinar-Z000000QX,TEST,Accuracy,0.8255121654306354
Melody-ST,GSM5652243_Pancreas-Acinar-Z000000QX,TEST,MAE,0.1664193480839303
Melody-ST,GSM5652247_Pancreas-Delta-Z00000451,SAMPLE_VALID,Pearson,0.7811429762906057
Melody-ST,GSM5652247_Pancreas-Delta-Z00000451,SAMPLE_VALID,Spearman,0.6546438811720373
Melody-ST,GSM5652247_Pancreas-Delta-Z00000451,SAMPLE_VALID,AUC,0.9121941280376612
Melody-ST,GSM5652247_Pancreas-Delta-Z00000451,SAMPLE_VALID,Accuracy,0.8822006552665969
Melody-ST,GSM5652247_Pancreas-Delta-Z00000451,SAMPLE_VALID,MAE,0.1564117222330293
Melody-ST,GSM5652247_Pancreas-Delta-Z00000451,SAMPLE_TEST,Pearson,0.7992049487823571
Melody-ST,GSM5652247_Pancreas-Delta-Z00000451,SAMPLE_TEST,Spearman,0.6822414965669975
Melody-ST,GSM5652247_Pancreas-Delta-Z00000451,SAMPLE_TEST,AUC,0.9192553660509896
Melody-ST,GSM5652247_Pancreas-Delta-Z00000451,SAMPLE_TEST,Accuracy,0.8827493589042428
Melody-ST,GSM5652247_Pancreas-Delta-Z00000451,SAMPLE_TEST,MAE,0.155002896752745
Melody-ST,GSM5652247_Pancreas-Delta-Z00000451,VALID,Pearson,0.7704099958817885
Melody-ST,GSM5652247_Pancreas-Delta-Z00000451,VALID,Spearman,0.6057260222188882
Melody-ST,GSM5652247_Pancreas-Delta-Z00000451,VALID,AUC,0.9021360433307833
Melody-ST,GSM5652247_Pancreas-Delta-Z00000451,VALID,Accuracy,0.9015433824216335
Melody-ST,GSM5652247_Pancreas-Delta-Z00000451,VALID,MAE,0.1429012423786251
Melody-ST,GSM5652247_Pancreas-Delta-Z00000451,TEST,Pearson,0.7668328884240013
Melody-ST,GSM5652247_Pancreas-Delta-Z00000451,TEST,Spearman,0.6013467128062006
Melody-ST,GSM5652247_Pancreas-Delta-Z00000451,TEST,AUC,0.898632305332186
Melody-ST,GSM5652247_Pancreas-Delta-Z00000451,TEST,Accuracy,0.9009729240668056
Melody-ST,GSM5652247_Pancreas-Delta-Z00000451,TEST,MAE,0.1427667449621731
Melody-ST,GSM5652250_Pancreas-Beta-Z00000452,SAMPLE_VALID,Pearson,0.7436870499563077
Melody-ST,GSM5652250_Pancreas-Beta-Z00000452,SAMPLE_VALID,Spearman,0.6257639255200228
Melody-ST,GSM5652250_Pancreas-Beta-Z00000452,SAMPLE_VALID,AUC,0.8923168055164326
Melody-ST,GSM5652250_Pancreas-Beta-Z00000452,SAMPLE_VALID,Accuracy,0.869274608189308
Melody-ST,GSM5652250_Pancreas-Beta-Z00000452,SAMPLE_VALID,MAE,0.1647465146510117
Melody-ST,GSM5652250_Pancreas-Beta-Z00000452,SAMPLE_TEST,Pearson,0.7824497676961529
Melody-ST,GSM5652250_Pancreas-Beta-Z00000452,SAMPLE_TEST,Spearman,0.6596085039021857
Melody-ST,GSM5652250_Pancreas-Beta-Z00000452,SAMPLE_TEST,AUC,0.9119240653366556
Melody-ST,GSM5652250_Pancreas-Beta-Z00000452,SAMPLE_TEST,Accuracy,0.8788157762808886
Melody-ST,GSM5652250_Pancreas-Beta-Z00000452,SAMPLE_TEST,MAE,0.1571095353566924
Melody-ST,GSM5652250_Pancreas-Beta-Z00000452,VALID,Pearson,0.7683436874091039
Melody-ST,GSM5652250_Pancreas-Beta-Z00000452,VALID,Spearman,0.591183756819291
Melody-ST,GSM5652250_Pancreas-Beta-Z00000452,VALID,AUC,0.9020928968228898
Melody-ST,GSM5652250_Pancreas-Beta-Z00000452,VALID,Accuracy,0.906167452795228
Melody-ST,GSM5652250_Pancreas-Beta-Z00000452,VALID,MAE,0.1426175823582027
Melody-ST,GSM5652250_Pancreas-Beta-Z00000452,TEST,Pearson,0.7658132136393421
Melody-ST,GSM5652250_Pancreas-Beta-Z00000452,TEST,Spearman,0.5886502550061062
Melody-ST,GSM5652250_Pancreas-Beta-Z00000452,TEST,AUC,0.8996269549482983
Melody-ST,GSM5652250_Pancreas-Beta-Z00000452,TEST,Accuracy,0.9059961813981151
Melody-ST,GSM5652250_Pancreas-Beta-Z00000452,TEST,MAE,0.1419862655006765
Melody-ST,GSM5652253_Pancreas-Alpha-Z00000453,SAMPLE_VALID,Pearson,0.7723535656541295
Melody-ST,GSM5652253_Pancreas-Alpha-Z00000453,SAMPLE_VALID,Spearman,0.6526002944943164
Melody-ST,GSM5652253_Pancreas-Alpha-Z00000453,SAMPLE_VALID,AUC,0.9093184510652117
Melody-ST,GSM5652253_Pancreas-Alpha-Z00000453,SAMPLE_VALID,Accuracy,0.8788029786259447
Melody-ST,GSM5652253_Pancreas-Alpha-Z00000453,SAMPLE_VALID,MAE,0.1526065427012002
Melody-ST,GSM5652253_Pancreas-Alpha-Z00000453,SAMPLE_TEST,Pearson,0.80413222574072
Melody-ST,GSM5652253_Pancreas-Alpha-Z00000453,SAMPLE_TEST,Spearman,0.6786752479590193
Melody-ST,GSM5652253_Pancreas-Alpha-Z00000453,SAMPLE_TEST,AUC,0.9232450841620253
Melody-ST,GSM5652253_Pancreas-Alpha-Z00000453,SAMPLE_TEST,Accuracy,0.8851583562043086
Melody-ST,GSM5652253_Pancreas-Alpha-Z00000453,SAMPLE_TEST,MAE,0.1494402152805587
Melody-ST,GSM5652253_Pancreas-Alpha-Z00000453,VALID,Pearson,0.7729333734631691
Melody-ST,GSM5652253_Pancreas-Alpha-Z00000453,VALID,Spearman,0.6145224441910445
Melody-ST,GSM5652253_Pancreas-Alpha-Z00000453,VALID,AUC,0.902096497139729
Melody-ST,GSM5652253_Pancreas-Alpha-Z00000453,VALID,Accuracy,0.9043258534245785
Melody-ST,GSM5652253_Pancreas-Alpha-Z00000453,VALID,MAE,0.132164140954913
Melody-ST,GSM5652253_Pancreas-Alpha-Z00000453,TEST,Pearson,0.768628264573369
Melody-ST,GSM5652253_Pancreas-Alpha-Z00000453,TEST,Spearman,0.6031740082231661
Melody-ST,GSM5652253_Pancreas-Alpha-Z00000453,TEST,AUC,0.9005886745976146
Melody-ST,GSM5652253_Pancreas-Alpha-Z00000453,TEST,Accuracy,0.9044770609849961
Melody-ST,GSM5652253_Pancreas-Alpha-Z00000453,TEST,MAE,0.1347707491254755
Melody-ST,GSM5652264_Thyroid-Epithelial-Z0000042S,SAMPLE_VALID,Pearson,0.7759567995833173
Melody-ST,GSM5652264_Thyroid-Epithelial-Z0000042S,SAMPLE_VALID,Spearman,0.6618217262561584
Melody-ST,GSM5652264_Thyroid-Epithelial-Z0000042S,SAMPLE_VALID,AUC,0.9159673837791678
Melody-ST,GSM5652264_Thyroid-Epithelial-Z0000042S,SAMPLE_VALID,Accuracy,0.8687225215183603
Melody-ST,GSM5652264_Thyroid-Epithelial-Z0000042S,SAMPLE_VALID,MAE,0.1627065849298594
Melody-ST,GSM5652264_Thyroid-Epithelial-Z0000042S,SAMPLE_TEST,Pearson,0.7945241149542314
Melody-ST,GSM5652264_Thyroid-Epithelial-Z0000042S,SAMPLE_TEST,Spearman,0.6832277534305794
Melody-ST,GSM5652264_Thyroid-Epithelial-Z0000042S,SAMPLE_TEST,AUC,0.9226841649732342
Melody-ST,GSM5652264_Thyroid-Epithelial-Z0000042S,SAMPLE_TEST,Accuracy,0.8703940864221942
Melody-ST,GSM5652264_Thyroid-Epithelial-Z0000042S,SAMPLE_TEST,MAE,0.1592778002788795
Melody-ST,GSM5652264_Thyroid-Epithelial-Z0000042S,VALID,Pearson,0.7804750687894474
Melody-ST,GSM5652264_Thyroid-Epithelial-Z0000042S,VALID,Spearman,0.5837671874356999
Melody-ST,GSM5652264_Thyroid-Epithelial-Z0000042S,VALID,AUC,0.9113075688210829
Melody-ST,GSM5652264_Thyroid-Epithelial-Z0000042S,VALID,Accuracy,0.9054306977405607
Melody-ST,GSM5652264_Thyroid-Epithelial-Z0000042S,VALID,MAE,0.1398948501268944
Melody-ST,GSM5652264_Thyroid-Epithelial-Z0000042S,TEST,Pearson,0.7779386158801326
Melody-ST,GSM5652264_Thyroid-Epithelial-Z0000042S,TEST,Spearman,0.5735542491560549
Melody-ST,GSM5652264_Thyroid-Epithelial-Z0000042S,TEST,AUC,0.9092515122784985
Melody-ST,GSM5652264_Thyroid-Epithelial-Z0000042S,TEST,Accuracy,0.9077516307242686
Melody-ST,GSM5652264_Thyroid-Epithelial-Z0000042S,TEST,MAE,0.1394816463733387
Melody-ST,GSM5652267_Fallopian-Epithelial-Z000000Q7,SAMPLE_VALID,Pearson,0.8037429878848169
Melody-ST,GSM5652267_Fallopian-Epithelial-Z000000Q7,SAMPLE_VALID,Spearman,0.7118008749082811
Melody-ST,GSM5652267_Fallopian-Epithelial-Z000000Q7,SAMPLE_VALID,AUC,0.9223540743329841
Melody-ST,GSM5652267_Fallopian-Epithelial-Z000000Q7,SAMPLE_VALID,Accuracy,0.8752213375599004
Melody-ST,GSM5652267_Fallopian-Epithelial-Z000000Q7,SAMPLE_VALID,MAE,0.1499396283305712
Melody-ST,GSM5652267_Fallopian-Epithelial-Z000000Q7,SAMPLE_TEST,Pearson,0.8123639124458883
Melody-ST,GSM5652267_Fallopian-Epithelial-Z000000Q7,SAMPLE_TEST,Spearman,0.7410352492065785
Melody-ST,GSM5652267_Fallopian-Epithelial-Z000000Q7,SAMPLE_TEST,AUC,0.9260763771928664
Melody-ST,GSM5652267_Fallopian-Epithelial-Z000000Q7,SAMPLE_TEST,Accuracy,0.8702656576454011
Melody-ST,GSM5652267_Fallopian-Epithelial-Z000000Q7,SAMPLE_TEST,MAE,0.1502137172534978
Melody-ST,GSM5652267_Fallopian-Epithelial-Z000000Q7,VALID,Pearson,0.7870962312912758
Melody-ST,GSM5652267_Fallopian-Epithelial-Z000000Q7,VALID,Spearman,0.6249753611478576
Melody-ST,GSM5652267_Fallopian-Epithelial-Z000000Q7,VALID,AUC,0.9110004560741899
Melody-ST,GSM5652267_Fallopian-Epithelial-Z000000Q7,VALID,Accuracy,0.9010602014138486
Melody-ST,GSM5652267_Fallopian-Epithelial-Z000000Q7,VALID,MAE,0.1321259427925524
Melody-ST,GSM5652267_Fallopian-Epithelial-Z000000Q7,TEST,Pearson,0.7860779879064118
Melody-ST,GSM5652267_Fallopian-Epithelial-Z000000Q7,TEST,Spearman,0.6218045347891056
Melody-ST,GSM5652267_Fallopian-Epithelial-Z000000Q7,TEST,AUC,0.9084024404828708
Melody-ST,GSM5652267_Fallopian-Epithelial-Z000000Q7,TEST,Accuracy,0.9016561435852639
Melody-ST,GSM5652267_Fallopian-Epithelial-Z000000Q7,TEST,MAE,0.1318578796200871
Melody-ST,GSM5652270_Ovary-Epithelial-Z000000QT,SAMPLE_VALID,Pearson,0.7725209403497891
Melody-ST,GSM5652270_Ovary-Epithelial-Z000000QT,SAMPLE_VALID,Spearman,0.6790561270408438
Melody-ST,GSM5652270_Ovary-Epithelial-Z000000QT,SAMPLE_VALID,AUC,0.9108896527757753
Melody-ST,GSM5652270_Ovary-Epithelial-Z000000QT,SAMPLE_VALID,Accuracy,0.8528017669247568
Melody-ST,GSM5652270_Ovary-Epithelial-Z000000QT,SAMPLE_VALID,MAE,0.1774197209978941
Melody-ST,GSM5652270_Ovary-Epithelial-Z000000QT,SAMPLE_TEST,Pearson,0.7727996029938022
Melody-ST,GSM5652270_Ovary-Epithelial-Z000000QT,SAMPLE_TEST,Spearman,0.7026152016293817
Melody-ST,GSM5652270_Ovary-Epithelial-Z000000QT,SAMPLE_TEST,AUC,0.9110470102051059
Melody-ST,GSM5652270_Ovary-Epithelial-Z000000QT,SAMPLE_TEST,Accuracy,0.844033880909763
Melody-ST,GSM5652270_Ovary-Epithelial-Z000000QT,SAMPLE_TEST,MAE,0.1787608868132756
Melody-ST,GSM5652270_Ovary-Epithelial-Z000000QT,VALID,Pearson,0.7107580858086234
Melody-ST,GSM5652270_Ovary-Epithelial-Z000000QT,VALID,Spearman,0.596869915669893
Melody-ST,GSM5652270_Ovary-Epithelial-Z000000QT,VALID,AUC,0.8753867366171973
Melody-ST,GSM5652270_Ovary-Epithelial-Z000000QT,VALID,Accuracy,0.8398801474194172
Melody-ST,GSM5652270_Ovary-Epithelial-Z000000QT,VALID,MAE,0.1782102471862737
Melody-ST,GSM5652270_Ovary-Epithelial-Z000000QT,TEST,Pearson,0.7029537948331261
Melody-ST,GSM5652270_Ovary-Epithelial-Z000000QT,TEST,Spearman,0.5906041300916512
Melody-ST,GSM5652270_Ovary-Epithelial-Z000000QT,TEST,AUC,0.8706117433561942
Melody-ST,GSM5652270_Ovary-Epithelial-Z000000QT,TEST,Accuracy,0.8334540475727527
Melody-ST,GSM5652270_Ovary-Epithelial-Z000000QT,TEST,MAE,0.1819894340882675
Melody-ST,GSM5652274_Bone_marrow-Erythrocyte_progenitors-Z000000RF,SAMPLE_VALID,Pearson,0.743355202134087
Melody-ST,GSM5652274_Bone_marrow-Erythrocyte_progenitors-Z000000RF,SAMPLE_VALID,Spearman,0.6861159252249164
Melody-ST,GSM5652274_Bone_marrow-Erythrocyte_progenitors-Z000000RF,SAMPLE_VALID,AUC,0.8786796602557969
Melody-ST,GSM5652274_Bone_marrow-Erythrocyte_progenitors-Z000000RF,SAMPLE_VALID,Accuracy,0.8153283587630397
Melody-ST,GSM5652274_Bone_marrow-Erythrocyte_progenitors-Z000000RF,SAMPLE_VALID,MAE,0.1347002792365807
Melody-ST,GSM5652274_Bone_marrow-Erythrocyte_progenitors-Z000000RF,SAMPLE_TEST,Pearson,0.7755929292426242
Melody-ST,GSM5652274_Bone_marrow-Erythrocyte_progenitors-Z000000RF,SAMPLE_TEST,Spearman,0.7229403283267894
Melody-ST,GSM5652274_Bone_marrow-Erythrocyte_progenitors-Z000000RF,SAMPLE_TEST,AUC,0.8892365557969641
Melody-ST,GSM5652274_Bone_marrow-Erythrocyte_progenitors-Z000000RF,SAMPLE_TEST,Accuracy,0.8256522148143878
Melody-ST,GSM5652274_Bone_marrow-Erythrocyte_progenitors-Z000000RF,SAMPLE_TEST,MAE,0.1315814578261598
Melody-ST,GSM5652274_Bone_marrow-Erythrocyte_progenitors-Z000000RF,VALID,Pearson,0.7825587083204486
Melody-ST,GSM5652274_Bone_marrow-Erythrocyte_progenitors-Z000000RF,VALID,Spearman,0.7387225258294949
Melody-ST,GSM5652274_Bone_marrow-Erythrocyte_progenitors-Z000000RF,VALID,AUC,0.8797949314676522
Melody-ST,GSM5652274_Bone_marrow-Erythrocyte_progenitors-Z000000RF,VALID,Accuracy,0.8137193984418002
Melody-ST,GSM5652274_Bone_marrow-Erythrocyte_progenitors-Z000000RF,VALID,MAE,0.1087982242944693
Melody-ST,GSM5652274_Bone_marrow-Erythrocyte_progenitors-Z000000RF,TEST,Pearson,0.774847844849977
Melody-ST,GSM5652274_Bone_marrow-Erythrocyte_progenitors-Z000000RF,TEST,Spearman,0.7347722003776958
Melody-ST,GSM5652274_Bone_marrow-Erythrocyte_progenitors-Z000000RF,TEST,AUC,0.8766829860839966
Melody-ST,GSM5652274_Bone_marrow-Erythrocyte_progenitors-Z000000RF,TEST,Accuracy,0.8102786124316983
Melody-ST,GSM5652274_Bone_marrow-Erythrocyte_progenitors-Z000000RF,TEST,MAE,0.1111462757127569
Melody-ST,GSM5652277_Blood-T-CD3-Z000000TV,SAMPLE_VALID,Pearson,0.7508935116770185
Melody-ST,GSM5652277_Blood-T-CD3-Z000000TV,SAMPLE_VALID,Spearman,0.65080481470344
Melody-ST,GSM5652277_Blood-T-CD3-Z000000TV,SAMPLE_VALID,AUC,0.8960502996843357
Melody-ST,GSM5652277_Blood-T-CD3-Z000000TV,SAMPLE_VALID,Accuracy,0.8731931384141095
Melody-ST,GSM5652277_Blood-T-CD3-Z000000TV,SAMPLE_VALID,MAE,0.150666146034133
Melody-ST,GSM5652277_Blood-T-CD3-Z000000TV,SAMPLE_TEST,Pearson,0.7797604160645846
Melody-ST,GSM5652277_Blood-T-CD3-Z000000TV,SAMPLE_TEST,Spearman,0.6744357585383396
Melody-ST,GSM5652277_Blood-T-CD3-Z000000TV,SAMPLE_TEST,AUC,0.903625223608474
Melody-ST,GSM5652277_Blood-T-CD3-Z000000TV,SAMPLE_TEST,Accuracy,0.8810560696788242
Melody-ST,GSM5652277_Blood-T-CD3-Z000000TV,SAMPLE_TEST,MAE,0.1461504502022138
Melody-ST,GSM5652277_Blood-T-CD3-Z000000TV,VALID,Pearson,0.7916456795442384
Melody-ST,GSM5652277_Blood-T-CD3-Z000000TV,VALID,Spearman,0.6934543689880626
Melody-ST,GSM5652277_Blood-T-CD3-Z000000TV,VALID,AUC,0.9070532695798904
Melody-ST,GSM5652277_Blood-T-CD3-Z000000TV,VALID,Accuracy,0.9017136008611996
Melody-ST,GSM5652277_Blood-T-CD3-Z000000TV,VALID,MAE,0.1244823294020097
Melody-ST,GSM5652277_Blood-T-CD3-Z000000TV,TEST,Pearson,0.7898883924465834
Melody-ST,GSM5652277_Blood-T-CD3-Z000000TV,TEST,Spearman,0.6939999868044824
Melody-ST,GSM5652277_Blood-T-CD3-Z000000TV,TEST,AUC,0.9058993594454854
Melody-ST,GSM5652277_Blood-T-CD3-Z000000TV,TEST,Accuracy,0.9009466440991268
Melody-ST,GSM5652277_Blood-T-CD3-Z000000TV,TEST,MAE,0.1245703236667563
Melody-ST,GSM5652299_Blood-NK-Z000000TM,SAMPLE_VALID,Pearson,0.7485534696149241
Melody-ST,GSM5652299_Blood-NK-Z000000TM,SAMPLE_VALID,Spearman,0.6138197912243633
Melody-ST,GSM5652299_Blood-NK-Z000000TM,SAMPLE_VALID,AUC,0.8971896208858968
Melody-ST,GSM5652299_Blood-NK-Z000000TM,SAMPLE_VALID,Accuracy,0.8821972019396912
Melody-ST,GSM5652299_Blood-NK-Z000000TM,SAMPLE_VALID,MAE,0.1454523355378584
Melody-ST,GSM5652299_Blood-NK-Z000000TM,SAMPLE_TEST,Pearson,0.7847761550255922
Melody-ST,GSM5652299_Blood-NK-Z000000TM,SAMPLE_TEST,Spearman,0.6399188408493499
Melody-ST,GSM5652299_Blood-NK-Z000000TM,SAMPLE_TEST,AUC,0.9147106580922654
Melody-ST,GSM5652299_Blood-NK-Z000000TM,SAMPLE_TEST,Accuracy,0.8887496886977544
Melody-ST,GSM5652299_Blood-NK-Z000000TM,SAMPLE_TEST,MAE,0.1412282905654229
Melody-ST,GSM5652299_Blood-NK-Z000000TM,VALID,Pearson,0.7892266781134452
Melody-ST,GSM5652299_Blood-NK-Z000000TM,VALID,Spearman,0.6036104723578235
Melody-ST,GSM5652299_Blood-NK-Z000000TM,VALID,AUC,0.9049763380314053
Melody-ST,GSM5652299_Blood-NK-Z000000TM,VALID,Accuracy,0.9254719471605526
Melody-ST,GSM5652299_Blood-NK-Z000000TM,VALID,MAE,0.1163034284083418
Melody-ST,GSM5652299_Blood-NK-Z000000TM,TEST,Pearson,0.7873124000884258
Melody-ST,GSM5652299_Blood-NK-Z000000TM,TEST,Spearman,0.5954878077790888
Melody-ST,GSM5652299_Blood-NK-Z000000TM,TEST,AUC,0.9040176898541141
Melody-ST,GSM5652299_Blood-NK-Z000000TM,TEST,Accuracy,0.9269776602524592
Melody-ST,GSM5652299_Blood-NK-Z000000TM,TEST,MAE,0.1165316002841864
Melody-ST,GSM5652302_Blood-Monocytes-Z000000TP,SAMPLE_VALID,Pearson,0.7774744668077518
Melody-ST,GSM5652302_Blood-Monocytes-Z000000TP,SAMPLE_VALID,Spearman,0.6260841779392542
Melody-ST,GSM5652302_Blood-Monocytes-Z000000TP,SAMPLE_VALID,AUC,0.9210045137685526
Melody-ST,GSM5652302_Blood-Monocytes-Z000000TP,SAMPLE_VALID,Accuracy,0.8862770130827916
Melody-ST,GSM5652302_Blood-Monocytes-Z000000TP,SAMPLE_VALID,MAE,0.1537558118321368
Melody-ST,GSM5652302_Blood-Monocytes-Z000000TP,SAMPLE_TEST,Pearson,0.7997055017310084
Melody-ST,GSM5652302_Blood-Monocytes-Z000000TP,SAMPLE_TEST,Spearman,0.6459498361428017
Melody-ST,GSM5652302_Blood-Monocytes-Z000000TP,SAMPLE_TEST,AUC,0.926721075955638
Melody-ST,GSM5652302_Blood-Monocytes-Z000000TP,SAMPLE_TEST,Accuracy,0.8901051387996578
Melody-ST,GSM5652302_Blood-Monocytes-Z000000TP,SAMPLE_TEST,MAE,0.1510593768129778
Melody-ST,GSM5652302_Blood-Monocytes-Z000000TP,VALID,Pearson,0.7865575524973973
Melody-ST,GSM5652302_Blood-Monocytes-Z000000TP,VALID,Spearman,0.5636184332437535
Melody-ST,GSM5652302_Blood-Monocytes-Z000000TP,VALID,AUC,0.9107211644782064
Melody-ST,GSM5652302_Blood-Monocytes-Z000000TP,VALID,Accuracy,0.9232402820383343
Melody-ST,GSM5652302_Blood-Monocytes-Z000000TP,VALID,MAE,0.1305528914056116
Melody-ST,GSM5652302_Blood-Monocytes-Z000000TP,TEST,Pearson,0.7863917185896744
Melody-ST,GSM5652302_Blood-Monocytes-Z000000TP,TEST,Spearman,0.560417031678201
Melody-ST,GSM5652302_Blood-Monocytes-Z000000TP,TEST,AUC,0.9088471583441295
Melody-ST,GSM5652302_Blood-Monocytes-Z000000TP,TEST,Accuracy,0.9246144768965173
Melody-ST,GSM5652302_Blood-Monocytes-Z000000TP,TEST,MAE,0.1306163119679562
Melody-ST,GSM5652313_Blood-Granulocytes-Z000000TZ,SAMPLE_VALID,Pearson,0.7781872248436712
Melody-ST,GSM5652313_Blood-Granulocytes-Z000000TZ,SAMPLE_VALID,Spearman,0.6540099707025223
Melody-ST,GSM5652313_Blood-Granulocytes-Z000000TZ,SAMPLE_VALID,AUC,0.9224103921435087
Melody-ST,GSM5652313_Blood-Granulocytes-Z000000TZ,SAMPLE_VALID,Accuracy,0.8773753134577876
Melody-ST,GSM5652313_Blood-Granulocytes-Z000000TZ,SAMPLE_VALID,MAE,0.1577485118438377
Melody-ST,GSM5652313_Blood-Granulocytes-Z000000TZ,SAMPLE_TEST,Pearson,0.7933655400775772
Melody-ST,GSM5652313_Blood-Granulocytes-Z000000TZ,SAMPLE_TEST,Spearman,0.6736010538794432
Melody-ST,GSM5652313_Blood-Granulocytes-Z000000TZ,SAMPLE_TEST,AUC,0.9270516801543746
Melody-ST,GSM5652313_Blood-Granulocytes-Z000000TZ,SAMPLE_TEST,Accuracy,0.8781537665657381
Melody-ST,GSM5652313_Blood-Granulocytes-Z000000TZ,SAMPLE_TEST,MAE,0.1577226748097275
Melody-ST,GSM5652313_Blood-Granulocytes-Z000000TZ,VALID,Pearson,0.7833778629671543
Melody-ST,GSM5652313_Blood-Granulocytes-Z000000TZ,VALID,Spearman,0.5933932862877581
Melody-ST,GSM5652313_Blood-Granulocytes-Z000000TZ,VALID,AUC,0.9134339620334518
Melody-ST,GSM5652313_Blood-Granulocytes-Z000000TZ,VALID,Accuracy,0.9133460413813524
Melody-ST,GSM5652313_Blood-Granulocytes-Z000000TZ,VALID,MAE,0.1313562392485233
Melody-ST,GSM5652313_Blood-Granulocytes-Z000000TZ,TEST,Pearson,0.7843963465625438
Melody-ST,GSM5652313_Blood-Granulocytes-Z000000TZ,TEST,Spearman,0.5936312881090386
Melody-ST,GSM5652313_Blood-Granulocytes-Z000000TZ,TEST,AUC,0.9130756509291215
Melody-ST,GSM5652313_Blood-Granulocytes-Z000000TZ,TEST,Accuracy,0.9172529988007623
Melody-ST,GSM5652313_Blood-Granulocytes-Z000000TZ,TEST,MAE,0.1297384012092592
Melody-ST,GSM5652317_Blood-B-Z000000UB,SAMPLE_VALID,Pearson,0.7549684671851082
Melody-ST,GSM5652317_Blood-B-Z000000UB,SAMPLE_VALID,Spearman,0.6393010693236263
Melody-ST,GSM5652317_Blood-B-Z000000UB,SAMPLE_VALID,AUC,0.9092956455376378
Melody-ST,GSM5652317_Blood-B-Z000000UB,SAMPLE_VALID,Accuracy,0.8717679359412961
Melody-ST,GSM5652317_Blood-B-Z000000UB,SAMPLE_VALID,MAE,0.1600984031824818
Melody-ST,GSM5652317_Blood-B-Z000000UB,SAMPLE_TEST,Pearson,0.7871354473008552
Melody-ST,GSM5652317_Blood-B-Z000000UB,SAMPLE_TEST,Spearman,0.6578631848887956
Melody-ST,GSM5652317_Blood-B-Z000000UB,SAMPLE_TEST,AUC,0.9222171908264961
Melody-ST,GSM5652317_Blood-B-Z000000UB,SAMPLE_TEST,Accuracy,0.8780221418379733
Melody-ST,GSM5652317_Blood-B-Z000000UB,SAMPLE_TEST,MAE,0.1587141942278051
Melody-ST,GSM5652317_Blood-B-Z000000UB,VALID,Pearson,0.7641722992050626
Melody-ST,GSM5652317_Blood-B-Z000000UB,VALID,Spearman,0.6110982837738733
Melody-ST,GSM5652317_Blood-B-Z000000UB,VALID,AUC,0.902205534729323
Melody-ST,GSM5652317_Blood-B-Z000000UB,VALID,Accuracy,0.9045484554323834
Melody-ST,GSM5652317_Blood-B-Z000000UB,VALID,MAE,0.1339005283011162
Melody-ST,GSM5652317_Blood-B-Z000000UB,TEST,Pearson,0.7647510783306273
Melody-ST,GSM5652317_Blood-B-Z000000UB,TEST,Spearman,0.6083275881314637
Melody-ST,GSM5652317_Blood-B-Z000000UB,TEST,AUC,0.902582457529266
Melody-ST,GSM5652317_Blood-B-Z000000UB,TEST,Accuracy,0.9054979131605927
Melody-ST,GSM5652317_Blood-B-Z000000UB,TEST,MAE,0.1334344859147449
Melody-ST,GSM5652321_Epidermal-Keratinocytes-Z00000424,SAMPLE_VALID,Pearson,0.7878603914059467
Melody-ST,GSM5652321_Epidermal-Keratinocytes-Z00000424,SAMPLE_VALID,Spearman,0.7295589999755191
Melody-ST,GSM5652321_Epidermal-Keratinocytes-Z00000424,SAMPLE_VALID,AUC,0.9135759191612707
Melody-ST,GSM5652321_Epidermal-Keratinocytes-Z00000424,SAMPLE_VALID,Accuracy,0.8529260509929056
Melody-ST,GSM5652321_Epidermal-Keratinocytes-Z00000424,SAMPLE_VALID,MAE,0.1604579892580829
Melody-ST,GSM5652321_Epidermal-Keratinocytes-Z00000424,SAMPLE_TEST,Pearson,0.8042044371610759
Melody-ST,GSM5652321_Epidermal-Keratinocytes-Z00000424,SAMPLE_TEST,Spearman,0.7502470593397089
Melody-ST,GSM5652321_Epidermal-Keratinocytes-Z00000424,SAMPLE_TEST,AUC,0.9214125695713768
Melody-ST,GSM5652321_Epidermal-Keratinocytes-Z00000424,SAMPLE_TEST,Accuracy,0.8484136417386864
Melody-ST,GSM5652321_Epidermal-Keratinocytes-Z00000424,SAMPLE_TEST,MAE,0.1599921586687703
Melody-ST,GSM5652321_Epidermal-Keratinocytes-Z00000424,VALID,Pearson,0.7750223504455305
Melody-ST,GSM5652321_Epidermal-Keratinocytes-Z00000424,VALID,Spearman,0.6596104257495321
Melody-ST,GSM5652321_Epidermal-Keratinocytes-Z00000424,VALID,AUC,0.90511954714741
Melody-ST,GSM5652321_Epidermal-Keratinocytes-Z00000424,VALID,Accuracy,0.8782988929013343
Melody-ST,GSM5652321_Epidermal-Keratinocytes-Z00000424,VALID,MAE,0.1407545761519343
Melody-ST,GSM5652321_Epidermal-Keratinocytes-Z00000424,TEST,Pearson,0.7757467792261483
Melody-ST,GSM5652321_Epidermal-Keratinocytes-Z00000424,TEST,Spearman,0.6583735931002647
Melody-ST,GSM5652321_Epidermal-Keratinocytes-Z00000424,TEST,AUC,0.906375189656607
Melody-ST,GSM5652321_Epidermal-Keratinocytes-Z00000424,TEST,Accuracy,0.8796369784877781
Melody-ST,GSM5652321_Epidermal-Keratinocytes-Z00000424,TEST,MAE,0.1408097377485207
Melody-ST,GSM5652322_Tonsil-Palatine-Epithelial-Z000000QF,SAMPLE_VALID,Pearson,0.7893847249630351
Melody-ST,GSM5652322_Tonsil-Palatine-Epithelial-Z000000QF,SAMPLE_VALID,Spearman,0.754961076794791
Melody-ST,GSM5652322_Tonsil-Palatine-Epithelial-Z000000QF,SAMPLE_VALID,AUC,0.9122790687927969
Melody-ST,GSM5652322_Tonsil-Palatine-Epithelial-Z000000QF,SAMPLE_VALID,Accuracy,0.8356088926299111
Melody-ST,GSM5652322_Tonsil-Palatine-Epithelial-Z000000QF,SAMPLE_VALID,MAE,0.1694040703766614
Melody-ST,GSM5652322_Tonsil-Palatine-Epithelial-Z000000QF,SAMPLE_TEST,Pearson,0.8078102678663064
Melody-ST,GSM5652322_Tonsil-Palatine-Epithelial-Z000000QF,SAMPLE_TEST,Spearman,0.781742448820586
Melody-ST,GSM5652322_Tonsil-Palatine-Epithelial-Z000000QF,SAMPLE_TEST,AUC,0.9170688234767357
Melody-ST,GSM5652322_Tonsil-Palatine-Epithelial-Z000000QF,SAMPLE_TEST,Accuracy,0.8363142668937276
Melody-ST,GSM5652322_Tonsil-Palatine-Epithelial-Z000000QF,SAMPLE_TEST,MAE,0.1659782956513336
Melody-ST,GSM5652322_Tonsil-Palatine-Epithelial-Z000000QF,VALID,Pearson,0.7780117479864694
Melody-ST,GSM5652322_Tonsil-Palatine-Epithelial-Z000000QF,VALID,Spearman,0.7057727604017605
Melody-ST,GSM5652322_Tonsil-Palatine-Epithelial-Z000000QF,VALID,AUC,0.9030465521998217
Melody-ST,GSM5652322_Tonsil-Palatine-Epithelial-Z000000QF,VALID,Accuracy,0.8528949931279098
Melody-ST,GSM5652322_Tonsil-Palatine-Epithelial-Z000000QF,VALID,MAE,0.1539823174522127
Melody-ST,GSM5652322_Tonsil-Palatine-Epithelial-Z000000QF,TEST,Pearson,0.7770650957024426
Melody-ST,GSM5652322_Tonsil-Palatine-Epithelial-Z000000QF,TEST,Spearman,0.7025376543959804
Melody-ST,GSM5652322_Tonsil-Palatine-Epithelial-Z000000QF,TEST,AUC,0.9026174805587421
Melody-ST,GSM5652322_Tonsil-Palatine-Epithelial-Z000000QF,TEST,Accuracy,0.851515046546174
Melody-ST,GSM5652322_Tonsil-Palatine-Epithelial-Z000000QF,TEST,MAE,0.1569146552506198
Melody-ST,GSM5652335_Lung-Bronchus-Epithelial-Z000000QD,SAMPLE_VALID,Pearson,0.7982718614046143
Melody-ST,GSM5652335_Lung-Bronchus-Epithelial-Z000000QD,SAMPLE_VALID,Spearman,0.753680486258068
Melody-ST,GSM5652335_Lung-Bronchus-Epithelial-Z000000QD,SAMPLE_VALID,AUC,0.9222938441250303
Melody-ST,GSM5652335_Lung-Bronchus-Epithelial-Z000000QD,SAMPLE_VALID,Accuracy,0.8523086066639426
Melody-ST,GSM5652335_Lung-Bronchus-Epithelial-Z000000QD,SAMPLE_VALID,MAE,0.1716752872102087
Melody-ST,GSM5652335_Lung-Bronchus-Epithelial-Z000000QD,SAMPLE_TEST,Pearson,0.8113785762413904
Melody-ST,GSM5652335_Lung-Bronchus-Epithelial-Z000000QD,SAMPLE_TEST,Spearman,0.7808456519239144
Melody-ST,GSM5652335_Lung-Bronchus-Epithelial-Z000000QD,SAMPLE_TEST,AUC,0.9225557288828073
Melody-ST,GSM5652335_Lung-Bronchus-Epithelial-Z000000QD,SAMPLE_TEST,Accuracy,0.8458179400702449
Melody-ST,GSM5652335_Lung-Bronchus-Epithelial-Z000000QD,SAMPLE_TEST,MAE,0.1685883234773713
Melody-ST,GSM5652335_Lung-Bronchus-Epithelial-Z000000QD,VALID,Pearson,0.7737068474973231
Melody-ST,GSM5652335_Lung-Bronchus-Epithelial-Z000000QD,VALID,Spearman,0.6487757612387673
Melody-ST,GSM5652335_Lung-Bronchus-Epithelial-Z000000QD,VALID,AUC,0.9081393381643197
Melody-ST,GSM5652335_Lung-Bronchus-Epithelial-Z000000QD,VALID,Accuracy,0.8828905605622593
Melody-ST,GSM5652335_Lung-Bronchus-Epithelial-Z000000QD,VALID,MAE,0.1490636775059731
Melody-ST,GSM5652335_Lung-Bronchus-Epithelial-Z000000QD,TEST,Pearson,0.7737241899484818
Melody-ST,GSM5652335_Lung-Bronchus-Epithelial-Z000000QD,TEST,Spearman,0.6441441920302229
Melody-ST,GSM5652335_Lung-Bronchus-Epithelial-Z000000QD,TEST,AUC,0.9073514520555042
Melody-ST,GSM5652335_Lung-Bronchus-Epithelial-Z000000QD,TEST,Accuracy,0.8827972503441903
Melody-ST,GSM5652335_Lung-Bronchus-Epithelial-Z000000QD,TEST,MAE,0.1495478694482476
Melody-ST,GSM5652338_Prostate-Epithelial-Z000000RV,SAMPLE_VALID,Pearson,0.803277769454342
Melody-ST,GSM5652338_Prostate-Epithelial-Z000000RV,SAMPLE_VALID,Spearman,0.7491137460045534
Melody-ST,GSM5652338_Prostate-Epithelial-Z000000RV,SAMPLE_VALID,AUC,0.919023640393456
Melody-ST,GSM5652338_Prostate-Epithelial-Z000000RV,SAMPLE_VALID,Accuracy,0.8644784011194145
Melody-ST,GSM5652338_Prostate-Epithelial-Z000000RV,SAMPLE_VALID,MAE,0.1479421706046918
Melody-ST,GSM5652338_Prostate-Epithelial-Z000000RV,SAMPLE_TEST,Pearson,0.8245805860725015
Melody-ST,GSM5652338_Prostate-Epithelial-Z000000RV,SAMPLE_TEST,Spearman,0.7715629905761514
Melody-ST,GSM5652338_Prostate-Epithelial-Z000000RV,SAMPLE_TEST,AUC,0.9265174769556869
Melody-ST,GSM5652338_Prostate-Epithelial-Z000000RV,SAMPLE_TEST,Accuracy,0.8660098282932219
Melody-ST,GSM5652338_Prostate-Epithelial-Z000000RV,SAMPLE_TEST,MAE,0.1441987496940805
Melody-ST,GSM5652338_Prostate-Epithelial-Z000000RV,VALID,Pearson,0.7883467087821864
Melody-ST,GSM5652338_Prostate-Epithelial-Z000000RV,VALID,Spearman,0.6593136254239256
Melody-ST,GSM5652338_Prostate-Epithelial-Z000000RV,VALID,AUC,0.9117718497623639
Melody-ST,GSM5652338_Prostate-Epithelial-Z000000RV,VALID,Accuracy,0.8950901762813989
Melody-ST,GSM5652338_Prostate-Epithelial-Z000000RV,VALID,MAE,0.1301728695805253
Melody-ST,GSM5652338_Prostate-Epithelial-Z000000RV,TEST,Pearson,0.7896264596071052
Melody-ST,GSM5652338_Prostate-Epithelial-Z000000RV,TEST,Spearman,0.6574951908655606
Melody-ST,GSM5652338_Prostate-Epithelial-Z000000RV,TEST,AUC,0.9123445295305619
Melody-ST,GSM5652338_Prostate-Epithelial-Z000000RV,TEST,Accuracy,0.8965737457731677
Melody-ST,GSM5652338_Prostate-Epithelial-Z000000RV,TEST,MAE,0.1301748672084871
Melody-ST,GSM5652342_Bladder-Epithelial-Z000000QM,SAMPLE_VALID,Pearson,0.7479663513805587
Melody-ST,GSM5652342_Bladder-Epithelial-Z000000QM,SAMPLE_VALID,Spearman,0.7065607198947067
Melody-ST,GSM5652342_Bladder-Epithelial-Z000000QM,SAMPLE_VALID,AUC,0.8966190680862826
Melody-ST,GSM5652342_Bladder-Epithelial-Z000000QM,SAMPLE_VALID,Accuracy,0.8360738483643615
Melody-ST,GSM5652342_Bladder-Epithelial-Z000000QM,SAMPLE_VALID,MAE,0.178760163463036
Melody-ST,GSM5652342_Bladder-Epithelial-Z000000QM,SAMPLE_TEST,Pearson,0.7947956973246082
Melody-ST,GSM5652342_Bladder-Epithelial-Z000000QM,SAMPLE_TEST,Spearman,0.7502915427796709
Melody-ST,GSM5652342_Bladder-Epithelial-Z000000QM,SAMPLE_TEST,AUC,0.9147681749709937
Melody-ST,GSM5652342_Bladder-Epithelial-Z000000QM,SAMPLE_TEST,Accuracy,0.8497860069813326
Melody-ST,GSM5652342_Bladder-Epithelial-Z000000QM,SAMPLE_TEST,MAE,0.1670216207901116
Melody-ST,GSM5652342_Bladder-Epithelial-Z000000QM,VALID,Pearson,0.7644180980097026
Melody-ST,GSM5652342_Bladder-Epithelial-Z000000QM,VALID,Spearman,0.6645372526165092
Melody-ST,GSM5652342_Bladder-Epithelial-Z000000QM,VALID,AUC,0.9012229641442594
Melody-ST,GSM5652342_Bladder-Epithelial-Z000000QM,VALID,Accuracy,0.8693432915136143
Melody-ST,GSM5652342_Bladder-Epithelial-Z000000QM,VALID,MAE,0.1539846573377767
Melody-ST,GSM5652342_Bladder-Epithelial-Z000000QM,TEST,Pearson,0.7682327854244296
Melody-ST,GSM5652342_Bladder-Epithelial-Z000000QM,TEST,Spearman,0.6653328704546587
Melody-ST,GSM5652342_Bladder-Epithelial-Z000000QM,TEST,AUC,0.9021366640289789
Melody-ST,GSM5652342_Bladder-Epithelial-Z000000QM,TEST,Accuracy,0.8714615997435867
Melody-ST,GSM5652342_Bladder-Epithelial-Z000000QM,TEST,MAE,0.1528455773645178
Melody-ST,GSM5652347_Breast-Luminal-Epithelial-Z000000V2,SAMPLE_VALID,Pearson,0.8054761173869633
Melody-ST,GSM5652347_Breast-Luminal-Epithelial-Z000000V2,SAMPLE_VALID,Spearman,0.7143487071670344
Melody-ST,GSM5652347_Breast-Luminal-Epithelial-Z000000V2,SAMPLE_VALID,AUC,0.9219780034952408
Melody-ST,GSM5652347_Breast-Luminal-Epithelial-Z000000V2,SAMPLE_VALID,Accuracy,0.8717135787194557
Melody-ST,GSM5652347_Breast-Luminal-Epithelial-Z000000V2,SAMPLE_VALID,MAE,0.1521399108181108
Melody-ST,GSM5652347_Breast-Luminal-Epithelial-Z000000V2,SAMPLE_TEST,Pearson,0.8254402868721553
Melody-ST,GSM5652347_Breast-Luminal-Epithelial-Z000000V2,SAMPLE_TEST,Spearman,0.7421167920838081
Melody-ST,GSM5652347_Breast-Luminal-Epithelial-Z000000V2,SAMPLE_TEST,AUC,0.9295816550465298
Melody-ST,GSM5652347_Breast-Luminal-Epithelial-Z000000V2,SAMPLE_TEST,Accuracy,0.8737821067164292
Melody-ST,GSM5652347_Breast-Luminal-Epithelial-Z000000V2,SAMPLE_TEST,MAE,0.1480845438065438
Melody-ST,GSM5652347_Breast-Luminal-Epithelial-Z000000V2,VALID,Pearson,0.7879549565910341
Melody-ST,GSM5652347_Breast-Luminal-Epithelial-Z000000V2,VALID,Spearman,0.6093305573132418
Melody-ST,GSM5652347_Breast-Luminal-Epithelial-Z000000V2,VALID,AUC,0.9119043898939726
Melody-ST,GSM5652347_Breast-Luminal-Epithelial-Z000000V2,VALID,Accuracy,0.906153576489452
Melody-ST,GSM5652347_Breast-Luminal-Epithelial-Z000000V2,VALID,MAE,0.1330704816287535
Melody-ST,GSM5652347_Breast-Luminal-Epithelial-Z000000V2,TEST,Pearson,0.7887732565576181
Melody-ST,GSM5652347_Breast-Luminal-Epithelial-Z000000V2,TEST,Spearman,0.6135237964419804
Melody-ST,GSM5652347_Breast-Luminal-Epithelial-Z000000V2,TEST,AUC,0.9122999727598863
Melody-ST,GSM5652347_Breast-Luminal-Epithelial-Z000000V2,TEST,Accuracy,0.9061050203587897
Melody-ST,GSM5652347_Breast-Luminal-Epithelial-Z000000V2,TEST,MAE,0.1322291156771598
Melody-ST,GSM5652350_Breast-Basal-Epithelial-Z000000V6,SAMPLE_VALID,Pearson,0.7958988388374413
Melody-ST,GSM5652350_Breast-Basal-Epithelial-Z000000V6,SAMPLE_VALID,Spearman,0.6730432112347418
Melody-ST,GSM5652350_Breast-Basal-Epithelial-Z000000V6,SAMPLE_VALID,AUC,0.9211170494367174
Melody-ST,GSM5652350_Breast-Basal-Epithelial-Z000000V6,SAMPLE_VALID,Accuracy,0.8824380242080355
Melody-ST,GSM5652350_Breast-Basal-Epithelial-Z000000V6,SAMPLE_VALID,MAE,0.153235142372531
Melody-ST,GSM5652350_Breast-Basal-Epithelial-Z000000V6,SAMPLE_TEST,Pearson,0.8115272754521984
Melody-ST,GSM5652350_Breast-Basal-Epithelial-Z000000V6,SAMPLE_TEST,Spearman,0.7114123697767999
Melody-ST,GSM5652350_Breast-Basal-Epithelial-Z000000V6,SAMPLE_TEST,AUC,0.9268595220869255
Melody-ST,GSM5652350_Breast-Basal-Epithelial-Z000000V6,SAMPLE_TEST,Accuracy,0.8782709350476532
Melody-ST,GSM5652350_Breast-Basal-Epithelial-Z000000V6,SAMPLE_TEST,MAE,0.1531475009595062
Melody-ST,GSM5652350_Breast-Basal-Epithelial-Z000000V6,VALID,Pearson,0.7756669717814785
Melody-ST,GSM5652350_Breast-Basal-Epithelial-Z000000V6,VALID,Spearman,0.5805286861229251
Melody-ST,GSM5652350_Breast-Basal-Epithelial-Z000000V6,VALID,AUC,0.9063300969074652
Melody-ST,GSM5652350_Breast-Basal-Epithelial-Z000000V6,VALID,Accuracy,0.9099227749766933
Melody-ST,GSM5652350_Breast-Basal-Epithelial-Z000000V6,VALID,MAE,0.1377724934912304
Melody-ST,GSM5652350_Breast-Basal-Epithelial-Z000000V6,TEST,Pearson,0.7761181353046098
Melody-ST,GSM5652350_Breast-Basal-Epithelial-Z000000V6,TEST,Spearman,0.5843797127309072
Melody-ST,GSM5652350_Breast-Basal-Epithelial-Z000000V6,TEST,AUC,0.9068123559790269
Melody-ST,GSM5652350_Breast-Basal-Epithelial-Z000000V6,TEST,Accuracy,0.9097556784976347
Melody-ST,GSM5652350_Breast-Basal-Epithelial-Z000000V6,TEST,MAE,0.1384283464126737
Melody-ST,GSM5652354_Lung-Alveolar-Epithelial-Z000000T1,SAMPLE_VALID,Pearson,0.8017551679503611
Melody-ST,GSM5652354_Lung-Alveolar-Epithelial-Z000000T1,SAMPLE_VALID,Spearman,0.7617426969894568
Melody-ST,GSM5652354_Lung-Alveolar-Epithelial-Z000000T1,SAMPLE_VALID,AUC,0.9181634351361319
Melody-ST,GSM5652354_Lung-Alveolar-Epithelial-Z000000T1,SAMPLE_VALID,Accuracy,0.8623215313492137
Melody-ST,GSM5652354_Lung-Alveolar-Epithelial-Z000000T1,SAMPLE_VALID,MAE,0.1504557649935383
Melody-ST,GSM5652354_Lung-Alveolar-Epithelial-Z000000T1,SAMPLE_TEST,Pearson,0.8166947344424165
Melody-ST,GSM5652354_Lung-Alveolar-Epithelial-Z000000T1,SAMPLE_TEST,Spearman,0.7788339377854433
Melody-ST,GSM5652354_Lung-Alveolar-Epithelial-Z000000T1,SAMPLE_TEST,AUC,0.9213241662547766
Melody-ST,GSM5652354_Lung-Alveolar-Epithelial-Z000000T1,SAMPLE_TEST,Accuracy,0.8594871188055426
Melody-ST,GSM5652354_Lung-Alveolar-Epithelial-Z000000T1,SAMPLE_TEST,MAE,0.1484028835047992
Melody-ST,GSM5652354_Lung-Alveolar-Epithelial-Z000000T1,VALID,Pearson,0.7997850307968278
Melody-ST,GSM5652354_Lung-Alveolar-Epithelial-Z000000T1,VALID,Spearman,0.681606029019394
Melody-ST,GSM5652354_Lung-Alveolar-Epithelial-Z000000T1,VALID,AUC,0.9133820591137178
Melody-ST,GSM5652354_Lung-Alveolar-Epithelial-Z000000T1,VALID,Accuracy,0.89899262078275
Melody-ST,GSM5652354_Lung-Alveolar-Epithelial-Z000000T1,VALID,MAE,0.1256938766838761
Melody-ST,GSM5652354_Lung-Alveolar-Epithelial-Z000000T1,TEST,Pearson,0.797095634142544
Melody-ST,GSM5652354_Lung-Alveolar-Epithelial-Z000000T1,TEST,Spearman,0.6755108586894604
Melody-ST,GSM5652354_Lung-Alveolar-Epithelial-Z000000T1,TEST,AUC,0.9122363626695874
Melody-ST,GSM5652354_Lung-Alveolar-Epithelial-Z000000T1,TEST,Accuracy,0.8996132425494203
Melody-ST,GSM5652354_Lung-Alveolar-Epithelial-Z000000T1,TEST,MAE,0.1259982865429089
Melody-ST,GSM5652358_Gallbladder-Epithelial-Z00000432,SAMPLE_VALID,Pearson,0.7722767797515403
Melody-ST,GSM5652358_Gallbladder-Epithelial-Z00000432,SAMPLE_VALID,Spearman,0.7096924522710524
Melody-ST,GSM5652358_Gallbladder-Epithelial-Z00000432,SAMPLE_VALID,AUC,0.9133606162998302
Melody-ST,GSM5652358_Gallbladder-Epithelial-Z00000432,SAMPLE_VALID,Accuracy,0.8389478184364119
Melody-ST,GSM5652358_Gallbladder-Epithelial-Z00000432,SAMPLE_VALID,MAE,0.1859121811952645
Melody-ST,GSM5652358_Gallbladder-Epithelial-Z00000432,SAMPLE_TEST,Pearson,0.780221710824882
Melody-ST,GSM5652358_Gallbladder-Epithelial-Z00000432,SAMPLE_TEST,Spearman,0.7418223622837109
Melody-ST,GSM5652358_Gallbladder-Epithelial-Z00000432,SAMPLE_TEST,AUC,0.91372292043664
Melody-ST,GSM5652358_Gallbladder-Epithelial-Z00000432,SAMPLE_TEST,Accuracy,0.8316118213192047
Melody-ST,GSM5652358_Gallbladder-Epithelial-Z00000432,SAMPLE_TEST,MAE,0.184874775689374
Melody-ST,GSM5652358_Gallbladder-Epithelial-Z00000432,VALID,Pearson,0.7607397046437119
Melody-ST,GSM5652358_Gallbladder-Epithelial-Z00000432,VALID,Spearman,0.6025065076688192
Melody-ST,GSM5652358_Gallbladder-Epithelial-Z00000432,VALID,AUC,0.9075568529467382
Melody-ST,GSM5652358_Gallbladder-Epithelial-Z00000432,VALID,Accuracy,0.8786943006717078
Melody-ST,GSM5652358_Gallbladder-Epithelial-Z00000432,VALID,MAE,0.1580783897817321
Melody-ST,GSM5652358_Gallbladder-Epithelial-Z00000432,TEST,Pearson,0.7623385873082728
Melody-ST,GSM5652358_Gallbladder-Epithelial-Z00000432,TEST,Spearman,0.6031559485565771
Melody-ST,GSM5652358_Gallbladder-Epithelial-Z00000432,TEST,AUC,0.9077319619231325
Melody-ST,GSM5652358_Gallbladder-Epithelial-Z00000432,TEST,Accuracy,0.8812234086094913
Melody-ST,GSM5652358_Gallbladder-Epithelial-Z00000432,TEST,MAE,0.1555602606930912
Melody-ST,GSM5652359_Gastric-fundus-Epithelial-Z000000RX,SAMPLE_VALID,Pearson,0.7927712883426322
Melody-ST,GSM5652359_Gastric-fundus-Epithelial-Z000000RX,SAMPLE_VALID,Spearman,0.7379340946178188
Melody-ST,GSM5652359_Gastric-fundus-Epithelial-Z000000RX,SAMPLE_VALID,AUC,0.9161921470281387
Melody-ST,GSM5652359_Gastric-fundus-Epithelial-Z000000RX,SAMPLE_VALID,Accuracy,0.8547844667409885
Melody-ST,GSM5652359_Gastric-fundus-Epithelial-Z000000RX,SAMPLE_VALID,MAE,0.1698692457501545
Melody-ST,GSM5652359_Gastric-fundus-Epithelial-Z000000RX,SAMPLE_TEST,Pearson,0.803182219079967
Melody-ST,GSM5652359_Gastric-fundus-Epithelial-Z000000RX,SAMPLE_TEST,Spearman,0.7536409957562474
Melody-ST,GSM5652359_Gastric-fundus-Epithelial-Z000000RX,SAMPLE_TEST,AUC,0.9209106233445697
Melody-ST,GSM5652359_Gastric-fundus-Epithelial-Z000000RX,SAMPLE_TEST,Accuracy,0.8522861258326445
Melody-ST,GSM5652359_Gastric-fundus-Epithelial-Z000000RX,SAMPLE_TEST,MAE,0.1702573115951036
Melody-ST,GSM5652359_Gastric-fundus-Epithelial-Z000000RX,VALID,Pearson,0.7742087584390944
Melody-ST,GSM5652359_Gastric-fundus-Epithelial-Z000000RX,VALID,Spearman,0.6778883911603881
Melody-ST,GSM5652359_Gastric-fundus-Epithelial-Z000000RX,VALID,AUC,0.9045357100362681
Melody-ST,GSM5652359_Gastric-fundus-Epithelial-Z000000RX,VALID,Accuracy,0.873113896212586
Melody-ST,GSM5652359_Gastric-fundus-Epithelial-Z000000RX,VALID,MAE,0.1486477618488933
Melody-ST,GSM5652359_Gastric-fundus-Epithelial-Z000000RX,TEST,Pearson,0.7720738466915179
Melody-ST,GSM5652359_Gastric-fundus-Epithelial-Z000000RX,TEST,Spearman,0.6735654687258035
Melody-ST,GSM5652359_Gastric-fundus-Epithelial-Z000000RX,TEST,AUC,0.9032435931141465
Melody-ST,GSM5652359_Gastric-fundus-Epithelial-Z000000RX,TEST,Accuracy,0.8710116883263083
Melody-ST,GSM5652359_Gastric-fundus-Epithelial-Z000000RX,TEST,MAE,0.1499624507171541
Melody-ST,GSM5652370_Colon-Right-Epithelial-Z000000V0,SAMPLE_VALID,Pearson,0.7532272355891398
Melody-ST,GSM5652370_Colon-Right-Epithelial-Z000000V0,SAMPLE_VALID,Spearman,0.6811005603120591
Melody-ST,GSM5652370_Colon-Right-Epithelial-Z000000V0,SAMPLE_VALID,AUC,0.9071057839979766
Melody-ST,GSM5652370_Colon-Right-Epithelial-Z000000V0,SAMPLE_VALID,Accuracy,0.8500018583676099
Melody-ST,GSM5652370_Colon-Right-Epithelial-Z000000V0,SAMPLE_VALID,MAE,0.178513409508173
Melody-ST,GSM5652370_Colon-Right-Epithelial-Z000000V0,SAMPLE_TEST,Pearson,0.7766902704595184
Melody-ST,GSM5652370_Colon-Right-Epithelial-Z000000V0,SAMPLE_TEST,Spearman,0.7253974530317555
Melody-ST,GSM5652370_Colon-Right-Epithelial-Z000000V0,SAMPLE_TEST,AUC,0.9134848090939585
Melody-ST,GSM5652370_Colon-Right-Epithelial-Z000000V0,SAMPLE_TEST,Accuracy,0.8459276121101753
Melody-ST,GSM5652370_Colon-Right-Epithelial-Z000000V0,SAMPLE_TEST,MAE,0.1771389911564436
Melody-ST,GSM5652370_Colon-Right-Epithelial-Z000000V0,VALID,Pearson,0.7609118890667956
Melody-ST,GSM5652370_Colon-Right-Epithelial-Z000000V0,VALID,Spearman,0.6355381266029565
Melody-ST,GSM5652370_Colon-Right-Epithelial-Z000000V0,VALID,AUC,0.9063158043729289
Melody-ST,GSM5652370_Colon-Right-Epithelial-Z000000V0,VALID,Accuracy,0.8819699945493109
Melody-ST,GSM5652370_Colon-Right-Epithelial-Z000000V0,VALID,MAE,0.1502673858665294
Melody-ST,GSM5652370_Colon-Right-Epithelial-Z000000V0,TEST,Pearson,0.7598943809785594
Melody-ST,GSM5652370_Colon-Right-Epithelial-Z000000V0,TEST,Spearman,0.6355638639589212
Melody-ST,GSM5652370_Colon-Right-Epithelial-Z000000V0,TEST,AUC,0.9046504046173954
Melody-ST,GSM5652370_Colon-Right-Epithelial-Z000000V0,TEST,Accuracy,0.8791737656260941
Melody-ST,GSM5652370_Colon-Right-Epithelial-Z000000V0,TEST,MAE,0.1513479902308878
Melody-ST,GSM5652378_Small-int-Epithelial-Z0000042V,SAMPLE_VALID,Pearson,0.7596222460025528
Melody-ST,GSM5652378_Small-int-Epithelial-Z0000042V,SAMPLE_VALID,Spearman,0.6837532142673695
Melody-ST,GSM5652378_Small-int-Epithelial-Z0000042V,SAMPLE_VALID,AUC,0.905907087716176
Melody-ST,GSM5652378_Small-int-Epithelial-Z0000042V,SAMPLE_VALID,Accuracy,0.8588082500046494
Melody-ST,GSM5652378_Small-int-Epithelial-Z0000042V,SAMPLE_VALID,MAE,0.1728148993782405
Melody-ST,GSM5652378_Small-int-Epithelial-Z0000042V,SAMPLE_TEST,Pearson,0.7811451011310699
Melody-ST,GSM5652378_Small-int-Epithelial-Z0000042V,SAMPLE_TEST,Spearman,0.7233496777442947
Melody-ST,GSM5652378_Small-int-Epithelial-Z0000042V,SAMPLE_TEST,AUC,0.9116062317926613
Melody-ST,GSM5652378_Small-int-Epithelial-Z0000042V,SAMPLE_TEST,Accuracy,0.8491984866211842
Melody-ST,GSM5652378_Small-int-Epithelial-Z0000042V,SAMPLE_TEST,MAE,0.1715055240314344
Melody-ST,GSM5652378_Small-int-Epithelial-Z0000042V,VALID,Pearson,0.757049885228401
Melody-ST,GSM5652378_Small-int-Epithelial-Z0000042V,VALID,Spearman,0.6402369378150917
Melody-ST,GSM5652378_Small-int-Epithelial-Z0000042V,VALID,AUC,0.9039159596973603
Melody-ST,GSM5652378_Small-int-Epithelial-Z0000042V,VALID,Accuracy,0.8826131561990563
Melody-ST,GSM5652378_Small-int-Epithelial-Z0000042V,VALID,MAE,0.1482736594354951
Melody-ST,GSM5652378_Small-int-Epithelial-Z0000042V,TEST,Pearson,0.7609226967246312
Melody-ST,GSM5652378_Small-int-Epithelial-Z0000042V,TEST,Spearman,0.6478478518925629
Melody-ST,GSM5652378_Small-int-Epithelial-Z0000042V,TEST,AUC,0.9032142065383478
Melody-ST,GSM5652378_Small-int-Epithelial-Z0000042V,TEST,Accuracy,0.8801743977102595
Melody-ST,GSM5652378_Small-int-Epithelial-Z0000042V,TEST,MAE,0.147568080815815
Melody-ST,Adipocytes,cell type specific,Pearson,0.3481621602431433
Melody-ST,Adipocytes,cell type specific,Spearman,0.2974957262855251
Melody-ST,Adipocytes,cell type specific,AUC,0.7163716814159292
Melody-ST,Adipocytes,cell type specific,Accuracy,0.7109375
Melody-ST,Adipocytes,cell type specific,MAE,0.1849791798158549
Melody-ST,Bladder-Epithelial,cell type specific,Pearson,0.3101375628670043
Melody-ST,Bladder-Epithelial,cell type specific,Spearman,0.3295059838910612
Melody-ST,Bladder-Epithelial,cell type specific,AUC,0.6650809061488673
Melody-ST,Bladder-Epithelial,cell type specific,Accuracy,0.4955089820359281
Melody-ST,Bladder-Epithelial,cell type specific,MAE,0.3559286114174181
Melody-ST,Blood-B,cell type specific,Pearson,0.328488125153914
Melody-ST,Blood-B,cell type specific,Spearman,0.3566013214503014
Melody-ST,Blood-B,cell type specific,AUC,0.7083849862258953
Melody-ST,Blood-B,cell type specific,Accuracy,0.4921671018276763
Melody-ST,Blood-B,cell type specific,MAE,0.3824599025182562
Melody-ST,Blood-Granulocytes,cell type specific,Pearson,0.4615114283764656
Melody-ST,Blood-Granulocytes,cell type specific,Spearman,0.4729311742142736
Melody-ST,Blood-Granulocytes,cell type specific,AUC,0.7615101289134438
Melody-ST,Blood-Granulocytes,cell type specific,Accuracy,0.5663390663390664
Melody-ST,Blood-Granulocytes,cell type specific,MAE,0.3435341046381677
Melody-ST,Blood-Monocytes,cell type specific,Pearson,0.4430903835347225
Melody-ST,Blood-Monocytes,cell type specific,Spearman,0.4193789458114043
Melody-ST,Blood-Monocytes,cell type specific,AUC,0.7918650793650793
Melody-ST,Blood-Monocytes,cell type specific,Accuracy,0.6949458483754513
Melody-ST,Blood-Monocytes,cell type specific,MAE,0.2658147049281033
Melody-ST,Blood-NK,cell type specific,Pearson,0.5394909183604615
Melody-ST,Blood-NK,cell type specific,Spearman,0.5623716094589494
Melody-ST,Blood-NK,cell type specific,AUC,0.8306522609043617
Melody-ST,Blood-NK,cell type specific,Accuracy,0.7780612244897959
Melody-ST,Blood-NK,cell type specific,MAE,0.2100072221554892
Melody-ST,Blood-T-CD3,cell type specific,Pearson,0.3676207788738851
Melody-ST,Blood-T-CD3,cell type specific,Spearman,0.364597657294871
Melody-ST,Blood-T-CD3,cell type specific,AUC,0.817987012987013
Melody-ST,Blood-T-CD3,cell type specific,Accuracy,0.7700831024930748
Melody-ST,Blood-T-CD3,cell type specific,MAE,0.2258192792204609
Melody-ST,Bone-Osteoblasts,cell type specific,Pearson,0.3996857437637779
Melody-ST,Bone-Osteoblasts,cell type specific,Spearman,0.3691655045398049
Melody-ST,Bone-Osteoblasts,cell type specific,AUC,0.8263552596179715
Melody-ST,Bone-Osteoblasts,cell type specific,Accuracy,0.664
Melody-ST,Bone-Osteoblasts,cell type specific,MAE,0.270666868035992
Melody-ST,Breast-Basal-Epithelial,cell type specific,Pearson,0.274839860064376
Melody-ST,Breast-Basal-Epithelial,cell type specific,Spearman,0.2974866188086109
Melody-ST,Breast-Basal-Epithelial,cell type specific,AUC,0.7008340279431611
Melody-ST,Breast-Basal-Epithelial,cell type specific,Accuracy,0.700247218788628
Melody-ST,Breast-Basal-Epithelial,cell type specific,MAE,0.2613546034765553
Melody-ST,Breast-Luminal-Epithelial,cell type specific,Pearson,0.5080736255060774
Melody-ST,Breast-Luminal-Epithelial,cell type specific,Spearman,0.5115087948487117
Melody-ST,Breast-Luminal-Epithelial,cell type specific,AUC,0.7928849902534113
Melody-ST,Breast-Luminal-Epithelial,cell type specific,Accuracy,0.6534810126582279
Melody-ST,Breast-Luminal-Epithelial,cell type specific,MAE,0.2588006499860011
Melody-ST,Colon-Right-Epithelial,cell type specific,Pearson,0.3109474223296477
Melody-ST,Colon-Right-Epithelial,cell type specific,Spearman,0.3283640027145227
Melody-ST,Colon-Right-Epithelial,cell type specific,AUC,0.7942878476759381
Melody-ST,Colon-Right-Epithelial,cell type specific,Accuracy,0.8584905660377359
Melody-ST,Colon-Right-Epithelial,cell type specific,MAE,0.1926994265058072
Melody-ST,Gastric-fundus-Epithelial,cell type specific,Pearson,0.4217180060058472
Melody-ST,Gastric-fundus-Epithelial,cell type specific,Spearman,0.4156834863164404
Melody-ST,Gastric-fundus-Epithelial,cell type specific,AUC,0.7828542988677367
Melody-ST,Gastric-fundus-Epithelial,cell type specific,Accuracy,0.7317073170731707
Melody-ST,Gastric-fundus-Epithelial,cell type specific,MAE,0.2494121063036014
Melody-ST,Small-int-Epithelial,cell type specific,Pearson,0.3778733021879349
Melody-ST,Small-int-Epithelial,cell type specific,Spearman,0.3728463271166307
Melody-ST,Small-int-Epithelial,cell type specific,AUC,0.7864588122605364
Melody-ST,Small-int-Epithelial,cell type specific,Accuracy,0.7366548042704626
Melody-ST,Small-int-Epithelial,cell type specific,MAE,0.2630408869804384
Melody-ST,Colon-Fibroblasts,cell type specific,Pearson,0.3440605711783173
Melody-ST,Colon-Fibroblasts,cell type specific,Spearman,0.3093257881419635
Melody-ST,Colon-Fibroblasts,cell type specific,AUC,0.6857481060606061
Melody-ST,Colon-Fibroblasts,cell type specific,Accuracy,0.5149253731343284
Melody-ST,Colon-Fibroblasts,cell type specific,MAE,0.1752354181302128
Melody-ST,Heart-Fibroblasts,cell type specific,Pearson,0.2610866647454301
Melody-ST,Heart-Fibroblasts,cell type specific,Spearman,0.2448649437701077
Melody-ST,Heart-Fibroblasts,cell type specific,AUC,0.6995203147546898
Melody-ST,Heart-Fibroblasts,cell type specific,Accuracy,0.7067371202113606
Melody-ST,Heart-Fibroblasts,cell type specific,MAE,0.2312325924275692
Melody-ST,Dermal-Fibroblasts,cell type specific,Pearson,0.472910439095781
Melody-ST,Dermal-Fibroblasts,cell type specific,Spearman,0.3945177109964407
Melody-ST,Dermal-Fibroblasts,cell type specific,AUC,0.8429643437529872
Melody-ST,Dermal-Fibroblasts,cell type specific,Accuracy,0.7371428571428571
Melody-ST,Dermal-Fibroblasts,cell type specific,MAE,0.2085231426837189
Melody-ST,Aorta-Endothel,cell type specific,Pearson,0.6761418192132421
Melody-ST,Aorta-Endothel,cell type specific,Spearman,0.6382557842020408
Melody-ST,Aorta-Endothel,cell type specific,AUC,0.8390358503063421
Melody-ST,Aorta-Endothel,cell type specific,Accuracy,0.7730923694779116
Melody-ST,Aorta-Endothel,cell type specific,MAE,0.1740636895279808
Melody-ST,Epidermal-Keratinocytes,cell type specific,Pearson,0.2090459810365763
Melody-ST,Epidermal-Keratinocytes,cell type specific,Spearman,0.2634697699446855
Melody-ST,Epidermal-Keratinocytes,cell type specific,AUC,0.605072463768116
Melody-ST,Epidermal-Keratinocytes,cell type specific,Accuracy,0.6786703601108033
Melody-ST,Epidermal-Keratinocytes,cell type specific,MAE,0.2491762103497404
Melody-ST,Bone_marrow-Erythrocyte_progenitors,cell type specific,Pearson,0.586165488197615
Melody-ST,Bone_marrow-Erythrocyte_progenitors,cell type specific,Spearman,0.488186725334935
Melody-ST,Bone_marrow-Erythrocyte_progenitors,cell type specific,AUC,0.9103289387380297
Melody-ST,Bone_marrow-Erythrocyte_progenitors,cell type specific,Accuracy,0.8617283950617284
Melody-ST,Bone_marrow-Erythrocyte_progenitors,cell type specific,MAE,0.1750460612346177
Melody-ST,Fallopian-Epithelial,cell type specific,Pearson,0.4065071543423879
Melody-ST,Fallopian-Epithelial,cell type specific,Spearman,0.3534878367732161
Melody-ST,Fallopian-Epithelial,cell type specific,AUC,0.79214155547319
Melody-ST,Fallopian-Epithelial,cell type specific,Accuracy,0.6184
Melody-ST,Fallopian-Epithelial,cell type specific,MAE,0.3191981698155403
Melody-ST,Ovary-Epithelial,cell type specific,Pearson,0.5902836708400411
Melody-ST,Ovary-Epithelial,cell type specific,Spearman,0.5724444713252291
Melody-ST,Ovary-Epithelial,cell type specific,AUC,0.8226035354140219
Melody-ST,Ovary-Epithelial,cell type specific,Accuracy,0.7384155455904334
Melody-ST,Ovary-Epithelial,cell type specific,MAE,0.2230365874067572
Melody-ST,Gallbladder-Epithelial,cell type specific,Pearson,0.2141911462007499
Melody-ST,Gallbladder-Epithelial,cell type specific,Spearman,0.1509055388575506
Melody-ST,Gallbladder-Epithelial,cell type specific,AUC,0.6694360238892408
Melody-ST,Gallbladder-Epithelial,cell type specific,Accuracy,0.7190305206463196
Melody-ST,Gallbladder-Epithelial,cell type specific,MAE,0.2942655899426507
Melody-ST,Heart-Cardiomyocyte,cell type specific,Pearson,0.2856140660030252
Melody-ST,Heart-Cardiomyocyte,cell type specific,Spearman,0.2814878749151278
Melody-ST,Heart-Cardiomyocyte,cell type specific,AUC,0.6928242862755369
Melody-ST,Heart-Cardiomyocyte,cell type specific,Accuracy,0.5191798941798942
Melody-ST,Heart-Cardiomyocyte,cell type specific,MAE,0.3492225533913052
Melody-ST,Skeletal-Muscle,cell type specific,Pearson,0.3322301901854706
Melody-ST,Skeletal-Muscle,cell type specific,Spearman,0.3550580319014139
Melody-ST,Skeletal-Muscle,cell type specific,AUC,0.7955495356037152
Melody-ST,Skeletal-Muscle,cell type specific,Accuracy,0.6836734693877551
Melody-ST,Skeletal-Muscle,cell type specific,MAE,0.1529878864265739
Melody-ST,Aorta-Smooth-Muscle,cell type specific,Pearson,0.5454231720217735
Melody-ST,Aorta-Smooth-Muscle,cell type specific,Spearman,0.5495723264846561
Melody-ST,Aorta-Smooth-Muscle,cell type specific,AUC,0.7594264360094054
Melody-ST,Aorta-Smooth-Muscle,cell type specific,Accuracy,0.6850533807829181
Melody-ST,Aorta-Smooth-Muscle,cell type specific,MAE,0.1550744103592592
Melody-ST,Kidney-Tubular-Endothel,cell type specific,Pearson,0.4467611649601366
Melody-ST,Kidney-Tubular-Endothel,cell type specific,Spearman,0.430016084444269
Melody-ST,Kidney-Tubular-Endothel,cell type specific,AUC,0.9270544783010157
Melody-ST,Kidney-Tubular-Endothel,cell type specific,Accuracy,0.9821428571428571
Melody-ST,Kidney-Tubular-Endothel,cell type specific,MAE,0.08002553065563296
Melody-ST,Liver-Hepatocytes,cell type specific,Pearson,0.3375812747601241
Melody-ST,Liver-Hepatocytes,cell type specific,Spearman,0.4416921884047644
Melody-ST,Liver-Hepatocytes,cell type specific,AUC,0.6993721083939194
Melody-ST,Liver-Hepatocytes,cell type specific,Accuracy,0.6612903225806451
Melody-ST,Liver-Hepatocytes,cell type specific,MAE,0.2976847931577434
Melody-ST,Lung-Alveolar-Epithelial,cell type specific,Pearson,0.4925548372935861
Melody-ST,Lung-Alveolar-Epithelial,cell type specific,Spearman,0.5320737784286003
Melody-ST,Lung-Alveolar-Epithelial,cell type specific,AUC,0.8498729997459995
Melody-ST,Lung-Alveolar-Epithelial,cell type specific,Accuracy,0.6854354354354354
Melody-ST,Lung-Alveolar-Epithelial,cell type specific,MAE,0.2441048589716847
Melody-ST,Lung-Bronchus-Epithelial,cell type specific,Pearson,0.3141441457956555
Melody-ST,Lung-Bronchus-Epithelial,cell type specific,Spearman,0.3326313716986783
Melody-ST,Lung-Bronchus-Epithelial,cell type specific,AUC,0.6904969739292365
Melody-ST,Lung-Bronchus-Epithelial,cell type specific,Accuracy,0.6256239600665557
Melody-ST,Lung-Bronchus-Epithelial,cell type specific,MAE,0.267018325778713
Melody-ST,Cortex-Neuron,cell type specific,Pearson,0.4437761538035819
Melody-ST,Cortex-Neuron,cell type specific,Spearman,0.4331268662217086
Melody-ST,Cortex-Neuron,cell type specific,AUC,0.7250062910574274
Melody-ST,Cortex-Neuron,cell type specific,Accuracy,0.6152368758002561
Melody-ST,Cortex-Neuron,cell type specific,MAE,0.2048622894693505
Melody-ST,Oligodendrocytes,cell type specific,Pearson,0.4122541244878083
Melody-ST,Oligodendrocytes,cell type specific,Spearman,0.4088393716253123
Melody-ST,Oligodendrocytes,cell type specific,AUC,0.7812487220381957
Melody-ST,Oligodendrocytes,cell type specific,Accuracy,0.7454780361757106
Melody-ST,Oligodendrocytes,cell type specific,MAE,0.2089187738555423
Melody-ST,Pancreas-Acinar,cell type specific,Pearson,0.1256416352738815
Melody-ST,Pancreas-Acinar,cell type specific,Spearman,0.2079519884191161
Melody-ST,Pancreas-Acinar,cell type specific,AUC,0.6191435091958652
Melody-ST,Pancreas-Acinar,cell type specific,Accuracy,0.4308873720136519
Melody-ST,Pancreas-Acinar,cell type specific,MAE,0.4387344960552408
Melody-ST,Pancreas-Alpha,cell type specific,Pearson,0.3897345877793602
Melody-ST,Pancreas-Alpha,cell type specific,Spearman,0.405142245183503
Melody-ST,Pancreas-Alpha,cell type specific,AUC,0.7963666315837642
Melody-ST,Pancreas-Alpha,cell type specific,Accuracy,0.662020905923345
Melody-ST,Pancreas-Alpha,cell type specific,MAE,0.3018358096769177
Melody-ST,Pancreas-Beta,cell type specific,Pearson,0.4358890618062716
Melody-ST,Pancreas-Beta,cell type specific,Spearman,0.4064516780748346
Melody-ST,Pancreas-Beta,cell type specific,AUC,0.84274759188254
Melody-ST,Pancreas-Beta,cell type specific,Accuracy,0.711764705882353
Melody-ST,Pancreas-Beta,cell type specific,MAE,0.2714539574157885
Melody-ST,Pancreas-Delta,cell type specific,Pearson,0.4605532330200323
Melody-ST,Pancreas-Delta,cell type specific,Spearman,0.426375283462077
Melody-ST,Pancreas-Delta,cell type specific,AUC,0.8074438504316834
Melody-ST,Pancreas-Delta,cell type specific,Accuracy,0.6146496815286624
Melody-ST,Pancreas-Delta,cell type specific,MAE,0.3357709600222386
Melody-ST,Pancreas-Duct,cell type specific,Pearson,0.3433923385212241
Melody-ST,Pancreas-Duct,cell type specific,Spearman,0.4135417825854233
Melody-ST,Pancreas-Duct,cell type specific,AUC,0.7609237660581474
Melody-ST,Pancreas-Duct,cell type specific,Accuracy,0.547945205479452
Melody-ST,Pancreas-Duct,cell type specific,MAE,0.3704004472300206
Melody-ST,Prostate-Epithelial,cell type specific,Pearson,0.4738741743310183
Melody-ST,Prostate-Epithelial,cell type specific,Spearman,0.5240767438068058
Melody-ST,Prostate-Epithelial,cell type specific,AUC,0.7729268112734248
Melody-ST,Prostate-Epithelial,cell type specific,Accuracy,0.7589928057553957
Melody-ST,Prostate-Epithelial,cell type specific,MAE,0.1811293825078354
Melody-ST,Thyroid-Epithelial,cell type specific,Pearson,0.4399865943238223
Melody-ST,Thyroid-Epithelial,cell type specific,Spearman,0.3952596808763404
Melody-ST,Thyroid-Epithelial,cell type specific,AUC,0.8732688463735009
Melody-ST,Thyroid-Epithelial,cell type specific,Accuracy,0.8741258741258742
Melody-ST,Thyroid-Epithelial,cell type specific,MAE,0.1785941197990607
Melody-MT,GSM5652176_Adipocytes-Z000000T7,SAMPLE_VALID,Pearson,0.8279117546585054
Melody-MT,GSM5652176_Adipocytes-Z000000T7,SAMPLE_VALID,Spearman,0.7804035867584237
Melody-MT,GSM5652176_Adipocytes-Z000000T7,SAMPLE_VALID,AUC,0.9214870119968972
Melody-MT,GSM5652176_Adipocytes-Z000000T7,SAMPLE_VALID,Accuracy,0.8702730149294396
Melody-MT,GSM5652176_Adipocytes-Z000000T7,SAMPLE_VALID,MAE,0.1333836466726002
Melody-MT,GSM5652176_Adipocytes-Z000000T7,SAMPLE_TEST,Pearson,0.8480739890149284
Melody-MT,GSM5652176_Adipocytes-Z000000T7,SAMPLE_TEST,Spearman,0.7875545247518645
Melody-MT,GSM5652176_Adipocytes-Z000000T7,SAMPLE_TEST,AUC,0.9297838174372187
Melody-MT,GSM5652176_Adipocytes-Z000000T7,SAMPLE_TEST,Accuracy,0.8751388812997468
Melody-MT,GSM5652176_Adipocytes-Z000000T7,SAMPLE_TEST,MAE,0.1282057860082488
Melody-MT,GSM5652176_Adipocytes-Z000000T7,VALID,Pearson,0.8106209737039858
Melody-MT,GSM5652176_Adipocytes-Z000000T7,VALID,Spearman,0.6836713555394857
Melody-MT,GSM5652176_Adipocytes-Z000000T7,VALID,AUC,0.91058035127675
Melody-MT,GSM5652176_Adipocytes-Z000000T7,VALID,Accuracy,0.8982869601328903
Melody-MT,GSM5652176_Adipocytes-Z000000T7,VALID,MAE,0.120778997663617
Melody-MT,GSM5652176_Adipocytes-Z000000T7,TEST,Pearson,0.8110498052403096
Melody-MT,GSM5652176_Adipocytes-Z000000T7,TEST,Spearman,0.69892696259822
Melody-MT,GSM5652176_Adipocytes-Z000000T7,TEST,AUC,0.9113777847088732
Melody-MT,GSM5652176_Adipocytes-Z000000T7,TEST,Accuracy,0.899928892710676
Melody-MT,GSM5652176_Adipocytes-Z000000T7,TEST,MAE,0.1200675803542126
Melody-MT,GSM5652179_Aorta-Endothel-Z00000422,SAMPLE_VALID,Pearson,0.776123740532622
Melody-MT,GSM5652179_Aorta-Endothel-Z00000422,SAMPLE_VALID,Spearman,0.7069048616096997
Melody-MT,GSM5652179_Aorta-Endothel-Z00000422,SAMPLE_VALID,AUC,0.9088360463565724
Melody-MT,GSM5652179_Aorta-Endothel-Z00000422,SAMPLE_VALID,Accuracy,0.8597742660860193
Melody-MT,GSM5652179_Aorta-Endothel-Z00000422,SAMPLE_VALID,MAE,0.1589331562992685
Melody-MT,GSM5652179_Aorta-Endothel-Z00000422,SAMPLE_TEST,Pearson,0.8017196987211496
Melody-MT,GSM5652179_Aorta-Endothel-Z00000422,SAMPLE_TEST,Spearman,0.7210936733337784
Melody-MT,GSM5652179_Aorta-Endothel-Z00000422,SAMPLE_TEST,AUC,0.9166063143473314
Melody-MT,GSM5652179_Aorta-Endothel-Z00000422,SAMPLE_TEST,Accuracy,0.8660427848139758
Melody-MT,GSM5652179_Aorta-Endothel-Z00000422,SAMPLE_TEST,MAE,0.1503175386987306
Melody-MT,GSM5652179_Aorta-Endothel-Z00000422,VALID,Pearson,0.7775981509368055
Melody-MT,GSM5652179_Aorta-Endothel-Z00000422,VALID,Spearman,0.6861803049294077
Melody-MT,GSM5652179_Aorta-Endothel-Z00000422,VALID,AUC,0.8994162732586956
Melody-MT,GSM5652179_Aorta-Endothel-Z00000422,VALID,Accuracy,0.8709329848264594
Melody-MT,GSM5652179_Aorta-Endothel-Z00000422,VALID,MAE,0.1363992299839575
Melody-MT,GSM5652179_Aorta-Endothel-Z00000422,TEST,Pearson,0.7774040526773404
Melody-MT,GSM5652179_Aorta-Endothel-Z00000422,TEST,Spearman,0.689780344020156
Melody-MT,GSM5652179_Aorta-Endothel-Z00000422,TEST,AUC,0.8999236984589686
Melody-MT,GSM5652179_Aorta-Endothel-Z00000422,TEST,Accuracy,0.8698413062903009
Melody-MT,GSM5652179_Aorta-Endothel-Z00000422,TEST,MAE,0.1363025901606968
Melody-MT,GSM5652189_Kidney-Tubular-Endothel-Z0000042R,SAMPLE_VALID,Pearson,0.7996933093139877
Melody-MT,GSM5652189_Kidney-Tubular-Endothel-Z0000042R,SAMPLE_VALID,Spearman,0.6963731399172087
Melody-MT,GSM5652189_Kidney-Tubular-Endothel-Z0000042R,SAMPLE_VALID,AUC,0.9195831448659494
Melody-MT,GSM5652189_Kidney-Tubular-Endothel-Z0000042R,SAMPLE_VALID,Accuracy,0.8822716055506641
Melody-MT,GSM5652189_Kidney-Tubular-Endothel-Z0000042R,SAMPLE_VALID,MAE,0.1452943241770649
Melody-MT,GSM5652189_Kidney-Tubular-Endothel-Z0000042R,SAMPLE_TEST,Pearson,0.8120102428978371
Melody-MT,GSM5652189_Kidney-Tubular-Endothel-Z0000042R,SAMPLE_TEST,Spearman,0.7080762937878026
Melody-MT,GSM5652189_Kidney-Tubular-Endothel-Z0000042R,SAMPLE_TEST,AUC,0.9235961973618425
Melody-MT,GSM5652189_Kidney-Tubular-Endothel-Z0000042R,SAMPLE_TEST,Accuracy,0.8813580231870991
Melody-MT,GSM5652189_Kidney-Tubular-Endothel-Z0000042R,SAMPLE_TEST,MAE,0.1427398119504888
Melody-MT,GSM5652189_Kidney-Tubular-Endothel-Z0000042R,VALID,Pearson,0.7934902783169931
Melody-MT,GSM5652189_Kidney-Tubular-Endothel-Z0000042R,VALID,Spearman,0.6204351962291945
Melody-MT,GSM5652189_Kidney-Tubular-Endothel-Z0000042R,VALID,AUC,0.9119491453996541
Melody-MT,GSM5652189_Kidney-Tubular-Endothel-Z0000042R,VALID,Accuracy,0.909038796321169
Melody-MT,GSM5652189_Kidney-Tubular-Endothel-Z0000042R,VALID,MAE,0.1263027826736569
Melody-MT,GSM5652189_Kidney-Tubular-Endothel-Z0000042R,TEST,Pearson,0.791927353759831
Melody-MT,GSM5652189_Kidney-Tubular-Endothel-Z0000042R,TEST,Spearman,0.6181970587186479
Melody-MT,GSM5652189_Kidney-Tubular-Endothel-Z0000042R,TEST,AUC,0.9101780859110721
Melody-MT,GSM5652189_Kidney-Tubular-Endothel-Z0000042R,TEST,Accuracy,0.9079359567122292
Melody-MT,GSM5652189_Kidney-Tubular-Endothel-Z0000042R,TEST,MAE,0.126078960536283
Melody-MT,GSM5652198_Colon-Fibroblasts-Z0000042A,SAMPLE_VALID,Pearson,0.8275004299344714
Melody-MT,GSM5652198_Colon-Fibroblasts-Z0000042A,SAMPLE_VALID,Spearman,0.7747690947580144
Melody-MT,GSM5652198_Colon-Fibroblasts-Z0000042A,SAMPLE_VALID,AUC,0.923115688838435
Melody-MT,GSM5652198_Colon-Fibroblasts-Z0000042A,SAMPLE_VALID,Accuracy,0.8768230827826669
Melody-MT,GSM5652198_Colon-Fibroblasts-Z0000042A,SAMPLE_VALID,MAE,0.1256252971074832
Melody-MT,GSM5652198_Colon-Fibroblasts-Z0000042A,SAMPLE_TEST,Pearson,0.845332738162169
Melody-MT,GSM5652198_Colon-Fibroblasts-Z0000042A,SAMPLE_TEST,Spearman,0.7850160654614133
Melody-MT,GSM5652198_Colon-Fibroblasts-Z0000042A,SAMPLE_TEST,AUC,0.9281566661502212
Melody-MT,GSM5652198_Colon-Fibroblasts-Z0000042A,SAMPLE_TEST,Accuracy,0.8785418101186342
Melody-MT,GSM5652198_Colon-Fibroblasts-Z0000042A,SAMPLE_TEST,MAE,0.1243990621594831
Melody-MT,GSM5652198_Colon-Fibroblasts-Z0000042A,VALID,Pearson,0.8104546991543599
Melody-MT,GSM5652198_Colon-Fibroblasts-Z0000042A,VALID,Spearman,0.7165486336442686
Melody-MT,GSM5652198_Colon-Fibroblasts-Z0000042A,VALID,AUC,0.9081622814522795
Melody-MT,GSM5652198_Colon-Fibroblasts-Z0000042A,VALID,Accuracy,0.8982972100692503
Melody-MT,GSM5652198_Colon-Fibroblasts-Z0000042A,VALID,MAE,0.116650574172991
Melody-MT,GSM5652198_Colon-Fibroblasts-Z0000042A,TEST,Pearson,0.8079961330222025
Melody-MT,GSM5652198_Colon-Fibroblasts-Z0000042A,TEST,Spearman,0.709388143339094
Melody-MT,GSM5652198_Colon-Fibroblasts-Z0000042A,TEST,AUC,0.907351607495919
Melody-MT,GSM5652198_Colon-Fibroblasts-Z0000042A,TEST,Accuracy,0.8979154181832807
Melody-MT,GSM5652198_Colon-Fibroblasts-Z0000042A,TEST,MAE,0.1169409907922925
Melody-MT,GSM5652200_Heart-Fibroblasts-Z0000043R,SAMPLE_VALID,Pearson,0.7410693955002355
Melody-MT,GSM5652200_Heart-Fibroblasts-Z0000043R,SAMPLE_VALID,Spearman,0.6934546703685676
Melody-MT,GSM5652200_Heart-Fibroblasts-Z0000043R,SAMPLE_VALID,AUC,0.8807286062996981
Melody-MT,GSM5652200_Heart-Fibroblasts-Z0000043R,SAMPLE_VALID,Accuracy,0.7976660827214332
Melody-MT,GSM5652200_Heart-Fibroblasts-Z0000043R,SAMPLE_VALID,MAE,0.1861107945766104
Melody-MT,GSM5652200_Heart-Fibroblasts-Z0000043R,SAMPLE_TEST,Pearson,0.7673970884889649
Melody-MT,GSM5652200_Heart-Fibroblasts-Z0000043R,SAMPLE_TEST,Spearman,0.7027102554338979
Melody-MT,GSM5652200_Heart-Fibroblasts-Z0000043R,SAMPLE_TEST,AUC,0.8920256704176784
Melody-MT,GSM5652200_Heart-Fibroblasts-Z0000043R,SAMPLE_TEST,Accuracy,0.8117490047740341
Melody-MT,GSM5652200_Heart-Fibroblasts-Z0000043R,SAMPLE_TEST,MAE,0.1743635486821684
Melody-MT,GSM5652200_Heart-Fibroblasts-Z0000043R,VALID,Pearson,0.7160159100862985
Melody-MT,GSM5652200_Heart-Fibroblasts-Z0000043R,VALID,Spearman,0.6826159440038682
Melody-MT,GSM5652200_Heart-Fibroblasts-Z0000043R,VALID,AUC,0.8569218494368227
Melody-MT,GSM5652200_Heart-Fibroblasts-Z0000043R,VALID,Accuracy,0.771668841546887
Melody-MT,GSM5652200_Heart-Fibroblasts-Z0000043R,VALID,MAE,0.1775773122158331
Melody-MT,GSM5652200_Heart-Fibroblasts-Z0000043R,TEST,Pearson,0.7165406659270649
Melody-MT,GSM5652200_Heart-Fibroblasts-Z0000043R,TEST,Spearman,0.6900862604372171
Melody-MT,GSM5652200_Heart-Fibroblasts-Z0000043R,TEST,AUC,0.856498284574134
Melody-MT,GSM5652200_Heart-Fibroblasts-Z0000043R,TEST,Accuracy,0.7721415940391694
Melody-MT,GSM5652200_Heart-Fibroblasts-Z0000043R,TEST,MAE,0.1765594834555874
Melody-MT,GSM5652204_Dermal-Fibroblasts-Z00000423,SAMPLE_VALID,Pearson,0.7803615260019592
Melody-MT,GSM5652204_Dermal-Fibroblasts-Z00000423,SAMPLE_VALID,Spearman,0.7346665874652544
Melody-MT,GSM5652204_Dermal-Fibroblasts-Z00000423,SAMPLE_VALID,AUC,0.9028712364433535
Melody-MT,GSM5652204_Dermal-Fibroblasts-Z00000423,SAMPLE_VALID,Accuracy,0.8565402673339693
Melody-MT,GSM5652204_Dermal-Fibroblasts-Z00000423,SAMPLE_VALID,MAE,0.1505317335045372
Melody-MT,GSM5652204_Dermal-Fibroblasts-Z00000423,SAMPLE_TEST,Pearson,0.8282731818951378
Melody-MT,GSM5652204_Dermal-Fibroblasts-Z00000423,SAMPLE_TEST,Spearman,0.7490961996024731
Melody-MT,GSM5652204_Dermal-Fibroblasts-Z00000423,SAMPLE_TEST,AUC,0.9240408996581759
Melody-MT,GSM5652204_Dermal-Fibroblasts-Z00000423,SAMPLE_TEST,Accuracy,0.8745028756497936
Melody-MT,GSM5652204_Dermal-Fibroblasts-Z00000423,SAMPLE_TEST,MAE,0.1371363083627993
Melody-MT,GSM5652204_Dermal-Fibroblasts-Z00000423,VALID,Pearson,0.7792621935055867
Melody-MT,GSM5652204_Dermal-Fibroblasts-Z00000423,VALID,Spearman,0.6890534058628126
Melody-MT,GSM5652204_Dermal-Fibroblasts-Z00000423,VALID,AUC,0.8971472783387159
Melody-MT,GSM5652204_Dermal-Fibroblasts-Z00000423,VALID,Accuracy,0.8738288921302885
Melody-MT,GSM5652204_Dermal-Fibroblasts-Z00000423,VALID,MAE,0.1328785110816854
Melody-MT,GSM5652204_Dermal-Fibroblasts-Z00000423,TEST,Pearson,0.7795331569229227
Melody-MT,GSM5652204_Dermal-Fibroblasts-Z00000423,TEST,Spearman,0.6884100772975704
Melody-MT,GSM5652204_Dermal-Fibroblasts-Z00000423,TEST,AUC,0.8965626775582946
Melody-MT,GSM5652204_Dermal-Fibroblasts-Z00000423,TEST,Accuracy,0.8733721096105475
Melody-MT,GSM5652204_Dermal-Fibroblasts-Z00000423,TEST,MAE,0.1327779976503045
Melody-MT,GSM5652205_Skeletal-Muscle-Z00000427,SAMPLE_VALID,Pearson,0.7989614216865457
Melody-MT,GSM5652205_Skeletal-Muscle-Z00000427,SAMPLE_VALID,Spearman,0.7481487154792255
Melody-MT,GSM5652205_Skeletal-Muscle-Z00000427,SAMPLE_VALID,AUC,0.9006644602840042
Melody-MT,GSM5652205_Skeletal-Muscle-Z00000427,SAMPLE_VALID,Accuracy,0.8558651498816561
Melody-MT,GSM5652205_Skeletal-Muscle-Z00000427,SAMPLE_VALID,MAE,0.1439964842477424
Melody-MT,GSM5652205_Skeletal-Muscle-Z00000427,SAMPLE_TEST,Pearson,0.8202483440623709
Melody-MT,GSM5652205_Skeletal-Muscle-Z00000427,SAMPLE_TEST,Spearman,0.7593047828289492
Melody-MT,GSM5652205_Skeletal-Muscle-Z00000427,SAMPLE_TEST,AUC,0.909682727590934
Melody-MT,GSM5652205_Skeletal-Muscle-Z00000427,SAMPLE_TEST,Accuracy,0.8587176513913364
Melody-MT,GSM5652205_Skeletal-Muscle-Z00000427,SAMPLE_TEST,MAE,0.1397460104932375
Melody-MT,GSM5652205_Skeletal-Muscle-Z00000427,VALID,Pearson,0.7948576771712609
Melody-MT,GSM5652205_Skeletal-Muscle-Z00000427,VALID,Spearman,0.6754794537542048
Melody-MT,GSM5652205_Skeletal-Muscle-Z00000427,VALID,AUC,0.8983832954821981
Melody-MT,GSM5652205_Skeletal-Muscle-Z00000427,VALID,Accuracy,0.8925699983546366
Melody-MT,GSM5652205_Skeletal-Muscle-Z00000427,VALID,MAE,0.1270891033043664
Melody-MT,GSM5652205_Skeletal-Muscle-Z00000427,TEST,Pearson,0.7947410859531866
Melody-MT,GSM5652205_Skeletal-Muscle-Z00000427,TEST,Spearman,0.6798520181608794
Melody-MT,GSM5652205_Skeletal-Muscle-Z00000427,TEST,AUC,0.8996020140346882
Melody-MT,GSM5652205_Skeletal-Muscle-Z00000427,TEST,Accuracy,0.894527451474666
Melody-MT,GSM5652205_Skeletal-Muscle-Z00000427,TEST,MAE,0.1268205705132743
Melody-MT,GSM5652207_Aorta-Smooth-Muscle-Z0000041U,SAMPLE_VALID,Pearson,0.7779710194856584
Melody-MT,GSM5652207_Aorta-Smooth-Muscle-Z0000041U,SAMPLE_VALID,Spearman,0.7327451097692074
Melody-MT,GSM5652207_Aorta-Smooth-Muscle-Z0000041U,SAMPLE_VALID,AUC,0.8993949478791632
Melody-MT,GSM5652207_Aorta-Smooth-Muscle-Z0000041U,SAMPLE_VALID,Accuracy,0.8200989253169572
Melody-MT,GSM5652207_Aorta-Smooth-Muscle-Z0000041U,SAMPLE_VALID,MAE,0.1629712371195551
Melody-MT,GSM5652207_Aorta-Smooth-Muscle-Z0000041U,SAMPLE_TEST,Pearson,0.8039399872447015
Melody-MT,GSM5652207_Aorta-Smooth-Muscle-Z0000041U,SAMPLE_TEST,Spearman,0.7562484152420232
Melody-MT,GSM5652207_Aorta-Smooth-Muscle-Z0000041U,SAMPLE_TEST,AUC,0.9093108838635834
Melody-MT,GSM5652207_Aorta-Smooth-Muscle-Z0000041U,SAMPLE_TEST,Accuracy,0.8305409512232184
Melody-MT,GSM5652207_Aorta-Smooth-Muscle-Z0000041U,SAMPLE_TEST,MAE,0.1517439524298091
Melody-MT,GSM5652207_Aorta-Smooth-Muscle-Z0000041U,VALID,Pearson,0.7556910368226425
Melody-MT,GSM5652207_Aorta-Smooth-Muscle-Z0000041U,VALID,Spearman,0.7157511720099203
Melody-MT,GSM5652207_Aorta-Smooth-Muscle-Z0000041U,VALID,AUC,0.8768578887179428
Melody-MT,GSM5652207_Aorta-Smooth-Muscle-Z0000041U,VALID,Accuracy,0.8052694126030503
Melody-MT,GSM5652207_Aorta-Smooth-Muscle-Z0000041U,VALID,MAE,0.1478749907982858
Melody-MT,GSM5652207_Aorta-Smooth-Muscle-Z0000041U,TEST,Pearson,0.753509677299041
Melody-MT,GSM5652207_Aorta-Smooth-Muscle-Z0000041U,TEST,Spearman,0.7074255178457443
Melody-MT,GSM5652207_Aorta-Smooth-Muscle-Z0000041U,TEST,AUC,0.8740003462247654
Melody-MT,GSM5652207_Aorta-Smooth-Muscle-Z0000041U,TEST,Accuracy,0.801411537808301
Melody-MT,GSM5652207_Aorta-Smooth-Muscle-Z0000041U,TEST,MAE,0.1477706058343428
Melody-MT,GSM5652215_Heart-Cardiomyocyte-Z0000044P,SAMPLE_VALID,Pearson,0.7206208303755189
Melody-MT,GSM5652215_Heart-Cardiomyocyte-Z0000044P,SAMPLE_VALID,Spearman,0.6308044049766155
Melody-MT,GSM5652215_Heart-Cardiomyocyte-Z0000044P,SAMPLE_VALID,AUC,0.8851292567497633
Melody-MT,GSM5652215_Heart-Cardiomyocyte-Z0000044P,SAMPLE_VALID,Accuracy,0.8365684793554884
Melody-MT,GSM5652215_Heart-Cardiomyocyte-Z0000044P,SAMPLE_VALID,MAE,0.2034702162047859
Melody-MT,GSM5652215_Heart-Cardiomyocyte-Z0000044P,SAMPLE_TEST,Pearson,0.7228600260193181
Melody-MT,GSM5652215_Heart-Cardiomyocyte-Z0000044P,SAMPLE_TEST,Spearman,0.610133824866571
Melody-MT,GSM5652215_Heart-Cardiomyocyte-Z0000044P,SAMPLE_TEST,AUC,0.882902016890207
Melody-MT,GSM5652215_Heart-Cardiomyocyte-Z0000044P,SAMPLE_TEST,Accuracy,0.8340515499176072
Melody-MT,GSM5652215_Heart-Cardiomyocyte-Z0000044P,SAMPLE_TEST,MAE,0.2037738293737568
Melody-MT,GSM5652215_Heart-Cardiomyocyte-Z0000044P,VALID,Pearson,0.7029098132589275
Melody-MT,GSM5652215_Heart-Cardiomyocyte-Z0000044P,VALID,Spearman,0.5196806429186119
Melody-MT,GSM5652215_Heart-Cardiomyocyte-Z0000044P,VALID,AUC,0.8680790112763191
Melody-MT,GSM5652215_Heart-Cardiomyocyte-Z0000044P,VALID,Accuracy,0.8738107756530252
Melody-MT,GSM5652215_Heart-Cardiomyocyte-Z0000044P,VALID,MAE,0.1848619915877484
Melody-MT,GSM5652215_Heart-Cardiomyocyte-Z0000044P,TEST,Pearson,0.6969838687232469
Melody-MT,GSM5652215_Heart-Cardiomyocyte-Z0000044P,TEST,Spearman,0.5130968350535019
Melody-MT,GSM5652215_Heart-Cardiomyocyte-Z0000044P,TEST,AUC,0.8659522166383551
Melody-MT,GSM5652215_Heart-Cardiomyocyte-Z0000044P,TEST,Accuracy,0.8736592009322773
Melody-MT,GSM5652215_Heart-Cardiomyocyte-Z0000044P,TEST,MAE,0.1857495872634225
Melody-MT,GSM5652218_Bone-Osteoblasts-Z0000042Z,SAMPLE_VALID,Pearson,0.7804838731526067
Melody-MT,GSM5652218_Bone-Osteoblasts-Z0000042Z,SAMPLE_VALID,Spearman,0.7355790587366886
Melody-MT,GSM5652218_Bone-Osteoblasts-Z0000042Z,SAMPLE_VALID,AUC,0.9025204618939154
Melody-MT,GSM5652218_Bone-Osteoblasts-Z0000042Z,SAMPLE_VALID,Accuracy,0.8283638457395105
Melody-MT,GSM5652218_Bone-Osteoblasts-Z0000042Z,SAMPLE_VALID,MAE,0.166328753493419
Melody-MT,GSM5652218_Bone-Osteoblasts-Z0000042Z,SAMPLE_TEST,Pearson,0.8051025400113585
Melody-MT,GSM5652218_Bone-Osteoblasts-Z0000042Z,SAMPLE_TEST,Spearman,0.7624976226146429
Melody-MT,GSM5652218_Bone-Osteoblasts-Z0000042Z,SAMPLE_TEST,AUC,0.911537254579964
Melody-MT,GSM5652218_Bone-Osteoblasts-Z0000042Z,SAMPLE_TEST,Accuracy,0.835952293388367
Melody-MT,GSM5652218_Bone-Osteoblasts-Z0000042Z,SAMPLE_TEST,MAE,0.157564544258239
Melody-MT,GSM5652218_Bone-Osteoblasts-Z0000042Z,VALID,Pearson,0.7626342168418149
Melody-MT,GSM5652218_Bone-Osteoblasts-Z0000042Z,VALID,Spearman,0.7157327084403217
Melody-MT,GSM5652218_Bone-Osteoblasts-Z0000042Z,VALID,AUC,0.8842915280495877
Melody-MT,GSM5652218_Bone-Osteoblasts-Z0000042Z,VALID,Accuracy,0.8228364245081773
Melody-MT,GSM5652218_Bone-Osteoblasts-Z0000042Z,VALID,MAE,0.1518673972836839
Melody-MT,GSM5652218_Bone-Osteoblasts-Z0000042Z,TEST,Pearson,0.7596610325692003
Melody-MT,GSM5652218_Bone-Osteoblasts-Z0000042Z,TEST,Spearman,0.7223166268209732
Melody-MT,GSM5652218_Bone-Osteoblasts-Z0000042Z,TEST,AUC,0.8833632588796827
Melody-MT,GSM5652218_Bone-Osteoblasts-Z0000042Z,TEST,Accuracy,0.8194817451416121
Melody-MT,GSM5652218_Bone-Osteoblasts-Z0000042Z,TEST,MAE,0.1532787389166047
Melody-MT,GSM5652219_Oligodendrocytes-Z000000TK,SAMPLE_VALID,Pearson,0.8077727938510768
Melody-MT,GSM5652219_Oligodendrocytes-Z000000TK,SAMPLE_VALID,Spearman,0.6580052247940007
Melody-MT,GSM5652219_Oligodendrocytes-Z000000TK,SAMPLE_VALID,AUC,0.9214386710602641
Melody-MT,GSM5652219_Oligodendrocytes-Z000000TK,SAMPLE_VALID,Accuracy,0.8881691449814126
Melody-MT,GSM5652219_Oligodendrocytes-Z000000TK,SAMPLE_VALID,MAE,0.1375430768910683
Melody-MT,GSM5652219_Oligodendrocytes-Z000000TK,SAMPLE_TEST,Pearson,0.8261190795003304
Melody-MT,GSM5652219_Oligodendrocytes-Z000000TK,SAMPLE_TEST,Spearman,0.6974116946311933
Melody-MT,GSM5652219_Oligodendrocytes-Z000000TK,SAMPLE_TEST,AUC,0.9320987277322287
Melody-MT,GSM5652219_Oligodendrocytes-Z000000TK,SAMPLE_TEST,Accuracy,0.8900126633403888
Melody-MT,GSM5652219_Oligodendrocytes-Z000000TK,SAMPLE_TEST,MAE,0.1362192975456219
Melody-MT,GSM5652219_Oligodendrocytes-Z000000TK,VALID,Pearson,0.7972554596581364
Melody-MT,GSM5652219_Oligodendrocytes-Z000000TK,VALID,Spearman,0.5795017768359432
Melody-MT,GSM5652219_Oligodendrocytes-Z000000TK,VALID,AUC,0.9138093347900567
Melody-MT,GSM5652219_Oligodendrocytes-Z000000TK,VALID,Accuracy,0.9173795332922048
Melody-MT,GSM5652219_Oligodendrocytes-Z000000TK,VALID,MAE,0.120563349354482
Melody-MT,GSM5652219_Oligodendrocytes-Z000000TK,TEST,Pearson,0.7964998443492725
Melody-MT,GSM5652219_Oligodendrocytes-Z000000TK,TEST,Spearman,0.5734905235437745
Melody-MT,GSM5652219_Oligodendrocytes-Z000000TK,TEST,AUC,0.9137233111224564
Melody-MT,GSM5652219_Oligodendrocytes-Z000000TK,TEST,Accuracy,0.919194556114751
Melody-MT,GSM5652219_Oligodendrocytes-Z000000TK,TEST,MAE,0.1206232002439952
Melody-MT,GSM5652223_Cortex-Neuron-Z000000TF,SAMPLE_VALID,Pearson,0.8402969137253545
Melody-MT,GSM5652223_Cortex-Neuron-Z000000TF,SAMPLE_VALID,Spearman,0.7191688835768668
Melody-MT,GSM5652223_Cortex-Neuron-Z000000TF,SAMPLE_VALID,AUC,0.9327310951698635
Melody-MT,GSM5652223_Cortex-Neuron-Z000000TF,SAMPLE_VALID,Accuracy,0.9085170079833391
Melody-MT,GSM5652223_Cortex-Neuron-Z000000TF,SAMPLE_VALID,MAE,0.1140259699398094
Melody-MT,GSM5652223_Cortex-Neuron-Z000000TF,SAMPLE_TEST,Pearson,0.8621287231815045
Melody-MT,GSM5652223_Cortex-Neuron-Z000000TF,SAMPLE_TEST,Spearman,0.7276494246678874
Melody-MT,GSM5652223_Cortex-Neuron-Z000000TF,SAMPLE_TEST,AUC,0.9437502087126011
Melody-MT,GSM5652223_Cortex-Neuron-Z000000TF,SAMPLE_TEST,Accuracy,0.9118466549584643
Melody-MT,GSM5652223_Cortex-Neuron-Z000000TF,SAMPLE_TEST,MAE,0.1126917862787951
Melody-MT,GSM5652223_Cortex-Neuron-Z000000TF,VALID,Pearson,0.8215487393785905
Melody-MT,GSM5652223_Cortex-Neuron-Z000000TF,VALID,Spearman,0.604464235513619
Melody-MT,GSM5652223_Cortex-Neuron-Z000000TF,VALID,AUC,0.9189456309347568
Melody-MT,GSM5652223_Cortex-Neuron-Z000000TF,VALID,Accuracy,0.9373635867757402
Melody-MT,GSM5652223_Cortex-Neuron-Z000000TF,VALID,MAE,0.1043782861125237
Melody-MT,GSM5652223_Cortex-Neuron-Z000000TF,TEST,Pearson,0.8187986405470662
Melody-MT,GSM5652223_Cortex-Neuron-Z000000TF,TEST,Spearman,0.6106504638660579
Melody-MT,GSM5652223_Cortex-Neuron-Z000000TF,TEST,AUC,0.9180418697685798
Melody-MT,GSM5652223_Cortex-Neuron-Z000000TF,TEST,Accuracy,0.9378169892879412
Melody-MT,GSM5652223_Cortex-Neuron-Z000000TF,TEST,MAE,0.1054639759355824
Melody-MT,GSM5652233_Liver-Hepatocytes-Z000000R3,SAMPLE_VALID,Pearson,0.7967357325573132
Melody-MT,GSM5652233_Liver-Hepatocytes-Z000000R3,SAMPLE_VALID,Spearman,0.6594427887376386
Melody-MT,GSM5652233_Liver-Hepatocytes-Z000000R3,SAMPLE_VALID,AUC,0.9234425757915945
Melody-MT,GSM5652233_Liver-Hepatocytes-Z000000R3,SAMPLE_VALID,Accuracy,0.8913106736007925
Melody-MT,GSM5652233_Liver-Hepatocytes-Z000000R3,SAMPLE_VALID,MAE,0.1453310439514804
Melody-MT,GSM5652233_Liver-Hepatocytes-Z000000R3,SAMPLE_TEST,Pearson,0.8107019116447478
Melody-MT,GSM5652233_Liver-Hepatocytes-Z000000R3,SAMPLE_TEST,Spearman,0.687846887188598
Melody-MT,GSM5652233_Liver-Hepatocytes-Z000000R3,SAMPLE_TEST,AUC,0.9270479938760732
Melody-MT,GSM5652233_Liver-Hepatocytes-Z000000R3,SAMPLE_TEST,Accuracy,0.8853772825694147
Melody-MT,GSM5652233_Liver-Hepatocytes-Z000000R3,SAMPLE_TEST,MAE,0.1444134470645929
Melody-MT,GSM5652233_Liver-Hepatocytes-Z000000R3,VALID,Pearson,0.7841647779996348
Melody-MT,GSM5652233_Liver-Hepatocytes-Z000000R3,VALID,Spearman,0.6412136185854178
Melody-MT,GSM5652233_Liver-Hepatocytes-Z000000R3,VALID,AUC,0.9056341597373064
Melody-MT,GSM5652233_Liver-Hepatocytes-Z000000R3,VALID,Accuracy,0.9001146143700918
Melody-MT,GSM5652233_Liver-Hepatocytes-Z000000R3,VALID,MAE,0.1276412966056054
Melody-MT,GSM5652233_Liver-Hepatocytes-Z000000R3,TEST,Pearson,0.7771663532444025
Melody-MT,GSM5652233_Liver-Hepatocytes-Z000000R3,TEST,Spearman,0.6465509405040837
Melody-MT,GSM5652233_Liver-Hepatocytes-Z000000R3,TEST,AUC,0.9010782601072616
Melody-MT,GSM5652233_Liver-Hepatocytes-Z000000R3,TEST,Accuracy,0.8929153777422237
Melody-MT,GSM5652233_Liver-Hepatocytes-Z000000R3,TEST,MAE,0.129297746845978
Melody-MT,GSM5652239_Pancreas-Duct-Z0000043T,SAMPLE_VALID,Pearson,0.7857027732083739
Melody-MT,GSM5652239_Pancreas-Duct-Z0000043T,SAMPLE_VALID,Spearman,0.6744232932034447
Melody-MT,GSM5652239_Pancreas-Duct-Z0000043T,SAMPLE_VALID,AUC,0.9175874636638504
Melody-MT,GSM5652239_Pancreas-Duct-Z0000043T,SAMPLE_VALID,Accuracy,0.8806102350011769
Melody-MT,GSM5652239_Pancreas-Duct-Z0000043T,SAMPLE_VALID,MAE,0.147847899065508
Melody-MT,GSM5652239_Pancreas-Duct-Z0000043T,SAMPLE_TEST,Pearson,0.7973873628093495
Melody-MT,GSM5652239_Pancreas-Duct-Z0000043T,SAMPLE_TEST,Spearman,0.6835871980966993
Melody-MT,GSM5652239_Pancreas-Duct-Z0000043T,SAMPLE_TEST,AUC,0.9196978611843468
Melody-MT,GSM5652239_Pancreas-Duct-Z0000043T,SAMPLE_TEST,Accuracy,0.8786127869658814
Melody-MT,GSM5652239_Pancreas-Duct-Z0000043T,SAMPLE_TEST,MAE,0.1463322839043655
Melody-MT,GSM5652239_Pancreas-Duct-Z0000043T,VALID,Pearson,0.7864604343904467
Melody-MT,GSM5652239_Pancreas-Duct-Z0000043T,VALID,Spearman,0.5898231308860019
Melody-MT,GSM5652239_Pancreas-Duct-Z0000043T,VALID,AUC,0.9097014790796171
Melody-MT,GSM5652239_Pancreas-Duct-Z0000043T,VALID,Accuracy,0.9132786822113041
Melody-MT,GSM5652239_Pancreas-Duct-Z0000043T,VALID,MAE,0.1237029238194988
Melody-MT,GSM5652239_Pancreas-Duct-Z0000043T,TEST,Pearson,0.7831963391778011
Melody-MT,GSM5652239_Pancreas-Duct-Z0000043T,TEST,Spearman,0.5991123382306218
Melody-MT,GSM5652239_Pancreas-Duct-Z0000043T,TEST,AUC,0.9073287306991819
Melody-MT,GSM5652239_Pancreas-Duct-Z0000043T,TEST,Accuracy,0.9109300413379459
Melody-MT,GSM5652239_Pancreas-Duct-Z0000043T,TEST,MAE,0.1231205147142442
Melody-MT,GSM5652243_Pancreas-Acinar-Z000000QX,SAMPLE_VALID,Pearson,0.7275627172283692
Melody-MT,GSM5652243_Pancreas-Acinar-Z000000QX,SAMPLE_VALID,Spearman,0.6788067160748268
Melody-MT,GSM5652243_Pancreas-Acinar-Z000000QX,SAMPLE_VALID,AUC,0.8836703112342731
Melody-MT,GSM5652243_Pancreas-Acinar-Z000000QX,SAMPLE_VALID,Accuracy,0.8296173415700013
Melody-MT,GSM5652243_Pancreas-Acinar-Z000000QX,SAMPLE_VALID,MAE,0.1828637019442168
Melody-MT,GSM5652243_Pancreas-Acinar-Z000000QX,SAMPLE_TEST,Pearson,0.7653367666892767
Melody-MT,GSM5652243_Pancreas-Acinar-Z000000QX,SAMPLE_TEST,Spearman,0.695173529146625
Melody-MT,GSM5652243_Pancreas-Acinar-Z000000QX,SAMPLE_TEST,AUC,0.8996304315013364
Melody-MT,GSM5652243_Pancreas-Acinar-Z000000QX,SAMPLE_TEST,Accuracy,0.8390187369545168
Melody-MT,GSM5652243_Pancreas-Acinar-Z000000QX,SAMPLE_TEST,MAE,0.1754973643370099
Melody-MT,GSM5652243_Pancreas-Acinar-Z000000QX,VALID,Pearson,0.7498059706589162
Melody-MT,GSM5652243_Pancreas-Acinar-Z000000QX,VALID,Spearman,0.6988145538251558
Melody-MT,GSM5652243_Pancreas-Acinar-Z000000QX,VALID,AUC,0.8855758260206824
Melody-MT,GSM5652243_Pancreas-Acinar-Z000000QX,VALID,Accuracy,0.8336767880674012
Melody-MT,GSM5652243_Pancreas-Acinar-Z000000QX,VALID,MAE,0.1589535461217636
Melody-MT,GSM5652243_Pancreas-Acinar-Z000000QX,TEST,Pearson,0.752518246834121
Melody-MT,GSM5652243_Pancreas-Acinar-Z000000QX,TEST,Spearman,0.6891629442959842
Melody-MT,GSM5652243_Pancreas-Acinar-Z000000QX,TEST,AUC,0.8846340678581391
Melody-MT,GSM5652243_Pancreas-Acinar-Z000000QX,TEST,Accuracy,0.8320672021912191
Melody-MT,GSM5652243_Pancreas-Acinar-Z000000QX,TEST,MAE,0.1576110821942379
Melody-MT,GSM5652247_Pancreas-Delta-Z00000451,SAMPLE_VALID,Pearson,0.79456502489307
Melody-MT,GSM5652247_Pancreas-Delta-Z00000451,SAMPLE_VALID,Spearman,0.6633853246623601
Melody-MT,GSM5652247_Pancreas-Delta-Z00000451,SAMPLE_VALID,AUC,0.9201424053044003
Melody-MT,GSM5652247_Pancreas-Delta-Z00000451,SAMPLE_VALID,Accuracy,0.8863347805352376
Melody-MT,GSM5652247_Pancreas-Delta-Z00000451,SAMPLE_VALID,MAE,0.1478118383732307
Melody-MT,GSM5652247_Pancreas-Delta-Z00000451,SAMPLE_TEST,Pearson,0.8034799922769171
Melody-MT,GSM5652247_Pancreas-Delta-Z00000451,SAMPLE_TEST,Spearman,0.6908056197462772
Melody-MT,GSM5652247_Pancreas-Delta-Z00000451,SAMPLE_TEST,AUC,0.923362380666741
Melody-MT,GSM5652247_Pancreas-Delta-Z00000451,SAMPLE_TEST,Accuracy,0.8809992586380817
Melody-MT,GSM5652247_Pancreas-Delta-Z00000451,SAMPLE_TEST,MAE,0.1482147123334026
Melody-MT,GSM5652247_Pancreas-Delta-Z00000451,VALID,Pearson,0.7770209518361729
Melody-MT,GSM5652247_Pancreas-Delta-Z00000451,VALID,Spearman,0.6188103829607836
Melody-MT,GSM5652247_Pancreas-Delta-Z00000451,VALID,AUC,0.9070326403564128
Melody-MT,GSM5652247_Pancreas-Delta-Z00000451,VALID,Accuracy,0.9037276659603211
Melody-MT,GSM5652247_Pancreas-Delta-Z00000451,VALID,MAE,0.133669343412682
Melody-MT,GSM5652247_Pancreas-Delta-Z00000451,TEST,Pearson,0.7739368780538232
Melody-MT,GSM5652247_Pancreas-Delta-Z00000451,TEST,Spearman,0.6171682917154425
Melody-MT,GSM5652247_Pancreas-Delta-Z00000451,TEST,AUC,0.9039783670962206
Melody-MT,GSM5652247_Pancreas-Delta-Z00000451,TEST,Accuracy,0.9023926208053773
Melody-MT,GSM5652247_Pancreas-Delta-Z00000451,TEST,MAE,0.1338632115941852
Melody-MT,GSM5652250_Pancreas-Beta-Z00000452,SAMPLE_VALID,Pearson,0.7693331861646023
Melody-MT,GSM5652250_Pancreas-Beta-Z00000452,SAMPLE_VALID,Spearman,0.6495011279777305
Melody-MT,GSM5652250_Pancreas-Beta-Z00000452,SAMPLE_VALID,AUC,0.9078911025385034
Melody-MT,GSM5652250_Pancreas-Beta-Z00000452,SAMPLE_VALID,Accuracy,0.8787493031035124
Melody-MT,GSM5652250_Pancreas-Beta-Z00000452,SAMPLE_VALID,MAE,0.1519434549001461
Melody-MT,GSM5652250_Pancreas-Beta-Z00000452,SAMPLE_TEST,Pearson,0.789877277355809
Melody-MT,GSM5652250_Pancreas-Beta-Z00000452,SAMPLE_TEST,Spearman,0.6728512149326599
Melody-MT,GSM5652250_Pancreas-Beta-Z00000452,SAMPLE_TEST,AUC,0.9187362252190284
Melody-MT,GSM5652250_Pancreas-Beta-Z00000452,SAMPLE_TEST,Accuracy,0.8793171025166577
Melody-MT,GSM5652250_Pancreas-Beta-Z00000452,SAMPLE_TEST,MAE,0.1497955044110932
Melody-MT,GSM5652250_Pancreas-Beta-Z00000452,VALID,Pearson,0.7766027856143289
Melody-MT,GSM5652250_Pancreas-Beta-Z00000452,VALID,Spearman,0.5970574204753378
Melody-MT,GSM5652250_Pancreas-Beta-Z00000452,VALID,AUC,0.9061009885943052
Melody-MT,GSM5652250_Pancreas-Beta-Z00000452,VALID,Accuracy,0.9091813985479104
Melody-MT,GSM5652250_Pancreas-Beta-Z00000452,VALID,MAE,0.1304566991295985
Melody-MT,GSM5652250_Pancreas-Beta-Z00000452,TEST,Pearson,0.7731925762288449
Melody-MT,GSM5652250_Pancreas-Beta-Z00000452,TEST,Spearman,0.5824959574126126
Melody-MT,GSM5652250_Pancreas-Beta-Z00000452,TEST,AUC,0.9038564605385759
Melody-MT,GSM5652250_Pancreas-Beta-Z00000452,TEST,Accuracy,0.9083164339487587
Melody-MT,GSM5652250_Pancreas-Beta-Z00000452,TEST,MAE,0.1306120216104528
Melody-MT,GSM5652253_Pancreas-Alpha-Z00000453,SAMPLE_VALID,Pearson,0.7911510232819496
Melody-MT,GSM5652253_Pancreas-Alpha-Z00000453,SAMPLE_VALID,Spearman,0.6622710000402499
Melody-MT,GSM5652253_Pancreas-Alpha-Z00000453,SAMPLE_VALID,AUC,0.9182002195014197
Melody-MT,GSM5652253_Pancreas-Alpha-Z00000453,SAMPLE_VALID,Accuracy,0.8851601042395281
Melody-MT,GSM5652253_Pancreas-Alpha-Z00000453,SAMPLE_VALID,MAE,0.1461691015692534
Melody-MT,GSM5652253_Pancreas-Alpha-Z00000453,SAMPLE_TEST,Pearson,0.8066912156921541
Melody-MT,GSM5652253_Pancreas-Alpha-Z00000453,SAMPLE_TEST,Spearman,0.6768699775861776
Melody-MT,GSM5652253_Pancreas-Alpha-Z00000453,SAMPLE_TEST,AUC,0.9251417827917309
Melody-MT,GSM5652253_Pancreas-Alpha-Z00000453,SAMPLE_TEST,Accuracy,0.8855135647147403
Melody-MT,GSM5652253_Pancreas-Alpha-Z00000453,SAMPLE_TEST,MAE,0.1455846388117875
Melody-MT,GSM5652253_Pancreas-Alpha-Z00000453,VALID,Pearson,0.7767624964817644
Melody-MT,GSM5652253_Pancreas-Alpha-Z00000453,VALID,Spearman,0.6165492860033924
Melody-MT,GSM5652253_Pancreas-Alpha-Z00000453,VALID,AUC,0.9044130513615486
Melody-MT,GSM5652253_Pancreas-Alpha-Z00000453,VALID,Accuracy,0.9035301971895201
Melody-MT,GSM5652253_Pancreas-Alpha-Z00000453,VALID,MAE,0.1295481655476873
Melody-MT,GSM5652253_Pancreas-Alpha-Z00000453,TEST,Pearson,0.7737789071844733
Melody-MT,GSM5652253_Pancreas-Alpha-Z00000453,TEST,Spearman,0.623483467489592
Melody-MT,GSM5652253_Pancreas-Alpha-Z00000453,TEST,AUC,0.9032151319846213
Melody-MT,GSM5652253_Pancreas-Alpha-Z00000453,TEST,Accuracy,0.9038830957203907
Melody-MT,GSM5652253_Pancreas-Alpha-Z00000453,TEST,MAE,0.1315550741195831
Melody-MT,GSM5652264_Thyroid-Epithelial-Z0000042S,SAMPLE_VALID,Pearson,0.7822929699244264
Melody-MT,GSM5652264_Thyroid-Epithelial-Z0000042S,SAMPLE_VALID,Spearman,0.6571850183229218
Melody-MT,GSM5652264_Thyroid-Epithelial-Z0000042S,SAMPLE_VALID,AUC,0.9134386241166568
Melody-MT,GSM5652264_Thyroid-Epithelial-Z0000042S,SAMPLE_VALID,Accuracy,0.8742832373521581
Melody-MT,GSM5652264_Thyroid-Epithelial-Z0000042S,SAMPLE_VALID,MAE,0.1509986645986754
Melody-MT,GSM5652264_Thyroid-Epithelial-Z0000042S,SAMPLE_TEST,Pearson,0.8106822184193855
Melody-MT,GSM5652264_Thyroid-Epithelial-Z0000042S,SAMPLE_TEST,Spearman,0.6826666405180111
Melody-MT,GSM5652264_Thyroid-Epithelial-Z0000042S,SAMPLE_TEST,AUC,0.925685678726106
Melody-MT,GSM5652264_Thyroid-Epithelial-Z0000042S,SAMPLE_TEST,Accuracy,0.8836022936407745
Melody-MT,GSM5652264_Thyroid-Epithelial-Z0000042S,SAMPLE_TEST,MAE,0.1446924059856278
Melody-MT,GSM5652264_Thyroid-Epithelial-Z0000042S,VALID,Pearson,0.789653184946482
Melody-MT,GSM5652264_Thyroid-Epithelial-Z0000042S,VALID,Spearman,0.5926605980661954
Melody-MT,GSM5652264_Thyroid-Epithelial-Z0000042S,VALID,AUC,0.9103981746823656
Melody-MT,GSM5652264_Thyroid-Epithelial-Z0000042S,VALID,Accuracy,0.9143555791248136
Melody-MT,GSM5652264_Thyroid-Epithelial-Z0000042S,VALID,MAE,0.1253248157598702
Melody-MT,GSM5652264_Thyroid-Epithelial-Z0000042S,TEST,Pearson,0.7872421882180968
Melody-MT,GSM5652264_Thyroid-Epithelial-Z0000042S,TEST,Spearman,0.5897865017012945
Melody-MT,GSM5652264_Thyroid-Epithelial-Z0000042S,TEST,AUC,0.9091509962376336
Melody-MT,GSM5652264_Thyroid-Epithelial-Z0000042S,TEST,Accuracy,0.9154839875114565
Melody-MT,GSM5652264_Thyroid-Epithelial-Z0000042S,TEST,MAE,0.1254373073230262
Melody-MT,GSM5652267_Fallopian-Epithelial-Z000000Q7,SAMPLE_VALID,Pearson,0.8061696690477368
Melody-MT,GSM5652267_Fallopian-Epithelial-Z000000Q7,SAMPLE_VALID,Spearman,0.7176015512498333
Melody-MT,GSM5652267_Fallopian-Epithelial-Z000000Q7,SAMPLE_VALID,AUC,0.9242658175308014
Melody-MT,GSM5652267_Fallopian-Epithelial-Z000000Q7,SAMPLE_VALID,Accuracy,0.8742555009348804
Melody-MT,GSM5652267_Fallopian-Epithelial-Z000000Q7,SAMPLE_VALID,MAE,0.1494013635633783
Melody-MT,GSM5652267_Fallopian-Epithelial-Z000000Q7,SAMPLE_TEST,Pearson,0.8201693585088509
Melody-MT,GSM5652267_Fallopian-Epithelial-Z000000Q7,SAMPLE_TEST,Spearman,0.7416358712094607
Melody-MT,GSM5652267_Fallopian-Epithelial-Z000000Q7,SAMPLE_TEST,AUC,0.9284466256986518
Melody-MT,GSM5652267_Fallopian-Epithelial-Z000000Q7,SAMPLE_TEST,Accuracy,0.8741633666974394
Melody-MT,GSM5652267_Fallopian-Epithelial-Z000000Q7,SAMPLE_TEST,MAE,0.1473762465993694
Melody-MT,GSM5652267_Fallopian-Epithelial-Z000000Q7,VALID,Pearson,0.7885648260915089
Melody-MT,GSM5652267_Fallopian-Epithelial-Z000000Q7,VALID,Spearman,0.6156580720385124
Melody-MT,GSM5652267_Fallopian-Epithelial-Z000000Q7,VALID,AUC,0.9114264898007418
Melody-MT,GSM5652267_Fallopian-Epithelial-Z000000Q7,VALID,Accuracy,0.9013532423574404
Melody-MT,GSM5652267_Fallopian-Epithelial-Z000000Q7,VALID,MAE,0.1309325184150548
Melody-MT,GSM5652267_Fallopian-Epithelial-Z000000Q7,TEST,Pearson,0.7876003784531285
Melody-MT,GSM5652267_Fallopian-Epithelial-Z000000Q7,TEST,Spearman,0.608851194473745
Melody-MT,GSM5652267_Fallopian-Epithelial-Z000000Q7,TEST,AUC,0.9098021176596803
Melody-MT,GSM5652267_Fallopian-Epithelial-Z000000Q7,TEST,Accuracy,0.9011670907671574
Melody-MT,GSM5652267_Fallopian-Epithelial-Z000000Q7,TEST,MAE,0.1312030436109777
Melody-MT,GSM5652270_Ovary-Epithelial-Z000000QT,SAMPLE_VALID,Pearson,0.7798306085459493
Melody-MT,GSM5652270_Ovary-Epithelial-Z000000QT,SAMPLE_VALID,Spearman,0.6961641011934712
Melody-MT,GSM5652270_Ovary-Epithelial-Z000000QT,SAMPLE_VALID,AUC,0.9129235922647184
Melody-MT,GSM5652270_Ovary-Epithelial-Z000000QT,SAMPLE_VALID,Accuracy,0.8590151627953146
Melody-MT,GSM5652270_Ovary-Epithelial-Z000000QT,SAMPLE_VALID,MAE,0.169895337944998
Melody-MT,GSM5652270_Ovary-Epithelial-Z000000QT,SAMPLE_TEST,Pearson,0.7952176279063013
Melody-MT,GSM5652270_Ovary-Epithelial-Z000000QT,SAMPLE_TEST,Spearman,0.7151298419458986
Melody-MT,GSM5652270_Ovary-Epithelial-Z000000QT,SAMPLE_TEST,AUC,0.919010995539228
Melody-MT,GSM5652270_Ovary-Epithelial-Z000000QT,SAMPLE_TEST,Accuracy,0.860050338748007
Melody-MT,GSM5652270_Ovary-Epithelial-Z000000QT,SAMPLE_TEST,MAE,0.1670366362576304
Melody-MT,GSM5652270_Ovary-Epithelial-Z000000QT,VALID,Pearson,0.7316685416669589
Melody-MT,GSM5652270_Ovary-Epithelial-Z000000QT,VALID,Spearman,0.5922416544028161
Melody-MT,GSM5652270_Ovary-Epithelial-Z000000QT,VALID,AUC,0.8817453690650835
Melody-MT,GSM5652270_Ovary-Epithelial-Z000000QT,VALID,Accuracy,0.8582499888543788
Melody-MT,GSM5652270_Ovary-Epithelial-Z000000QT,VALID,MAE,0.1635819924335823
Melody-MT,GSM5652270_Ovary-Epithelial-Z000000QT,TEST,Pearson,0.7245592946509438
Melody-MT,GSM5652270_Ovary-Epithelial-Z000000QT,TEST,Spearman,0.5982505154391219
Melody-MT,GSM5652270_Ovary-Epithelial-Z000000QT,TEST,AUC,0.8776954822739642
Melody-MT,GSM5652270_Ovary-Epithelial-Z000000QT,TEST,Accuracy,0.8521532098645408
Melody-MT,GSM5652270_Ovary-Epithelial-Z000000QT,TEST,MAE,0.1672473371977161
Melody-MT,GSM5652274_Bone_marrow-Erythrocyte_progenitors-Z000000RF,SAMPLE_VALID,Pearson,0.7408287521160855
Melody-MT,GSM5652274_Bone_marrow-Erythrocyte_progenitors-Z000000RF,SAMPLE_VALID,Spearman,0.6753015044463546
Melody-MT,GSM5652274_Bone_marrow-Erythrocyte_progenitors-Z000000RF,SAMPLE_VALID,AUC,0.8758808822756846
Melody-MT,GSM5652274_Bone_marrow-Erythrocyte_progenitors-Z000000RF,SAMPLE_VALID,Accuracy,0.8010759673806783
Melody-MT,GSM5652274_Bone_marrow-Erythrocyte_progenitors-Z000000RF,SAMPLE_VALID,MAE,0.1391016126845552
Melody-MT,GSM5652274_Bone_marrow-Erythrocyte_progenitors-Z000000RF,SAMPLE_TEST,Pearson,0.7780265511103195
Melody-MT,GSM5652274_Bone_marrow-Erythrocyte_progenitors-Z000000RF,SAMPLE_TEST,Spearman,0.727350907549745
Melody-MT,GSM5652274_Bone_marrow-Erythrocyte_progenitors-Z000000RF,SAMPLE_TEST,AUC,0.8932510729240842
Melody-MT,GSM5652274_Bone_marrow-Erythrocyte_progenitors-Z000000RF,SAMPLE_TEST,Accuracy,0.815507493983874
Melody-MT,GSM5652274_Bone_marrow-Erythrocyte_progenitors-Z000000RF,SAMPLE_TEST,MAE,0.1366259923827048
Melody-MT,GSM5652274_Bone_marrow-Erythrocyte_progenitors-Z000000RF,VALID,Pearson,0.7792883363171053
Melody-MT,GSM5652274_Bone_marrow-Erythrocyte_progenitors-Z000000RF,VALID,Spearman,0.7214116727607159
Melody-MT,GSM5652274_Bone_marrow-Erythrocyte_progenitors-Z000000RF,VALID,AUC,0.8781972620839743
Melody-MT,GSM5652274_Bone_marrow-Erythrocyte_progenitors-Z000000RF,VALID,Accuracy,0.8038866333945334
Melody-MT,GSM5652274_Bone_marrow-Erythrocyte_progenitors-Z000000RF,VALID,MAE,0.1123621427436621
Melody-MT,GSM5652274_Bone_marrow-Erythrocyte_progenitors-Z000000RF,TEST,Pearson,0.7719982937065726
Melody-MT,GSM5652274_Bone_marrow-Erythrocyte_progenitors-Z000000RF,TEST,Spearman,0.7263360861563953
Melody-MT,GSM5652274_Bone_marrow-Erythrocyte_progenitors-Z000000RF,TEST,AUC,0.8751506637732579
Melody-MT,GSM5652274_Bone_marrow-Erythrocyte_progenitors-Z000000RF,TEST,Accuracy,0.7999906829329806
Melody-MT,GSM5652274_Bone_marrow-Erythrocyte_progenitors-Z000000RF,TEST,MAE,0.1147632682640789
Melody-MT,GSM5652277_Blood-T-CD3-Z000000TV,SAMPLE_VALID,Pearson,0.7623557225042494
Melody-MT,GSM5652277_Blood-T-CD3-Z000000TV,SAMPLE_VALID,Spearman,0.654054344321219
Melody-MT,GSM5652277_Blood-T-CD3-Z000000TV,SAMPLE_VALID,AUC,0.9046446718830843
Melody-MT,GSM5652277_Blood-T-CD3-Z000000TV,SAMPLE_VALID,Accuracy,0.883949188111702
Melody-MT,GSM5652277_Blood-T-CD3-Z000000TV,SAMPLE_VALID,MAE,0.1423046601437181
Melody-MT,GSM5652277_Blood-T-CD3-Z000000TV,SAMPLE_TEST,Pearson,0.7939123983354511
Melody-MT,GSM5652277_Blood-T-CD3-Z000000TV,SAMPLE_TEST,Spearman,0.6748013355933116
Melody-MT,GSM5652277_Blood-T-CD3-Z000000TV,SAMPLE_TEST,AUC,0.9148519048458165
Melody-MT,GSM5652277_Blood-T-CD3-Z000000TV,SAMPLE_TEST,Accuracy,0.8900122558336856
Melody-MT,GSM5652277_Blood-T-CD3-Z000000TV,SAMPLE_TEST,MAE,0.1398227218102004
Melody-MT,GSM5652277_Blood-T-CD3-Z000000TV,VALID,Pearson,0.7966168614153076
Melody-MT,GSM5652277_Blood-T-CD3-Z000000TV,VALID,Spearman,0.6782079266245541
Melody-MT,GSM5652277_Blood-T-CD3-Z000000TV,VALID,AUC,0.9085989446912622
Melody-MT,GSM5652277_Blood-T-CD3-Z000000TV,VALID,Accuracy,0.9089038189114934
Melody-MT,GSM5652277_Blood-T-CD3-Z000000TV,VALID,MAE,0.1174404377460004
Melody-MT,GSM5652277_Blood-T-CD3-Z000000TV,TEST,Pearson,0.7937280475195564
Melody-MT,GSM5652277_Blood-T-CD3-Z000000TV,TEST,Spearman,0.6844816563083306
Melody-MT,GSM5652277_Blood-T-CD3-Z000000TV,TEST,AUC,0.90769002747357
Melody-MT,GSM5652277_Blood-T-CD3-Z000000TV,TEST,Accuracy,0.9075956343816818
Melody-MT,GSM5652277_Blood-T-CD3-Z000000TV,TEST,MAE,0.1183521876433626
Melody-MT,GSM5652299_Blood-NK-Z000000TM,SAMPLE_VALID,Pearson,0.7683427010165862
Melody-MT,GSM5652299_Blood-NK-Z000000TM,SAMPLE_VALID,Spearman,0.6282370113227511
Melody-MT,GSM5652299_Blood-NK-Z000000TM,SAMPLE_VALID,AUC,0.9101093808921693
Melody-MT,GSM5652299_Blood-NK-Z000000TM,SAMPLE_VALID,Accuracy,0.890238993243285
Melody-MT,GSM5652299_Blood-NK-Z000000TM,SAMPLE_VALID,MAE,0.1409874946956675
Melody-MT,GSM5652299_Blood-NK-Z000000TM,SAMPLE_TEST,Pearson,0.8070847771315167
Melody-MT,GSM5652299_Blood-NK-Z000000TM,SAMPLE_TEST,Spearman,0.6563454409807921
Melody-MT,GSM5652299_Blood-NK-Z000000TM,SAMPLE_TEST,AUC,0.9260557610690594
Melody-MT,GSM5652299_Blood-NK-Z000000TM,SAMPLE_TEST,Accuracy,0.8972960742509005
Melody-MT,GSM5652299_Blood-NK-Z000000TM,SAMPLE_TEST,MAE,0.1345375473624475
Melody-MT,GSM5652299_Blood-NK-Z000000TM,VALID,Pearson,0.7986816520845823
Melody-MT,GSM5652299_Blood-NK-Z000000TM,VALID,Spearman,0.5900254041489259
Melody-MT,GSM5652299_Blood-NK-Z000000TM,VALID,AUC,0.910506756396797
Melody-MT,GSM5652299_Blood-NK-Z000000TM,VALID,Accuracy,0.9287241287769268
Melody-MT,GSM5652299_Blood-NK-Z000000TM,VALID,MAE,0.1118036704287454
Melody-MT,GSM5652299_Blood-NK-Z000000TM,TEST,Pearson,0.7962446158077198
Melody-MT,GSM5652299_Blood-NK-Z000000TM,TEST,Spearman,0.5989442535560918
Melody-MT,GSM5652299_Blood-NK-Z000000TM,TEST,AUC,0.9100047852872155
Melody-MT,GSM5652299_Blood-NK-Z000000TM,TEST,Accuracy,0.9292821743687916
Melody-MT,GSM5652299_Blood-NK-Z000000TM,TEST,MAE,0.1123105660875431
Melody-MT,GSM5652302_Blood-Monocytes-Z000000TP,SAMPLE_VALID,Pearson,0.7788036494488276
Melody-MT,GSM5652302_Blood-Monocytes-Z000000TP,SAMPLE_VALID,Spearman,0.6310319918994661
Melody-MT,GSM5652302_Blood-Monocytes-Z000000TP,SAMPLE_VALID,AUC,0.9212728935328052
Melody-MT,GSM5652302_Blood-Monocytes-Z000000TP,SAMPLE_VALID,Accuracy,0.8866302670476025
Melody-MT,GSM5652302_Blood-Monocytes-Z000000TP,SAMPLE_VALID,MAE,0.1469341846399541
Melody-MT,GSM5652302_Blood-Monocytes-Z000000TP,SAMPLE_TEST,Pearson,0.8044754255269142
Melody-MT,GSM5652302_Blood-Monocytes-Z000000TP,SAMPLE_TEST,Spearman,0.6610080035762427
Melody-MT,GSM5652302_Blood-Monocytes-Z000000TP,SAMPLE_TEST,AUC,0.9303291794771983
Melody-MT,GSM5652302_Blood-Monocytes-Z000000TP,SAMPLE_TEST,Accuracy,0.8924100930811788
Melody-MT,GSM5652302_Blood-Monocytes-Z000000TP,SAMPLE_TEST,MAE,0.1430757652509335
Melody-MT,GSM5652302_Blood-Monocytes-Z000000TP,VALID,Pearson,0.7922770661774748
Melody-MT,GSM5652302_Blood-Monocytes-Z000000TP,VALID,Spearman,0.5784890995243264
Melody-MT,GSM5652302_Blood-Monocytes-Z000000TP,VALID,AUC,0.9147024969848999
Melody-MT,GSM5652302_Blood-Monocytes-Z000000TP,VALID,Accuracy,0.9240785519323215
Melody-MT,GSM5652302_Blood-Monocytes-Z000000TP,VALID,MAE,0.1201507029263379
Melody-MT,GSM5652302_Blood-Monocytes-Z000000TP,TEST,Pearson,0.7903913368960077
Melody-MT,GSM5652302_Blood-Monocytes-Z000000TP,TEST,Spearman,0.5725753756092006
Melody-MT,GSM5652302_Blood-Monocytes-Z000000TP,TEST,AUC,0.9135978230342774
Melody-MT,GSM5652302_Blood-Monocytes-Z000000TP,TEST,Accuracy,0.9249717628818077
Melody-MT,GSM5652302_Blood-Monocytes-Z000000TP,TEST,MAE,0.1203705661460705
Melody-MT,GSM5652313_Blood-Granulocytes-Z000000TZ,SAMPLE_VALID,Pearson,0.7787437535866032
Melody-MT,GSM5652313_Blood-Granulocytes-Z000000TZ,SAMPLE_VALID,Spearman,0.6541644052491258
Melody-MT,GSM5652313_Blood-Granulocytes-Z000000TZ,SAMPLE_VALID,AUC,0.9195119937973999
Melody-MT,GSM5652313_Blood-Granulocytes-Z000000TZ,SAMPLE_VALID,Accuracy,0.8838209343363983
Melody-MT,GSM5652313_Blood-Granulocytes-Z000000TZ,SAMPLE_VALID,MAE,0.1461038307523558
Melody-MT,GSM5652313_Blood-Granulocytes-Z000000TZ,SAMPLE_TEST,Pearson,0.8051966024421907
Melody-MT,GSM5652313_Blood-Granulocytes-Z000000TZ,SAMPLE_TEST,Spearman,0.6872415309620006
Melody-MT,GSM5652313_Blood-Granulocytes-Z000000TZ,SAMPLE_TEST,AUC,0.9297917755316581
Melody-MT,GSM5652313_Blood-Granulocytes-Z000000TZ,SAMPLE_TEST,Accuracy,0.8896307228824004
Melody-MT,GSM5652313_Blood-Granulocytes-Z000000TZ,SAMPLE_TEST,MAE,0.1417627192689737
Melody-MT,GSM5652313_Blood-Granulocytes-Z000000TZ,VALID,Pearson,0.794088147438708
Melody-MT,GSM5652313_Blood-Granulocytes-Z000000TZ,VALID,Spearman,0.5940201626192985
Melody-MT,GSM5652313_Blood-Granulocytes-Z000000TZ,VALID,AUC,0.9146111400392567
Melody-MT,GSM5652313_Blood-Granulocytes-Z000000TZ,VALID,Accuracy,0.9217037420883147
Melody-MT,GSM5652313_Blood-Granulocytes-Z000000TZ,VALID,MAE,0.1182055801833006
Melody-MT,GSM5652313_Blood-Granulocytes-Z000000TZ,TEST,Pearson,0.7925416883553499
Melody-MT,GSM5652313_Blood-Granulocytes-Z000000TZ,TEST,Spearman,0.6153464714575753
Melody-MT,GSM5652313_Blood-Granulocytes-Z000000TZ,TEST,AUC,0.913874032357074
Melody-MT,GSM5652313_Blood-Granulocytes-Z000000TZ,TEST,Accuracy,0.9228314120368595
Melody-MT,GSM5652313_Blood-Granulocytes-Z000000TZ,TEST,MAE,0.1182365052284273
Melody-MT,GSM5652317_Blood-B-Z000000UB,SAMPLE_VALID,Pearson,0.761120933021959
Melody-MT,GSM5652317_Blood-B-Z000000UB,SAMPLE_VALID,Spearman,0.6440885519642783
Melody-MT,GSM5652317_Blood-B-Z000000UB,SAMPLE_VALID,AUC,0.9037418597974625
Melody-MT,GSM5652317_Blood-B-Z000000UB,SAMPLE_VALID,Accuracy,0.8793414398334077
Melody-MT,GSM5652317_Blood-B-Z000000UB,SAMPLE_VALID,MAE,0.1512800553224476
Melody-MT,GSM5652317_Blood-B-Z000000UB,SAMPLE_TEST,Pearson,0.7946585683988235
Melody-MT,GSM5652317_Blood-B-Z000000UB,SAMPLE_TEST,Spearman,0.6710265715539504
Melody-MT,GSM5652317_Blood-B-Z000000UB,SAMPLE_TEST,AUC,0.9209226666766845
Melody-MT,GSM5652317_Blood-B-Z000000UB,SAMPLE_TEST,Accuracy,0.8875916872275242
Melody-MT,GSM5652317_Blood-B-Z000000UB,SAMPLE_TEST,MAE,0.1484961829804093
Melody-MT,GSM5652317_Blood-B-Z000000UB,VALID,Pearson,0.7864196850701892
Melody-MT,GSM5652317_Blood-B-Z000000UB,VALID,Spearman,0.6466477284174034
Melody-MT,GSM5652317_Blood-B-Z000000UB,VALID,AUC,0.9057279839299898
Melody-MT,GSM5652317_Blood-B-Z000000UB,VALID,Accuracy,0.9129824296217919
Melody-MT,GSM5652317_Blood-B-Z000000UB,VALID,MAE,0.1239528243406043
Melody-MT,GSM5652317_Blood-B-Z000000UB,TEST,Pearson,0.7844578381702837
Melody-MT,GSM5652317_Blood-B-Z000000UB,TEST,Spearman,0.6412918541538344
Melody-MT,GSM5652317_Blood-B-Z000000UB,TEST,AUC,0.9054949489127168
Melody-MT,GSM5652317_Blood-B-Z000000UB,TEST,Accuracy,0.912704140551824
Melody-MT,GSM5652317_Blood-B-Z000000UB,TEST,MAE,0.1249278602404699
Melody-MT,GSM5652321_Epidermal-Keratinocytes-Z00000424,SAMPLE_VALID,Pearson,0.7894438365833099
Melody-MT,GSM5652321_Epidermal-Keratinocytes-Z00000424,SAMPLE_VALID,Spearman,0.729567281491857
Melody-MT,GSM5652321_Epidermal-Keratinocytes-Z00000424,SAMPLE_VALID,AUC,0.9128530760431359
Melody-MT,GSM5652321_Epidermal-Keratinocytes-Z00000424,SAMPLE_VALID,Accuracy,0.854592769292729
Melody-MT,GSM5652321_Epidermal-Keratinocytes-Z00000424,SAMPLE_VALID,MAE,0.1562288696815713
Melody-MT,GSM5652321_Epidermal-Keratinocytes-Z00000424,SAMPLE_TEST,Pearson,0.8172974789958652
Melody-MT,GSM5652321_Epidermal-Keratinocytes-Z00000424,SAMPLE_TEST,Spearman,0.7619553698810234
Melody-MT,GSM5652321_Epidermal-Keratinocytes-Z00000424,SAMPLE_TEST,AUC,0.9271298951608575
Melody-MT,GSM5652321_Epidermal-Keratinocytes-Z00000424,SAMPLE_TEST,Accuracy,0.8593556683011057
Melody-MT,GSM5652321_Epidermal-Keratinocytes-Z00000424,SAMPLE_TEST,MAE,0.1514336468368577
Melody-MT,GSM5652321_Epidermal-Keratinocytes-Z00000424,VALID,Pearson,0.7857588384000426
Melody-MT,GSM5652321_Epidermal-Keratinocytes-Z00000424,VALID,Spearman,0.6780698190188339
Melody-MT,GSM5652321_Epidermal-Keratinocytes-Z00000424,VALID,AUC,0.9079971078250687
Melody-MT,GSM5652321_Epidermal-Keratinocytes-Z00000424,VALID,Accuracy,0.8886202660478862
Melody-MT,GSM5652321_Epidermal-Keratinocytes-Z00000424,VALID,MAE,0.130465224551563
Melody-MT,GSM5652321_Epidermal-Keratinocytes-Z00000424,TEST,Pearson,0.7864494662422093
Melody-MT,GSM5652321_Epidermal-Keratinocytes-Z00000424,TEST,Spearman,0.6594055627392713
Melody-MT,GSM5652321_Epidermal-Keratinocytes-Z00000424,TEST,AUC,0.9085823487676942
Melody-MT,GSM5652321_Epidermal-Keratinocytes-Z00000424,TEST,Accuracy,0.8895988087198934
Melody-MT,GSM5652321_Epidermal-Keratinocytes-Z00000424,TEST,MAE,0.1307815001706537
Melody-MT,GSM5652322_Tonsil-Palatine-Epithelial-Z000000QF,SAMPLE_VALID,Pearson,0.7960335660190484
Melody-MT,GSM5652322_Tonsil-Palatine-Epithelial-Z000000QF,SAMPLE_VALID,Spearman,0.7698826069691486
Melody-MT,GSM5652322_Tonsil-Palatine-Epithelial-Z000000QF,SAMPLE_VALID,AUC,0.914611336558148
Melody-MT,GSM5652322_Tonsil-Palatine-Epithelial-Z000000QF,SAMPLE_VALID,Accuracy,0.8424200975416533
Melody-MT,GSM5652322_Tonsil-Palatine-Epithelial-Z000000QF,SAMPLE_VALID,MAE,0.1616264839659424
Melody-MT,GSM5652322_Tonsil-Palatine-Epithelial-Z000000QF,SAMPLE_TEST,Pearson,0.8163978574182537
Melody-MT,GSM5652322_Tonsil-Palatine-Epithelial-Z000000QF,SAMPLE_TEST,Spearman,0.783556687691288
Melody-MT,GSM5652322_Tonsil-Palatine-Epithelial-Z000000QF,SAMPLE_TEST,AUC,0.9205824415020675
Melody-MT,GSM5652322_Tonsil-Palatine-Epithelial-Z000000QF,SAMPLE_TEST,Accuracy,0.845117431175951
Melody-MT,GSM5652322_Tonsil-Palatine-Epithelial-Z000000QF,SAMPLE_TEST,MAE,0.1580023502217677
Melody-MT,GSM5652322_Tonsil-Palatine-Epithelial-Z000000QF,VALID,Pearson,0.7787386128420625
Melody-MT,GSM5652322_Tonsil-Palatine-Epithelial-Z000000QF,VALID,Spearman,0.6987882105769475
Melody-MT,GSM5652322_Tonsil-Palatine-Epithelial-Z000000QF,VALID,AUC,0.901045651673719
Melody-MT,GSM5652322_Tonsil-Palatine-Epithelial-Z000000QF,VALID,Accuracy,0.8603204107381136
Melody-MT,GSM5652322_Tonsil-Palatine-Epithelial-Z000000QF,VALID,MAE,0.1444766395178289
Melody-MT,GSM5652322_Tonsil-Palatine-Epithelial-Z000000QF,TEST,Pearson,0.7791525527997347
Melody-MT,GSM5652322_Tonsil-Palatine-Epithelial-Z000000QF,TEST,Spearman,0.7003791845606006
Melody-MT,GSM5652322_Tonsil-Palatine-Epithelial-Z000000QF,TEST,AUC,0.9014347732084427
Melody-MT,GSM5652322_Tonsil-Palatine-Epithelial-Z000000QF,TEST,Accuracy,0.8600879849969549
Melody-MT,GSM5652322_Tonsil-Palatine-Epithelial-Z000000QF,TEST,MAE,0.1467264150550908
Melody-MT,GSM5652335_Lung-Bronchus-Epithelial-Z000000QD,SAMPLE_VALID,Pearson,0.8139150735958319
Melody-MT,GSM5652335_Lung-Bronchus-Epithelial-Z000000QD,SAMPLE_VALID,Spearman,0.7692067386695106
Melody-MT,GSM5652335_Lung-Bronchus-Epithelial-Z000000QD,SAMPLE_VALID,AUC,0.9260400702563213
Melody-MT,GSM5652335_Lung-Bronchus-Epithelial-Z000000QD,SAMPLE_VALID,Accuracy,0.8627279818728874
Melody-MT,GSM5652335_Lung-Bronchus-Epithelial-Z000000QD,SAMPLE_VALID,MAE,0.1526877928808874
Melody-MT,GSM5652335_Lung-Bronchus-Epithelial-Z000000QD,SAMPLE_TEST,Pearson,0.822013743329008
Melody-MT,GSM5652335_Lung-Bronchus-Epithelial-Z000000QD,SAMPLE_TEST,Spearman,0.7919517456578081
Melody-MT,GSM5652335_Lung-Bronchus-Epithelial-Z000000QD,SAMPLE_TEST,AUC,0.9262289508925046
Melody-MT,GSM5652335_Lung-Bronchus-Epithelial-Z000000QD,SAMPLE_TEST,Accuracy,0.8584295380655032
Melody-MT,GSM5652335_Lung-Bronchus-Epithelial-Z000000QD,SAMPLE_TEST,MAE,0.1522086227274283
Melody-MT,GSM5652335_Lung-Bronchus-Epithelial-Z000000QD,VALID,Pearson,0.7915700114109236
Melody-MT,GSM5652335_Lung-Bronchus-Epithelial-Z000000QD,VALID,Spearman,0.6529480777141268
Melody-MT,GSM5652335_Lung-Bronchus-Epithelial-Z000000QD,VALID,AUC,0.9122600482810219
Melody-MT,GSM5652335_Lung-Bronchus-Epithelial-Z000000QD,VALID,Accuracy,0.8933536285777594
Melody-MT,GSM5652335_Lung-Bronchus-Epithelial-Z000000QD,VALID,MAE,0.1336269258037594
Melody-MT,GSM5652335_Lung-Bronchus-Epithelial-Z000000QD,TEST,Pearson,0.790640646466397
Melody-MT,GSM5652335_Lung-Bronchus-Epithelial-Z000000QD,TEST,Spearman,0.6510167036675415
Melody-MT,GSM5652335_Lung-Bronchus-Epithelial-Z000000QD,TEST,AUC,0.9113947412493616
Melody-MT,GSM5652335_Lung-Bronchus-Epithelial-Z000000QD,TEST,Accuracy,0.8930796596201299
Melody-MT,GSM5652335_Lung-Bronchus-Epithelial-Z000000QD,TEST,MAE,0.1349646249179433
Melody-MT,GSM5652338_Prostate-Epithelial-Z000000RV,SAMPLE_VALID,Pearson,0.8103504843088167
Melody-MT,GSM5652338_Prostate-Epithelial-Z000000RV,SAMPLE_VALID,Spearman,0.7549517458023149
Melody-MT,GSM5652338_Prostate-Epithelial-Z000000RV,SAMPLE_VALID,AUC,0.9218230367899717
Melody-MT,GSM5652338_Prostate-Epithelial-Z000000RV,SAMPLE_VALID,Accuracy,0.867964188641162
Melody-MT,GSM5652338_Prostate-Epithelial-Z000000RV,SAMPLE_VALID,MAE,0.1424946826812514
Melody-MT,GSM5652338_Prostate-Epithelial-Z000000RV,SAMPLE_TEST,Pearson,0.8380621894158342
Melody-MT,GSM5652338_Prostate-Epithelial-Z000000RV,SAMPLE_TEST,Spearman,0.7809002407761662
Melody-MT,GSM5652338_Prostate-Epithelial-Z000000RV,SAMPLE_TEST,AUC,0.9321992727033974
Melody-MT,GSM5652338_Prostate-Epithelial-Z000000RV,SAMPLE_TEST,Accuracy,0.8739137429163745
Melody-MT,GSM5652338_Prostate-Epithelial-Z000000RV,SAMPLE_TEST,MAE,0.1368127312821036
Melody-MT,GSM5652338_Prostate-Epithelial-Z000000RV,VALID,Pearson,0.7996028620989097
Melody-MT,GSM5652338_Prostate-Epithelial-Z000000RV,VALID,Spearman,0.6680888909547149
Melody-MT,GSM5652338_Prostate-Epithelial-Z000000RV,VALID,AUC,0.9143974333037189
Melody-MT,GSM5652338_Prostate-Epithelial-Z000000RV,VALID,Accuracy,0.9014541457402672
Melody-MT,GSM5652338_Prostate-Epithelial-Z000000RV,VALID,MAE,0.1240133002736967
Melody-MT,GSM5652338_Prostate-Epithelial-Z000000RV,TEST,Pearson,0.8002031212777254
Melody-MT,GSM5652338_Prostate-Epithelial-Z000000RV,TEST,Spearman,0.6605090317971387
Melody-MT,GSM5652338_Prostate-Epithelial-Z000000RV,TEST,AUC,0.9145212436213501
Melody-MT,GSM5652338_Prostate-Epithelial-Z000000RV,TEST,Accuracy,0.9016783386190115
Melody-MT,GSM5652338_Prostate-Epithelial-Z000000RV,TEST,MAE,0.1245870709398962
Melody-MT,GSM5652342_Bladder-Epithelial-Z000000QM,SAMPLE_VALID,Pearson,0.7594187052452221
Melody-MT,GSM5652342_Bladder-Epithelial-Z000000QM,SAMPLE_VALID,Spearman,0.711150177353631
Melody-MT,GSM5652342_Bladder-Epithelial-Z000000QM,SAMPLE_VALID,AUC,0.9019365922553078
Melody-MT,GSM5652342_Bladder-Epithelial-Z000000QM,SAMPLE_VALID,Accuracy,0.8434747872617145
Melody-MT,GSM5652342_Bladder-Epithelial-Z000000QM,SAMPLE_VALID,MAE,0.1661982356695381
Melody-MT,GSM5652342_Bladder-Epithelial-Z000000QM,SAMPLE_TEST,Pearson,0.8036984354598447
Melody-MT,GSM5652342_Bladder-Epithelial-Z000000QM,SAMPLE_TEST,Spearman,0.7586272387292343
Melody-MT,GSM5652342_Bladder-Epithelial-Z000000QM,SAMPLE_TEST,AUC,0.9186777712910332
Melody-MT,GSM5652342_Bladder-Epithelial-Z000000QM,SAMPLE_TEST,Accuracy,0.8561481256639855
Melody-MT,GSM5652342_Bladder-Epithelial-Z000000QM,SAMPLE_TEST,MAE,0.1552107222451358
Melody-MT,GSM5652342_Bladder-Epithelial-Z000000QM,VALID,Pearson,0.7750631446239706
Melody-MT,GSM5652342_Bladder-Epithelial-Z000000QM,VALID,Spearman,0.6610426758171513
Melody-MT,GSM5652342_Bladder-Epithelial-Z000000QM,VALID,AUC,0.904764263742949
Melody-MT,GSM5652342_Bladder-Epithelial-Z000000QM,VALID,Accuracy,0.8753164973869768
Melody-MT,GSM5652342_Bladder-Epithelial-Z000000QM,VALID,MAE,0.1422436753712004
Melody-MT,GSM5652342_Bladder-Epithelial-Z000000QM,TEST,Pearson,0.7763065549914159
Melody-MT,GSM5652342_Bladder-Epithelial-Z000000QM,TEST,Spearman,0.6841399829477856
Melody-MT,GSM5652342_Bladder-Epithelial-Z000000QM,TEST,AUC,0.9050658211645309
Melody-MT,GSM5652342_Bladder-Epithelial-Z000000QM,TEST,Accuracy,0.8750439855691139
Melody-MT,GSM5652342_Bladder-Epithelial-Z000000QM,TEST,MAE,0.1422621075042921
Melody-MT,GSM5652347_Breast-Luminal-Epithelial-Z000000V2,SAMPLE_VALID,Pearson,0.8100153086384935
Melody-MT,GSM5652347_Breast-Luminal-Epithelial-Z000000V2,SAMPLE_VALID,Spearman,0.7156075688419311
Melody-MT,GSM5652347_Breast-Luminal-Epithelial-Z000000V2,SAMPLE_VALID,AUC,0.9244979103832555
Melody-MT,GSM5652347_Breast-Luminal-Epithelial-Z000000V2,SAMPLE_VALID,Accuracy,0.8735230436127436
Melody-MT,GSM5652347_Breast-Luminal-Epithelial-Z000000V2,SAMPLE_VALID,MAE,0.1450138702720952
Melody-MT,GSM5652347_Breast-Luminal-Epithelial-Z000000V2,SAMPLE_TEST,Pearson,0.8304551319541742
Melody-MT,GSM5652347_Breast-Luminal-Epithelial-Z000000V2,SAMPLE_TEST,Spearman,0.7585071320579242
Melody-MT,GSM5652347_Breast-Luminal-Epithelial-Z000000V2,SAMPLE_TEST,AUC,0.9312273325475786
Melody-MT,GSM5652347_Breast-Luminal-Epithelial-Z000000V2,SAMPLE_TEST,Accuracy,0.8760745224765979
Melody-MT,GSM5652347_Breast-Luminal-Epithelial-Z000000V2,SAMPLE_TEST,MAE,0.1405809617982466
Melody-MT,GSM5652347_Breast-Luminal-Epithelial-Z000000V2,VALID,Pearson,0.7960386076858714
Melody-MT,GSM5652347_Breast-Luminal-Epithelial-Z000000V2,VALID,Spearman,0.6109450569301322
Melody-MT,GSM5652347_Breast-Luminal-Epithelial-Z000000V2,VALID,AUC,0.9152656375073728
Melody-MT,GSM5652347_Breast-Luminal-Epithelial-Z000000V2,VALID,Accuracy,0.9092905300464164
Melody-MT,GSM5652347_Breast-Luminal-Epithelial-Z000000V2,VALID,MAE,0.1241102245708364
Melody-MT,GSM5652347_Breast-Luminal-Epithelial-Z000000V2,TEST,Pearson,0.7955443814263262
Melody-MT,GSM5652347_Breast-Luminal-Epithelial-Z000000V2,TEST,Spearman,0.6312797657900212
Melody-MT,GSM5652347_Breast-Luminal-Epithelial-Z000000V2,TEST,AUC,0.9143502932738734
Melody-MT,GSM5652347_Breast-Luminal-Epithelial-Z000000V2,TEST,Accuracy,0.9093090892989049
Melody-MT,GSM5652347_Breast-Luminal-Epithelial-Z000000V2,TEST,MAE,0.1239618882750975
Melody-MT,GSM5652350_Breast-Basal-Epithelial-Z000000V6,SAMPLE_VALID,Pearson,0.7858870358176498
Melody-MT,GSM5652350_Breast-Basal-Epithelial-Z000000V6,SAMPLE_VALID,Spearman,0.6776238513779023
Melody-MT,GSM5652350_Breast-Basal-Epithelial-Z000000V6,SAMPLE_VALID,AUC,0.9200522799075418
Melody-MT,GSM5652350_Breast-Basal-Epithelial-Z000000V6,SAMPLE_VALID,Accuracy,0.8713127346160041
Melody-MT,GSM5652350_Breast-Basal-Epithelial-Z000000V6,SAMPLE_VALID,MAE,0.1571642031192782
Melody-MT,GSM5652350_Breast-Basal-Epithelial-Z000000V6,SAMPLE_TEST,Pearson,0.8012425524244742
Melody-MT,GSM5652350_Breast-Basal-Epithelial-Z000000V6,SAMPLE_TEST,Spearman,0.7105540320933227
Melody-MT,GSM5652350_Breast-Basal-Epithelial-Z000000V6,SAMPLE_TEST,AUC,0.9265667752395029
Melody-MT,GSM5652350_Breast-Basal-Epithelial-Z000000V6,SAMPLE_TEST,Accuracy,0.8677604975254368
Melody-MT,GSM5652350_Breast-Basal-Epithelial-Z000000V6,SAMPLE_TEST,MAE,0.1586217403912848
Melody-MT,GSM5652350_Breast-Basal-Epithelial-Z000000V6,VALID,Pearson,0.7771520387961608
Melody-MT,GSM5652350_Breast-Basal-Epithelial-Z000000V6,VALID,Spearman,0.5936574426670553
Melody-MT,GSM5652350_Breast-Basal-Epithelial-Z000000V6,VALID,AUC,0.9106557004212641
Melody-MT,GSM5652350_Breast-Basal-Epithelial-Z000000V6,VALID,Accuracy,0.9070419239538264
Melody-MT,GSM5652350_Breast-Basal-Epithelial-Z000000V6,VALID,MAE,0.131513713674124
Melody-MT,GSM5652350_Breast-Basal-Epithelial-Z000000V6,TEST,Pearson,0.7763398247598357
Melody-MT,GSM5652350_Breast-Basal-Epithelial-Z000000V6,TEST,Spearman,0.5766512911675801
Melody-MT,GSM5652350_Breast-Basal-Epithelial-Z000000V6,TEST,AUC,0.9105647327561587
Melody-MT,GSM5652350_Breast-Basal-Epithelial-Z000000V6,TEST,Accuracy,0.9067123982161792
Melody-MT,GSM5652350_Breast-Basal-Epithelial-Z000000V6,TEST,MAE,0.1321363075211598
Melody-MT,GSM5652354_Lung-Alveolar-Epithelial-Z000000T1,SAMPLE_VALID,Pearson,0.8031650046551572
Melody-MT,GSM5652354_Lung-Alveolar-Epithelial-Z000000T1,SAMPLE_VALID,Spearman,0.7694125978181882
Melody-MT,GSM5652354_Lung-Alveolar-Epithelial-Z000000T1,SAMPLE_VALID,AUC,0.9182954109064937
Melody-MT,GSM5652354_Lung-Alveolar-Epithelial-Z000000T1,SAMPLE_VALID,Accuracy,0.8604989386259693
Melody-MT,GSM5652354_Lung-Alveolar-Epithelial-Z000000T1,SAMPLE_VALID,MAE,0.1495891012646557
Melody-MT,GSM5652354_Lung-Alveolar-Epithelial-Z000000T1,SAMPLE_TEST,Pearson,0.8262234836529653
Melody-MT,GSM5652354_Lung-Alveolar-Epithelial-Z000000T1,SAMPLE_TEST,Spearman,0.7940209559297392
Melody-MT,GSM5652354_Lung-Alveolar-Epithelial-Z000000T1,SAMPLE_TEST,AUC,0.9260468229462473
Melody-MT,GSM5652354_Lung-Alveolar-Epithelial-Z000000T1,SAMPLE_TEST,Accuracy,0.8629626595547788
Melody-MT,GSM5652354_Lung-Alveolar-Epithelial-Z000000T1,SAMPLE_TEST,MAE,0.1436040991699282
Melody-MT,GSM5652354_Lung-Alveolar-Epithelial-Z000000T1,VALID,Pearson,0.8036163650586414
Melody-MT,GSM5652354_Lung-Alveolar-Epithelial-Z000000T1,VALID,Spearman,0.6961623776039414
Melody-MT,GSM5652354_Lung-Alveolar-Epithelial-Z000000T1,VALID,AUC,0.9147888050293533
Melody-MT,GSM5652354_Lung-Alveolar-Epithelial-Z000000T1,VALID,Accuracy,0.8975917375240072
Melody-MT,GSM5652354_Lung-Alveolar-Epithelial-Z000000T1,VALID,MAE,0.1251552574367226
Melody-MT,GSM5652354_Lung-Alveolar-Epithelial-Z000000T1,TEST,Pearson,0.8016640516663273
Melody-MT,GSM5652354_Lung-Alveolar-Epithelial-Z000000T1,TEST,Spearman,0.6742244660331971
Melody-MT,GSM5652354_Lung-Alveolar-Epithelial-Z000000T1,TEST,AUC,0.914612082788407
Melody-MT,GSM5652354_Lung-Alveolar-Epithelial-Z000000T1,TEST,Accuracy,0.8981637048441812
Melody-MT,GSM5652354_Lung-Alveolar-Epithelial-Z000000T1,TEST,MAE,0.125935562950053
Melody-MT,GSM5652358_Gallbladder-Epithelial-Z00000432,SAMPLE_VALID,Pearson,0.7917324640982222
Melody-MT,GSM5652358_Gallbladder-Epithelial-Z00000432,SAMPLE_VALID,Spearman,0.7214395540467586
Melody-MT,GSM5652358_Gallbladder-Epithelial-Z00000432,SAMPLE_VALID,AUC,0.9192524902646818
Melody-MT,GSM5652358_Gallbladder-Epithelial-Z00000432,SAMPLE_VALID,Accuracy,0.8589356745436746
Melody-MT,GSM5652358_Gallbladder-Epithelial-Z00000432,SAMPLE_VALID,MAE,0.1635559785584881
Melody-MT,GSM5652358_Gallbladder-Epithelial-Z00000432,SAMPLE_TEST,Pearson,0.7920248222521791
Melody-MT,GSM5652358_Gallbladder-Epithelial-Z00000432,SAMPLE_TEST,Spearman,0.7494541561703589
Melody-MT,GSM5652358_Gallbladder-Epithelial-Z00000432,SAMPLE_TEST,AUC,0.9152821708616627
Melody-MT,GSM5652358_Gallbladder-Epithelial-Z00000432,SAMPLE_TEST,Accuracy,0.8479818815923783
Melody-MT,GSM5652358_Gallbladder-Epithelial-Z00000432,SAMPLE_TEST,MAE,0.1666797087637243
Melody-MT,GSM5652358_Gallbladder-Epithelial-Z00000432,VALID,Pearson,0.7867469542183906
Melody-MT,GSM5652358_Gallbladder-Epithelial-Z00000432,VALID,Spearman,0.609120434450523
Melody-MT,GSM5652358_Gallbladder-Epithelial-Z00000432,VALID,AUC,0.9127817837736678
Melody-MT,GSM5652358_Gallbladder-Epithelial-Z00000432,VALID,Accuracy,0.9005060964991904
Melody-MT,GSM5652358_Gallbladder-Epithelial-Z00000432,VALID,MAE,0.1344264472563962
Melody-MT,GSM5652358_Gallbladder-Epithelial-Z00000432,TEST,Pearson,0.7824830612269181
Melody-MT,GSM5652358_Gallbladder-Epithelial-Z00000432,TEST,Spearman,0.6198548925030676
Melody-MT,GSM5652358_Gallbladder-Epithelial-Z00000432,TEST,AUC,0.9103564324174543
Melody-MT,GSM5652358_Gallbladder-Epithelial-Z00000432,TEST,Accuracy,0.8985802198564372
Melody-MT,GSM5652358_Gallbladder-Epithelial-Z00000432,TEST,MAE,0.1349667779873464
Melody-MT,GSM5652359_Gastric-fundus-Epithelial-Z000000RX,SAMPLE_VALID,Pearson,0.8002085947690689
Melody-MT,GSM5652359_Gastric-fundus-Epithelial-Z000000RX,SAMPLE_VALID,Spearman,0.737058153985059
Melody-MT,GSM5652359_Gastric-fundus-Epithelial-Z000000RX,SAMPLE_VALID,AUC,0.9196058284756335
Melody-MT,GSM5652359_Gastric-fundus-Epithelial-Z000000RX,SAMPLE_VALID,Accuracy,0.8615353647962344
Melody-MT,GSM5652359_Gastric-fundus-Epithelial-Z000000RX,SAMPLE_VALID,MAE,0.1561929020414743
Melody-MT,GSM5652359_Gastric-fundus-Epithelial-Z000000RX,SAMPLE_TEST,Pearson,0.8082987928652028
Melody-MT,GSM5652359_Gastric-fundus-Epithelial-Z000000RX,SAMPLE_TEST,Spearman,0.7598008300643588
Melody-MT,GSM5652359_Gastric-fundus-Epithelial-Z000000RX,SAMPLE_TEST,AUC,0.9222705446965239
Melody-MT,GSM5652359_Gastric-fundus-Epithelial-Z000000RX,SAMPLE_TEST,Accuracy,0.859629503573686
Melody-MT,GSM5652359_Gastric-fundus-Epithelial-Z000000RX,SAMPLE_TEST,MAE,0.1568699524144269
Melody-MT,GSM5652359_Gastric-fundus-Epithelial-Z000000RX,VALID,Pearson,0.7848432635864389
Melody-MT,GSM5652359_Gastric-fundus-Epithelial-Z000000RX,VALID,Spearman,0.6972154758328207
Melody-MT,GSM5652359_Gastric-fundus-Epithelial-Z000000RX,VALID,AUC,0.9072183189726226
Melody-MT,GSM5652359_Gastric-fundus-Epithelial-Z000000RX,VALID,Accuracy,0.8807796672628398
Melody-MT,GSM5652359_Gastric-fundus-Epithelial-Z000000RX,VALID,MAE,0.1348866209928882
Melody-MT,GSM5652359_Gastric-fundus-Epithelial-Z000000RX,TEST,Pearson,0.7798486666212471
Melody-MT,GSM5652359_Gastric-fundus-Epithelial-Z000000RX,TEST,Spearman,0.6847174961884107
Melody-MT,GSM5652359_Gastric-fundus-Epithelial-Z000000RX,TEST,AUC,0.9051984753651489
Melody-MT,GSM5652359_Gastric-fundus-Epithelial-Z000000RX,TEST,Accuracy,0.8782421114250656
Melody-MT,GSM5652359_Gastric-fundus-Epithelial-Z000000RX,TEST,MAE,0.1374214433605987
Melody-MT,GSM5652370_Colon-Right-Epithelial-Z000000V0,SAMPLE_VALID,Pearson,0.7573380106047785
Melody-MT,GSM5652370_Colon-Right-Epithelial-Z000000V0,SAMPLE_VALID,Spearman,0.6917554888340881
Melody-MT,GSM5652370_Colon-Right-Epithelial-Z000000V0,SAMPLE_VALID,AUC,0.9079277386325283
Melody-MT,GSM5652370_Colon-Right-Epithelial-Z000000V0,SAMPLE_VALID,Accuracy,0.8522195103820803
Melody-MT,GSM5652370_Colon-Right-Epithelial-Z000000V0,SAMPLE_VALID,MAE,0.1686806705528819
Melody-MT,GSM5652370_Colon-Right-Epithelial-Z000000V0,SAMPLE_TEST,Pearson,0.7884542303317781
Melody-MT,GSM5652370_Colon-Right-Epithelial-Z000000V0,SAMPLE_TEST,Spearman,0.725687843444818
Melody-MT,GSM5652370_Colon-Right-Epithelial-Z000000V0,SAMPLE_TEST,AUC,0.9157389666838822
Melody-MT,GSM5652370_Colon-Right-Epithelial-Z000000V0,SAMPLE_TEST,Accuracy,0.8543516200015175
Melody-MT,GSM5652370_Colon-Right-Epithelial-Z000000V0,SAMPLE_TEST,MAE,0.1647596382033801
Melody-MT,GSM5652370_Colon-Right-Epithelial-Z000000V0,VALID,Pearson,0.7757967796769407
Melody-MT,GSM5652370_Colon-Right-Epithelial-Z000000V0,VALID,Spearman,0.6436533966267403
Melody-MT,GSM5652370_Colon-Right-Epithelial-Z000000V0,VALID,AUC,0.9096872635749335
Melody-MT,GSM5652370_Colon-Right-Epithelial-Z000000V0,VALID,Accuracy,0.8907085007050348
Melody-MT,GSM5652370_Colon-Right-Epithelial-Z000000V0,VALID,MAE,0.138009771583534
Melody-MT,GSM5652370_Colon-Right-Epithelial-Z000000V0,TEST,Pearson,0.7727514614793849
Melody-MT,GSM5652370_Colon-Right-Epithelial-Z000000V0,TEST,Spearman,0.6462741895463947
Melody-MT,GSM5652370_Colon-Right-Epithelial-Z000000V0,TEST,AUC,0.9069324287537253
Melody-MT,GSM5652370_Colon-Right-Epithelial-Z000000V0,TEST,Accuracy,0.8869086469550997
Melody-MT,GSM5652370_Colon-Right-Epithelial-Z000000V0,TEST,MAE,0.1399947373454592
Melody-MT,GSM5652378_Small-int-Epithelial-Z0000042V,SAMPLE_VALID,Pearson,0.7626562128697062
Melody-MT,GSM5652378_Small-int-Epithelial-Z0000042V,SAMPLE_VALID,Spearman,0.6873663061658913
Melody-MT,GSM5652378_Small-int-Epithelial-Z0000042V,SAMPLE_VALID,AUC,0.9110336488978925
Melody-MT,GSM5652378_Small-int-Epithelial-Z0000042V,SAMPLE_VALID,Accuracy,0.8492303591244134
Melody-MT,GSM5652378_Small-int-Epithelial-Z0000042V,SAMPLE_VALID,MAE,0.170658111885383
Melody-MT,GSM5652378_Small-int-Epithelial-Z0000042V,SAMPLE_TEST,Pearson,0.7942709757843217
Melody-MT,GSM5652378_Small-int-Epithelial-Z0000042V,SAMPLE_TEST,Spearman,0.7368229532680661
Melody-MT,GSM5652378_Small-int-Epithelial-Z0000042V,SAMPLE_TEST,AUC,0.9203950770559534
Melody-MT,GSM5652378_Small-int-Epithelial-Z0000042V,SAMPLE_TEST,Accuracy,0.8536975977390485
Melody-MT,GSM5652378_Small-int-Epithelial-Z0000042V,SAMPLE_TEST,MAE,0.1635292643131047
Melody-MT,GSM5652378_Small-int-Epithelial-Z0000042V,VALID,Pearson,0.7611763313391756
Melody-MT,GSM5652378_Small-int-Epithelial-Z0000042V,VALID,Spearman,0.6372025682063024
Melody-MT,GSM5652378_Small-int-Epithelial-Z0000042V,VALID,AUC,0.9059702530482326
Melody-MT,GSM5652378_Small-int-Epithelial-Z0000042V,VALID,Accuracy,0.8811266031018294
Melody-MT,GSM5652378_Small-int-Epithelial-Z0000042V,VALID,MAE,0.1435293708467938
Melody-MT,GSM5652378_Small-int-Epithelial-Z0000042V,TEST,Pearson,0.7639132402001471
Melody-MT,GSM5652378_Small-int-Epithelial-Z0000042V,TEST,Spearman,0.6547858593581346
Melody-MT,GSM5652378_Small-int-Epithelial-Z0000042V,TEST,AUC,0.9047064961314916
Melody-MT,GSM5652378_Small-int-Epithelial-Z0000042V,TEST,Accuracy,0.8782680936717877
Melody-MT,GSM5652378_Small-int-Epithelial-Z0000042V,TEST,MAE,0.1434610614053257
Melody-MT,Adipocytes,cell type specific,Pearson,0.3126211177203424
Melody-MT,Adipocytes,cell type specific,Spearman,0.2812837100717007
Melody-MT,Adipocytes,cell type specific,AUC,0.799188790560472
Melody-MT,Adipocytes,cell type specific,Accuracy,0.30078125
Melody-MT,Adipocytes,cell type specific,MAE,0.3591967281827237
Melody-MT,Bladder-Epithelial,cell type specific,Pearson,0.2939293562360074
Melody-MT,Bladder-Epithelial,cell type specific,Spearman,0.2763176208277642
Melody-MT,Bladder-Epithelial,cell type specific,AUC,0.6781067961165048
Melody-MT,Bladder-Epithelial,cell type specific,Accuracy,0.3263473053892216
Melody-MT,Bladder-Epithelial,cell type specific,MAE,0.4500894917532088
Melody-MT,Blood-B,cell type specific,Pearson,0.2866265848645114
Melody-MT,Blood-B,cell type specific,Spearman,0.3301906525278818
Melody-MT,Blood-B,cell type specific,AUC,0.6146866391184573
Melody-MT,Blood-B,cell type specific,Accuracy,0.1436031331592689
Melody-MT,Blood-B,cell type specific,MAE,0.5906263530186278
Melody-MT,Blood-Granulocytes,cell type specific,Pearson,0.4651643608507048
Melody-MT,Blood-Granulocytes,cell type specific,Spearman,0.499977986158823
Melody-MT,Blood-Granulocytes,cell type specific,AUC,0.8387430939226519
Melody-MT,Blood-Granulocytes,cell type specific,Accuracy,0.3673218673218673
Melody-MT,Blood-Granulocytes,cell type specific,MAE,0.4576259922368923
Melody-MT,Blood-Monocytes,cell type specific,Pearson,0.2891901121009386
Melody-MT,Blood-Monocytes,cell type specific,Spearman,0.2845887040830895
Melody-MT,Blood-Monocytes,cell type specific,AUC,0.6834523809523809
Melody-MT,Blood-Monocytes,cell type specific,Accuracy,0.4025270758122744
Melody-MT,Blood-Monocytes,cell type specific,MAE,0.4122373869151738
Melody-MT,Blood-NK,cell type specific,Pearson,0.4238831907930297
Melody-MT,Blood-NK,cell type specific,Spearman,0.5056654078215639
Melody-MT,Blood-NK,cell type specific,AUC,0.7453881552621049
Melody-MT,Blood-NK,cell type specific,Accuracy,0.3813775510204082
Melody-MT,Blood-NK,cell type specific,MAE,0.4687643003868585
Melody-MT,Blood-T-CD3,cell type specific,Pearson,0.1591003409777979
Melody-MT,Blood-T-CD3,cell type specific,Spearman,0.1329565874432548
Melody-MT,Blood-T-CD3,cell type specific,AUC,0.6772402597402597
Melody-MT,Blood-T-CD3,cell type specific,Accuracy,0.1786703601108033
Melody-MT,Blood-T-CD3,cell type specific,MAE,0.5833060047808529
Melody-MT,Bone-Osteoblasts,cell type specific,Pearson,0.3697692590878271
Melody-MT,Bone-Osteoblasts,cell type specific,Spearman,0.3908345843136322
Melody-MT,Bone-Osteoblasts,cell type specific,AUC,0.7518159806295399
Melody-MT,Bone-Osteoblasts,cell type specific,Accuracy,0.4626666666666667
Melody-MT,Bone-Osteoblasts,cell type specific,MAE,0.3832241415778796
Melody-MT,Breast-Basal-Epithelial,cell type specific,Pearson,0.35036517661653
Melody-MT,Breast-Basal-Epithelial,cell type specific,Spearman,0.361304394528465
Melody-MT,Breast-Basal-Epithelial,cell type specific,AUC,0.7847156068905294
Melody-MT,Breast-Basal-Epithelial,cell type specific,Accuracy,0.4283065512978986
Melody-MT,Breast-Basal-Epithelial,cell type specific,MAE,0.4069806299458991
Melody-MT,Breast-Luminal-Epithelial,cell type specific,Pearson,0.4136146622353645
Melody-MT,Breast-Luminal-Epithelial,cell type specific,Spearman,0.3985597174088445
Melody-MT,Breast-Luminal-Epithelial,cell type specific,AUC,0.77217629002263
Melody-MT,Breast-Luminal-Epithelial,cell type specific,Accuracy,0.3971518987341772
Melody-MT,Breast-Luminal-Epithelial,cell type specific,MAE,0.3960092628457218
Melody-MT,Colon-Right-Epithelial,cell type specific,Pearson,0.3404434252562596
Melody-MT,Colon-Right-Epithelial,cell type specific,Spearman,0.3400453667662872
Melody-MT,Colon-Right-Epithelial,cell type specific,AUC,0.8008913571028561
Melody-MT,Colon-Right-Epithelial,cell type specific,Accuracy,0.7140019860973188
Melody-MT,Colon-Right-Epithelial,cell type specific,MAE,0.27737033106604
Melody-MT,Gastric-fundus-Epithelial,cell type specific,Pearson,0.3498462297588799
Melody-MT,Gastric-fundus-Epithelial,cell type specific,Spearman,0.3232563357445363
Melody-MT,Gastric-fundus-Epithelial,cell type specific,AUC,0.7475737215378873
Melody-MT,Gastric-fundus-Epithelial,cell type specific,Accuracy,0.6086474501108647
Melody-MT,Gastric-fundus-Epithelial,cell type specific,MAE,0.2991298471211958
Melody-MT,Small-int-Epithelial,cell type specific,Pearson,0.3321148341036977
Melody-MT,Small-int-Epithelial,cell type specific,Spearman,0.3282896656072549
Melody-MT,Small-int-Epithelial,cell type specific,AUC,0.6958582375478927
Melody-MT,Small-int-Epithelial,cell type specific,Accuracy,0.694306049822064
Melody-MT,Small-int-Epithelial,cell type specific,MAE,0.2770642048506948
Melody-MT,Colon-Fibroblasts,cell type specific,Pearson,0.3564377591665721
Melody-MT,Colon-Fibroblasts,cell type specific,Spearman,0.3305491690003206
Melody-MT,Colon-Fibroblasts,cell type specific,AUC,0.6594696969696969
Melody-MT,Colon-Fibroblasts,cell type specific,Accuracy,0.3656716417910448
Melody-MT,Colon-Fibroblasts,cell type specific,MAE,0.2142151309483087
Melody-MT,Heart-Fibroblasts,cell type specific,Pearson,0.2922607749898181
Melody-MT,Heart-Fibroblasts,cell type specific,Spearman,0.2675396530694634
Melody-MT,Heart-Fibroblasts,cell type specific,AUC,0.7272529987373737
Melody-MT,Heart-Fibroblasts,cell type specific,Accuracy,0.5145310435931307
Melody-MT,Heart-Fibroblasts,cell type specific,MAE,0.3055511829215674
Melody-MT,Dermal-Fibroblasts,cell type specific,Pearson,0.4379393855622487
Melody-MT,Dermal-Fibroblasts,cell type specific,Spearman,0.4417626950561059
Melody-MT,Dermal-Fibroblasts,cell type specific,AUC,0.8571121307714368
Melody-MT,Dermal-Fibroblasts,cell type specific,Accuracy,0.2742857142857143
Melody-MT,Dermal-Fibroblasts,cell type specific,MAE,0.4165641128910439
Melody-MT,Aorta-Endothel,cell type specific,Pearson,0.4789979129019662
Melody-MT,Aorta-Endothel,cell type specific,Spearman,0.4651654106224603
Melody-MT,Aorta-Endothel,cell type specific,AUC,0.7642097201523431
Melody-MT,Aorta-Endothel,cell type specific,Accuracy,0.6706827309236948
Melody-MT,Aorta-Endothel,cell type specific,MAE,0.2477353405147552
Melody-MT,Epidermal-Keratinocytes,cell type specific,Pearson,0.2421209062477428
Melody-MT,Epidermal-Keratinocytes,cell type specific,Spearman,0.2144300417270174
Melody-MT,Epidermal-Keratinocytes,cell type specific,AUC,0.7199954710144928
Melody-MT,Epidermal-Keratinocytes,cell type specific,Accuracy,0.4099722991689751
Melody-MT,Epidermal-Keratinocytes,cell type specific,MAE,0.3833231067186908
Melody-MT,Bone_marrow-Erythrocyte_progenitors,cell type specific,Pearson,0.4116276827576673
Melody-MT,Bone_marrow-Erythrocyte_progenitors,cell type specific,Spearman,0.4455830463854323
Melody-MT,Bone_marrow-Erythrocyte_progenitors,cell type specific,AUC,0.7731864095500459
Melody-MT,Bone_marrow-Erythrocyte_progenitors,cell type specific,Accuracy,0.3876543209876543
Melody-MT,Bone_marrow-Erythrocyte_progenitors,cell type specific,MAE,0.4258754194610649
Melody-MT,Fallopian-Epithelial,cell type specific,Pearson,0.3104801149386425
Melody-MT,Fallopian-Epithelial,cell type specific,Spearman,0.3335947039497278
Melody-MT,Fallopian-Epithelial,cell type specific,AUC,0.718456572769953
Melody-MT,Fallopian-Epithelial,cell type specific,Accuracy,0.4592
Melody-MT,Fallopian-Epithelial,cell type specific,MAE,0.4235156361728907
Melody-MT,Ovary-Epithelial,cell type specific,Pearson,0.4773831750879643
Melody-MT,Ovary-Epithelial,cell type specific,Spearman,0.4751280561161845
Melody-MT,Ovary-Epithelial,cell type specific,AUC,0.7678492299216748
Melody-MT,Ovary-Epithelial,cell type specific,Accuracy,0.5343796711509716
Melody-MT,Ovary-Epithelial,cell type specific,MAE,0.3267017259180368
Melody-MT,Gallbladder-Epithelial,cell type specific,Pearson,0.291196989163957
Melody-MT,Gallbladder-Epithelial,cell type specific,Spearman,0.2337360778864462
Melody-MT,Gallbladder-Epithelial,cell type specific,AUC,0.8076305311736495
Melody-MT,Gallbladder-Epithelial,cell type specific,Accuracy,0.4236983842010772
Melody-MT,Gallbladder-Epithelial,cell type specific,MAE,0.4682880278034687
Melody-MT,Heart-Cardiomyocyte,cell type specific,Pearson,0.2314073417304415
Melody-MT,Heart-Cardiomyocyte,cell type specific,Spearman,0.2014576630915732
Melody-MT,Heart-Cardiomyocyte,cell type specific,AUC,0.6704119466998428
Melody-MT,Heart-Cardiomyocyte,cell type specific,Accuracy,0.3452380952380952
Melody-MT,Heart-Cardiomyocyte,cell type specific,MAE,0.4327762647674828
Melody-MT,Skeletal-Muscle,cell type specific,Pearson,0.1831862335833879
Melody-MT,Skeletal-Muscle,cell type specific,Spearman,0.2453227811906618
Melody-MT,Skeletal-Muscle,cell type specific,AUC,0.6199883900928792
Melody-MT,Skeletal-Muscle,cell type specific,Accuracy,0.1895043731778426
Melody-MT,Skeletal-Muscle,cell type specific,MAE,0.3295317444048887
Melody-MT,Aorta-Smooth-Muscle,cell type specific,Pearson,0.4704106129140537
Melody-MT,Aorta-Smooth-Muscle,cell type specific,Spearman,0.4724949548091442
Melody-MT,Aorta-Smooth-Muscle,cell type specific,AUC,0.7821737487403426
Melody-MT,Aorta-Smooth-Muscle,cell type specific,Accuracy,0.697508896797153
Melody-MT,Aorta-Smooth-Muscle,cell type specific,MAE,0.1623513087749587
Melody-MT,Kidney-Tubular-Endothel,cell type specific,Pearson,0.4841612746693805
Melody-MT,Kidney-Tubular-Endothel,cell type specific,Spearman,0.3869621548135885
Melody-MT,Kidney-Tubular-Endothel,cell type specific,AUC,0.969067405355494
Melody-MT,Kidney-Tubular-Endothel,cell type specific,Accuracy,0.9917582417582418
Melody-MT,Kidney-Tubular-Endothel,cell type specific,MAE,0.07744053558825137
Melody-MT,Liver-Hepatocytes,cell type specific,Pearson,0.2776507616699115
Melody-MT,Liver-Hepatocytes,cell type specific,Spearman,0.3710203552171112
Melody-MT,Liver-Hepatocytes,cell type specific,AUC,0.6603381802159066
Melody-MT,Liver-Hepatocytes,cell type specific,Accuracy,0.4173387096774194
Melody-MT,Liver-Hepatocytes,cell type specific,MAE,0.4470517340871025
Melody-MT,Lung-Alveolar-Epithelial,cell type specific,Pearson,0.4372276609530149
Melody-MT,Lung-Alveolar-Epithelial,cell type specific,Spearman,0.4847831596769666
Melody-MT,Lung-Alveolar-Epithelial,cell type specific,AUC,0.8251524003048006
Melody-MT,Lung-Alveolar-Epithelial,cell type specific,Accuracy,0.509009009009009
Melody-MT,Lung-Alveolar-Epithelial,cell type specific,MAE,0.3385655658400699
Melody-MT,Lung-Bronchus-Epithelial,cell type specific,Pearson,0.2610674064825634
Melody-MT,Lung-Bronchus-Epithelial,cell type specific,Spearman,0.2427322526331738
Melody-MT,Lung-Bronchus-Epithelial,cell type specific,AUC,0.6847830831005587
Melody-MT,Lung-Bronchus-Epithelial,cell type specific,Accuracy,0.4176372712146423
Melody-MT,Lung-Bronchus-Epithelial,cell type specific,MAE,0.3772576714458313
Melody-MT,Cortex-Neuron,cell type specific,Pearson,0.4894450750534183
Melody-MT,Cortex-Neuron,cell type specific,Spearman,0.5047325126537365
Melody-MT,Cortex-Neuron,cell type specific,AUC,0.7699186466942148
Melody-MT,Cortex-Neuron,cell type specific,Accuracy,0.5243277848911652
Melody-MT,Cortex-Neuron,cell type specific,MAE,0.2665311111931459
Melody-MT,Oligodendrocytes,cell type specific,Pearson,0.2667221394243572
Melody-MT,Oligodendrocytes,cell type specific,Spearman,0.2900482397337211
Melody-MT,Oligodendrocytes,cell type specific,AUC,0.7054553633501002
Melody-MT,Oligodendrocytes,cell type specific,Accuracy,0.5523255813953488
Melody-MT,Oligodendrocytes,cell type specific,MAE,0.3332061839918065
Melody-MT,Pancreas-Acinar,cell type specific,Pearson,0.3261100863983271
Melody-MT,Pancreas-Acinar,cell type specific,Spearman,0.4195293675917374
Melody-MT,Pancreas-Acinar,cell type specific,AUC,0.7860786682776212
Melody-MT,Pancreas-Acinar,cell type specific,Accuracy,0.06228668941979522
Melody-MT,Pancreas-Acinar,cell type specific,MAE,0.6739306922369468
Melody-MT,Pancreas-Alpha,cell type specific,Pearson,0.3663073199788197
Melody-MT,Pancreas-Alpha,cell type specific,Spearman,0.402146805271325
Melody-MT,Pancreas-Alpha,cell type specific,AUC,0.783113302521393
Melody-MT,Pancreas-Alpha,cell type specific,Accuracy,0.4538327526132404
Melody-MT,Pancreas-Alpha,cell type specific,MAE,0.4299767102140816
Melody-MT,Pancreas-Beta,cell type specific,Pearson,0.3380804466683235
Melody-MT,Pancreas-Beta,cell type specific,Spearman,0.3168366881093868
Melody-MT,Pancreas-Beta,cell type specific,AUC,0.7959646497708781
Melody-MT,Pancreas-Beta,cell type specific,Accuracy,0.5948529411764706
Melody-MT,Pancreas-Beta,cell type specific,MAE,0.3696677814539084
Melody-MT,Pancreas-Delta,cell type specific,Pearson,0.4562027914517957
Melody-MT,Pancreas-Delta,cell type specific,Spearman,0.4142620048542422
Melody-MT,Pancreas-Delta,cell type specific,AUC,0.8282752634651427
Melody-MT,Pancreas-Delta,cell type specific,Accuracy,0.571656050955414
Melody-MT,Pancreas-Delta,cell type specific,MAE,0.340016077272594
Melody-MT,Pancreas-Duct,cell type specific,Pearson,0.3041563513523712
Melody-MT,Pancreas-Duct,cell type specific,Spearman,0.3796770097908713
Melody-MT,Pancreas-Duct,cell type specific,AUC,0.80901369168357
Melody-MT,Pancreas-Duct,cell type specific,Accuracy,0.152054794520548
Melody-MT,Pancreas-Duct,cell type specific,MAE,0.6157795712913144
Melody-MT,Prostate-Epithelial,cell type specific,Pearson,0.4579767782611165
Melody-MT,Prostate-Epithelial,cell type specific,Spearman,0.4748531034013144
Melody-MT,Prostate-Epithelial,cell type specific,AUC,0.8042275343072156
Melody-MT,Prostate-Epithelial,cell type specific,Accuracy,0.3992805755395684
Melody-MT,Prostate-Epithelial,cell type specific,MAE,0.3390735226395212
Melody-MT,Thyroid-Epithelial,cell type specific,Pearson,0.2703019028085981
Melody-MT,Thyroid-Epithelial,cell type specific,Spearman,0.2402760094367916
Melody-MT,Thyroid-Epithelial,cell type specific,AUC,0.7546402055968018
Melody-MT,Thyroid-Epithelial,cell type specific,Accuracy,0.4568764568764569
Melody-MT,Thyroid-Epithelial,cell type specific,MAE,0.451050202907139
