model,track,split,metric,value
iDNA-ABT,Adipocytes,VALID,Pearson,0.4873094889344325
iDNA-ABT,Adipocytes,VALID,Spearman,0.3880451778002946
iDNA-ABT,Adipocytes,VALID,AUC,0.7454914127135536
iDNA-ABT,Adipocytes,TEST,Pearson,0.4893482859777661
iDNA-ABT,Adipocytes,TEST,Spearman,0.3920112402713392
iDNA-ABT,Adipocytes,TEST,AUC,0.7514980727503662
iDNA-ABT,Aorta-Endothel,VALID,Pearson,0.4694223333338949
iDNA-ABT,Aorta-Endothel,VALID,Spearman,0.3818527130174718
iDNA-ABT,Aorta-Endothel,VALID,AUC,0.7412935243784368
iDNA-ABT,Aorta-Endothel,TEST,Pearson,0.4677905666234511
iDNA-ABT,Aorta-Endothel,TEST,Spearman,0.3744817363661716
iDNA-ABT,Aorta-Endothel,TEST,AUC,0.7427277809940388
iDNA-ABT,Aorta-Smooth-Muscle,VALID,Pearson,0.3058698336705832
iDNA-ABT,Aorta-Smooth-Muscle,VALID,Spearman,0.2231215926287423
iDNA-ABT,Aorta-Smooth-Muscle,VALID,AUC,0.6205834828513506
iDNA-ABT,Aorta-Smooth-Muscle,TEST,Pearson,0.2954101237824112
iDNA-ABT,Aorta-Smooth-Muscle,TEST,Spearman,0.2242804657876085
iDNA-ABT,Aorta-Smooth-Muscle,TEST,AUC,0.6209614459770412
iDNA-ABT,Bladder-Epithelial,VALID,Pearson,0.4693420333102279
iDNA-ABT,Bladder-Epithelial,VALID,Spearman,0.4004332462368538
iDNA-ABT,Bladder-Epithelial,VALID,AUC,0.7447201519161953
iDNA-ABT,Bladder-Epithelial,TEST,Pearson,0.4750515329138886
iDNA-ABT,Bladder-Epithelial,TEST,Spearman,0.398649538479575
iDNA-ABT,Bladder-Epithelial,TEST,AUC,0.7463066712384744
iDNA-ABT,Blood-B,VALID,Pearson,0.4456853202819308
iDNA-ABT,Blood-B,VALID,Spearman,0.262053381125598
iDNA-ABT,Blood-B,VALID,AUC,0.7294128793404583
iDNA-ABT,Blood-B,TEST,Pearson,0.4427174705753396
iDNA-ABT,Blood-B,TEST,Spearman,0.2584941545252553
iDNA-ABT,Blood-B,TEST,AUC,0.7331577561913086
iDNA-ABT,Blood-Granulocytes,VALID,Pearson,0.5022847170996807
iDNA-ABT,Blood-Granulocytes,VALID,Spearman,0.3227803419310377
iDNA-ABT,Blood-Granulocytes,VALID,AUC,0.7677150670085982
iDNA-ABT,Blood-Granulocytes,TEST,Pearson,0.504418396189202
iDNA-ABT,Blood-Granulocytes,TEST,Spearman,0.3219939682061906
iDNA-ABT,Blood-Granulocytes,TEST,AUC,0.7715737066740938
iDNA-ABT,Blood-Monocytes,VALID,Pearson,0.4220332469518991
iDNA-ABT,Blood-Monocytes,VALID,Spearman,0.0792514682462155
iDNA-ABT,Blood-Monocytes,VALID,AUC,0.6975137806335798
iDNA-ABT,Blood-Monocytes,TEST,Pearson,0.4215449458180243
iDNA-ABT,Blood-Monocytes,TEST,Spearman,0.0748964336241533
iDNA-ABT,Blood-Monocytes,TEST,AUC,0.707292062551657
iDNA-ABT,Blood-NK,VALID,Pearson,0.4599280700615706
iDNA-ABT,Blood-NK,VALID,Spearman,0.2511290816405551
iDNA-ABT,Blood-NK,VALID,AUC,0.7330333298486885
iDNA-ABT,Blood-NK,TEST,Pearson,0.4561649093572647
iDNA-ABT,Blood-NK,TEST,Spearman,0.2438520214632575
iDNA-ABT,Blood-NK,TEST,AUC,0.7378551299396046
iDNA-ABT,Blood-T-CD3,VALID,Pearson,0.4161719837890391
iDNA-ABT,Blood-T-CD3,VALID,Spearman,0.1725998591032106
iDNA-ABT,Blood-T-CD3,VALID,AUC,0.6867474499144085
iDNA-ABT,Blood-T-CD3,TEST,Pearson,0.4034380378034422
iDNA-ABT,Blood-T-CD3,TEST,Spearman,0.1605187484561445
iDNA-ABT,Blood-T-CD3,TEST,AUC,0.6843628683211745
iDNA-ABT,Bone-Osteoblasts,VALID,Pearson,0.4912874341580746
iDNA-ABT,Bone-Osteoblasts,VALID,Spearman,0.4572042109233949
iDNA-ABT,Bone-Osteoblasts,VALID,AUC,0.7474759607180981
iDNA-ABT,Bone-Osteoblasts,TEST,Pearson,0.4861393212567349
iDNA-ABT,Bone-Osteoblasts,TEST,Spearman,0.4503978351736236
iDNA-ABT,Bone-Osteoblasts,TEST,AUC,0.7461713933050561
iDNA-ABT,Bone_marrow-Erythrocyte_progenitors,VALID,Pearson,0.4967774413582503
iDNA-ABT,Bone_marrow-Erythrocyte_progenitors,VALID,Spearman,0.4762649104895566
iDNA-ABT,Bone_marrow-Erythrocyte_progenitors,VALID,AUC,0.7572462682360013
iDNA-ABT,Bone_marrow-Erythrocyte_progenitors,TEST,Pearson,0.4914716148160754
iDNA-ABT,Bone_marrow-Erythrocyte_progenitors,TEST,Spearman,0.4655611935900755
iDNA-ABT,Bone_marrow-Erythrocyte_progenitors,TEST,AUC,0.7551351839396679
iDNA-ABT,Breast-Basal-Epithelial,VALID,Pearson,0.4431641855468701
iDNA-ABT,Breast-Basal-Epithelial,VALID,Spearman,0.2291201918768019
iDNA-ABT,Breast-Basal-Epithelial,VALID,AUC,0.7168336539156617
iDNA-ABT,Breast-Basal-Epithelial,TEST,Pearson,0.4391442911949235
iDNA-ABT,Breast-Basal-Epithelial,TEST,Spearman,0.2341430933811224
iDNA-ABT,Breast-Basal-Epithelial,TEST,AUC,0.7192671232221652
iDNA-ABT,Breast-Luminal-Epithelial,VALID,Pearson,0.4908191732181638
iDNA-ABT,Breast-Luminal-Epithelial,VALID,Spearman,0.3502661999530126
iDNA-ABT,Breast-Luminal-Epithelial,VALID,AUC,0.7548875716867485
iDNA-ABT,Breast-Luminal-Epithelial,TEST,Pearson,0.4889511259658912
iDNA-ABT,Breast-Luminal-Epithelial,TEST,Spearman,0.3498838087781004
iDNA-ABT,Breast-Luminal-Epithelial,TEST,AUC,0.7561415709736609
iDNA-ABT,Colon-Fibroblasts,VALID,Pearson,0.4085442071043187
iDNA-ABT,Colon-Fibroblasts,VALID,Spearman,0.2063414656398585
iDNA-ABT,Colon-Fibroblasts,VALID,AUC,0.6516855082087838
iDNA-ABT,Colon-Fibroblasts,TEST,Pearson,0.4035833853146389
iDNA-ABT,Colon-Fibroblasts,TEST,Spearman,0.2051101008922738
iDNA-ABT,Colon-Fibroblasts,TEST,AUC,0.6503521270850587
iDNA-ABT,Colon-Right-Epithelial,VALID,Pearson,0.4683199997148972
iDNA-ABT,Colon-Right-Epithelial,VALID,Spearman,0.364271587565577
iDNA-ABT,Colon-Right-Epithelial,VALID,AUC,0.7367852461846858
iDNA-ABT,Colon-Right-Epithelial,TEST,Pearson,0.4655715116529919
iDNA-ABT,Colon-Right-Epithelial,TEST,Spearman,0.3663982619415182
iDNA-ABT,Colon-Right-Epithelial,TEST,AUC,0.7387451619461306
iDNA-ABT,Cortex-Neuron,VALID,Pearson,0.5223348692002251
iDNA-ABT,Cortex-Neuron,VALID,Spearman,0.3495797760029153
iDNA-ABT,Cortex-Neuron,VALID,AUC,0.7890077656419817
iDNA-ABT,Cortex-Neuron,TEST,Pearson,0.4767555676953832
iDNA-ABT,Cortex-Neuron,TEST,Spearman,0.3491307688960885
iDNA-ABT,Cortex-Neuron,TEST,AUC,0.7833874045881271
iDNA-ABT,Dermal-Fibroblasts,VALID,Pearson,0.4956836445820679
iDNA-ABT,Dermal-Fibroblasts,VALID,Spearman,0.404786289144678
iDNA-ABT,Dermal-Fibroblasts,VALID,AUC,0.7529339659765126
iDNA-ABT,Dermal-Fibroblasts,TEST,Pearson,0.4897307032898769
iDNA-ABT,Dermal-Fibroblasts,TEST,Spearman,0.3999220066916728
iDNA-ABT,Dermal-Fibroblasts,TEST,AUC,0.7528307320539231
iDNA-ABT,Epidermal-Keratinocytes,VALID,Pearson,0.4206075813211971
iDNA-ABT,Epidermal-Keratinocytes,VALID,Spearman,0.2772443962977324
iDNA-ABT,Epidermal-Keratinocytes,VALID,AUC,0.7009334129518847
iDNA-ABT,Epidermal-Keratinocytes,TEST,Pearson,0.4187774159260524
iDNA-ABT,Epidermal-Keratinocytes,TEST,Spearman,0.2772844296760144
iDNA-ABT,Epidermal-Keratinocytes,TEST,AUC,0.7048746325734554
iDNA-ABT,Fallopian-Epithelial,VALID,Pearson,0.4852331490076804
iDNA-ABT,Fallopian-Epithelial,VALID,Spearman,0.3602825239526593
iDNA-ABT,Fallopian-Epithelial,VALID,AUC,0.7540456748574177
iDNA-ABT,Fallopian-Epithelial,TEST,Pearson,0.4915774010420649
iDNA-ABT,Fallopian-Epithelial,TEST,Spearman,0.3642110185986724
iDNA-ABT,Fallopian-Epithelial,TEST,AUC,0.756808684140648
iDNA-ABT,Gallbladder-Epithelial,VALID,Pearson,0.4886791074784943
iDNA-ABT,Gallbladder-Epithelial,VALID,Spearman,0.3602366425769941
iDNA-ABT,Gallbladder-Epithelial,VALID,AUC,0.7512412669274781
iDNA-ABT,Gallbladder-Epithelial,TEST,Pearson,0.4920575561844533
iDNA-ABT,Gallbladder-Epithelial,TEST,Spearman,0.3644491377346813
iDNA-ABT,Gallbladder-Epithelial,TEST,AUC,0.755698642303296
iDNA-ABT,Gastric-fundus-Epithelial,VALID,Pearson,0.4286973706202267
iDNA-ABT,Gastric-fundus-Epithelial,VALID,Spearman,0.3648551655700401
iDNA-ABT,Gastric-fundus-Epithelial,VALID,AUC,0.724231670104278
iDNA-ABT,Gastric-fundus-Epithelial,TEST,Pearson,0.4251609775566438
iDNA-ABT,Gastric-fundus-Epithelial,TEST,Spearman,0.3586524353363015
iDNA-ABT,Gastric-fundus-Epithelial,TEST,AUC,0.725811523957475
iDNA-ABT,Heart-Cardiomyocyte,VALID,Pearson,0.3696800499088418
iDNA-ABT,Heart-Cardiomyocyte,VALID,Spearman,0.1807810660590428
iDNA-ABT,Heart-Cardiomyocyte,VALID,AUC,0.6637733715357679
iDNA-ABT,Heart-Cardiomyocyte,TEST,Pearson,0.3495172343206135
iDNA-ABT,Heart-Cardiomyocyte,TEST,Spearman,0.1795290859813943
iDNA-ABT,Heart-Cardiomyocyte,TEST,AUC,0.6636980270066395
iDNA-ABT,Heart-Fibroblasts,VALID,Pearson,0.3793632365170369
iDNA-ABT,Heart-Fibroblasts,VALID,Spearman,0.3513945205199908
iDNA-ABT,Heart-Fibroblasts,VALID,AUC,0.6813394610637684
iDNA-ABT,Heart-Fibroblasts,TEST,Pearson,0.3671481272194984
iDNA-ABT,Heart-Fibroblasts,TEST,Spearman,0.3456148934106318
iDNA-ABT,Heart-Fibroblasts,TEST,AUC,0.6779597286923436
iDNA-ABT,Kidney-Tubular-Endothel,VALID,Pearson,0.5099345373843941
iDNA-ABT,Kidney-Tubular-Endothel,VALID,Spearman,0.3674340001555555
iDNA-ABT,Kidney-Tubular-Endothel,VALID,AUC,0.7704500889872286
iDNA-ABT,Kidney-Tubular-Endothel,TEST,Pearson,0.5070084658623375
iDNA-ABT,Kidney-Tubular-Endothel,TEST,Spearman,0.364713064761435
iDNA-ABT,Kidney-Tubular-Endothel,TEST,AUC,0.7709666391586519
iDNA-ABT,Liver-Hepatocytes,VALID,Pearson,0.4370042467649208
iDNA-ABT,Liver-Hepatocytes,VALID,Spearman,0.3009600792275625
iDNA-ABT,Liver-Hepatocytes,VALID,AUC,0.7104763314858678
iDNA-ABT,Liver-Hepatocytes,TEST,Pearson,0.4232010494292988
iDNA-ABT,Liver-Hepatocytes,TEST,Spearman,0.2961906167314072
iDNA-ABT,Liver-Hepatocytes,TEST,AUC,0.7069911788116912
iDNA-ABT,Lung-Alveolar-Epithelial,VALID,Pearson,0.5034453446615584
iDNA-ABT,Lung-Alveolar-Epithelial,VALID,Spearman,0.4240039649857663
iDNA-ABT,Lung-Alveolar-Epithelial,VALID,AUC,0.7594538183659505
iDNA-ABT,Lung-Alveolar-Epithelial,TEST,Pearson,0.488549761244065
iDNA-ABT,Lung-Alveolar-Epithelial,TEST,Spearman,0.4209494406221671
iDNA-ABT,Lung-Alveolar-Epithelial,TEST,AUC,0.7604517600641749
iDNA-ABT,Lung-Bronchus-Epithelial,VALID,Pearson,0.4989794382155286
iDNA-ABT,Lung-Bronchus-Epithelial,VALID,Spearman,0.401366057281588
iDNA-ABT,Lung-Bronchus-Epithelial,VALID,AUC,0.753473706466149
iDNA-ABT,Lung-Bronchus-Epithelial,TEST,Pearson,0.5038457895910864
iDNA-ABT,Lung-Bronchus-Epithelial,TEST,Spearman,0.4035211057395432
iDNA-ABT,Lung-Bronchus-Epithelial,TEST,AUC,0.7555063746418176
iDNA-ABT,Oligodendrocytes,VALID,Pearson,0.4516942863478834
iDNA-ABT,Oligodendrocytes,VALID,Spearman,0.1780367435597442
iDNA-ABT,Oligodendrocytes,VALID,AUC,0.7004832084854966
iDNA-ABT,Oligodendrocytes,TEST,Pearson,0.4553753332570272
iDNA-ABT,Oligodendrocytes,TEST,Spearman,0.1921949153400529
iDNA-ABT,Oligodendrocytes,TEST,AUC,0.7120899672643426
iDNA-ABT,Ovary-Epithelial,VALID,Pearson,0.3862657177240753
iDNA-ABT,Ovary-Epithelial,VALID,Spearman,0.2827512557863843
iDNA-ABT,Ovary-Epithelial,VALID,AUC,0.6928104345056955
iDNA-ABT,Ovary-Epithelial,TEST,Pearson,0.3842364970683222
iDNA-ABT,Ovary-Epithelial,TEST,Spearman,0.2817105918953774
iDNA-ABT,Ovary-Epithelial,TEST,AUC,0.6907905896831501
iDNA-ABT,Pancreas-Acinar,VALID,Pearson,0.4557520246631346
iDNA-ABT,Pancreas-Acinar,VALID,Spearman,0.4316104388938293
iDNA-ABT,Pancreas-Acinar,VALID,AUC,0.7365957336033515
iDNA-ABT,Pancreas-Acinar,TEST,Pearson,0.4537068510143286
iDNA-ABT,Pancreas-Acinar,TEST,Spearman,0.4245978421492564
iDNA-ABT,Pancreas-Acinar,TEST,AUC,0.7370092322587415
iDNA-ABT,Pancreas-Alpha,VALID,Pearson,0.505746159782911
iDNA-ABT,Pancreas-Alpha,VALID,Spearman,0.3896566273154267
iDNA-ABT,Pancreas-Alpha,VALID,AUC,0.7625927036058506
iDNA-ABT,Pancreas-Alpha,TEST,Pearson,0.506037080172431
iDNA-ABT,Pancreas-Alpha,TEST,Spearman,0.3808119112321937
iDNA-ABT,Pancreas-Alpha,TEST,AUC,0.7617581556975589
iDNA-ABT,Pancreas-Beta,VALID,Pearson,0.4995213928153684
iDNA-ABT,Pancreas-Beta,VALID,Spearman,0.3784546588325036
iDNA-ABT,Pancreas-Beta,VALID,AUC,0.7621380449079708
iDNA-ABT,Pancreas-Beta,TEST,Pearson,0.4756662437539638
iDNA-ABT,Pancreas-Beta,TEST,Spearman,0.3737686294050037
iDNA-ABT,Pancreas-Beta,TEST,AUC,0.7574446582702851
iDNA-ABT,Pancreas-Delta,VALID,Pearson,0.481432031616177
iDNA-ABT,Pancreas-Delta,VALID,Spearman,0.3636659676011409
iDNA-ABT,Pancreas-Delta,VALID,AUC,0.7581863843532755
iDNA-ABT,Pancreas-Delta,TEST,Pearson,0.484562288759033
iDNA-ABT,Pancreas-Delta,TEST,Spearman,0.3624724416141266
iDNA-ABT,Pancreas-Delta,TEST,AUC,0.7583370038973669
iDNA-ABT,Pancreas-Duct,VALID,Pearson,0.5023245881572869
iDNA-ABT,Pancreas-Duct,VALID,Spearman,0.3539114767057926
iDNA-ABT,Pancreas-Duct,VALID,AUC,0.7611539443939418
iDNA-ABT,Pancreas-Duct,TEST,Pearson,0.5020311574594962
iDNA-ABT,Pancreas-Duct,TEST,Spearman,0.3523120405955968
iDNA-ABT,Pancreas-Duct,TEST,AUC,0.7621612188414547
iDNA-ABT,Prostate-Epithelial,VALID,Pearson,0.4796305455854021
iDNA-ABT,Prostate-Epithelial,VALID,Spearman,0.3609467341722014
iDNA-ABT,Prostate-Epithelial,VALID,AUC,0.744255139566435
iDNA-ABT,Prostate-Epithelial,TEST,Pearson,0.4830916167395157
iDNA-ABT,Prostate-Epithelial,TEST,Spearman,0.3636072525007723
iDNA-ABT,Prostate-Epithelial,TEST,AUC,0.7476218849010771
iDNA-ABT,Skeletal-Muscle,VALID,Pearson,0.4736989100600771
iDNA-ABT,Skeletal-Muscle,VALID,Spearman,0.3739078850435179
iDNA-ABT,Skeletal-Muscle,VALID,AUC,0.7317456295393745
iDNA-ABT,Skeletal-Muscle,TEST,Pearson,0.475604765099534
iDNA-ABT,Skeletal-Muscle,TEST,Spearman,0.3757182893290211
iDNA-ABT,Skeletal-Muscle,TEST,AUC,0.7376875188303896
iDNA-ABT,Small-int-Epithelial,VALID,Pearson,0.425233333137617
iDNA-ABT,Small-int-Epithelial,VALID,Spearman,0.3205772637614049
iDNA-ABT,Small-int-Epithelial,VALID,AUC,0.7173017896190137
iDNA-ABT,Small-int-Epithelial,TEST,Pearson,0.424102362727287
iDNA-ABT,Small-int-Epithelial,TEST,Spearman,0.3245617815158968
iDNA-ABT,Small-int-Epithelial,TEST,AUC,0.7182477391996455
iDNA-ABT,Thyroid-Epithelial,VALID,Pearson,0.5140289850415055
iDNA-ABT,Thyroid-Epithelial,VALID,Spearman,0.348695570537641
iDNA-ABT,Thyroid-Epithelial,VALID,AUC,0.768290242545132
iDNA-ABT,Thyroid-Epithelial,TEST,Pearson,0.5157446817214623
iDNA-ABT,Thyroid-Epithelial,TEST,Spearman,0.3474570415382963
iDNA-ABT,Thyroid-Epithelial,TEST,AUC,0.7708422721010857
iDNA-ABT,Tonsil-Palatine-Epithelial,VALID,Pearson,0.4754199688277881
iDNA-ABT,Tonsil-Palatine-Epithelial,VALID,Spearman,0.4046875799881635
iDNA-ABT,Tonsil-Palatine-Epithelial,VALID,AUC,0.7344773138104509
iDNA-ABT,Tonsil-Palatine-Epithelial,TEST,Pearson,0.4721666322372213
iDNA-ABT,Tonsil-Palatine-Epithelial,TEST,Spearman,0.4022524509337972
iDNA-ABT,Tonsil-Palatine-Epithelial,TEST,AUC,0.7354829577163536
iDNA-ABT,GSM5652176_Adipocytes-Z000000T7,SAMPLE_VALID,Pearson,0.4491077126169785
iDNA-ABT,GSM5652176_Adipocytes-Z000000T7,SAMPLE_VALID,Spearman,0.3808126860691354
iDNA-ABT,GSM5652176_Adipocytes-Z000000T7,SAMPLE_VALID,AUC,0.7171753985624009
iDNA-ABT,GSM5652176_Adipocytes-Z000000T7,SAMPLE_TEST,Pearson,0.5090317729575291
iDNA-ABT,GSM5652176_Adipocytes-Z000000T7,SAMPLE_TEST,Spearman,0.4521946102251673
iDNA-ABT,GSM5652176_Adipocytes-Z000000T7,SAMPLE_TEST,AUC,0.7562832680044624
iDNA-ABT,GSM5652335_Lung-Bronchus-Epithelial-Z000000QD,SAMPLE_VALID,Pearson,0.4427398455753127
iDNA-ABT,GSM5652335_Lung-Bronchus-Epithelial-Z000000QD,SAMPLE_VALID,Spearman,0.3877567332016496
iDNA-ABT,GSM5652335_Lung-Bronchus-Epithelial-Z000000QD,SAMPLE_VALID,AUC,0.7127131468577573
iDNA-ABT,GSM5652335_Lung-Bronchus-Epithelial-Z000000QD,SAMPLE_TEST,Pearson,0.4813436242125411
iDNA-ABT,GSM5652335_Lung-Bronchus-Epithelial-Z000000QD,SAMPLE_TEST,Spearman,0.4457599543080109
iDNA-ABT,GSM5652335_Lung-Bronchus-Epithelial-Z000000QD,SAMPLE_TEST,AUC,0.7395327612435881
iDNA-ABT,GSM5652179_Aorta-Endothel-Z00000422,SAMPLE_VALID,Pearson,0.4484781720785339
iDNA-ABT,GSM5652179_Aorta-Endothel-Z00000422,SAMPLE_VALID,Spearman,0.3634187356256463
iDNA-ABT,GSM5652179_Aorta-Endothel-Z00000422,SAMPLE_VALID,AUC,0.722574022444171
iDNA-ABT,GSM5652179_Aorta-Endothel-Z00000422,SAMPLE_TEST,Pearson,0.5111767376705009
iDNA-ABT,GSM5652179_Aorta-Endothel-Z00000422,SAMPLE_TEST,Spearman,0.4173518416786748
iDNA-ABT,GSM5652179_Aorta-Endothel-Z00000422,SAMPLE_TEST,AUC,0.7577816155995134
iDNA-ABT,GSM5652321_Epidermal-Keratinocytes-Z00000424,SAMPLE_VALID,Pearson,0.3708065917015037
iDNA-ABT,GSM5652321_Epidermal-Keratinocytes-Z00000424,SAMPLE_VALID,Spearman,0.2699501930850439
iDNA-ABT,GSM5652321_Epidermal-Keratinocytes-Z00000424,SAMPLE_VALID,AUC,0.6752197309884055
iDNA-ABT,GSM5652321_Epidermal-Keratinocytes-Z00000424,SAMPLE_TEST,Pearson,0.4444963621996561
iDNA-ABT,GSM5652321_Epidermal-Keratinocytes-Z00000424,SAMPLE_TEST,Spearman,0.352985735474606
iDNA-ABT,GSM5652321_Epidermal-Keratinocytes-Z00000424,SAMPLE_TEST,AUC,0.7168446961719924
iDNA-ABT,GSM5652189_Kidney-Tubular-Endothel-Z0000042R,SAMPLE_VALID,Pearson,0.4882400875807427
iDNA-ABT,GSM5652189_Kidney-Tubular-Endothel-Z0000042R,SAMPLE_VALID,Spearman,0.3712752001340498
iDNA-ABT,GSM5652189_Kidney-Tubular-Endothel-Z0000042R,SAMPLE_VALID,AUC,0.7475324047588765
iDNA-ABT,GSM5652189_Kidney-Tubular-Endothel-Z0000042R,SAMPLE_TEST,Pearson,0.5353635113749359
iDNA-ABT,GSM5652189_Kidney-Tubular-Endothel-Z0000042R,SAMPLE_TEST,Spearman,0.4286029757742527
iDNA-ABT,GSM5652189_Kidney-Tubular-Endothel-Z0000042R,SAMPLE_TEST,AUC,0.7789323355200002
iDNA-ABT,GSM5652338_Prostate-Epithelial-Z000000RV,SAMPLE_VALID,Pearson,0.427670345708599
iDNA-ABT,GSM5652338_Prostate-Epithelial-Z000000RV,SAMPLE_VALID,Spearman,0.351739999296155
iDNA-ABT,GSM5652338_Prostate-Epithelial-Z000000RV,SAMPLE_VALID,AUC,0.7060811501311707
iDNA-ABT,GSM5652338_Prostate-Epithelial-Z000000RV,SAMPLE_TEST,Pearson,0.4822516422656836
iDNA-ABT,GSM5652338_Prostate-Epithelial-Z000000RV,SAMPLE_TEST,Spearman,0.4152496532272879
iDNA-ABT,GSM5652338_Prostate-Epithelial-Z000000RV,SAMPLE_TEST,AUC,0.7381141013535573
iDNA-ABT,GSM5652198_Colon-Fibroblasts-Z0000042A,SAMPLE_VALID,Pearson,0.3912676564024925
iDNA-ABT,GSM5652198_Colon-Fibroblasts-Z0000042A,SAMPLE_VALID,Spearman,0.215160363307909
iDNA-ABT,GSM5652198_Colon-Fibroblasts-Z0000042A,SAMPLE_VALID,AUC,0.65309771453427
iDNA-ABT,GSM5652198_Colon-Fibroblasts-Z0000042A,SAMPLE_TEST,Pearson,0.4538638620003125
iDNA-ABT,GSM5652198_Colon-Fibroblasts-Z0000042A,SAMPLE_TEST,Spearman,0.2837034058627665
iDNA-ABT,GSM5652198_Colon-Fibroblasts-Z0000042A,SAMPLE_TEST,AUC,0.6888479523378667
iDNA-ABT,GSM5652342_Bladder-Epithelial-Z000000QM,SAMPLE_VALID,Pearson,0.4046946399814613
iDNA-ABT,GSM5652342_Bladder-Epithelial-Z000000QM,SAMPLE_VALID,Spearman,0.354766797612131
iDNA-ABT,GSM5652342_Bladder-Epithelial-Z000000QM,SAMPLE_VALID,AUC,0.6949126718704057
iDNA-ABT,GSM5652342_Bladder-Epithelial-Z000000QM,SAMPLE_TEST,Pearson,0.467210105146995
iDNA-ABT,GSM5652342_Bladder-Epithelial-Z000000QM,SAMPLE_TEST,Spearman,0.416637319160664
iDNA-ABT,GSM5652342_Bladder-Epithelial-Z000000QM,SAMPLE_TEST,AUC,0.7296061385755814
iDNA-ABT,GSM5652200_Heart-Fibroblasts-Z0000043R,SAMPLE_VALID,Pearson,0.3923621345473024
iDNA-ABT,GSM5652200_Heart-Fibroblasts-Z0000043R,SAMPLE_VALID,Spearman,0.3350478152855565
iDNA-ABT,GSM5652200_Heart-Fibroblasts-Z0000043R,SAMPLE_VALID,AUC,0.6855129871930009
iDNA-ABT,GSM5652200_Heart-Fibroblasts-Z0000043R,SAMPLE_TEST,Pearson,0.4504284111642199
iDNA-ABT,GSM5652200_Heart-Fibroblasts-Z0000043R,SAMPLE_TEST,Spearman,0.383339845585942
iDNA-ABT,GSM5652200_Heart-Fibroblasts-Z0000043R,SAMPLE_TEST,AUC,0.712392638749119
iDNA-ABT,GSM5652347_Breast-Luminal-Epithelial-Z000000V2,SAMPLE_VALID,Pearson,0.4514981584265203
iDNA-ABT,GSM5652347_Breast-Luminal-Epithelial-Z000000V2,SAMPLE_VALID,Spearman,0.3550537161196161
iDNA-ABT,GSM5652347_Breast-Luminal-Epithelial-Z000000V2,SAMPLE_VALID,AUC,0.7252726065508922
iDNA-ABT,GSM5652347_Breast-Luminal-Epithelial-Z000000V2,SAMPLE_TEST,Pearson,0.5015386158916221
iDNA-ABT,GSM5652347_Breast-Luminal-Epithelial-Z000000V2,SAMPLE_TEST,Spearman,0.4161962415963096
iDNA-ABT,GSM5652347_Breast-Luminal-Epithelial-Z000000V2,SAMPLE_TEST,AUC,0.7519704516871275
iDNA-ABT,GSM5652204_Dermal-Fibroblasts-Z00000423,SAMPLE_VALID,Pearson,0.4756134491317701
iDNA-ABT,GSM5652204_Dermal-Fibroblasts-Z00000423,SAMPLE_VALID,Spearman,0.3901476295047328
iDNA-ABT,GSM5652204_Dermal-Fibroblasts-Z00000423,SAMPLE_VALID,AUC,0.73438071904368
iDNA-ABT,GSM5652204_Dermal-Fibroblasts-Z00000423,SAMPLE_TEST,Pearson,0.5401424067178987
iDNA-ABT,GSM5652204_Dermal-Fibroblasts-Z00000423,SAMPLE_TEST,Spearman,0.4553279082261292
iDNA-ABT,GSM5652204_Dermal-Fibroblasts-Z00000423,SAMPLE_TEST,AUC,0.7724704535503633
iDNA-ABT,GSM5652350_Breast-Basal-Epithelial-Z000000V6,SAMPLE_VALID,Pearson,0.4031176282793468
iDNA-ABT,GSM5652350_Breast-Basal-Epithelial-Z000000V6,SAMPLE_VALID,Spearman,0.2688615585447841
iDNA-ABT,GSM5652350_Breast-Basal-Epithelial-Z000000V6,SAMPLE_VALID,AUC,0.6969265829123907
iDNA-ABT,GSM5652350_Breast-Basal-Epithelial-Z000000V6,SAMPLE_TEST,Pearson,0.4616020763237464
iDNA-ABT,GSM5652350_Breast-Basal-Epithelial-Z000000V6,SAMPLE_TEST,Spearman,0.3470127735854243
iDNA-ABT,GSM5652350_Breast-Basal-Epithelial-Z000000V6,SAMPLE_TEST,AUC,0.7355316172813999
iDNA-ABT,GSM5652205_Skeletal-Muscle-Z00000427,SAMPLE_VALID,Pearson,0.4399494211418396
iDNA-ABT,GSM5652205_Skeletal-Muscle-Z00000427,SAMPLE_VALID,Spearman,0.3630919299138335
iDNA-ABT,GSM5652205_Skeletal-Muscle-Z00000427,SAMPLE_VALID,AUC,0.7066644702199856
iDNA-ABT,GSM5652205_Skeletal-Muscle-Z00000427,SAMPLE_TEST,Pearson,0.503329863608979
iDNA-ABT,GSM5652205_Skeletal-Muscle-Z00000427,SAMPLE_TEST,Spearman,0.4311016917927057
iDNA-ABT,GSM5652205_Skeletal-Muscle-Z00000427,SAMPLE_TEST,AUC,0.744722736638719
iDNA-ABT,GSM5652354_Lung-Alveolar-Epithelial-Z000000T1,SAMPLE_VALID,Pearson,0.4506483093033682
iDNA-ABT,GSM5652354_Lung-Alveolar-Epithelial-Z000000T1,SAMPLE_VALID,Spearman,0.3965971499458055
iDNA-ABT,GSM5652354_Lung-Alveolar-Epithelial-Z000000T1,SAMPLE_VALID,AUC,0.7180239773431902
iDNA-ABT,GSM5652354_Lung-Alveolar-Epithelial-Z000000T1,SAMPLE_TEST,Pearson,0.4950923758891886
iDNA-ABT,GSM5652354_Lung-Alveolar-Epithelial-Z000000T1,SAMPLE_TEST,Spearman,0.449386846142454
iDNA-ABT,GSM5652354_Lung-Alveolar-Epithelial-Z000000T1,SAMPLE_TEST,AUC,0.7445584398290513
iDNA-ABT,GSM5652207_Aorta-Smooth-Muscle-Z0000041U,SAMPLE_VALID,Pearson,0.3406595818955476
iDNA-ABT,GSM5652207_Aorta-Smooth-Muscle-Z0000041U,SAMPLE_VALID,Spearman,0.2094522576561985
iDNA-ABT,GSM5652207_Aorta-Smooth-Muscle-Z0000041U,SAMPLE_VALID,AUC,0.6274575837346137
iDNA-ABT,GSM5652207_Aorta-Smooth-Muscle-Z0000041U,SAMPLE_TEST,Pearson,0.4066691023091377
iDNA-ABT,GSM5652207_Aorta-Smooth-Muscle-Z0000041U,SAMPLE_TEST,Spearman,0.2604920931648073
iDNA-ABT,GSM5652207_Aorta-Smooth-Muscle-Z0000041U,SAMPLE_TEST,AUC,0.6583600374568697
iDNA-ABT,GSM5652358_Gallbladder-Epithelial-Z00000432,SAMPLE_VALID,Pearson,0.4200932828972975
iDNA-ABT,GSM5652358_Gallbladder-Epithelial-Z00000432,SAMPLE_VALID,Spearman,0.3432251035597947
iDNA-ABT,GSM5652358_Gallbladder-Epithelial-Z00000432,SAMPLE_VALID,AUC,0.703307873241604
iDNA-ABT,GSM5652358_Gallbladder-Epithelial-Z00000432,SAMPLE_TEST,Pearson,0.4689025315649661
iDNA-ABT,GSM5652358_Gallbladder-Epithelial-Z00000432,SAMPLE_TEST,Spearman,0.4172476996599757
iDNA-ABT,GSM5652358_Gallbladder-Epithelial-Z00000432,SAMPLE_TEST,AUC,0.737143384530327
iDNA-ABT,GSM5652215_Heart-Cardiomyocyte-Z0000044P,SAMPLE_VALID,Pearson,0.3854721348059122
iDNA-ABT,GSM5652215_Heart-Cardiomyocyte-Z0000044P,SAMPLE_VALID,Spearman,0.2322893148072749
iDNA-ABT,GSM5652215_Heart-Cardiomyocyte-Z0000044P,SAMPLE_VALID,AUC,0.663863360338889
iDNA-ABT,GSM5652215_Heart-Cardiomyocyte-Z0000044P,SAMPLE_TEST,Pearson,0.4418274482919875
iDNA-ABT,GSM5652215_Heart-Cardiomyocyte-Z0000044P,SAMPLE_TEST,Spearman,0.291639948554142
iDNA-ABT,GSM5652215_Heart-Cardiomyocyte-Z0000044P,SAMPLE_TEST,AUC,0.7002124031128338
iDNA-ABT,GSM5652359_Gastric-fundus-Epithelial-Z000000RX,SAMPLE_VALID,Pearson,0.3820510886846096
iDNA-ABT,GSM5652359_Gastric-fundus-Epithelial-Z000000RX,SAMPLE_VALID,Spearman,0.3357651986722194
iDNA-ABT,GSM5652359_Gastric-fundus-Epithelial-Z000000RX,SAMPLE_VALID,AUC,0.6873069187905199
iDNA-ABT,GSM5652359_Gastric-fundus-Epithelial-Z000000RX,SAMPLE_TEST,Pearson,0.4458980080677731
iDNA-ABT,GSM5652359_Gastric-fundus-Epithelial-Z000000RX,SAMPLE_TEST,Spearman,0.3971797392034738
iDNA-ABT,GSM5652359_Gastric-fundus-Epithelial-Z000000RX,SAMPLE_TEST,AUC,0.7212199053686076
iDNA-ABT,GSM5652218_Bone-Osteoblasts-Z0000042Z,SAMPLE_VALID,Pearson,0.4771497851438741
iDNA-ABT,GSM5652218_Bone-Osteoblasts-Z0000042Z,SAMPLE_VALID,Spearman,0.4334868967743127
iDNA-ABT,GSM5652218_Bone-Osteoblasts-Z0000042Z,SAMPLE_VALID,AUC,0.7368512502646607
iDNA-ABT,GSM5652218_Bone-Osteoblasts-Z0000042Z,SAMPLE_TEST,Pearson,0.5183603701796156
iDNA-ABT,GSM5652218_Bone-Osteoblasts-Z0000042Z,SAMPLE_TEST,Spearman,0.4775714626331283
iDNA-ABT,GSM5652218_Bone-Osteoblasts-Z0000042Z,SAMPLE_TEST,AUC,0.7582076740422384
iDNA-ABT,GSM5652219_Oligodendrocytes-Z000000TK,SAMPLE_VALID,Pearson,0.4243708204935807
iDNA-ABT,GSM5652219_Oligodendrocytes-Z000000TK,SAMPLE_VALID,Spearman,0.2384482437043876
iDNA-ABT,GSM5652219_Oligodendrocytes-Z000000TK,SAMPLE_VALID,AUC,0.697898650528548
iDNA-ABT,GSM5652219_Oligodendrocytes-Z000000TK,SAMPLE_TEST,Pearson,0.477809373415049
iDNA-ABT,GSM5652219_Oligodendrocytes-Z000000TK,SAMPLE_TEST,Spearman,0.3155410763726587
iDNA-ABT,GSM5652219_Oligodendrocytes-Z000000TK,SAMPLE_TEST,AUC,0.7366931797436445
iDNA-ABT,GSM5652223_Cortex-Neuron-Z000000TF,SAMPLE_VALID,Pearson,0.5298617059128978
iDNA-ABT,GSM5652223_Cortex-Neuron-Z000000TF,SAMPLE_VALID,Spearman,0.377962141637411
iDNA-ABT,GSM5652223_Cortex-Neuron-Z000000TF,SAMPLE_VALID,AUC,0.7781172000820813
iDNA-ABT,GSM5652223_Cortex-Neuron-Z000000TF,SAMPLE_TEST,Pearson,0.5755945715094514
iDNA-ABT,GSM5652223_Cortex-Neuron-Z000000TF,SAMPLE_TEST,Spearman,0.4330044001046069
iDNA-ABT,GSM5652223_Cortex-Neuron-Z000000TF,SAMPLE_TEST,AUC,0.8032595623038412
iDNA-ABT,GSM5652233_Liver-Hepatocytes-Z000000R3,SAMPLE_VALID,Pearson,0.4176872874066612
iDNA-ABT,GSM5652233_Liver-Hepatocytes-Z000000R3,SAMPLE_VALID,Spearman,0.2801399195782542
iDNA-ABT,GSM5652233_Liver-Hepatocytes-Z000000R3,SAMPLE_VALID,AUC,0.6993205332581459
iDNA-ABT,GSM5652233_Liver-Hepatocytes-Z000000R3,SAMPLE_TEST,Pearson,0.4647979309279511
iDNA-ABT,GSM5652233_Liver-Hepatocytes-Z000000R3,SAMPLE_TEST,Spearman,0.3419952209689731
iDNA-ABT,GSM5652233_Liver-Hepatocytes-Z000000R3,SAMPLE_TEST,AUC,0.7290754422680749
iDNA-ABT,GSM5652239_Pancreas-Duct-Z0000043T,SAMPLE_VALID,Pearson,0.4437924777203714
iDNA-ABT,GSM5652239_Pancreas-Duct-Z0000043T,SAMPLE_VALID,Spearman,0.3368009995774934
iDNA-ABT,GSM5652239_Pancreas-Duct-Z0000043T,SAMPLE_VALID,AUC,0.7222688775037108
iDNA-ABT,GSM5652239_Pancreas-Duct-Z0000043T,SAMPLE_TEST,Pearson,0.5035012981136961
iDNA-ABT,GSM5652239_Pancreas-Duct-Z0000043T,SAMPLE_TEST,Spearman,0.4026399628292979
iDNA-ABT,GSM5652239_Pancreas-Duct-Z0000043T,SAMPLE_TEST,AUC,0.7565630253856128
iDNA-ABT,GSM5652243_Pancreas-Acinar-Z000000QX,SAMPLE_VALID,Pearson,0.4009835793589378
iDNA-ABT,GSM5652243_Pancreas-Acinar-Z000000QX,SAMPLE_VALID,Spearman,0.3821961993468423
iDNA-ABT,GSM5652243_Pancreas-Acinar-Z000000QX,SAMPLE_VALID,AUC,0.7051937763197799
iDNA-ABT,GSM5652243_Pancreas-Acinar-Z000000QX,SAMPLE_TEST,Pearson,0.4421829388732811
iDNA-ABT,GSM5652243_Pancreas-Acinar-Z000000QX,SAMPLE_TEST,Spearman,0.4112680724556242
iDNA-ABT,GSM5652243_Pancreas-Acinar-Z000000QX,SAMPLE_TEST,AUC,0.7236099645817466
iDNA-ABT,GSM5652247_Pancreas-Delta-Z00000451,SAMPLE_VALID,Pearson,0.4844479743438069
iDNA-ABT,GSM5652247_Pancreas-Delta-Z00000451,SAMPLE_VALID,Spearman,0.3607881003932895
iDNA-ABT,GSM5652247_Pancreas-Delta-Z00000451,SAMPLE_VALID,AUC,0.7453037856031046
iDNA-ABT,GSM5652247_Pancreas-Delta-Z00000451,SAMPLE_TEST,Pearson,0.5162396225880237
iDNA-ABT,GSM5652247_Pancreas-Delta-Z00000451,SAMPLE_TEST,Spearman,0.4138613528768089
iDNA-ABT,GSM5652247_Pancreas-Delta-Z00000451,SAMPLE_TEST,AUC,0.7648415619855753
iDNA-ABT,GSM5652250_Pancreas-Beta-Z00000452,SAMPLE_VALID,Pearson,0.4810598984415227
iDNA-ABT,GSM5652250_Pancreas-Beta-Z00000452,SAMPLE_VALID,Spearman,0.3597920965913292
iDNA-ABT,GSM5652250_Pancreas-Beta-Z00000452,SAMPLE_VALID,AUC,0.7450039581003813
iDNA-ABT,GSM5652250_Pancreas-Beta-Z00000452,SAMPLE_TEST,Pearson,0.5171745131657924
iDNA-ABT,GSM5652250_Pancreas-Beta-Z00000452,SAMPLE_TEST,Spearman,0.4119440611490818
iDNA-ABT,GSM5652250_Pancreas-Beta-Z00000452,SAMPLE_TEST,AUC,0.7650870178846966
iDNA-ABT,GSM5652253_Pancreas-Alpha-Z00000453,SAMPLE_VALID,Pearson,0.4886630929646292
iDNA-ABT,GSM5652253_Pancreas-Alpha-Z00000453,SAMPLE_VALID,Spearman,0.3732929989332126
iDNA-ABT,GSM5652253_Pancreas-Alpha-Z00000453,SAMPLE_VALID,AUC,0.746620952650467
iDNA-ABT,GSM5652253_Pancreas-Alpha-Z00000453,SAMPLE_TEST,Pearson,0.5215725844403147
iDNA-ABT,GSM5652253_Pancreas-Alpha-Z00000453,SAMPLE_TEST,Spearman,0.4219201396261156
iDNA-ABT,GSM5652253_Pancreas-Alpha-Z00000453,SAMPLE_TEST,AUC,0.7686550500860025
iDNA-ABT,GSM5652264_Thyroid-Epithelial-Z0000042S,SAMPLE_VALID,Pearson,0.4792659026128607
iDNA-ABT,GSM5652264_Thyroid-Epithelial-Z0000042S,SAMPLE_VALID,Spearman,0.3598087382317751
iDNA-ABT,GSM5652264_Thyroid-Epithelial-Z0000042S,SAMPLE_VALID,AUC,0.7407659549868661
iDNA-ABT,GSM5652264_Thyroid-Epithelial-Z0000042S,SAMPLE_TEST,Pearson,0.5180511442549797
iDNA-ABT,GSM5652264_Thyroid-Epithelial-Z0000042S,SAMPLE_TEST,Spearman,0.4062690844017864
iDNA-ABT,GSM5652264_Thyroid-Epithelial-Z0000042S,SAMPLE_TEST,AUC,0.76645326544497
iDNA-ABT,GSM5652322_Tonsil-Palatine-Epithelial-Z000000QF,SAMPLE_VALID,Pearson,0.4212183318414328
iDNA-ABT,GSM5652322_Tonsil-Palatine-Epithelial-Z000000QF,SAMPLE_VALID,Spearman,0.3686207507777464
iDNA-ABT,GSM5652322_Tonsil-Palatine-Epithelial-Z000000QF,SAMPLE_VALID,AUC,0.6979159709517134
iDNA-ABT,GSM5652322_Tonsil-Palatine-Epithelial-Z000000QF,SAMPLE_TEST,Pearson,0.4639945360174166
iDNA-ABT,GSM5652322_Tonsil-Palatine-Epithelial-Z000000QF,SAMPLE_TEST,Spearman,0.4220117117641696
iDNA-ABT,GSM5652322_Tonsil-Palatine-Epithelial-Z000000QF,SAMPLE_TEST,AUC,0.7228098629367694
iDNA-ABT,GSM5652267_Fallopian-Epithelial-Z000000Q7,SAMPLE_VALID,Pearson,0.4493958958056019
iDNA-ABT,GSM5652267_Fallopian-Epithelial-Z000000Q7,SAMPLE_VALID,Spearman,0.3547700135215433
iDNA-ABT,GSM5652267_Fallopian-Epithelial-Z000000Q7,SAMPLE_VALID,AUC,0.7224605071013415
iDNA-ABT,GSM5652267_Fallopian-Epithelial-Z000000Q7,SAMPLE_TEST,Pearson,0.4995512778704964
iDNA-ABT,GSM5652267_Fallopian-Epithelial-Z000000Q7,SAMPLE_TEST,Spearman,0.4244752566262166
iDNA-ABT,GSM5652267_Fallopian-Epithelial-Z000000Q7,SAMPLE_TEST,AUC,0.7555080302220561
iDNA-ABT,GSM5652270_Ovary-Epithelial-Z000000QT,SAMPLE_VALID,Pearson,0.4009122643293955
iDNA-ABT,GSM5652270_Ovary-Epithelial-Z000000QT,SAMPLE_VALID,Spearman,0.3012749295371228
iDNA-ABT,GSM5652270_Ovary-Epithelial-Z000000QT,SAMPLE_VALID,AUC,0.6942043428384879
iDNA-ABT,GSM5652270_Ovary-Epithelial-Z000000QT,SAMPLE_TEST,Pearson,0.4682896183789766
iDNA-ABT,GSM5652270_Ovary-Epithelial-Z000000QT,SAMPLE_TEST,Spearman,0.3774196820871718
iDNA-ABT,GSM5652270_Ovary-Epithelial-Z000000QT,SAMPLE_TEST,AUC,0.73350447003137
iDNA-ABT,GSM5652274_Bone_marrow-Erythrocyte_progenitors-Z000000RF,SAMPLE_VALID,Pearson,0.4503581617955259
iDNA-ABT,GSM5652274_Bone_marrow-Erythrocyte_progenitors-Z000000RF,SAMPLE_VALID,Spearman,0.4084296980453983
iDNA-ABT,GSM5652274_Bone_marrow-Erythrocyte_progenitors-Z000000RF,SAMPLE_VALID,AUC,0.7286961117264592
iDNA-ABT,GSM5652274_Bone_marrow-Erythrocyte_progenitors-Z000000RF,SAMPLE_TEST,Pearson,0.4890796218651598
iDNA-ABT,GSM5652274_Bone_marrow-Erythrocyte_progenitors-Z000000RF,SAMPLE_TEST,Spearman,0.4386948644660959
iDNA-ABT,GSM5652274_Bone_marrow-Erythrocyte_progenitors-Z000000RF,SAMPLE_TEST,AUC,0.7474873699388376
iDNA-ABT,GSM5652277_Blood-T-CD3-Z000000TV,SAMPLE_VALID,Pearson,0.3866390160415246
iDNA-ABT,GSM5652277_Blood-T-CD3-Z000000TV,SAMPLE_VALID,Spearman,0.1823493843381251
iDNA-ABT,GSM5652277_Blood-T-CD3-Z000000TV,SAMPLE_VALID,AUC,0.6816839495068406
iDNA-ABT,GSM5652277_Blood-T-CD3-Z000000TV,SAMPLE_TEST,Pearson,0.45861776436893
iDNA-ABT,GSM5652277_Blood-T-CD3-Z000000TV,SAMPLE_TEST,Spearman,0.2539560435823665
iDNA-ABT,GSM5652277_Blood-T-CD3-Z000000TV,SAMPLE_TEST,AUC,0.7264319913600332
iDNA-ABT,GSM5652299_Blood-NK-Z000000TM,SAMPLE_VALID,Pearson,0.3985056039203754
iDNA-ABT,GSM5652299_Blood-NK-Z000000TM,SAMPLE_VALID,Spearman,0.2432344174019311
iDNA-ABT,GSM5652299_Blood-NK-Z000000TM,SAMPLE_VALID,AUC,0.7006501928219137
iDNA-ABT,GSM5652299_Blood-NK-Z000000TM,SAMPLE_TEST,Pearson,0.4748897867738573
iDNA-ABT,GSM5652299_Blood-NK-Z000000TM,SAMPLE_TEST,Spearman,0.309509136574861
iDNA-ABT,GSM5652299_Blood-NK-Z000000TM,SAMPLE_TEST,AUC,0.7459278215294575
iDNA-ABT,GSM5652302_Blood-Monocytes-Z000000TP,SAMPLE_VALID,Pearson,0.3717778988685293
iDNA-ABT,GSM5652302_Blood-Monocytes-Z000000TP,SAMPLE_VALID,Spearman,0.1432083807607315
iDNA-ABT,GSM5652302_Blood-Monocytes-Z000000TP,SAMPLE_VALID,AUC,0.670285945913092
iDNA-ABT,GSM5652302_Blood-Monocytes-Z000000TP,SAMPLE_TEST,Pearson,0.4465068170707497
iDNA-ABT,GSM5652302_Blood-Monocytes-Z000000TP,SAMPLE_TEST,Spearman,0.224117345360361
iDNA-ABT,GSM5652302_Blood-Monocytes-Z000000TP,SAMPLE_TEST,AUC,0.7181809385399818
iDNA-ABT,GSM5652313_Blood-Granulocytes-Z000000TZ,SAMPLE_VALID,Pearson,0.4466471264958971
iDNA-ABT,GSM5652313_Blood-Granulocytes-Z000000TZ,SAMPLE_VALID,Spearman,0.3115836871095946
iDNA-ABT,GSM5652313_Blood-Granulocytes-Z000000TZ,SAMPLE_VALID,AUC,0.7305177790729189
iDNA-ABT,GSM5652313_Blood-Granulocytes-Z000000TZ,SAMPLE_TEST,Pearson,0.5100218752831167
iDNA-ABT,GSM5652313_Blood-Granulocytes-Z000000TZ,SAMPLE_TEST,Spearman,0.3739019935321719
iDNA-ABT,GSM5652313_Blood-Granulocytes-Z000000TZ,SAMPLE_TEST,AUC,0.7669182652311504
iDNA-ABT,GSM5652317_Blood-B-Z000000UB,SAMPLE_VALID,Pearson,0.4023477546448462
iDNA-ABT,GSM5652317_Blood-B-Z000000UB,SAMPLE_VALID,Spearman,0.2573909614022378
iDNA-ABT,GSM5652317_Blood-B-Z000000UB,SAMPLE_VALID,AUC,0.707525415322909
iDNA-ABT,GSM5652317_Blood-B-Z000000UB,SAMPLE_TEST,Pearson,0.4758440792248185
iDNA-ABT,GSM5652317_Blood-B-Z000000UB,SAMPLE_TEST,Spearman,0.3155739405034419
iDNA-ABT,GSM5652317_Blood-B-Z000000UB,SAMPLE_TEST,AUC,0.7462879130109158
iDNA-ABT,GSM5652370_Colon-Right-Epithelial-Z000000V0,SAMPLE_VALID,Pearson,0.4011184319077384
iDNA-ABT,GSM5652370_Colon-Right-Epithelial-Z000000V0,SAMPLE_VALID,Spearman,0.3242381520758433
iDNA-ABT,GSM5652370_Colon-Right-Epithelial-Z000000V0,SAMPLE_VALID,AUC,0.6926958466948149
iDNA-ABT,GSM5652370_Colon-Right-Epithelial-Z000000V0,SAMPLE_TEST,Pearson,0.4546362682575694
iDNA-ABT,GSM5652370_Colon-Right-Epithelial-Z000000V0,SAMPLE_TEST,Spearman,0.3852123107672034
iDNA-ABT,GSM5652370_Colon-Right-Epithelial-Z000000V0,SAMPLE_TEST,AUC,0.7232214539973998
iDNA-ABT,GSM5652378_Small-int-Epithelial-Z0000042V,SAMPLE_VALID,Pearson,0.3827512050445844
iDNA-ABT,GSM5652378_Small-int-Epithelial-Z0000042V,SAMPLE_VALID,Spearman,0.290955545561248
iDNA-ABT,GSM5652378_Small-int-Epithelial-Z0000042V,SAMPLE_VALID,AUC,0.6833571797100237
iDNA-ABT,GSM5652378_Small-int-Epithelial-Z0000042V,SAMPLE_TEST,Pearson,0.4425635442460217
iDNA-ABT,GSM5652378_Small-int-Epithelial-Z0000042V,SAMPLE_TEST,Spearman,0.3617580464483945
iDNA-ABT,GSM5652378_Small-int-Epithelial-Z0000042V,SAMPLE_TEST,AUC,0.7155344466060978
CpGenie,Adipocytes,VALID,Pearson,0.7324321379836359
CpGenie,Adipocytes,VALID,Spearman,0.5865571418675235
CpGenie,Adipocytes,VALID,AUC,0.8665998450475538
CpGenie,Adipocytes,TEST,Pearson,0.7306163031591787
CpGenie,Adipocytes,TEST,Spearman,0.5859477027138854
CpGenie,Adipocytes,TEST,AUC,0.8680764391394217
CpGenie,Aorta-Endothel,VALID,Pearson,0.6761024139038869
CpGenie,Aorta-Endothel,VALID,Spearman,0.5544940963730104
CpGenie,Aorta-Endothel,VALID,AUC,0.843162643813179
CpGenie,Aorta-Endothel,TEST,Pearson,0.6764692403089402
CpGenie,Aorta-Endothel,TEST,Spearman,0.5513474749346577
CpGenie,Aorta-Endothel,TEST,AUC,0.8408879826259654
CpGenie,Aorta-Smooth-Muscle,VALID,Pearson,0.6459480087551905
CpGenie,Aorta-Smooth-Muscle,VALID,Spearman,0.5805612919502655
CpGenie,Aorta-Smooth-Muscle,VALID,AUC,0.8121309060357034
CpGenie,Aorta-Smooth-Muscle,TEST,Pearson,0.6437339435963451
CpGenie,Aorta-Smooth-Muscle,TEST,Spearman,0.5788139818972218
CpGenie,Aorta-Smooth-Muscle,TEST,AUC,0.8089102637455786
CpGenie,Bladder-Epithelial,VALID,Pearson,0.6681545484412851
CpGenie,Bladder-Epithelial,VALID,Spearman,0.5353356756894034
CpGenie,Bladder-Epithelial,VALID,AUC,0.8421817343294172
CpGenie,Bladder-Epithelial,TEST,Pearson,0.6645644681970942
CpGenie,Bladder-Epithelial,TEST,Spearman,0.5327722516184746
CpGenie,Bladder-Epithelial,TEST,AUC,0.8401132637728097
CpGenie,Blood-B,VALID,Pearson,0.6857276900785508
CpGenie,Blood-B,VALID,Spearman,0.4764769869669889
CpGenie,Blood-B,VALID,AUC,0.8538896158891768
CpGenie,Blood-B,TEST,Pearson,0.6817892532764978
CpGenie,Blood-B,TEST,Spearman,0.4690597378932757
CpGenie,Blood-B,TEST,AUC,0.8516975445294739
CpGenie,Blood-Granulocytes,VALID,Pearson,0.7028541760003851
CpGenie,Blood-Granulocytes,VALID,Spearman,0.4634862263249743
CpGenie,Blood-Granulocytes,VALID,AUC,0.8698214130565214
CpGenie,Blood-Granulocytes,TEST,Pearson,0.7114056396779109
CpGenie,Blood-Granulocytes,TEST,Spearman,0.4572042050967927
CpGenie,Blood-Granulocytes,TEST,AUC,0.8701977306555748
CpGenie,Blood-Monocytes,VALID,Pearson,0.7042695379646796
CpGenie,Blood-Monocytes,VALID,Spearman,0.4417195935305399
CpGenie,Blood-Monocytes,VALID,AUC,0.8699929987078061
CpGenie,Blood-Monocytes,TEST,Pearson,0.7042505903927558
CpGenie,Blood-Monocytes,TEST,Spearman,0.4342137584062137
CpGenie,Blood-Monocytes,TEST,AUC,0.8686602332888056
CpGenie,Blood-NK,VALID,Pearson,0.7207536819991154
CpGenie,Blood-NK,VALID,Spearman,0.4716562169356107
CpGenie,Blood-NK,VALID,AUC,0.8747934464061692
CpGenie,Blood-NK,TEST,Pearson,0.7266589301211415
CpGenie,Blood-NK,TEST,Spearman,0.4618957473570403
CpGenie,Blood-NK,TEST,AUC,0.8734643102462243
CpGenie,Blood-T-CD3,VALID,Pearson,0.6967315356000904
CpGenie,Blood-T-CD3,VALID,Spearman,0.530338145825819
CpGenie,Blood-T-CD3,VALID,AUC,0.861397311342446
CpGenie,Blood-T-CD3,TEST,Pearson,0.6927382684338734
CpGenie,Blood-T-CD3,TEST,Spearman,0.5234652851582406
CpGenie,Blood-T-CD3,TEST,AUC,0.8587339564292424
CpGenie,Bone-Osteoblasts,VALID,Pearson,0.674386243651429
CpGenie,Bone-Osteoblasts,VALID,Spearman,0.6047416751521172
CpGenie,Bone-Osteoblasts,VALID,AUC,0.8323934584626853
CpGenie,Bone-Osteoblasts,TEST,Pearson,0.6733412060493081
CpGenie,Bone-Osteoblasts,TEST,Spearman,0.6016909620377884
CpGenie,Bone-Osteoblasts,TEST,AUC,0.8318273469961769
CpGenie,Bone_marrow-Erythrocyte_progenitors,VALID,Pearson,0.6802754462171212
CpGenie,Bone_marrow-Erythrocyte_progenitors,VALID,Spearman,0.6179623751838306
CpGenie,Bone_marrow-Erythrocyte_progenitors,VALID,AUC,0.824390666537169
CpGenie,Bone_marrow-Erythrocyte_progenitors,TEST,Pearson,0.6739381406215195
CpGenie,Bone_marrow-Erythrocyte_progenitors,TEST,Spearman,0.6139886734907212
CpGenie,Bone_marrow-Erythrocyte_progenitors,TEST,AUC,0.821656674979592
CpGenie,Breast-Basal-Epithelial,VALID,Pearson,0.6832801657237924
CpGenie,Breast-Basal-Epithelial,VALID,Spearman,0.455818864347782
CpGenie,Breast-Basal-Epithelial,VALID,AUC,0.8591289078370983
CpGenie,Breast-Basal-Epithelial,TEST,Pearson,0.6857417627461968
CpGenie,Breast-Basal-Epithelial,TEST,Spearman,0.4512340748770002
CpGenie,Breast-Basal-Epithelial,TEST,AUC,0.8588991056446352
CpGenie,Breast-Luminal-Epithelial,VALID,Pearson,0.6973139311162996
CpGenie,Breast-Luminal-Epithelial,VALID,Spearman,0.4954038830045687
CpGenie,Breast-Luminal-Epithelial,VALID,AUC,0.8618976061743103
CpGenie,Breast-Luminal-Epithelial,TEST,Pearson,0.6967735104899445
CpGenie,Breast-Luminal-Epithelial,TEST,Spearman,0.4908849230325122
CpGenie,Breast-Luminal-Epithelial,TEST,AUC,0.8611694493848251
CpGenie,Colon-Fibroblasts,VALID,Pearson,0.7233158219673123
CpGenie,Colon-Fibroblasts,VALID,Spearman,0.5939551322029546
CpGenie,Colon-Fibroblasts,VALID,AUC,0.8674684373926386
CpGenie,Colon-Fibroblasts,TEST,Pearson,0.7258844631598792
CpGenie,Colon-Fibroblasts,TEST,Spearman,0.591019518240001
CpGenie,Colon-Fibroblasts,TEST,AUC,0.8673521564743936
CpGenie,Colon-Right-Epithelial,VALID,Pearson,0.6692499575645416
CpGenie,Colon-Right-Epithelial,VALID,Spearman,0.4943431873622819
CpGenie,Colon-Right-Epithelial,VALID,AUC,0.8466015563175427
CpGenie,Colon-Right-Epithelial,TEST,Pearson,0.663157129774299
CpGenie,Colon-Right-Epithelial,TEST,Spearman,0.494509174163603
CpGenie,Colon-Right-Epithelial,TEST,AUC,0.8431378757628756
CpGenie,Cortex-Neuron,VALID,Pearson,0.708176105006315
CpGenie,Cortex-Neuron,VALID,Spearman,0.4959717168431059
CpGenie,Cortex-Neuron,VALID,AUC,0.8818735819778389
CpGenie,Cortex-Neuron,TEST,Pearson,0.6538400239395882
CpGenie,Cortex-Neuron,TEST,Spearman,0.485499086222432
CpGenie,Cortex-Neuron,TEST,AUC,0.8712003053765761
CpGenie,Dermal-Fibroblasts,VALID,Pearson,0.685078189832723
CpGenie,Dermal-Fibroblasts,VALID,Spearman,0.5667551872346118
CpGenie,Dermal-Fibroblasts,VALID,AUC,0.8456050607224649
CpGenie,Dermal-Fibroblasts,TEST,Pearson,0.6864614683713945
CpGenie,Dermal-Fibroblasts,TEST,Spearman,0.5652474336845121
CpGenie,Dermal-Fibroblasts,TEST,AUC,0.8434921587829234
CpGenie,Epidermal-Keratinocytes,VALID,Pearson,0.6758771516924
CpGenie,Epidermal-Keratinocytes,VALID,Spearman,0.5224377046522685
CpGenie,Epidermal-Keratinocytes,VALID,AUC,0.8512631258674939
CpGenie,Epidermal-Keratinocytes,TEST,Pearson,0.6857021857102235
CpGenie,Epidermal-Keratinocytes,TEST,Spearman,0.5221796392747758
CpGenie,Epidermal-Keratinocytes,TEST,AUC,0.8532122176323886
CpGenie,Fallopian-Epithelial,VALID,Pearson,0.6843916520064756
CpGenie,Fallopian-Epithelial,VALID,Spearman,0.5016925819464053
CpGenie,Fallopian-Epithelial,VALID,AUC,0.859372679756427
CpGenie,Fallopian-Epithelial,TEST,Pearson,0.6922510653390903
CpGenie,Fallopian-Epithelial,TEST,Spearman,0.503675033727231
CpGenie,Fallopian-Epithelial,TEST,AUC,0.8596721262422677
CpGenie,Gallbladder-Epithelial,VALID,Pearson,0.6858877282278713
CpGenie,Gallbladder-Epithelial,VALID,Spearman,0.4951882183942387
CpGenie,Gallbladder-Epithelial,VALID,AUC,0.8578839992645438
CpGenie,Gallbladder-Epithelial,TEST,Pearson,0.6820375736064971
CpGenie,Gallbladder-Epithelial,TEST,Spearman,0.4932360753723894
CpGenie,Gallbladder-Epithelial,TEST,AUC,0.8575042868351809
CpGenie,Gastric-fundus-Epithelial,VALID,Pearson,0.6819826438592035
CpGenie,Gastric-fundus-Epithelial,VALID,Spearman,0.5519421102572138
CpGenie,Gastric-fundus-Epithelial,VALID,AUC,0.8488870805464974
CpGenie,Gastric-fundus-Epithelial,TEST,Pearson,0.6807018263612228
CpGenie,Gastric-fundus-Epithelial,TEST,Spearman,0.543363297413452
CpGenie,Gastric-fundus-Epithelial,TEST,AUC,0.8457362995434524
CpGenie,Heart-Cardiomyocyte,VALID,Pearson,0.5802512863009692
CpGenie,Heart-Cardiomyocyte,VALID,Spearman,0.434456468323895
CpGenie,Heart-Cardiomyocyte,VALID,AUC,0.8156497670676981
CpGenie,Heart-Cardiomyocyte,TEST,Pearson,0.5441311914244965
CpGenie,Heart-Cardiomyocyte,TEST,Spearman,0.4181482108730393
CpGenie,Heart-Cardiomyocyte,TEST,AUC,0.8069301175392766
CpGenie,Heart-Fibroblasts,VALID,Pearson,0.5962148285166443
CpGenie,Heart-Fibroblasts,VALID,Spearman,0.5480839554048843
CpGenie,Heart-Fibroblasts,VALID,AUC,0.7870858144071338
CpGenie,Heart-Fibroblasts,TEST,Pearson,0.5864362266343509
CpGenie,Heart-Fibroblasts,TEST,Spearman,0.547954842414329
CpGenie,Heart-Fibroblasts,TEST,AUC,0.7835233243517574
CpGenie,Kidney-Tubular-Endothel,VALID,Pearson,0.7135890508829613
CpGenie,Kidney-Tubular-Endothel,VALID,Spearman,0.5114318342478539
CpGenie,Kidney-Tubular-Endothel,VALID,AUC,0.8698291524443521
CpGenie,Kidney-Tubular-Endothel,TEST,Pearson,0.7064862877155026
CpGenie,Kidney-Tubular-Endothel,TEST,Spearman,0.5088295657690985
CpGenie,Kidney-Tubular-Endothel,TEST,AUC,0.866516899548661
CpGenie,Liver-Hepatocytes,VALID,Pearson,0.6970990436464063
CpGenie,Liver-Hepatocytes,VALID,Spearman,0.5149197723919952
CpGenie,Liver-Hepatocytes,VALID,AUC,0.8506199121905866
CpGenie,Liver-Hepatocytes,TEST,Pearson,0.682019704488621
CpGenie,Liver-Hepatocytes,TEST,Spearman,0.511406530435216
CpGenie,Liver-Hepatocytes,TEST,AUC,0.8400864812354214
CpGenie,Lung-Alveolar-Epithelial,VALID,Pearson,0.6878568930609247
CpGenie,Lung-Alveolar-Epithelial,VALID,Spearman,0.557999123274737
CpGenie,Lung-Alveolar-Epithelial,VALID,AUC,0.8598342624788964
CpGenie,Lung-Alveolar-Epithelial,TEST,Pearson,0.6650867197693927
CpGenie,Lung-Alveolar-Epithelial,TEST,Spearman,0.5516866715325757
CpGenie,Lung-Alveolar-Epithelial,TEST,AUC,0.8567965815257125
CpGenie,Lung-Bronchus-Epithelial,VALID,Pearson,0.6819370857745927
CpGenie,Lung-Bronchus-Epithelial,VALID,Spearman,0.5202219164846758
CpGenie,Lung-Bronchus-Epithelial,VALID,AUC,0.8494291615728573
CpGenie,Lung-Bronchus-Epithelial,TEST,Pearson,0.6847635058764232
CpGenie,Lung-Bronchus-Epithelial,TEST,Spearman,0.5202028892224146
CpGenie,Lung-Bronchus-Epithelial,TEST,AUC,0.8506997785888292
CpGenie,Oligodendrocytes,VALID,Pearson,0.7237507468817996
CpGenie,Oligodendrocytes,VALID,Spearman,0.4739567403691793
CpGenie,Oligodendrocytes,VALID,AUC,0.8721355969473646
CpGenie,Oligodendrocytes,TEST,Pearson,0.723030357507075
CpGenie,Oligodendrocytes,TEST,Spearman,0.4694792079643946
CpGenie,Oligodendrocytes,TEST,AUC,0.8733624547792483
CpGenie,Ovary-Epithelial,VALID,Pearson,0.6213831042473132
CpGenie,Ovary-Epithelial,VALID,Spearman,0.47948591243744
CpGenie,Ovary-Epithelial,VALID,AUC,0.8172585010620573
CpGenie,Ovary-Epithelial,TEST,Pearson,0.6171283838140968
CpGenie,Ovary-Epithelial,TEST,Spearman,0.4748839132683015
CpGenie,Ovary-Epithelial,TEST,AUC,0.8118078428915169
CpGenie,Pancreas-Acinar,VALID,Pearson,0.6550909997500087
CpGenie,Pancreas-Acinar,VALID,Spearman,0.57263693691195
CpGenie,Pancreas-Acinar,VALID,AUC,0.8263582956779588
CpGenie,Pancreas-Acinar,TEST,Pearson,0.6492205777348725
CpGenie,Pancreas-Acinar,TEST,Spearman,0.5707769155017381
CpGenie,Pancreas-Acinar,TEST,AUC,0.8228793351691877
CpGenie,Pancreas-Alpha,VALID,Pearson,0.6970726396827052
CpGenie,Pancreas-Alpha,VALID,Spearman,0.506904573344749
CpGenie,Pancreas-Alpha,VALID,AUC,0.8574366826429016
CpGenie,Pancreas-Alpha,TEST,Pearson,0.6960304993723332
CpGenie,Pancreas-Alpha,TEST,Spearman,0.489207507830928
CpGenie,Pancreas-Alpha,TEST,AUC,0.8535916899737528
CpGenie,Pancreas-Beta,VALID,Pearson,0.6815984482191757
CpGenie,Pancreas-Beta,VALID,Spearman,0.4930199407357402
CpGenie,Pancreas-Beta,VALID,AUC,0.8641529360713202
CpGenie,Pancreas-Beta,TEST,Pearson,0.6525750990555562
CpGenie,Pancreas-Beta,TEST,Spearman,0.4874053625396111
CpGenie,Pancreas-Beta,TEST,AUC,0.8559737066888108
CpGenie,Pancreas-Delta,VALID,Pearson,0.6943834027214094
CpGenie,Pancreas-Delta,VALID,Spearman,0.5038028720269462
CpGenie,Pancreas-Delta,VALID,AUC,0.8609050218279357
CpGenie,Pancreas-Delta,TEST,Pearson,0.6962400089752616
CpGenie,Pancreas-Delta,TEST,Spearman,0.4989543332243548
CpGenie,Pancreas-Delta,TEST,AUC,0.8573067424905938
CpGenie,Pancreas-Duct,VALID,Pearson,0.6958790816221448
CpGenie,Pancreas-Duct,VALID,Spearman,0.4850291632617391
CpGenie,Pancreas-Duct,VALID,AUC,0.8628714182319657
CpGenie,Pancreas-Duct,TEST,Pearson,0.6915910063589207
CpGenie,Pancreas-Duct,TEST,Spearman,0.4828234564245533
CpGenie,Pancreas-Duct,TEST,AUC,0.858303286558374
CpGenie,Prostate-Epithelial,VALID,Pearson,0.6925432710673551
CpGenie,Prostate-Epithelial,VALID,Spearman,0.5407661902815617
CpGenie,Prostate-Epithelial,VALID,AUC,0.8571086553923241
CpGenie,Prostate-Epithelial,TEST,Pearson,0.6971125831074019
CpGenie,Prostate-Epithelial,TEST,Spearman,0.540433244429382
CpGenie,Prostate-Epithelial,TEST,AUC,0.8583552116049732
CpGenie,Skeletal-Muscle,VALID,Pearson,0.7146161964709986
CpGenie,Skeletal-Muscle,VALID,Spearman,0.5622875401276353
CpGenie,Skeletal-Muscle,VALID,AUC,0.8550257006365551
CpGenie,Skeletal-Muscle,TEST,Pearson,0.7204933603247584
CpGenie,Skeletal-Muscle,TEST,Spearman,0.5622236749132059
CpGenie,Skeletal-Muscle,TEST,AUC,0.858561257838454
CpGenie,Small-int-Epithelial,VALID,Pearson,0.6480323143598378
CpGenie,Small-int-Epithelial,VALID,Spearman,0.5055608993950064
CpGenie,Small-int-Epithelial,VALID,AUC,0.8417270474737307
CpGenie,Small-int-Epithelial,TEST,Pearson,0.644790233181292
CpGenie,Small-int-Epithelial,TEST,Spearman,0.5084004899308074
CpGenie,Small-int-Epithelial,TEST,AUC,0.8382907536882525
CpGenie,Thyroid-Epithelial,VALID,Pearson,0.7078279584407046
CpGenie,Thyroid-Epithelial,VALID,Spearman,0.4740037393708288
CpGenie,Thyroid-Epithelial,VALID,AUC,0.8640329950774588
CpGenie,Thyroid-Epithelial,TEST,Pearson,0.7143491591201008
CpGenie,Thyroid-Epithelial,TEST,Spearman,0.4625324700043476
CpGenie,Thyroid-Epithelial,TEST,AUC,0.8634696167722218
CpGenie,Tonsil-Palatine-Epithelial,VALID,Pearson,0.6659089537800938
CpGenie,Tonsil-Palatine-Epithelial,VALID,Spearman,0.5552261346479506
CpGenie,Tonsil-Palatine-Epithelial,VALID,AUC,0.8331720715165785
CpGenie,Tonsil-Palatine-Epithelial,TEST,Pearson,0.6653023250142294
CpGenie,Tonsil-Palatine-Epithelial,TEST,Spearman,0.5537431071508204
CpGenie,Tonsil-Palatine-Epithelial,TEST,AUC,0.8337681833292877
CpGenie,GSM5652176_Adipocytes-Z000000T7,SAMPLE_VALID,Pearson,0.7193460323331115
CpGenie,GSM5652176_Adipocytes-Z000000T7,SAMPLE_VALID,Spearman,0.6412201429774539
CpGenie,GSM5652176_Adipocytes-Z000000T7,SAMPLE_VALID,AUC,0.8673046048985887
CpGenie,GSM5652176_Adipocytes-Z000000T7,SAMPLE_TEST,Pearson,0.733081415561749
CpGenie,GSM5652176_Adipocytes-Z000000T7,SAMPLE_TEST,Spearman,0.6706754722140729
CpGenie,GSM5652176_Adipocytes-Z000000T7,SAMPLE_TEST,AUC,0.8828252766540768
CpGenie,GSM5652335_Lung-Bronchus-Epithelial-Z000000QD,SAMPLE_VALID,Pearson,0.65493142821867
CpGenie,GSM5652335_Lung-Bronchus-Epithelial-Z000000QD,SAMPLE_VALID,Spearman,0.5876559828310717
CpGenie,GSM5652335_Lung-Bronchus-Epithelial-Z000000QD,SAMPLE_VALID,AUC,0.8435583260365986
CpGenie,GSM5652335_Lung-Bronchus-Epithelial-Z000000QD,SAMPLE_TEST,Pearson,0.6615189459836165
CpGenie,GSM5652335_Lung-Bronchus-Epithelial-Z000000QD,SAMPLE_TEST,Spearman,0.6253392489298373
CpGenie,GSM5652335_Lung-Bronchus-Epithelial-Z000000QD,SAMPLE_TEST,AUC,0.8539631977503152
CpGenie,GSM5652179_Aorta-Endothel-Z00000422,SAMPLE_VALID,Pearson,0.6708700240824007
CpGenie,GSM5652179_Aorta-Endothel-Z00000422,SAMPLE_VALID,Spearman,0.5736568862341093
CpGenie,GSM5652179_Aorta-Endothel-Z00000422,SAMPLE_VALID,AUC,0.8566593615631193
CpGenie,GSM5652179_Aorta-Endothel-Z00000422,SAMPLE_TEST,Pearson,0.6878493079124396
CpGenie,GSM5652179_Aorta-Endothel-Z00000422,SAMPLE_TEST,Spearman,0.5985052793256549
CpGenie,GSM5652179_Aorta-Endothel-Z00000422,SAMPLE_TEST,AUC,0.8691867472581922
CpGenie,GSM5652321_Epidermal-Keratinocytes-Z00000424,SAMPLE_VALID,Pearson,0.6429425642943906
CpGenie,GSM5652321_Epidermal-Keratinocytes-Z00000424,SAMPLE_VALID,Spearman,0.564490329113009
CpGenie,GSM5652321_Epidermal-Keratinocytes-Z00000424,SAMPLE_VALID,AUC,0.8433039463408625
CpGenie,GSM5652321_Epidermal-Keratinocytes-Z00000424,SAMPLE_TEST,Pearson,0.6809913461851297
CpGenie,GSM5652321_Epidermal-Keratinocytes-Z00000424,SAMPLE_TEST,Spearman,0.6160632093737051
CpGenie,GSM5652321_Epidermal-Keratinocytes-Z00000424,SAMPLE_TEST,AUC,0.867214609721892
CpGenie,GSM5652189_Kidney-Tubular-Endothel-Z0000042R,SAMPLE_VALID,Pearson,0.6974223338692026
CpGenie,GSM5652189_Kidney-Tubular-Endothel-Z0000042R,SAMPLE_VALID,Spearman,0.5615205432770977
CpGenie,GSM5652189_Kidney-Tubular-Endothel-Z0000042R,SAMPLE_VALID,AUC,0.8741266198885836
CpGenie,GSM5652189_Kidney-Tubular-Endothel-Z0000042R,SAMPLE_TEST,Pearson,0.7012847169286825
CpGenie,GSM5652189_Kidney-Tubular-Endothel-Z0000042R,SAMPLE_TEST,Spearman,0.5938511940369778
CpGenie,GSM5652189_Kidney-Tubular-Endothel-Z0000042R,SAMPLE_TEST,AUC,0.8860285702708868
CpGenie,GSM5652338_Prostate-Epithelial-Z000000RV,SAMPLE_VALID,Pearson,0.6543956847601756
CpGenie,GSM5652338_Prostate-Epithelial-Z000000RV,SAMPLE_VALID,Spearman,0.5947342754577228
CpGenie,GSM5652338_Prostate-Epithelial-Z000000RV,SAMPLE_VALID,AUC,0.8460976605711324
CpGenie,GSM5652338_Prostate-Epithelial-Z000000RV,SAMPLE_TEST,Pearson,0.6736306012459973
CpGenie,GSM5652338_Prostate-Epithelial-Z000000RV,SAMPLE_TEST,Spearman,0.6273829607292902
CpGenie,GSM5652338_Prostate-Epithelial-Z000000RV,SAMPLE_TEST,AUC,0.8606501567971305
CpGenie,GSM5652198_Colon-Fibroblasts-Z0000042A,SAMPLE_VALID,Pearson,0.7201659504623932
CpGenie,GSM5652198_Colon-Fibroblasts-Z0000042A,SAMPLE_VALID,Spearman,0.6338845710656037
CpGenie,GSM5652198_Colon-Fibroblasts-Z0000042A,SAMPLE_VALID,AUC,0.8740059746025262
CpGenie,GSM5652198_Colon-Fibroblasts-Z0000042A,SAMPLE_TEST,Pearson,0.7249225645687437
CpGenie,GSM5652198_Colon-Fibroblasts-Z0000042A,SAMPLE_TEST,Spearman,0.6551293188073498
CpGenie,GSM5652198_Colon-Fibroblasts-Z0000042A,SAMPLE_TEST,AUC,0.8803143805765425
CpGenie,GSM5652342_Bladder-Epithelial-Z000000QM,SAMPLE_VALID,Pearson,0.6210948129421769
CpGenie,GSM5652342_Bladder-Epithelial-Z000000QM,SAMPLE_VALID,Spearman,0.5737061419166678
CpGenie,GSM5652342_Bladder-Epithelial-Z000000QM,SAMPLE_VALID,AUC,0.8355900663991601
CpGenie,GSM5652342_Bladder-Epithelial-Z000000QM,SAMPLE_TEST,Pearson,0.6519201996191709
CpGenie,GSM5652342_Bladder-Epithelial-Z000000QM,SAMPLE_TEST,Spearman,0.6086149829093284
CpGenie,GSM5652342_Bladder-Epithelial-Z000000QM,SAMPLE_TEST,AUC,0.8485241114041298
CpGenie,GSM5652200_Heart-Fibroblasts-Z0000043R,SAMPLE_VALID,Pearson,0.6159366233923648
CpGenie,GSM5652200_Heart-Fibroblasts-Z0000043R,SAMPLE_VALID,Spearman,0.5586199758989056
CpGenie,GSM5652200_Heart-Fibroblasts-Z0000043R,SAMPLE_VALID,AUC,0.8164540097778006
CpGenie,GSM5652200_Heart-Fibroblasts-Z0000043R,SAMPLE_TEST,Pearson,0.6471150673532257
CpGenie,GSM5652200_Heart-Fibroblasts-Z0000043R,SAMPLE_TEST,Spearman,0.5911356977990107
CpGenie,GSM5652200_Heart-Fibroblasts-Z0000043R,SAMPLE_TEST,AUC,0.8318528606798116
CpGenie,GSM5652347_Breast-Luminal-Epithelial-Z000000V2,SAMPLE_VALID,Pearson,0.6751549539975552
CpGenie,GSM5652347_Breast-Luminal-Epithelial-Z000000V2,SAMPLE_VALID,Spearman,0.5676112357849337
CpGenie,GSM5652347_Breast-Luminal-Epithelial-Z000000V2,SAMPLE_VALID,AUC,0.8602816765982579
CpGenie,GSM5652347_Breast-Luminal-Epithelial-Z000000V2,SAMPLE_TEST,Pearson,0.6935804108447345
CpGenie,GSM5652347_Breast-Luminal-Epithelial-Z000000V2,SAMPLE_TEST,Spearman,0.6021240503185983
CpGenie,GSM5652347_Breast-Luminal-Epithelial-Z000000V2,SAMPLE_TEST,AUC,0.87065144844951
CpGenie,GSM5652204_Dermal-Fibroblasts-Z00000423,SAMPLE_VALID,Pearson,0.6852421065961626
CpGenie,GSM5652204_Dermal-Fibroblasts-Z00000423,SAMPLE_VALID,Spearman,0.5952447009653349
CpGenie,GSM5652204_Dermal-Fibroblasts-Z00000423,SAMPLE_VALID,AUC,0.8580483422372901
CpGenie,GSM5652204_Dermal-Fibroblasts-Z00000423,SAMPLE_TEST,Pearson,0.7120993354143791
CpGenie,GSM5652204_Dermal-Fibroblasts-Z00000423,SAMPLE_TEST,Spearman,0.6286063715051732
CpGenie,GSM5652204_Dermal-Fibroblasts-Z00000423,SAMPLE_TEST,AUC,0.8732964247710313
CpGenie,GSM5652350_Breast-Basal-Epithelial-Z000000V6,SAMPLE_VALID,Pearson,0.6641060845679406
CpGenie,GSM5652350_Breast-Basal-Epithelial-Z000000V6,SAMPLE_VALID,Spearman,0.5278090382460634
CpGenie,GSM5652350_Breast-Basal-Epithelial-Z000000V6,SAMPLE_VALID,AUC,0.8586846655059299
CpGenie,GSM5652350_Breast-Basal-Epithelial-Z000000V6,SAMPLE_TEST,Pearson,0.6868312162134333
CpGenie,GSM5652350_Breast-Basal-Epithelial-Z000000V6,SAMPLE_TEST,Spearman,0.577723839580011
CpGenie,GSM5652350_Breast-Basal-Epithelial-Z000000V6,SAMPLE_TEST,AUC,0.8753375614350464
CpGenie,GSM5652205_Skeletal-Muscle-Z00000427,SAMPLE_VALID,Pearson,0.7062268942429172
CpGenie,GSM5652205_Skeletal-Muscle-Z00000427,SAMPLE_VALID,Spearman,0.6146420949823101
CpGenie,GSM5652205_Skeletal-Muscle-Z00000427,SAMPLE_VALID,AUC,0.8540888936511808
CpGenie,GSM5652205_Skeletal-Muscle-Z00000427,SAMPLE_TEST,Pearson,0.7076516111760479
CpGenie,GSM5652205_Skeletal-Muscle-Z00000427,SAMPLE_TEST,Spearman,0.6377585220193963
CpGenie,GSM5652205_Skeletal-Muscle-Z00000427,SAMPLE_TEST,AUC,0.8664103828377578
CpGenie,GSM5652354_Lung-Alveolar-Epithelial-Z000000T1,SAMPLE_VALID,Pearson,0.6711800119761171
CpGenie,GSM5652354_Lung-Alveolar-Epithelial-Z000000T1,SAMPLE_VALID,Spearman,0.6043539718915392
CpGenie,GSM5652354_Lung-Alveolar-Epithelial-Z000000T1,SAMPLE_VALID,AUC,0.8526502720702347
CpGenie,GSM5652354_Lung-Alveolar-Epithelial-Z000000T1,SAMPLE_TEST,Pearson,0.6796413485400445
CpGenie,GSM5652354_Lung-Alveolar-Epithelial-Z000000T1,SAMPLE_TEST,Spearman,0.6353091211569258
CpGenie,GSM5652354_Lung-Alveolar-Epithelial-Z000000T1,SAMPLE_TEST,AUC,0.8591363928590398
CpGenie,GSM5652207_Aorta-Smooth-Muscle-Z0000041U,SAMPLE_VALID,Pearson,0.6787704966012422
CpGenie,GSM5652207_Aorta-Smooth-Muscle-Z0000041U,SAMPLE_VALID,Spearman,0.5913411632760291
CpGenie,GSM5652207_Aorta-Smooth-Muscle-Z0000041U,SAMPLE_VALID,AUC,0.8433181089438807
CpGenie,GSM5652207_Aorta-Smooth-Muscle-Z0000041U,SAMPLE_TEST,Pearson,0.6808880482253534
CpGenie,GSM5652207_Aorta-Smooth-Muscle-Z0000041U,SAMPLE_TEST,Spearman,0.6217280086291502
CpGenie,GSM5652207_Aorta-Smooth-Muscle-Z0000041U,SAMPLE_TEST,AUC,0.8522321752724382
CpGenie,GSM5652358_Gallbladder-Epithelial-Z00000432,SAMPLE_VALID,Pearson,0.6374082239723636
CpGenie,GSM5652358_Gallbladder-Epithelial-Z00000432,SAMPLE_VALID,Spearman,0.5576996094025873
CpGenie,GSM5652358_Gallbladder-Epithelial-Z00000432,SAMPLE_VALID,AUC,0.8413650568144246
CpGenie,GSM5652358_Gallbladder-Epithelial-Z00000432,SAMPLE_TEST,Pearson,0.6450150474939221
CpGenie,GSM5652358_Gallbladder-Epithelial-Z00000432,SAMPLE_TEST,Spearman,0.6030490841447107
CpGenie,GSM5652358_Gallbladder-Epithelial-Z00000432,SAMPLE_TEST,AUC,0.8514650454763218
CpGenie,GSM5652215_Heart-Cardiomyocyte-Z0000044P,SAMPLE_VALID,Pearson,0.5817906517127015
CpGenie,GSM5652215_Heart-Cardiomyocyte-Z0000044P,SAMPLE_VALID,Spearman,0.4961438884322281
CpGenie,GSM5652215_Heart-Cardiomyocyte-Z0000044P,SAMPLE_VALID,AUC,0.8198319195576171
CpGenie,GSM5652215_Heart-Cardiomyocyte-Z0000044P,SAMPLE_TEST,Pearson,0.6036833651856737
CpGenie,GSM5652215_Heart-Cardiomyocyte-Z0000044P,SAMPLE_TEST,Spearman,0.520976551212926
CpGenie,GSM5652215_Heart-Cardiomyocyte-Z0000044P,SAMPLE_TEST,AUC,0.8332654381370947
CpGenie,GSM5652359_Gastric-fundus-Epithelial-Z000000RX,SAMPLE_VALID,Pearson,0.6628813242101222
CpGenie,GSM5652359_Gastric-fundus-Epithelial-Z000000RX,SAMPLE_VALID,Spearman,0.5962403042744443
CpGenie,GSM5652359_Gastric-fundus-Epithelial-Z000000RX,SAMPLE_VALID,AUC,0.852313867230042
CpGenie,GSM5652359_Gastric-fundus-Epithelial-Z000000RX,SAMPLE_TEST,Pearson,0.6689662828710717
CpGenie,GSM5652359_Gastric-fundus-Epithelial-Z000000RX,SAMPLE_TEST,Spearman,0.6153773245650141
CpGenie,GSM5652359_Gastric-fundus-Epithelial-Z000000RX,SAMPLE_TEST,AUC,0.8580559233742742
CpGenie,GSM5652218_Bone-Osteoblasts-Z0000042Z,SAMPLE_VALID,Pearson,0.6786653954435707
CpGenie,GSM5652218_Bone-Osteoblasts-Z0000042Z,SAMPLE_VALID,Spearman,0.6139188838105474
CpGenie,GSM5652218_Bone-Osteoblasts-Z0000042Z,SAMPLE_VALID,AUC,0.848852590914718
CpGenie,GSM5652218_Bone-Osteoblasts-Z0000042Z,SAMPLE_TEST,Pearson,0.6759289926942453
CpGenie,GSM5652218_Bone-Osteoblasts-Z0000042Z,SAMPLE_TEST,Spearman,0.6299050344390076
CpGenie,GSM5652218_Bone-Osteoblasts-Z0000042Z,SAMPLE_TEST,AUC,0.8530755343313564
CpGenie,GSM5652219_Oligodendrocytes-Z000000TK,SAMPLE_VALID,Pearson,0.6829890891652526
CpGenie,GSM5652219_Oligodendrocytes-Z000000TK,SAMPLE_VALID,Spearman,0.5348612244845868
CpGenie,GSM5652219_Oligodendrocytes-Z000000TK,SAMPLE_VALID,AUC,0.8653837707415011
CpGenie,GSM5652219_Oligodendrocytes-Z000000TK,SAMPLE_TEST,Pearson,0.7071166834924361
CpGenie,GSM5652219_Oligodendrocytes-Z000000TK,SAMPLE_TEST,Spearman,0.5724335473979885
CpGenie,GSM5652219_Oligodendrocytes-Z000000TK,SAMPLE_TEST,AUC,0.8835797932204725
CpGenie,GSM5652223_Cortex-Neuron-Z000000TF,SAMPLE_VALID,Pearson,0.7319567606190536
CpGenie,GSM5652223_Cortex-Neuron-Z000000TF,SAMPLE_VALID,Spearman,0.5702101126913947
CpGenie,GSM5652223_Cortex-Neuron-Z000000TF,SAMPLE_VALID,AUC,0.8879208888732297
CpGenie,GSM5652223_Cortex-Neuron-Z000000TF,SAMPLE_TEST,Pearson,0.7442856769761022
CpGenie,GSM5652223_Cortex-Neuron-Z000000TF,SAMPLE_TEST,Spearman,0.6043727220698704
CpGenie,GSM5652223_Cortex-Neuron-Z000000TF,SAMPLE_TEST,AUC,0.9010010693423591
CpGenie,GSM5652233_Liver-Hepatocytes-Z000000R3,SAMPLE_VALID,Pearson,0.686862717835019
CpGenie,GSM5652233_Liver-Hepatocytes-Z000000R3,SAMPLE_VALID,Spearman,0.5146664210096337
CpGenie,GSM5652233_Liver-Hepatocytes-Z000000R3,SAMPLE_VALID,AUC,0.8605029336661695
CpGenie,GSM5652233_Liver-Hepatocytes-Z000000R3,SAMPLE_TEST,Pearson,0.6800513097528439
CpGenie,GSM5652233_Liver-Hepatocytes-Z000000R3,SAMPLE_TEST,Spearman,0.5407204606805996
CpGenie,GSM5652233_Liver-Hepatocytes-Z000000R3,SAMPLE_TEST,AUC,0.8574102007938679
CpGenie,GSM5652239_Pancreas-Duct-Z0000043T,SAMPLE_VALID,Pearson,0.6509262871706464
CpGenie,GSM5652239_Pancreas-Duct-Z0000043T,SAMPLE_VALID,Spearman,0.5268200626138348
CpGenie,GSM5652239_Pancreas-Duct-Z0000043T,SAMPLE_VALID,AUC,0.8572351547999577
CpGenie,GSM5652239_Pancreas-Duct-Z0000043T,SAMPLE_TEST,Pearson,0.6708972517874698
CpGenie,GSM5652239_Pancreas-Duct-Z0000043T,SAMPLE_TEST,Spearman,0.5606030056878791
CpGenie,GSM5652239_Pancreas-Duct-Z0000043T,SAMPLE_TEST,AUC,0.8660438625975351
CpGenie,GSM5652243_Pancreas-Acinar-Z000000QX,SAMPLE_VALID,Pearson,0.619573844228375
CpGenie,GSM5652243_Pancreas-Acinar-Z000000QX,SAMPLE_VALID,Spearman,0.5516566039002747
CpGenie,GSM5652243_Pancreas-Acinar-Z000000QX,SAMPLE_VALID,AUC,0.8267446424133693
CpGenie,GSM5652243_Pancreas-Acinar-Z000000QX,SAMPLE_TEST,Pearson,0.64176193057326
CpGenie,GSM5652243_Pancreas-Acinar-Z000000QX,SAMPLE_TEST,Spearman,0.5747507069214445
CpGenie,GSM5652243_Pancreas-Acinar-Z000000QX,SAMPLE_TEST,AUC,0.8337434285492589
CpGenie,GSM5652247_Pancreas-Delta-Z00000451,SAMPLE_VALID,Pearson,0.6977834806341079
CpGenie,GSM5652247_Pancreas-Delta-Z00000451,SAMPLE_VALID,Spearman,0.5337924896343634
CpGenie,GSM5652247_Pancreas-Delta-Z00000451,SAMPLE_VALID,AUC,0.8700385006170042
CpGenie,GSM5652247_Pancreas-Delta-Z00000451,SAMPLE_TEST,Pearson,0.6904357545816291
CpGenie,GSM5652247_Pancreas-Delta-Z00000451,SAMPLE_TEST,Spearman,0.5739892940643255
CpGenie,GSM5652247_Pancreas-Delta-Z00000451,SAMPLE_TEST,AUC,0.8736901801173186
CpGenie,GSM5652250_Pancreas-Beta-Z00000452,SAMPLE_VALID,Pearson,0.6770056410160368
CpGenie,GSM5652250_Pancreas-Beta-Z00000452,SAMPLE_VALID,Spearman,0.5175856025794873
CpGenie,GSM5652250_Pancreas-Beta-Z00000452,SAMPLE_VALID,AUC,0.8644070756390347
CpGenie,GSM5652250_Pancreas-Beta-Z00000452,SAMPLE_TEST,Pearson,0.6837550855449537
CpGenie,GSM5652250_Pancreas-Beta-Z00000452,SAMPLE_TEST,Spearman,0.5608155526404178
CpGenie,GSM5652250_Pancreas-Beta-Z00000452,SAMPLE_TEST,AUC,0.8736561231440607
CpGenie,GSM5652253_Pancreas-Alpha-Z00000453,SAMPLE_VALID,Pearson,0.6893176324857804
CpGenie,GSM5652253_Pancreas-Alpha-Z00000453,SAMPLE_VALID,Spearman,0.5260462003192958
CpGenie,GSM5652253_Pancreas-Alpha-Z00000453,SAMPLE_VALID,AUC,0.8636542408400749
CpGenie,GSM5652253_Pancreas-Alpha-Z00000453,SAMPLE_TEST,Pearson,0.6915167770562014
CpGenie,GSM5652253_Pancreas-Alpha-Z00000453,SAMPLE_TEST,Spearman,0.555915132214298
CpGenie,GSM5652253_Pancreas-Alpha-Z00000453,SAMPLE_TEST,AUC,0.8724083266110831
CpGenie,GSM5652264_Thyroid-Epithelial-Z0000042S,SAMPLE_VALID,Pearson,0.6729037926482833
CpGenie,GSM5652264_Thyroid-Epithelial-Z0000042S,SAMPLE_VALID,Spearman,0.5208000347950759
CpGenie,GSM5652264_Thyroid-Epithelial-Z0000042S,SAMPLE_VALID,AUC,0.8548137532910197
CpGenie,GSM5652264_Thyroid-Epithelial-Z0000042S,SAMPLE_TEST,Pearson,0.6878351781905491
CpGenie,GSM5652264_Thyroid-Epithelial-Z0000042S,SAMPLE_TEST,Spearman,0.5599835465966152
CpGenie,GSM5652264_Thyroid-Epithelial-Z0000042S,SAMPLE_TEST,AUC,0.8715643128104829
CpGenie,GSM5652322_Tonsil-Palatine-Epithelial-Z000000QF,SAMPLE_VALID,Pearson,0.650691569803884
CpGenie,GSM5652322_Tonsil-Palatine-Epithelial-Z000000QF,SAMPLE_VALID,Spearman,0.5984065018537521
CpGenie,GSM5652322_Tonsil-Palatine-Epithelial-Z000000QF,SAMPLE_VALID,AUC,0.8373899543271167
CpGenie,GSM5652322_Tonsil-Palatine-Epithelial-Z000000QF,SAMPLE_TEST,Pearson,0.6606355491977911
CpGenie,GSM5652322_Tonsil-Palatine-Epithelial-Z000000QF,SAMPLE_TEST,Spearman,0.6298353487771882
CpGenie,GSM5652322_Tonsil-Palatine-Epithelial-Z000000QF,SAMPLE_TEST,AUC,0.8464965203790347
CpGenie,GSM5652267_Fallopian-Epithelial-Z000000Q7,SAMPLE_VALID,Pearson,0.6810087912399927
CpGenie,GSM5652267_Fallopian-Epithelial-Z000000Q7,SAMPLE_VALID,Spearman,0.5700868658912213
CpGenie,GSM5652267_Fallopian-Epithelial-Z000000Q7,SAMPLE_VALID,AUC,0.8655093775263799
CpGenie,GSM5652267_Fallopian-Epithelial-Z000000Q7,SAMPLE_TEST,Pearson,0.6853751964833665
CpGenie,GSM5652267_Fallopian-Epithelial-Z000000Q7,SAMPLE_TEST,Spearman,0.6080075629896408
CpGenie,GSM5652267_Fallopian-Epithelial-Z000000Q7,SAMPLE_TEST,AUC,0.8722866427967471
CpGenie,GSM5652270_Ovary-Epithelial-Z000000QT,SAMPLE_VALID,Pearson,0.658169041965324
CpGenie,GSM5652270_Ovary-Epithelial-Z000000QT,SAMPLE_VALID,Spearman,0.5493633854691712
CpGenie,GSM5652270_Ovary-Epithelial-Z000000QT,SAMPLE_VALID,AUC,0.8509493097312804
CpGenie,GSM5652270_Ovary-Epithelial-Z000000QT,SAMPLE_TEST,Pearson,0.6602156968626548
CpGenie,GSM5652270_Ovary-Epithelial-Z000000QT,SAMPLE_TEST,Spearman,0.5838291326893685
CpGenie,GSM5652270_Ovary-Epithelial-Z000000QT,SAMPLE_TEST,AUC,0.8580416250249734
CpGenie,GSM5652274_Bone_marrow-Erythrocyte_progenitors-Z000000RF,SAMPLE_VALID,Pearson,0.6319974730144149
CpGenie,GSM5652274_Bone_marrow-Erythrocyte_progenitors-Z000000RF,SAMPLE_VALID,Spearman,0.5713012659111941
CpGenie,GSM5652274_Bone_marrow-Erythrocyte_progenitors-Z000000RF,SAMPLE_VALID,AUC,0.8156859925685045
CpGenie,GSM5652274_Bone_marrow-Erythrocyte_progenitors-Z000000RF,SAMPLE_TEST,Pearson,0.6488296962154566
CpGenie,GSM5652274_Bone_marrow-Erythrocyte_progenitors-Z000000RF,SAMPLE_TEST,Spearman,0.6028196405737745
CpGenie,GSM5652274_Bone_marrow-Erythrocyte_progenitors-Z000000RF,SAMPLE_TEST,AUC,0.8314416134085119
CpGenie,GSM5652277_Blood-T-CD3-Z000000TV,SAMPLE_VALID,Pearson,0.6715032845523233
CpGenie,GSM5652277_Blood-T-CD3-Z000000TV,SAMPLE_VALID,Spearman,0.5185956341012063
CpGenie,GSM5652277_Blood-T-CD3-Z000000TV,SAMPLE_VALID,AUC,0.8629058269547034
CpGenie,GSM5652277_Blood-T-CD3-Z000000TV,SAMPLE_TEST,Pearson,0.6872577719553757
CpGenie,GSM5652277_Blood-T-CD3-Z000000TV,SAMPLE_TEST,Spearman,0.5498272438076295
CpGenie,GSM5652277_Blood-T-CD3-Z000000TV,SAMPLE_TEST,AUC,0.8742635480534975
CpGenie,GSM5652299_Blood-NK-Z000000TM,SAMPLE_VALID,Pearson,0.6845330599636857
CpGenie,GSM5652299_Blood-NK-Z000000TM,SAMPLE_VALID,Spearman,0.5027224474484352
CpGenie,GSM5652299_Blood-NK-Z000000TM,SAMPLE_VALID,AUC,0.8726967373631305
CpGenie,GSM5652299_Blood-NK-Z000000TM,SAMPLE_TEST,Pearson,0.7026284399091086
CpGenie,GSM5652299_Blood-NK-Z000000TM,SAMPLE_TEST,Spearman,0.5318272667206376
CpGenie,GSM5652299_Blood-NK-Z000000TM,SAMPLE_TEST,AUC,0.8836645591412484
CpGenie,GSM5652302_Blood-Monocytes-Z000000TP,SAMPLE_VALID,Pearson,0.6646489189690177
CpGenie,GSM5652302_Blood-Monocytes-Z000000TP,SAMPLE_VALID,Spearman,0.491429126265682
CpGenie,GSM5652302_Blood-Monocytes-Z000000TP,SAMPLE_VALID,AUC,0.869101490149899
CpGenie,GSM5652302_Blood-Monocytes-Z000000TP,SAMPLE_TEST,Pearson,0.6777914281432731
CpGenie,GSM5652302_Blood-Monocytes-Z000000TP,SAMPLE_TEST,Spearman,0.5211007050055797
CpGenie,GSM5652302_Blood-Monocytes-Z000000TP,SAMPLE_TEST,AUC,0.8754998680019458
CpGenie,GSM5652313_Blood-Granulocytes-Z000000TZ,SAMPLE_VALID,Pearson,0.6724829607687086
CpGenie,GSM5652313_Blood-Granulocytes-Z000000TZ,SAMPLE_VALID,Spearman,0.5138059746947788
CpGenie,GSM5652313_Blood-Granulocytes-Z000000TZ,SAMPLE_VALID,AUC,0.868552834367601
CpGenie,GSM5652313_Blood-Granulocytes-Z000000TZ,SAMPLE_TEST,Pearson,0.6830407690001217
CpGenie,GSM5652313_Blood-Granulocytes-Z000000TZ,SAMPLE_TEST,Spearman,0.548487689101114
CpGenie,GSM5652313_Blood-Granulocytes-Z000000TZ,SAMPLE_TEST,AUC,0.8787885752610731
CpGenie,GSM5652317_Blood-B-Z000000UB,SAMPLE_VALID,Pearson,0.6482270852983115
CpGenie,GSM5652317_Blood-B-Z000000UB,SAMPLE_VALID,Spearman,0.4933488936210108
CpGenie,GSM5652317_Blood-B-Z000000UB,SAMPLE_VALID,AUC,0.8540261205248756
CpGenie,GSM5652317_Blood-B-Z000000UB,SAMPLE_TEST,Pearson,0.6621677041630727
CpGenie,GSM5652317_Blood-B-Z000000UB,SAMPLE_TEST,Spearman,0.511234892278262
CpGenie,GSM5652317_Blood-B-Z000000UB,SAMPLE_TEST,AUC,0.8617954683009539
CpGenie,GSM5652370_Colon-Right-Epithelial-Z000000V0,SAMPLE_VALID,Pearson,0.6118413175448159
CpGenie,GSM5652370_Colon-Right-Epithelial-Z000000V0,SAMPLE_VALID,Spearman,0.5207132433825646
CpGenie,GSM5652370_Colon-Right-Epithelial-Z000000V0,SAMPLE_VALID,AUC,0.8322752187621303
CpGenie,GSM5652370_Colon-Right-Epithelial-Z000000V0,SAMPLE_TEST,Pearson,0.64100046543471
CpGenie,GSM5652370_Colon-Right-Epithelial-Z000000V0,SAMPLE_TEST,Spearman,0.5713492373735045
CpGenie,GSM5652370_Colon-Right-Epithelial-Z000000V0,SAMPLE_TEST,AUC,0.8469698341345852
CpGenie,GSM5652378_Small-int-Epithelial-Z0000042V,SAMPLE_VALID,Pearson,0.621115819265396
CpGenie,GSM5652378_Small-int-Epithelial-Z0000042V,SAMPLE_VALID,Spearman,0.5302325453982099
CpGenie,GSM5652378_Small-int-Epithelial-Z0000042V,SAMPLE_VALID,AUC,0.8360198483068515
CpGenie,GSM5652378_Small-int-Epithelial-Z0000042V,SAMPLE_TEST,Pearson,0.6372309435440591
CpGenie,GSM5652378_Small-int-Epithelial-Z0000042V,SAMPLE_TEST,Spearman,0.5745432130485165
CpGenie,GSM5652378_Small-int-Epithelial-Z0000042V,SAMPLE_TEST,AUC,0.844392807288399
INTERACT,Adipocytes,VALID,Pearson,0.7722224488798918
INTERACT,Adipocytes,VALID,Spearman,0.6493525643202366
INTERACT,Adipocytes,VALID,AUC,0.8906947615239841
INTERACT,Adipocytes,TEST,Pearson,0.7730187658514689
INTERACT,Adipocytes,TEST,Spearman,0.6478449022629956
INTERACT,Adipocytes,TEST,AUC,0.8922833812427735
INTERACT,Aorta-Endothel,VALID,Pearson,0.7195815135449738
INTERACT,Aorta-Endothel,VALID,Spearman,0.609897956871209
INTERACT,Aorta-Endothel,VALID,AUC,0.8676097289553675
INTERACT,Aorta-Endothel,TEST,Pearson,0.7207306321284869
INTERACT,Aorta-Endothel,TEST,Spearman,0.6077289998566061
INTERACT,Aorta-Endothel,TEST,AUC,0.8682567904215763
INTERACT,Aorta-Smooth-Muscle,VALID,Pearson,0.6926949198472881
INTERACT,Aorta-Smooth-Muscle,VALID,Spearman,0.6427563433990747
INTERACT,Aorta-Smooth-Muscle,VALID,AUC,0.8411930854378638
INTERACT,Aorta-Smooth-Muscle,TEST,Pearson,0.697208770397247
INTERACT,Aorta-Smooth-Muscle,TEST,Spearman,0.6441836688351469
INTERACT,Aorta-Smooth-Muscle,TEST,AUC,0.8393515042805533
INTERACT,Bladder-Epithelial,VALID,Pearson,0.7168738286140119
INTERACT,Bladder-Epithelial,VALID,Spearman,0.6052227154664793
INTERACT,Bladder-Epithelial,VALID,AUC,0.8762088307018663
INTERACT,Bladder-Epithelial,TEST,Pearson,0.7202548777813728
INTERACT,Bladder-Epithelial,TEST,Spearman,0.6045447104722002
INTERACT,Bladder-Epithelial,TEST,AUC,0.8762701352204485
INTERACT,Blood-B,VALID,Pearson,0.7432020129035415
INTERACT,Blood-B,VALID,Spearman,0.581590414240012
INTERACT,Blood-B,VALID,AUC,0.8845800509677237
INTERACT,Blood-B,TEST,Pearson,0.7412984666814821
INTERACT,Blood-B,TEST,Spearman,0.5749005020577556
INTERACT,Blood-B,TEST,AUC,0.884477322019041
INTERACT,Blood-Granulocytes,VALID,Pearson,0.7438369791047565
INTERACT,Blood-Granulocytes,VALID,Spearman,0.5367360277107367
INTERACT,Blood-Granulocytes,VALID,AUC,0.8897635771317652
INTERACT,Blood-Granulocytes,TEST,Pearson,0.753578582633043
INTERACT,Blood-Granulocytes,TEST,Spearman,0.5342459366310286
INTERACT,Blood-Granulocytes,TEST,AUC,0.8921412213057407
INTERACT,Blood-Monocytes,VALID,Pearson,0.7448099859541457
INTERACT,Blood-Monocytes,VALID,Spearman,0.5020260450738712
INTERACT,Blood-Monocytes,VALID,AUC,0.8927459387725427
INTERACT,Blood-Monocytes,TEST,Pearson,0.7499477572594702
INTERACT,Blood-Monocytes,TEST,Spearman,0.4965555803029053
INTERACT,Blood-Monocytes,TEST,AUC,0.8940282901402545
INTERACT,Blood-NK,VALID,Pearson,0.7540227108005959
INTERACT,Blood-NK,VALID,Spearman,0.5434020362597535
INTERACT,Blood-NK,VALID,AUC,0.8896175405394044
INTERACT,Blood-NK,TEST,Pearson,0.7579969651184159
INTERACT,Blood-NK,TEST,Spearman,0.5349051925205652
INTERACT,Blood-NK,TEST,AUC,0.8894557311218737
INTERACT,Blood-T-CD3,VALID,Pearson,0.7404647407126579
INTERACT,Blood-T-CD3,VALID,Spearman,0.6308178047812202
INTERACT,Blood-T-CD3,VALID,AUC,0.8836417074362289
INTERACT,Blood-T-CD3,TEST,Pearson,0.7433725857922858
INTERACT,Blood-T-CD3,TEST,Spearman,0.6278396715930352
INTERACT,Blood-T-CD3,TEST,AUC,0.8847520804431585
INTERACT,Bone-Osteoblasts,VALID,Pearson,0.7047260047615008
INTERACT,Bone-Osteoblasts,VALID,Spearman,0.6517735956060244
INTERACT,Bone-Osteoblasts,VALID,AUC,0.8502533523926008
INTERACT,Bone-Osteoblasts,TEST,Pearson,0.7060915321406797
INTERACT,Bone-Osteoblasts,TEST,Spearman,0.65028259165256
INTERACT,Bone-Osteoblasts,TEST,AUC,0.8498214271290994
INTERACT,Bone_marrow-Erythrocyte_progenitors,VALID,Pearson,0.7252407009613594
INTERACT,Bone_marrow-Erythrocyte_progenitors,VALID,Spearman,0.6803271085765076
INTERACT,Bone_marrow-Erythrocyte_progenitors,VALID,AUC,0.8515394689764556
INTERACT,Bone_marrow-Erythrocyte_progenitors,TEST,Pearson,0.7246312290632039
INTERACT,Bone_marrow-Erythrocyte_progenitors,TEST,Spearman,0.6748558799613649
INTERACT,Bone_marrow-Erythrocyte_progenitors,TEST,AUC,0.8487752340305768
INTERACT,Breast-Basal-Epithelial,VALID,Pearson,0.7356107003511972
INTERACT,Breast-Basal-Epithelial,VALID,Spearman,0.535810769936859
INTERACT,Breast-Basal-Epithelial,VALID,AUC,0.8885975530921051
INTERACT,Breast-Basal-Epithelial,TEST,Pearson,0.7400423330389393
INTERACT,Breast-Basal-Epithelial,TEST,Spearman,0.535634815679203
INTERACT,Breast-Basal-Epithelial,TEST,AUC,0.8897647759468491
INTERACT,Breast-Luminal-Epithelial,VALID,Pearson,0.7436461328760643
INTERACT,Breast-Luminal-Epithelial,VALID,Spearman,0.5605085195529004
INTERACT,Breast-Luminal-Epithelial,VALID,AUC,0.890788753656424
INTERACT,Breast-Luminal-Epithelial,TEST,Pearson,0.750020640384706
INTERACT,Breast-Luminal-Epithelial,TEST,Spearman,0.5581319591249617
INTERACT,Breast-Luminal-Epithelial,TEST,AUC,0.891866575544167
INTERACT,Colon-Fibroblasts,VALID,Pearson,0.7639758991610017
INTERACT,Colon-Fibroblasts,VALID,Spearman,0.6575249046415146
INTERACT,Colon-Fibroblasts,VALID,AUC,0.8864770653150096
INTERACT,Colon-Fibroblasts,TEST,Pearson,0.7641772666987032
INTERACT,Colon-Fibroblasts,TEST,Spearman,0.6557519977214279
INTERACT,Colon-Fibroblasts,TEST,AUC,0.8878388712698839
INTERACT,Colon-Right-Epithelial,VALID,Pearson,0.7191474701496735
INTERACT,Colon-Right-Epithelial,VALID,Spearman,0.5688118297283108
INTERACT,Colon-Right-Epithelial,VALID,AUC,0.8763641281544481
INTERACT,Colon-Right-Epithelial,TEST,Pearson,0.713786620051794
INTERACT,Colon-Right-Epithelial,TEST,Spearman,0.5652637473114523
INTERACT,Colon-Right-Epithelial,TEST,AUC,0.8730891031067245
INTERACT,Cortex-Neuron,VALID,Pearson,0.7320705402700045
INTERACT,Cortex-Neuron,VALID,Spearman,0.5580013261042228
INTERACT,Cortex-Neuron,VALID,AUC,0.8957505021051546
INTERACT,Cortex-Neuron,TEST,Pearson,0.6767011872008802
INTERACT,Cortex-Neuron,TEST,Spearman,0.5465170599228593
INTERACT,Cortex-Neuron,TEST,AUC,0.8852523782377584
INTERACT,Dermal-Fibroblasts,VALID,Pearson,0.7323566534752669
INTERACT,Dermal-Fibroblasts,VALID,Spearman,0.629017879907299
INTERACT,Dermal-Fibroblasts,VALID,AUC,0.8737453980948905
INTERACT,Dermal-Fibroblasts,TEST,Pearson,0.7306443593844597
INTERACT,Dermal-Fibroblasts,TEST,Spearman,0.6277039813428651
INTERACT,Dermal-Fibroblasts,TEST,AUC,0.8730388533235768
INTERACT,Epidermal-Keratinocytes,VALID,Pearson,0.7312257144656835
INTERACT,Epidermal-Keratinocytes,VALID,Spearman,0.6031759362080786
INTERACT,Epidermal-Keratinocytes,VALID,AUC,0.8816506294841746
INTERACT,Epidermal-Keratinocytes,TEST,Pearson,0.7362660785032544
INTERACT,Epidermal-Keratinocytes,TEST,Spearman,0.6030100762410704
INTERACT,Epidermal-Keratinocytes,TEST,AUC,0.8829317210870233
INTERACT,Fallopian-Epithelial,VALID,Pearson,0.7413896008029757
INTERACT,Fallopian-Epithelial,VALID,Spearman,0.5770312482356632
INTERACT,Fallopian-Epithelial,VALID,AUC,0.8888514710659396
INTERACT,Fallopian-Epithelial,TEST,Pearson,0.7440978420031009
INTERACT,Fallopian-Epithelial,TEST,Spearman,0.5742614843056734
INTERACT,Fallopian-Epithelial,TEST,AUC,0.8884355782818733
INTERACT,Gallbladder-Epithelial,VALID,Pearson,0.7416011361354298
INTERACT,Gallbladder-Epithelial,VALID,Spearman,0.5633564085007564
INTERACT,Gallbladder-Epithelial,VALID,AUC,0.8878253886896069
INTERACT,Gallbladder-Epithelial,TEST,Pearson,0.7390636181511128
INTERACT,Gallbladder-Epithelial,TEST,Spearman,0.5601337825852191
INTERACT,Gallbladder-Epithelial,TEST,AUC,0.8867939751447166
INTERACT,Gastric-fundus-Epithelial,VALID,Pearson,0.7344191778845649
INTERACT,Gastric-fundus-Epithelial,VALID,Spearman,0.6127936776293318
INTERACT,Gastric-fundus-Epithelial,VALID,AUC,0.8767070313689299
INTERACT,Gastric-fundus-Epithelial,TEST,Pearson,0.7280540646101576
INTERACT,Gastric-fundus-Epithelial,TEST,Spearman,0.6036710632914501
INTERACT,Gastric-fundus-Epithelial,TEST,AUC,0.8732856062852087
INTERACT,Heart-Cardiomyocyte,VALID,Pearson,0.6108111958620704
INTERACT,Heart-Cardiomyocyte,VALID,Spearman,0.4783674559704286
INTERACT,Heart-Cardiomyocyte,VALID,AUC,0.837588908744386
INTERACT,Heart-Cardiomyocyte,TEST,Pearson,0.5756082854498243
INTERACT,Heart-Cardiomyocyte,TEST,Spearman,0.462371168924025
INTERACT,Heart-Cardiomyocyte,TEST,AUC,0.8289994289130572
INTERACT,Heart-Fibroblasts,VALID,Pearson,0.6486913276733485
INTERACT,Heart-Fibroblasts,VALID,Spearman,0.6125778904364745
INTERACT,Heart-Fibroblasts,VALID,AUC,0.819828289698664
INTERACT,Heart-Fibroblasts,TEST,Pearson,0.6429935945052632
INTERACT,Heart-Fibroblasts,TEST,Spearman,0.6158561286169442
INTERACT,Heart-Fibroblasts,TEST,AUC,0.8180174584370925
INTERACT,Kidney-Tubular-Endothel,VALID,Pearson,0.748699065926832
INTERACT,Kidney-Tubular-Endothel,VALID,Spearman,0.5653317171120648
INTERACT,Kidney-Tubular-Endothel,VALID,AUC,0.887368672980243
INTERACT,Kidney-Tubular-Endothel,TEST,Pearson,0.7451467732184768
INTERACT,Kidney-Tubular-Endothel,TEST,Spearman,0.5632338340994923
INTERACT,Kidney-Tubular-Endothel,TEST,AUC,0.8851843807288738
INTERACT,Liver-Hepatocytes,VALID,Pearson,0.7380216023997842
INTERACT,Liver-Hepatocytes,VALID,Spearman,0.5766341312655678
INTERACT,Liver-Hepatocytes,VALID,AUC,0.8790630753829533
INTERACT,Liver-Hepatocytes,TEST,Pearson,0.7315704466000366
INTERACT,Liver-Hepatocytes,TEST,Spearman,0.5771041449715176
INTERACT,Liver-Hepatocytes,TEST,AUC,0.871683814089807
INTERACT,Lung-Alveolar-Epithelial,VALID,Pearson,0.7394465251143719
INTERACT,Lung-Alveolar-Epithelial,VALID,Spearman,0.6376785742165366
INTERACT,Lung-Alveolar-Epithelial,VALID,AUC,0.8876594230732259
INTERACT,Lung-Alveolar-Epithelial,TEST,Pearson,0.7165263241422498
INTERACT,Lung-Alveolar-Epithelial,TEST,Spearman,0.629733983663279
INTERACT,Lung-Alveolar-Epithelial,TEST,AUC,0.8853658673077804
INTERACT,Lung-Bronchus-Epithelial,VALID,Pearson,0.7467316133257227
INTERACT,Lung-Bronchus-Epithelial,VALID,Spearman,0.6111517546603114
INTERACT,Lung-Bronchus-Epithelial,VALID,AUC,0.8878274008271765
INTERACT,Lung-Bronchus-Epithelial,TEST,Pearson,0.7482829630342835
INTERACT,Lung-Bronchus-Epithelial,TEST,Spearman,0.6060204219870552
INTERACT,Lung-Bronchus-Epithelial,TEST,AUC,0.887802575520441
INTERACT,Oligodendrocytes,VALID,Pearson,0.7620079081405106
INTERACT,Oligodendrocytes,VALID,Spearman,0.5317214519829547
INTERACT,Oligodendrocytes,VALID,AUC,0.8939536441992912
INTERACT,Oligodendrocytes,TEST,Pearson,0.7614311122157311
INTERACT,Oligodendrocytes,TEST,Spearman,0.5256963690130049
INTERACT,Oligodendrocytes,TEST,AUC,0.8948674484309661
INTERACT,Ovary-Epithelial,VALID,Pearson,0.6662435581939143
INTERACT,Ovary-Epithelial,VALID,Spearman,0.5361381055957837
INTERACT,Ovary-Epithelial,VALID,AUC,0.846369603150402
INTERACT,Ovary-Epithelial,TEST,Pearson,0.6613937198854051
INTERACT,Ovary-Epithelial,TEST,Spearman,0.5330406158488621
INTERACT,Ovary-Epithelial,TEST,AUC,0.8413111914605323
INTERACT,Pancreas-Acinar,VALID,Pearson,0.704906899809287
INTERACT,Pancreas-Acinar,VALID,Spearman,0.6414242535875049
INTERACT,Pancreas-Acinar,VALID,AUC,0.8594035015783199
INTERACT,Pancreas-Acinar,TEST,Pearson,0.7006248133788516
INTERACT,Pancreas-Acinar,TEST,Spearman,0.6394786803131061
INTERACT,Pancreas-Acinar,TEST,AUC,0.8558854126505865
INTERACT,Pancreas-Alpha,VALID,Pearson,0.7413196040479476
INTERACT,Pancreas-Alpha,VALID,Spearman,0.5663844795454536
INTERACT,Pancreas-Alpha,VALID,AUC,0.8826927255705819
INTERACT,Pancreas-Alpha,TEST,Pearson,0.7409331195637058
INTERACT,Pancreas-Alpha,TEST,Spearman,0.553828503324554
INTERACT,Pancreas-Alpha,TEST,AUC,0.8819666241507392
INTERACT,Pancreas-Beta,VALID,Pearson,0.716868226793612
INTERACT,Pancreas-Beta,VALID,Spearman,0.5549148253115825
INTERACT,Pancreas-Beta,VALID,AUC,0.8841058313558038
INTERACT,Pancreas-Beta,TEST,Pearson,0.6854122789665837
INTERACT,Pancreas-Beta,TEST,Spearman,0.5502178094827026
INTERACT,Pancreas-Beta,TEST,AUC,0.8774689647872914
INTERACT,Pancreas-Delta,VALID,Pearson,0.7339499987373345
INTERACT,Pancreas-Delta,VALID,Spearman,0.5641388273722592
INTERACT,Pancreas-Delta,VALID,AUC,0.8849714431883006
INTERACT,Pancreas-Delta,TEST,Pearson,0.7358783957687434
INTERACT,Pancreas-Delta,TEST,Spearman,0.5610829687401144
INTERACT,Pancreas-Delta,TEST,AUC,0.8823359302810785
INTERACT,Pancreas-Duct,VALID,Pearson,0.7451689238149822
INTERACT,Pancreas-Duct,VALID,Spearman,0.5434195798614289
INTERACT,Pancreas-Duct,VALID,AUC,0.8875657193664117
INTERACT,Pancreas-Duct,TEST,Pearson,0.7429953033171952
INTERACT,Pancreas-Duct,TEST,Spearman,0.5408921567044331
INTERACT,Pancreas-Duct,TEST,AUC,0.885453682778291
INTERACT,Prostate-Epithelial,VALID,Pearson,0.7394175933133906
INTERACT,Prostate-Epithelial,VALID,Spearman,0.6036051922566014
INTERACT,Prostate-Epithelial,VALID,AUC,0.886228719239023
INTERACT,Prostate-Epithelial,TEST,Pearson,0.7451321238257695
INTERACT,Prostate-Epithelial,TEST,Spearman,0.6018051425173552
INTERACT,Prostate-Epithelial,TEST,AUC,0.8875862752651005
INTERACT,Skeletal-Muscle,VALID,Pearson,0.7570848052943119
INTERACT,Skeletal-Muscle,VALID,Spearman,0.6345107522198594
INTERACT,Skeletal-Muscle,VALID,AUC,0.8787687246132956
INTERACT,Skeletal-Muscle,TEST,Pearson,0.7648880342285601
INTERACT,Skeletal-Muscle,TEST,Spearman,0.6326076264665491
INTERACT,Skeletal-Muscle,TEST,AUC,0.8813537665971275
INTERACT,Small-int-Epithelial,VALID,Pearson,0.7055113945757471
INTERACT,Small-int-Epithelial,VALID,Spearman,0.5763684720066315
INTERACT,Small-int-Epithelial,VALID,AUC,0.8747016601202676
INTERACT,Small-int-Epithelial,TEST,Pearson,0.7052216932969011
INTERACT,Small-int-Epithelial,TEST,Spearman,0.5801312811893704
INTERACT,Small-int-Epithelial,TEST,AUC,0.8719459744385049
INTERACT,Thyroid-Epithelial,VALID,Pearson,0.7548641397746276
INTERACT,Thyroid-Epithelial,VALID,Spearman,0.545268489305986
INTERACT,Thyroid-Epithelial,VALID,AUC,0.891206292830795
INTERACT,Thyroid-Epithelial,TEST,Pearson,0.7543576256443735
INTERACT,Thyroid-Epithelial,TEST,Spearman,0.5327986485880437
INTERACT,Thyroid-Epithelial,TEST,AUC,0.8905054559942649
INTERACT,Tonsil-Palatine-Epithelial,VALID,Pearson,0.7195559668552867
INTERACT,Tonsil-Palatine-Epithelial,VALID,Spearman,0.6356967450969995
INTERACT,Tonsil-Palatine-Epithelial,VALID,AUC,0.8684111140300902
INTERACT,Tonsil-Palatine-Epithelial,TEST,Pearson,0.7257180278335644
INTERACT,Tonsil-Palatine-Epithelial,TEST,Spearman,0.6349762631737802
INTERACT,Tonsil-Palatine-Epithelial,TEST,AUC,0.870459855128747
INTERACT,GSM5652176_Adipocytes-Z000000T7,SAMPLE_VALID,Pearson,0.682204231005957
INTERACT,GSM5652176_Adipocytes-Z000000T7,SAMPLE_VALID,Spearman,0.5619343282817129
INTERACT,GSM5652176_Adipocytes-Z000000T7,SAMPLE_VALID,AUC,0.8604538930039709
INTERACT,GSM5652176_Adipocytes-Z000000T7,SAMPLE_TEST,Pearson,0.700373186938855
INTERACT,GSM5652176_Adipocytes-Z000000T7,SAMPLE_TEST,Spearman,0.5974446766674183
INTERACT,GSM5652176_Adipocytes-Z000000T7,SAMPLE_TEST,AUC,0.8771747932753913
INTERACT,GSM5652335_Lung-Bronchus-Epithelial-Z000000QD,SAMPLE_VALID,Pearson,0.652100751454059
INTERACT,GSM5652335_Lung-Bronchus-Epithelial-Z000000QD,SAMPLE_VALID,Spearman,0.529792743796703
INTERACT,GSM5652335_Lung-Bronchus-Epithelial-Z000000QD,SAMPLE_VALID,AUC,0.8465238250080662
INTERACT,GSM5652335_Lung-Bronchus-Epithelial-Z000000QD,SAMPLE_TEST,Pearson,0.6747587476684719
INTERACT,GSM5652335_Lung-Bronchus-Epithelial-Z000000QD,SAMPLE_TEST,Spearman,0.5682388378778931
INTERACT,GSM5652335_Lung-Bronchus-Epithelial-Z000000QD,SAMPLE_TEST,AUC,0.8661293750914123
INTERACT,GSM5652179_Aorta-Endothel-Z00000422,SAMPLE_VALID,Pearson,0.6567734168597302
INTERACT,GSM5652179_Aorta-Endothel-Z00000422,SAMPLE_VALID,Spearman,0.529837508088429
INTERACT,GSM5652179_Aorta-Endothel-Z00000422,SAMPLE_VALID,AUC,0.8445938911233868
INTERACT,GSM5652179_Aorta-Endothel-Z00000422,SAMPLE_TEST,Pearson,0.6836861444215653
INTERACT,GSM5652179_Aorta-Endothel-Z00000422,SAMPLE_TEST,Spearman,0.5684533320791574
INTERACT,GSM5652179_Aorta-Endothel-Z00000422,SAMPLE_TEST,AUC,0.8677034659193129
INTERACT,GSM5652321_Epidermal-Keratinocytes-Z00000424,SAMPLE_VALID,Pearson,0.6383741532697733
INTERACT,GSM5652321_Epidermal-Keratinocytes-Z00000424,SAMPLE_VALID,Spearman,0.511257806006564
INTERACT,GSM5652321_Epidermal-Keratinocytes-Z00000424,SAMPLE_VALID,AUC,0.8373934212036327
INTERACT,GSM5652321_Epidermal-Keratinocytes-Z00000424,SAMPLE_TEST,Pearson,0.6597272821523548
INTERACT,GSM5652321_Epidermal-Keratinocytes-Z00000424,SAMPLE_TEST,Spearman,0.5513268756185475
INTERACT,GSM5652321_Epidermal-Keratinocytes-Z00000424,SAMPLE_TEST,AUC,0.8587953532077149
INTERACT,GSM5652189_Kidney-Tubular-Endothel-Z0000042R,SAMPLE_VALID,Pearson,0.6670308562318515
INTERACT,GSM5652189_Kidney-Tubular-Endothel-Z0000042R,SAMPLE_VALID,Spearman,0.5320461431540584
INTERACT,GSM5652189_Kidney-Tubular-Endothel-Z0000042R,SAMPLE_VALID,AUC,0.8436885524506017
INTERACT,GSM5652189_Kidney-Tubular-Endothel-Z0000042R,SAMPLE_TEST,Pearson,0.6882789680458116
INTERACT,GSM5652189_Kidney-Tubular-Endothel-Z0000042R,SAMPLE_TEST,Spearman,0.572480398144222
INTERACT,GSM5652189_Kidney-Tubular-Endothel-Z0000042R,SAMPLE_TEST,AUC,0.8644937667778152
INTERACT,GSM5652338_Prostate-Epithelial-Z000000RV,SAMPLE_VALID,Pearson,0.6497717637602736
INTERACT,GSM5652338_Prostate-Epithelial-Z000000RV,SAMPLE_VALID,Spearman,0.5298621837858208
INTERACT,GSM5652338_Prostate-Epithelial-Z000000RV,SAMPLE_VALID,AUC,0.847677783592336
INTERACT,GSM5652338_Prostate-Epithelial-Z000000RV,SAMPLE_TEST,Pearson,0.6714232074829961
INTERACT,GSM5652338_Prostate-Epithelial-Z000000RV,SAMPLE_TEST,Spearman,0.567578563450264
INTERACT,GSM5652338_Prostate-Epithelial-Z000000RV,SAMPLE_TEST,AUC,0.8683028977938705
INTERACT,GSM5652198_Colon-Fibroblasts-Z0000042A,SAMPLE_VALID,Pearson,0.6847948832781258
INTERACT,GSM5652198_Colon-Fibroblasts-Z0000042A,SAMPLE_VALID,Spearman,0.5559169988907057
INTERACT,GSM5652198_Colon-Fibroblasts-Z0000042A,SAMPLE_VALID,AUC,0.8556826351095127
INTERACT,GSM5652198_Colon-Fibroblasts-Z0000042A,SAMPLE_TEST,Pearson,0.7039059550395016
INTERACT,GSM5652198_Colon-Fibroblasts-Z0000042A,SAMPLE_TEST,Spearman,0.5919945983235421
INTERACT,GSM5652198_Colon-Fibroblasts-Z0000042A,SAMPLE_TEST,AUC,0.8737620613003545
INTERACT,GSM5652342_Bladder-Epithelial-Z000000QM,SAMPLE_VALID,Pearson,0.61537235924468
INTERACT,GSM5652342_Bladder-Epithelial-Z000000QM,SAMPLE_VALID,Spearman,0.4976677155730864
INTERACT,GSM5652342_Bladder-Epithelial-Z000000QM,SAMPLE_VALID,AUC,0.8297406011562166
INTERACT,GSM5652342_Bladder-Epithelial-Z000000QM,SAMPLE_TEST,Pearson,0.6421733787000771
INTERACT,GSM5652342_Bladder-Epithelial-Z000000QM,SAMPLE_TEST,Spearman,0.537833997508233
INTERACT,GSM5652342_Bladder-Epithelial-Z000000QM,SAMPLE_TEST,AUC,0.8522019670120144
INTERACT,GSM5652200_Heart-Fibroblasts-Z0000043R,SAMPLE_VALID,Pearson,0.6524813921242717
INTERACT,GSM5652200_Heart-Fibroblasts-Z0000043R,SAMPLE_VALID,Spearman,0.5155157579153795
INTERACT,GSM5652200_Heart-Fibroblasts-Z0000043R,SAMPLE_VALID,AUC,0.84130486250289
INTERACT,GSM5652200_Heart-Fibroblasts-Z0000043R,SAMPLE_TEST,Pearson,0.6725318887780731
INTERACT,GSM5652200_Heart-Fibroblasts-Z0000043R,SAMPLE_TEST,Spearman,0.545335301023406
INTERACT,GSM5652200_Heart-Fibroblasts-Z0000043R,SAMPLE_TEST,AUC,0.8594943259064654
INTERACT,GSM5652347_Breast-Luminal-Epithelial-Z000000V2,SAMPLE_VALID,Pearson,0.6661636388362824
INTERACT,GSM5652347_Breast-Luminal-Epithelial-Z000000V2,SAMPLE_VALID,Spearman,0.5356371203076266
INTERACT,GSM5652347_Breast-Luminal-Epithelial-Z000000V2,SAMPLE_VALID,AUC,0.8548462079993917
INTERACT,GSM5652347_Breast-Luminal-Epithelial-Z000000V2,SAMPLE_TEST,Pearson,0.6939962684078383
INTERACT,GSM5652347_Breast-Luminal-Epithelial-Z000000V2,SAMPLE_TEST,Spearman,0.5753976792634349
INTERACT,GSM5652347_Breast-Luminal-Epithelial-Z000000V2,SAMPLE_TEST,AUC,0.8773592016087429
INTERACT,GSM5652204_Dermal-Fibroblasts-Z00000423,SAMPLE_VALID,Pearson,0.6837682928151373
INTERACT,GSM5652204_Dermal-Fibroblasts-Z00000423,SAMPLE_VALID,Spearman,0.5514350021809284
INTERACT,GSM5652204_Dermal-Fibroblasts-Z00000423,SAMPLE_VALID,AUC,0.85663140794877
INTERACT,GSM5652204_Dermal-Fibroblasts-Z00000423,SAMPLE_TEST,Pearson,0.7003691575888288
INTERACT,GSM5652204_Dermal-Fibroblasts-Z00000423,SAMPLE_TEST,Spearman,0.5878350400411125
INTERACT,GSM5652204_Dermal-Fibroblasts-Z00000423,SAMPLE_TEST,AUC,0.8746080055692832
INTERACT,GSM5652350_Breast-Basal-Epithelial-Z000000V6,SAMPLE_VALID,Pearson,0.6742378648948406
INTERACT,GSM5652350_Breast-Basal-Epithelial-Z000000V6,SAMPLE_VALID,Spearman,0.5428850138260513
INTERACT,GSM5652350_Breast-Basal-Epithelial-Z000000V6,SAMPLE_VALID,AUC,0.8568453675386797
INTERACT,GSM5652350_Breast-Basal-Epithelial-Z000000V6,SAMPLE_TEST,Pearson,0.6866764959653799
INTERACT,GSM5652350_Breast-Basal-Epithelial-Z000000V6,SAMPLE_TEST,Spearman,0.579857067180282
INTERACT,GSM5652350_Breast-Basal-Epithelial-Z000000V6,SAMPLE_TEST,AUC,0.875030968803676
INTERACT,GSM5652205_Skeletal-Muscle-Z00000427,SAMPLE_VALID,Pearson,0.6919609772066162
INTERACT,GSM5652205_Skeletal-Muscle-Z00000427,SAMPLE_VALID,Spearman,0.5615183025829338
INTERACT,GSM5652205_Skeletal-Muscle-Z00000427,SAMPLE_VALID,AUC,0.8606781242138977
INTERACT,GSM5652205_Skeletal-Muscle-Z00000427,SAMPLE_TEST,Pearson,0.7077113783878981
INTERACT,GSM5652205_Skeletal-Muscle-Z00000427,SAMPLE_TEST,Spearman,0.5947453779512184
INTERACT,GSM5652205_Skeletal-Muscle-Z00000427,SAMPLE_TEST,AUC,0.8757180355673347
INTERACT,GSM5652354_Lung-Alveolar-Epithelial-Z000000T1,SAMPLE_VALID,Pearson,0.6552766322511238
INTERACT,GSM5652354_Lung-Alveolar-Epithelial-Z000000T1,SAMPLE_VALID,Spearman,0.5323218211385979
INTERACT,GSM5652354_Lung-Alveolar-Epithelial-Z000000T1,SAMPLE_VALID,AUC,0.8453343047606773
INTERACT,GSM5652354_Lung-Alveolar-Epithelial-Z000000T1,SAMPLE_TEST,Pearson,0.6752789530998938
INTERACT,GSM5652354_Lung-Alveolar-Epithelial-Z000000T1,SAMPLE_TEST,Spearman,0.5681302754908466
INTERACT,GSM5652354_Lung-Alveolar-Epithelial-Z000000T1,SAMPLE_TEST,AUC,0.8627453646360449
INTERACT,GSM5652207_Aorta-Smooth-Muscle-Z0000041U,SAMPLE_VALID,Pearson,0.6603890792070856
INTERACT,GSM5652207_Aorta-Smooth-Muscle-Z0000041U,SAMPLE_VALID,Spearman,0.5292075238139285
INTERACT,GSM5652207_Aorta-Smooth-Muscle-Z0000041U,SAMPLE_VALID,AUC,0.8446526208065894
INTERACT,GSM5652207_Aorta-Smooth-Muscle-Z0000041U,SAMPLE_TEST,Pearson,0.6762434543753266
INTERACT,GSM5652207_Aorta-Smooth-Muscle-Z0000041U,SAMPLE_TEST,Spearman,0.5574384962140365
INTERACT,GSM5652207_Aorta-Smooth-Muscle-Z0000041U,SAMPLE_TEST,AUC,0.8600513490359637
INTERACT,GSM5652358_Gallbladder-Epithelial-Z00000432,SAMPLE_VALID,Pearson,0.6306010876589674
INTERACT,GSM5652358_Gallbladder-Epithelial-Z00000432,SAMPLE_VALID,Spearman,0.4978577824186013
INTERACT,GSM5652358_Gallbladder-Epithelial-Z00000432,SAMPLE_VALID,AUC,0.8371588267963384
INTERACT,GSM5652358_Gallbladder-Epithelial-Z00000432,SAMPLE_TEST,Pearson,0.6602696936724082
INTERACT,GSM5652358_Gallbladder-Epithelial-Z00000432,SAMPLE_TEST,Spearman,0.5484236835208387
INTERACT,GSM5652358_Gallbladder-Epithelial-Z00000432,SAMPLE_TEST,AUC,0.8606546658714864
INTERACT,GSM5652215_Heart-Cardiomyocyte-Z0000044P,SAMPLE_VALID,Pearson,0.6784437559123326
INTERACT,GSM5652215_Heart-Cardiomyocyte-Z0000044P,SAMPLE_VALID,Spearman,0.5267668524782209
INTERACT,GSM5652215_Heart-Cardiomyocyte-Z0000044P,SAMPLE_VALID,AUC,0.8502114858993688
INTERACT,GSM5652215_Heart-Cardiomyocyte-Z0000044P,SAMPLE_TEST,Pearson,0.6993217648291324
INTERACT,GSM5652215_Heart-Cardiomyocyte-Z0000044P,SAMPLE_TEST,Spearman,0.5705684935722887
INTERACT,GSM5652215_Heart-Cardiomyocyte-Z0000044P,SAMPLE_TEST,AUC,0.8712254655716091
INTERACT,GSM5652359_Gastric-fundus-Epithelial-Z000000RX,SAMPLE_VALID,Pearson,0.6314372341239892
INTERACT,GSM5652359_Gastric-fundus-Epithelial-Z000000RX,SAMPLE_VALID,Spearman,0.5038611730019469
INTERACT,GSM5652359_Gastric-fundus-Epithelial-Z000000RX,SAMPLE_VALID,AUC,0.8349025138584136
INTERACT,GSM5652359_Gastric-fundus-Epithelial-Z000000RX,SAMPLE_TEST,Pearson,0.6591806519702587
INTERACT,GSM5652359_Gastric-fundus-Epithelial-Z000000RX,SAMPLE_TEST,Spearman,0.5474446999177174
INTERACT,GSM5652359_Gastric-fundus-Epithelial-Z000000RX,SAMPLE_TEST,AUC,0.8592952595062308
INTERACT,GSM5652218_Bone-Osteoblasts-Z0000042Z,SAMPLE_VALID,Pearson,0.6465610792782887
INTERACT,GSM5652218_Bone-Osteoblasts-Z0000042Z,SAMPLE_VALID,Spearman,0.5349718170283659
INTERACT,GSM5652218_Bone-Osteoblasts-Z0000042Z,SAMPLE_VALID,AUC,0.8422888634957753
INTERACT,GSM5652218_Bone-Osteoblasts-Z0000042Z,SAMPLE_TEST,Pearson,0.6725368398133389
INTERACT,GSM5652218_Bone-Osteoblasts-Z0000042Z,SAMPLE_TEST,Spearman,0.5674371023688771
INTERACT,GSM5652218_Bone-Osteoblasts-Z0000042Z,SAMPLE_TEST,AUC,0.8621965746787942
INTERACT,GSM5652219_Oligodendrocytes-Z000000TK,SAMPLE_VALID,Pearson,0.7411015598762467
INTERACT,GSM5652219_Oligodendrocytes-Z000000TK,SAMPLE_VALID,Spearman,0.6026099110629608
INTERACT,GSM5652219_Oligodendrocytes-Z000000TK,SAMPLE_VALID,AUC,0.8958054716460369
INTERACT,GSM5652219_Oligodendrocytes-Z000000TK,SAMPLE_TEST,Pearson,0.7454844683442953
INTERACT,GSM5652219_Oligodendrocytes-Z000000TK,SAMPLE_TEST,Spearman,0.6313945549943049
INTERACT,GSM5652219_Oligodendrocytes-Z000000TK,SAMPLE_TEST,AUC,0.9071347633184779
INTERACT,GSM5652223_Cortex-Neuron-Z000000TF,SAMPLE_VALID,Pearson,0.7223064566276273
INTERACT,GSM5652223_Cortex-Neuron-Z000000TF,SAMPLE_VALID,Spearman,0.5952677515833419
INTERACT,GSM5652223_Cortex-Neuron-Z000000TF,SAMPLE_VALID,AUC,0.8860136007028387
INTERACT,GSM5652223_Cortex-Neuron-Z000000TF,SAMPLE_TEST,Pearson,0.7330357954921686
INTERACT,GSM5652223_Cortex-Neuron-Z000000TF,SAMPLE_TEST,Spearman,0.627657346135896
INTERACT,GSM5652223_Cortex-Neuron-Z000000TF,SAMPLE_TEST,AUC,0.8985508160933015
INTERACT,GSM5652233_Liver-Hepatocytes-Z000000R3,SAMPLE_VALID,Pearson,0.6527445770791204
INTERACT,GSM5652233_Liver-Hepatocytes-Z000000R3,SAMPLE_VALID,Spearman,0.4871429118732556
INTERACT,GSM5652233_Liver-Hepatocytes-Z000000R3,SAMPLE_VALID,AUC,0.8243659340640264
INTERACT,GSM5652233_Liver-Hepatocytes-Z000000R3,SAMPLE_TEST,Pearson,0.6782232965951254
INTERACT,GSM5652233_Liver-Hepatocytes-Z000000R3,SAMPLE_TEST,Spearman,0.5288446626434735
INTERACT,GSM5652233_Liver-Hepatocytes-Z000000R3,SAMPLE_TEST,AUC,0.8495163422334764
INTERACT,GSM5652239_Pancreas-Duct-Z0000043T,SAMPLE_VALID,Pearson,0.6742326916156057
INTERACT,GSM5652239_Pancreas-Duct-Z0000043T,SAMPLE_VALID,Spearman,0.5386653449316118
INTERACT,GSM5652239_Pancreas-Duct-Z0000043T,SAMPLE_VALID,AUC,0.8541628166131554
INTERACT,GSM5652239_Pancreas-Duct-Z0000043T,SAMPLE_TEST,Pearson,0.6996988813886387
INTERACT,GSM5652239_Pancreas-Duct-Z0000043T,SAMPLE_TEST,Spearman,0.5820803313459437
INTERACT,GSM5652239_Pancreas-Duct-Z0000043T,SAMPLE_TEST,AUC,0.876030221174701
INTERACT,GSM5652243_Pancreas-Acinar-Z000000QX,SAMPLE_VALID,Pearson,0.6304074313336568
INTERACT,GSM5652243_Pancreas-Acinar-Z000000QX,SAMPLE_VALID,Spearman,0.5025883311461203
INTERACT,GSM5652243_Pancreas-Acinar-Z000000QX,SAMPLE_VALID,AUC,0.8286619160052794
INTERACT,GSM5652243_Pancreas-Acinar-Z000000QX,SAMPLE_TEST,Pearson,0.6571582532139058
INTERACT,GSM5652243_Pancreas-Acinar-Z000000QX,SAMPLE_TEST,Spearman,0.5399724087306391
INTERACT,GSM5652243_Pancreas-Acinar-Z000000QX,SAMPLE_TEST,AUC,0.8494337780883449
INTERACT,GSM5652247_Pancreas-Delta-Z00000451,SAMPLE_VALID,Pearson,0.6641106828229354
INTERACT,GSM5652247_Pancreas-Delta-Z00000451,SAMPLE_VALID,Spearman,0.5297304610133706
INTERACT,GSM5652247_Pancreas-Delta-Z00000451,SAMPLE_VALID,AUC,0.8448504473012506
INTERACT,GSM5652247_Pancreas-Delta-Z00000451,SAMPLE_TEST,Pearson,0.6908797713156112
INTERACT,GSM5652247_Pancreas-Delta-Z00000451,SAMPLE_TEST,Spearman,0.5729643776448443
INTERACT,GSM5652247_Pancreas-Delta-Z00000451,SAMPLE_TEST,AUC,0.8670000445246013
INTERACT,GSM5652250_Pancreas-Beta-Z00000452,SAMPLE_VALID,Pearson,0.6685492793330742
INTERACT,GSM5652250_Pancreas-Beta-Z00000452,SAMPLE_VALID,Spearman,0.5282489453010935
INTERACT,GSM5652250_Pancreas-Beta-Z00000452,SAMPLE_VALID,AUC,0.8449796868211631
INTERACT,GSM5652250_Pancreas-Beta-Z00000452,SAMPLE_TEST,Pearson,0.690578736483105
INTERACT,GSM5652250_Pancreas-Beta-Z00000452,SAMPLE_TEST,Spearman,0.5672126579993525
INTERACT,GSM5652250_Pancreas-Beta-Z00000452,SAMPLE_TEST,AUC,0.8655058831654653
INTERACT,GSM5652253_Pancreas-Alpha-Z00000453,SAMPLE_VALID,Pearson,0.6655483642796122
INTERACT,GSM5652253_Pancreas-Alpha-Z00000453,SAMPLE_VALID,Spearman,0.5228711865533534
INTERACT,GSM5652253_Pancreas-Alpha-Z00000453,SAMPLE_VALID,AUC,0.841246361631864
INTERACT,GSM5652253_Pancreas-Alpha-Z00000453,SAMPLE_TEST,Pearson,0.6905822377410173
INTERACT,GSM5652253_Pancreas-Alpha-Z00000453,SAMPLE_TEST,Spearman,0.5651727737790572
INTERACT,GSM5652253_Pancreas-Alpha-Z00000453,SAMPLE_TEST,AUC,0.8636872231573742
INTERACT,GSM5652264_Thyroid-Epithelial-Z0000042S,SAMPLE_VALID,Pearson,0.6805393612703523
INTERACT,GSM5652264_Thyroid-Epithelial-Z0000042S,SAMPLE_VALID,Spearman,0.5275176592866455
INTERACT,GSM5652264_Thyroid-Epithelial-Z0000042S,SAMPLE_VALID,AUC,0.8487892660299234
INTERACT,GSM5652264_Thyroid-Epithelial-Z0000042S,SAMPLE_TEST,Pearson,0.6954055596954216
INTERACT,GSM5652264_Thyroid-Epithelial-Z0000042S,SAMPLE_TEST,Spearman,0.5665277356542968
INTERACT,GSM5652264_Thyroid-Epithelial-Z0000042S,SAMPLE_TEST,AUC,0.8650397955437037
INTERACT,GSM5652322_Tonsil-Palatine-Epithelial-Z000000QF,SAMPLE_VALID,Pearson,0.6241599916271985
INTERACT,GSM5652322_Tonsil-Palatine-Epithelial-Z000000QF,SAMPLE_VALID,Spearman,0.5165075614526213
INTERACT,GSM5652322_Tonsil-Palatine-Epithelial-Z000000QF,SAMPLE_VALID,AUC,0.8356852627339703
INTERACT,GSM5652322_Tonsil-Palatine-Epithelial-Z000000QF,SAMPLE_TEST,Pearson,0.6486079325423059
INTERACT,GSM5652322_Tonsil-Palatine-Epithelial-Z000000QF,SAMPLE_TEST,Spearman,0.5545997746419703
INTERACT,GSM5652322_Tonsil-Palatine-Epithelial-Z000000QF,SAMPLE_TEST,AUC,0.8581380625105499
INTERACT,GSM5652267_Fallopian-Epithelial-Z000000Q7,SAMPLE_VALID,Pearson,0.6654084121630899
INTERACT,GSM5652267_Fallopian-Epithelial-Z000000Q7,SAMPLE_VALID,Spearman,0.5475265839821236
INTERACT,GSM5652267_Fallopian-Epithelial-Z000000Q7,SAMPLE_VALID,AUC,0.8579671740761413
INTERACT,GSM5652267_Fallopian-Epithelial-Z000000Q7,SAMPLE_TEST,Pearson,0.6822646521915819
INTERACT,GSM5652267_Fallopian-Epithelial-Z000000Q7,SAMPLE_TEST,Spearman,0.5845509538279399
INTERACT,GSM5652267_Fallopian-Epithelial-Z000000Q7,SAMPLE_TEST,AUC,0.8756843842374449
INTERACT,GSM5652270_Ovary-Epithelial-Z000000QT,SAMPLE_VALID,Pearson,0.6373383723188599
INTERACT,GSM5652270_Ovary-Epithelial-Z000000QT,SAMPLE_VALID,Spearman,0.5316650723795159
INTERACT,GSM5652270_Ovary-Epithelial-Z000000QT,SAMPLE_VALID,AUC,0.851028840517449
INTERACT,GSM5652270_Ovary-Epithelial-Z000000QT,SAMPLE_TEST,Pearson,0.6576855265283399
INTERACT,GSM5652270_Ovary-Epithelial-Z000000QT,SAMPLE_TEST,Spearman,0.5728262827211748
INTERACT,GSM5652270_Ovary-Epithelial-Z000000QT,SAMPLE_TEST,AUC,0.8717033631735697
INTERACT,GSM5652274_Bone_marrow-Erythrocyte_progenitors-Z000000RF,SAMPLE_VALID,Pearson,0.5914245917797889
INTERACT,GSM5652274_Bone_marrow-Erythrocyte_progenitors-Z000000RF,SAMPLE_VALID,Spearman,0.4217689274011255
INTERACT,GSM5652274_Bone_marrow-Erythrocyte_progenitors-Z000000RF,SAMPLE_VALID,AUC,0.7830494801776748
INTERACT,GSM5652274_Bone_marrow-Erythrocyte_progenitors-Z000000RF,SAMPLE_TEST,Pearson,0.6191468432376406
INTERACT,GSM5652274_Bone_marrow-Erythrocyte_progenitors-Z000000RF,SAMPLE_TEST,Spearman,0.457777625620095
INTERACT,GSM5652274_Bone_marrow-Erythrocyte_progenitors-Z000000RF,SAMPLE_TEST,AUC,0.8110528554537739
INTERACT,GSM5652277_Blood-T-CD3-Z000000TV,SAMPLE_VALID,Pearson,0.6279686322704814
INTERACT,GSM5652277_Blood-T-CD3-Z000000TV,SAMPLE_VALID,Spearman,0.4601838803318269
INTERACT,GSM5652277_Blood-T-CD3-Z000000TV,SAMPLE_VALID,AUC,0.7974581537113139
INTERACT,GSM5652277_Blood-T-CD3-Z000000TV,SAMPLE_TEST,Pearson,0.6548105559812659
INTERACT,GSM5652277_Blood-T-CD3-Z000000TV,SAMPLE_TEST,Spearman,0.5052229022337715
INTERACT,GSM5652277_Blood-T-CD3-Z000000TV,SAMPLE_TEST,AUC,0.8274752938225587
INTERACT,GSM5652299_Blood-NK-Z000000TM,SAMPLE_VALID,Pearson,0.6159345336262734
INTERACT,GSM5652299_Blood-NK-Z000000TM,SAMPLE_VALID,Spearman,0.459182551854778
INTERACT,GSM5652299_Blood-NK-Z000000TM,SAMPLE_VALID,AUC,0.8024015589191911
INTERACT,GSM5652299_Blood-NK-Z000000TM,SAMPLE_TEST,Pearson,0.6481313514737629
INTERACT,GSM5652299_Blood-NK-Z000000TM,SAMPLE_TEST,Spearman,0.5052126477682499
INTERACT,GSM5652299_Blood-NK-Z000000TM,SAMPLE_TEST,AUC,0.8323969132979966
INTERACT,GSM5652302_Blood-Monocytes-Z000000TP,SAMPLE_VALID,Pearson,0.6132217177446124
INTERACT,GSM5652302_Blood-Monocytes-Z000000TP,SAMPLE_VALID,Spearman,0.4671674171002181
INTERACT,GSM5652302_Blood-Monocytes-Z000000TP,SAMPLE_VALID,AUC,0.8094467454027839
INTERACT,GSM5652302_Blood-Monocytes-Z000000TP,SAMPLE_TEST,Pearson,0.6416494133104322
INTERACT,GSM5652302_Blood-Monocytes-Z000000TP,SAMPLE_TEST,Spearman,0.511024774819791
INTERACT,GSM5652302_Blood-Monocytes-Z000000TP,SAMPLE_TEST,AUC,0.8369517577639962
INTERACT,GSM5652313_Blood-Granulocytes-Z000000TZ,SAMPLE_VALID,Pearson,0.5999157826728719
INTERACT,GSM5652313_Blood-Granulocytes-Z000000TZ,SAMPLE_VALID,Spearman,0.4690550759510376
INTERACT,GSM5652313_Blood-Granulocytes-Z000000TZ,SAMPLE_VALID,AUC,0.8072057943686086
INTERACT,GSM5652313_Blood-Granulocytes-Z000000TZ,SAMPLE_TEST,Pearson,0.6379843870955154
INTERACT,GSM5652313_Blood-Granulocytes-Z000000TZ,SAMPLE_TEST,Spearman,0.5105941746807008
INTERACT,GSM5652313_Blood-Granulocytes-Z000000TZ,SAMPLE_TEST,AUC,0.8333189132396888
INTERACT,GSM5652317_Blood-B-Z000000UB,SAMPLE_VALID,Pearson,0.6117289205759904
INTERACT,GSM5652317_Blood-B-Z000000UB,SAMPLE_VALID,Spearman,0.475704861047919
INTERACT,GSM5652317_Blood-B-Z000000UB,SAMPLE_VALID,AUC,0.8063964938341868
INTERACT,GSM5652317_Blood-B-Z000000UB,SAMPLE_TEST,Pearson,0.6429014809562502
INTERACT,GSM5652317_Blood-B-Z000000UB,SAMPLE_TEST,Spearman,0.5185603174732375
INTERACT,GSM5652317_Blood-B-Z000000UB,SAMPLE_TEST,AUC,0.8334788492473706
INTERACT,GSM5652370_Colon-Right-Epithelial-Z000000V0,SAMPLE_VALID,Pearson,0.6217576872617295
INTERACT,GSM5652370_Colon-Right-Epithelial-Z000000V0,SAMPLE_VALID,Spearman,0.480677226653267
INTERACT,GSM5652370_Colon-Right-Epithelial-Z000000V0,SAMPLE_VALID,AUC,0.8234517766760661
INTERACT,GSM5652370_Colon-Right-Epithelial-Z000000V0,SAMPLE_TEST,Pearson,0.6494806009556382
INTERACT,GSM5652370_Colon-Right-Epithelial-Z000000V0,SAMPLE_TEST,Spearman,0.5289174476675846
INTERACT,GSM5652370_Colon-Right-Epithelial-Z000000V0,SAMPLE_TEST,AUC,0.8482131399793242
INTERACT,GSM5652378_Small-int-Epithelial-Z0000042V,SAMPLE_VALID,Pearson,0.615362781579296
INTERACT,GSM5652378_Small-int-Epithelial-Z0000042V,SAMPLE_VALID,Spearman,0.4829806115419443
INTERACT,GSM5652378_Small-int-Epithelial-Z0000042V,SAMPLE_VALID,AUC,0.8220225672768624
INTERACT,GSM5652378_Small-int-Epithelial-Z0000042V,SAMPLE_TEST,Pearson,0.645428925053799
INTERACT,GSM5652378_Small-int-Epithelial-Z0000042V,SAMPLE_TEST,Spearman,0.5300906324770194
INTERACT,GSM5652378_Small-int-Epithelial-Z0000042V,SAMPLE_TEST,AUC,0.8457275733688465
Melody-MT-1k,GSM5652176_Adipocytes-Z000000T7,SAMPLE_VALID,Pearson,0.7771259332610755
Melody-MT-1k,GSM5652176_Adipocytes-Z000000T7,SAMPLE_VALID,Spearman,0.7163640476251887
Melody-MT-1k,GSM5652176_Adipocytes-Z000000T7,SAMPLE_VALID,AUC,0.896207538169799
Melody-MT-1k,GSM5652176_Adipocytes-Z000000T7,SAMPLE_TEST,Pearson,0.7922764712873103
Melody-MT-1k,GSM5652176_Adipocytes-Z000000T7,SAMPLE_TEST,Spearman,0.7270417765497399
Melody-MT-1k,GSM5652176_Adipocytes-Z000000T7,SAMPLE_TEST,AUC,0.9035121538501667
Melody-MT-1k,GSM5652176_Adipocytes-Z000000T7,VALID,Pearson,0.7643269470917212
Melody-MT-1k,GSM5652176_Adipocytes-Z000000T7,VALID,Spearman,0.6438905243640282
Melody-MT-1k,GSM5652176_Adipocytes-Z000000T7,VALID,AUC,0.8917558474605362
Melody-MT-1k,GSM5652176_Adipocytes-Z000000T7,TEST,Pearson,0.7677359954255831
Melody-MT-1k,GSM5652176_Adipocytes-Z000000T7,TEST,Spearman,0.660770640351515
Melody-MT-1k,GSM5652176_Adipocytes-Z000000T7,TEST,AUC,0.8933625432856412
Melody-MT-1k,GSM5652179_Aorta-Endothel-Z00000422,SAMPLE_VALID,Pearson,0.7062631345177671
Melody-MT-1k,GSM5652179_Aorta-Endothel-Z00000422,SAMPLE_VALID,Spearman,0.6487963411093489
Melody-MT-1k,GSM5652179_Aorta-Endothel-Z00000422,SAMPLE_VALID,AUC,0.8782544260182196
Melody-MT-1k,GSM5652179_Aorta-Endothel-Z00000422,SAMPLE_TEST,Pearson,0.7367688908342332
Melody-MT-1k,GSM5652179_Aorta-Endothel-Z00000422,SAMPLE_TEST,Spearman,0.673698698886566
Melody-MT-1k,GSM5652179_Aorta-Endothel-Z00000422,SAMPLE_TEST,AUC,0.8901191712549648
Melody-MT-1k,GSM5652179_Aorta-Endothel-Z00000422,VALID,Pearson,0.7197750633555826
Melody-MT-1k,GSM5652179_Aorta-Endothel-Z00000422,VALID,Spearman,0.6249111989546694
Melody-MT-1k,GSM5652179_Aorta-Endothel-Z00000422,VALID,AUC,0.8771459392147289
Melody-MT-1k,GSM5652179_Aorta-Endothel-Z00000422,TEST,Pearson,0.7212822523031764
Melody-MT-1k,GSM5652179_Aorta-Endothel-Z00000422,TEST,Spearman,0.6178109249022018
Melody-MT-1k,GSM5652179_Aorta-Endothel-Z00000422,TEST,AUC,0.8784263939454046
Melody-MT-1k,GSM5652189_Kidney-Tubular-Endothel-Z0000042R,SAMPLE_VALID,Pearson,0.7316500908651677
Melody-MT-1k,GSM5652189_Kidney-Tubular-Endothel-Z0000042R,SAMPLE_VALID,Spearman,0.6386919142888812
Melody-MT-1k,GSM5652189_Kidney-Tubular-Endothel-Z0000042R,SAMPLE_VALID,AUC,0.8903322315199524
Melody-MT-1k,GSM5652189_Kidney-Tubular-Endothel-Z0000042R,SAMPLE_TEST,Pearson,0.7483986170448018
Melody-MT-1k,GSM5652189_Kidney-Tubular-Endothel-Z0000042R,SAMPLE_TEST,Spearman,0.6585436942753904
Melody-MT-1k,GSM5652189_Kidney-Tubular-Endothel-Z0000042R,SAMPLE_TEST,AUC,0.898316952316206
Melody-MT-1k,GSM5652189_Kidney-Tubular-Endothel-Z0000042R,VALID,Pearson,0.7403829812255586
Melody-MT-1k,GSM5652189_Kidney-Tubular-Endothel-Z0000042R,VALID,Spearman,0.5690419182978583
Melody-MT-1k,GSM5652189_Kidney-Tubular-Endothel-Z0000042R,VALID,AUC,0.8920529329790536
Melody-MT-1k,GSM5652189_Kidney-Tubular-Endothel-Z0000042R,TEST,Pearson,0.7401694069796543
Melody-MT-1k,GSM5652189_Kidney-Tubular-Endothel-Z0000042R,TEST,Spearman,0.5697010597405023
Melody-MT-1k,GSM5652189_Kidney-Tubular-Endothel-Z0000042R,TEST,AUC,0.8904735708866733
Melody-MT-1k,GSM5652198_Colon-Fibroblasts-Z0000042A,SAMPLE_VALID,Pearson,0.7727766109427827
Melody-MT-1k,GSM5652198_Colon-Fibroblasts-Z0000042A,SAMPLE_VALID,Spearman,0.7164852139261463
Melody-MT-1k,GSM5652198_Colon-Fibroblasts-Z0000042A,SAMPLE_VALID,AUC,0.8980595878936689
Melody-MT-1k,GSM5652198_Colon-Fibroblasts-Z0000042A,SAMPLE_TEST,Pearson,0.7929930351122215
Melody-MT-1k,GSM5652198_Colon-Fibroblasts-Z0000042A,SAMPLE_TEST,Spearman,0.730835024619736
Melody-MT-1k,GSM5652198_Colon-Fibroblasts-Z0000042A,SAMPLE_TEST,AUC,0.904422688752228
Melody-MT-1k,GSM5652198_Colon-Fibroblasts-Z0000042A,VALID,Pearson,0.7617904358106643
Melody-MT-1k,GSM5652198_Colon-Fibroblasts-Z0000042A,VALID,Spearman,0.6648586593249907
Melody-MT-1k,GSM5652198_Colon-Fibroblasts-Z0000042A,VALID,AUC,0.8884124897889971
Melody-MT-1k,GSM5652198_Colon-Fibroblasts-Z0000042A,TEST,Pearson,0.7629374088602495
Melody-MT-1k,GSM5652198_Colon-Fibroblasts-Z0000042A,TEST,Spearman,0.6503037028617473
Melody-MT-1k,GSM5652198_Colon-Fibroblasts-Z0000042A,TEST,AUC,0.8889923001203975
Melody-MT-1k,GSM5652200_Heart-Fibroblasts-Z0000043R,SAMPLE_VALID,Pearson,0.6780170190301424
Melody-MT-1k,GSM5652200_Heart-Fibroblasts-Z0000043R,SAMPLE_VALID,Spearman,0.6356593875368862
Melody-MT-1k,GSM5652200_Heart-Fibroblasts-Z0000043R,SAMPLE_VALID,AUC,0.8547002309037631
Melody-MT-1k,GSM5652200_Heart-Fibroblasts-Z0000043R,SAMPLE_TEST,Pearson,0.6980716583099055
Melody-MT-1k,GSM5652200_Heart-Fibroblasts-Z0000043R,SAMPLE_TEST,Spearman,0.639609212137195
Melody-MT-1k,GSM5652200_Heart-Fibroblasts-Z0000043R,SAMPLE_TEST,AUC,0.8632811300484419
Melody-MT-1k,GSM5652200_Heart-Fibroblasts-Z0000043R,VALID,Pearson,0.6486361839282245
Melody-MT-1k,GSM5652200_Heart-Fibroblasts-Z0000043R,VALID,Spearman,0.6134542850679555
Melody-MT-1k,GSM5652200_Heart-Fibroblasts-Z0000043R,VALID,AUC,0.8224853458687177
Melody-MT-1k,GSM5652200_Heart-Fibroblasts-Z0000043R,TEST,Pearson,0.646614518383826
Melody-MT-1k,GSM5652200_Heart-Fibroblasts-Z0000043R,TEST,Spearman,0.6262694465471836
Melody-MT-1k,GSM5652200_Heart-Fibroblasts-Z0000043R,TEST,AUC,0.8199345105718835
Melody-MT-1k,GSM5652204_Dermal-Fibroblasts-Z00000423,SAMPLE_VALID,Pearson,0.7207414707375432
Melody-MT-1k,GSM5652204_Dermal-Fibroblasts-Z00000423,SAMPLE_VALID,Spearman,0.6751787810102716
Melody-MT-1k,GSM5652204_Dermal-Fibroblasts-Z00000423,SAMPLE_VALID,AUC,0.8776430042951842
Melody-MT-1k,GSM5652204_Dermal-Fibroblasts-Z00000423,SAMPLE_TEST,Pearson,0.760222775157343
Melody-MT-1k,GSM5652204_Dermal-Fibroblasts-Z00000423,SAMPLE_TEST,Spearman,0.6859742569444763
Melody-MT-1k,GSM5652204_Dermal-Fibroblasts-Z00000423,SAMPLE_TEST,AUC,0.8971309138590173
Melody-MT-1k,GSM5652204_Dermal-Fibroblasts-Z00000423,VALID,Pearson,0.7228870261750535
Melody-MT-1k,GSM5652204_Dermal-Fibroblasts-Z00000423,VALID,Spearman,0.6244727908944153
Melody-MT-1k,GSM5652204_Dermal-Fibroblasts-Z00000423,VALID,AUC,0.8744657376082501
Melody-MT-1k,GSM5652204_Dermal-Fibroblasts-Z00000423,TEST,Pearson,0.7258346887911584
Melody-MT-1k,GSM5652204_Dermal-Fibroblasts-Z00000423,TEST,Spearman,0.6235849268453822
Melody-MT-1k,GSM5652204_Dermal-Fibroblasts-Z00000423,TEST,AUC,0.8747452002681398
Melody-MT-1k,GSM5652205_Skeletal-Muscle-Z00000427,SAMPLE_VALID,Pearson,0.7473832539879228
Melody-MT-1k,GSM5652205_Skeletal-Muscle-Z00000427,SAMPLE_VALID,Spearman,0.6902834273399118
Melody-MT-1k,GSM5652205_Skeletal-Muscle-Z00000427,SAMPLE_VALID,AUC,0.8738422719117072
Melody-MT-1k,GSM5652205_Skeletal-Muscle-Z00000427,SAMPLE_TEST,Pearson,0.7702551994190149
Melody-MT-1k,GSM5652205_Skeletal-Muscle-Z00000427,SAMPLE_TEST,Spearman,0.7017315336497595
Melody-MT-1k,GSM5652205_Skeletal-Muscle-Z00000427,SAMPLE_TEST,AUC,0.8851114444395808
Melody-MT-1k,GSM5652205_Skeletal-Muscle-Z00000427,VALID,Pearson,0.7493105705259606
Melody-MT-1k,GSM5652205_Skeletal-Muscle-Z00000427,VALID,Spearman,0.6419705071160673
Melody-MT-1k,GSM5652205_Skeletal-Muscle-Z00000427,VALID,AUC,0.8772202298301065
Melody-MT-1k,GSM5652205_Skeletal-Muscle-Z00000427,TEST,Pearson,0.754095807755216
Melody-MT-1k,GSM5652205_Skeletal-Muscle-Z00000427,TEST,Spearman,0.6458336474183624
Melody-MT-1k,GSM5652205_Skeletal-Muscle-Z00000427,TEST,AUC,0.8813512450367197
Melody-MT-1k,GSM5652207_Aorta-Smooth-Muscle-Z0000041U,SAMPLE_VALID,Pearson,0.7179031192073541
Melody-MT-1k,GSM5652207_Aorta-Smooth-Muscle-Z0000041U,SAMPLE_VALID,Spearman,0.6783515061024584
Melody-MT-1k,GSM5652207_Aorta-Smooth-Muscle-Z0000041U,SAMPLE_VALID,AUC,0.8756599939142967
Melody-MT-1k,GSM5652207_Aorta-Smooth-Muscle-Z0000041U,SAMPLE_TEST,Pearson,0.741199624915464
Melody-MT-1k,GSM5652207_Aorta-Smooth-Muscle-Z0000041U,SAMPLE_TEST,Spearman,0.6957845437365914
Melody-MT-1k,GSM5652207_Aorta-Smooth-Muscle-Z0000041U,SAMPLE_TEST,AUC,0.8840318967799434
Melody-MT-1k,GSM5652207_Aorta-Smooth-Muscle-Z0000041U,VALID,Pearson,0.6962519234402946
Melody-MT-1k,GSM5652207_Aorta-Smooth-Muscle-Z0000041U,VALID,Spearman,0.6371006900214715
Melody-MT-1k,GSM5652207_Aorta-Smooth-Muscle-Z0000041U,VALID,AUC,0.8487601352138068
Melody-MT-1k,GSM5652207_Aorta-Smooth-Muscle-Z0000041U,TEST,Pearson,0.6956241634022869
Melody-MT-1k,GSM5652207_Aorta-Smooth-Muscle-Z0000041U,TEST,Spearman,0.636181120385628
Melody-MT-1k,GSM5652207_Aorta-Smooth-Muscle-Z0000041U,TEST,AUC,0.8462895354444618
Melody-MT-1k,GSM5652215_Heart-Cardiomyocyte-Z0000044P,SAMPLE_VALID,Pearson,0.6515505216118641
Melody-MT-1k,GSM5652215_Heart-Cardiomyocyte-Z0000044P,SAMPLE_VALID,Spearman,0.5741955168508804
Melody-MT-1k,GSM5652215_Heart-Cardiomyocyte-Z0000044P,SAMPLE_VALID,AUC,0.8467148148834783
Melody-MT-1k,GSM5652215_Heart-Cardiomyocyte-Z0000044P,SAMPLE_TEST,Pearson,0.6603184465720775
Melody-MT-1k,GSM5652215_Heart-Cardiomyocyte-Z0000044P,SAMPLE_TEST,Spearman,0.5515830234752003
Melody-MT-1k,GSM5652215_Heart-Cardiomyocyte-Z0000044P,SAMPLE_TEST,AUC,0.8502628567298128
Melody-MT-1k,GSM5652215_Heart-Cardiomyocyte-Z0000044P,VALID,Pearson,0.6543682406378702
Melody-MT-1k,GSM5652215_Heart-Cardiomyocyte-Z0000044P,VALID,Spearman,0.4636113225038823
Melody-MT-1k,GSM5652215_Heart-Cardiomyocyte-Z0000044P,VALID,AUC,0.8437417339781906
Melody-MT-1k,GSM5652215_Heart-Cardiomyocyte-Z0000044P,TEST,Pearson,0.6548184167898589
Melody-MT-1k,GSM5652215_Heart-Cardiomyocyte-Z0000044P,TEST,Spearman,0.4870053622515533
Melody-MT-1k,GSM5652215_Heart-Cardiomyocyte-Z0000044P,TEST,AUC,0.8437160003036579
Melody-MT-1k,GSM5652218_Bone-Osteoblasts-Z0000042Z,SAMPLE_VALID,Pearson,0.7072251467090509
Melody-MT-1k,GSM5652218_Bone-Osteoblasts-Z0000042Z,SAMPLE_VALID,Spearman,0.666759074054835
Melody-MT-1k,GSM5652218_Bone-Osteoblasts-Z0000042Z,SAMPLE_VALID,AUC,0.8723756648228799
Melody-MT-1k,GSM5652218_Bone-Osteoblasts-Z0000042Z,SAMPLE_TEST,Pearson,0.7289876673158061
Melody-MT-1k,GSM5652218_Bone-Osteoblasts-Z0000042Z,SAMPLE_TEST,Spearman,0.6936139341247824
Melody-MT-1k,GSM5652218_Bone-Osteoblasts-Z0000042Z,SAMPLE_TEST,AUC,0.8793165305086521
Melody-MT-1k,GSM5652218_Bone-Osteoblasts-Z0000042Z,VALID,Pearson,0.6990386093629422
Melody-MT-1k,GSM5652218_Bone-Osteoblasts-Z0000042Z,VALID,Spearman,0.6369938853270107
Melody-MT-1k,GSM5652218_Bone-Osteoblasts-Z0000042Z,VALID,AUC,0.8565308095753985
Melody-MT-1k,GSM5652218_Bone-Osteoblasts-Z0000042Z,TEST,Pearson,0.6983698521849233
Melody-MT-1k,GSM5652218_Bone-Osteoblasts-Z0000042Z,TEST,Spearman,0.6504989510924434
Melody-MT-1k,GSM5652218_Bone-Osteoblasts-Z0000042Z,TEST,AUC,0.8566296374834005
Melody-MT-1k,GSM5652219_Oligodendrocytes-Z000000TK,SAMPLE_VALID,Pearson,0.7311462554601837
Melody-MT-1k,GSM5652219_Oligodendrocytes-Z000000TK,SAMPLE_VALID,Spearman,0.602255628246809
Melody-MT-1k,GSM5652219_Oligodendrocytes-Z000000TK,SAMPLE_VALID,AUC,0.8866065105107579
Melody-MT-1k,GSM5652219_Oligodendrocytes-Z000000TK,SAMPLE_TEST,Pearson,0.7539085588299881
Melody-MT-1k,GSM5652219_Oligodendrocytes-Z000000TK,SAMPLE_TEST,Spearman,0.6423870773712718
Melody-MT-1k,GSM5652219_Oligodendrocytes-Z000000TK,SAMPLE_TEST,AUC,0.8989188848088486
Melody-MT-1k,GSM5652219_Oligodendrocytes-Z000000TK,VALID,Pearson,0.7294496892105746
Melody-MT-1k,GSM5652219_Oligodendrocytes-Z000000TK,VALID,Spearman,0.5187048036128767
Melody-MT-1k,GSM5652219_Oligodendrocytes-Z000000TK,VALID,AUC,0.8851072086640254
Melody-MT-1k,GSM5652219_Oligodendrocytes-Z000000TK,TEST,Pearson,0.7353776401243215
Melody-MT-1k,GSM5652219_Oligodendrocytes-Z000000TK,TEST,Spearman,0.525072527543756
Melody-MT-1k,GSM5652219_Oligodendrocytes-Z000000TK,TEST,AUC,0.887872054342463
Melody-MT-1k,GSM5652223_Cortex-Neuron-Z000000TF,SAMPLE_VALID,Pearson,0.787496444882835
Melody-MT-1k,GSM5652223_Cortex-Neuron-Z000000TF,SAMPLE_VALID,Spearman,0.6639578836252227
Melody-MT-1k,GSM5652223_Cortex-Neuron-Z000000TF,SAMPLE_VALID,AUC,0.9087382991478237
Melody-MT-1k,GSM5652223_Cortex-Neuron-Z000000TF,SAMPLE_TEST,Pearson,0.8130012845766054
Melody-MT-1k,GSM5652223_Cortex-Neuron-Z000000TF,SAMPLE_TEST,Spearman,0.6834793355412243
Melody-MT-1k,GSM5652223_Cortex-Neuron-Z000000TF,SAMPLE_TEST,AUC,0.9232029785584095
Melody-MT-1k,GSM5652223_Cortex-Neuron-Z000000TF,VALID,Pearson,0.7799532877695117
Melody-MT-1k,GSM5652223_Cortex-Neuron-Z000000TF,VALID,Spearman,0.5511280267391652
Melody-MT-1k,GSM5652223_Cortex-Neuron-Z000000TF,VALID,AUC,0.9021977404524998
Melody-MT-1k,GSM5652223_Cortex-Neuron-Z000000TF,TEST,Pearson,0.7814417862487578
Melody-MT-1k,GSM5652223_Cortex-Neuron-Z000000TF,TEST,Spearman,0.5467418805900088
Melody-MT-1k,GSM5652223_Cortex-Neuron-Z000000TF,TEST,AUC,0.9029584997000598
Melody-MT-1k,GSM5652233_Liver-Hepatocytes-Z000000R3,SAMPLE_VALID,Pearson,0.7246168204654876
Melody-MT-1k,GSM5652233_Liver-Hepatocytes-Z000000R3,SAMPLE_VALID,Spearman,0.597831888013174
Melody-MT-1k,GSM5652233_Liver-Hepatocytes-Z000000R3,SAMPLE_VALID,AUC,0.8878701824540095
Melody-MT-1k,GSM5652233_Liver-Hepatocytes-Z000000R3,SAMPLE_TEST,Pearson,0.7335568262970211
Melody-MT-1k,GSM5652233_Liver-Hepatocytes-Z000000R3,SAMPLE_TEST,Spearman,0.6267282538764163
Melody-MT-1k,GSM5652233_Liver-Hepatocytes-Z000000R3,SAMPLE_TEST,AUC,0.8897691783749541
Melody-MT-1k,GSM5652233_Liver-Hepatocytes-Z000000R3,VALID,Pearson,0.7316915336087118
Melody-MT-1k,GSM5652233_Liver-Hepatocytes-Z000000R3,VALID,Spearman,0.583647428800435
Melody-MT-1k,GSM5652233_Liver-Hepatocytes-Z000000R3,VALID,AUC,0.8821769024651431
Melody-MT-1k,GSM5652233_Liver-Hepatocytes-Z000000R3,TEST,Pearson,0.7256042618123771
Melody-MT-1k,GSM5652233_Liver-Hepatocytes-Z000000R3,TEST,Spearman,0.581114391359905
Melody-MT-1k,GSM5652233_Liver-Hepatocytes-Z000000R3,TEST,AUC,0.8778128252620455
Melody-MT-1k,GSM5652239_Pancreas-Duct-Z0000043T,SAMPLE_VALID,Pearson,0.7068155945440727
Melody-MT-1k,GSM5652239_Pancreas-Duct-Z0000043T,SAMPLE_VALID,Spearman,0.6173125236614072
Melody-MT-1k,GSM5652239_Pancreas-Duct-Z0000043T,SAMPLE_VALID,AUC,0.8827748327199724
Melody-MT-1k,GSM5652239_Pancreas-Duct-Z0000043T,SAMPLE_TEST,Pearson,0.732519540967812
Melody-MT-1k,GSM5652239_Pancreas-Duct-Z0000043T,SAMPLE_TEST,Spearman,0.6440708840382743
Melody-MT-1k,GSM5652239_Pancreas-Duct-Z0000043T,SAMPLE_TEST,AUC,0.8947849964946064
Melody-MT-1k,GSM5652239_Pancreas-Duct-Z0000043T,VALID,Pearson,0.726283984569817
Melody-MT-1k,GSM5652239_Pancreas-Duct-Z0000043T,VALID,Spearman,0.5543284296484916
Melody-MT-1k,GSM5652239_Pancreas-Duct-Z0000043T,VALID,AUC,0.8916146359026043
Melody-MT-1k,GSM5652239_Pancreas-Duct-Z0000043T,TEST,Pearson,0.7261383282309142
Melody-MT-1k,GSM5652239_Pancreas-Duct-Z0000043T,TEST,Spearman,0.5678733228306756
Melody-MT-1k,GSM5652239_Pancreas-Duct-Z0000043T,TEST,AUC,0.8897211116667003
Melody-MT-1k,GSM5652243_Pancreas-Acinar-Z000000QX,SAMPLE_VALID,Pearson,0.659950796332893
Melody-MT-1k,GSM5652243_Pancreas-Acinar-Z000000QX,SAMPLE_VALID,Spearman,0.6221456786364853
Melody-MT-1k,GSM5652243_Pancreas-Acinar-Z000000QX,SAMPLE_VALID,AUC,0.8529370935690128
Melody-MT-1k,GSM5652243_Pancreas-Acinar-Z000000QX,SAMPLE_TEST,Pearson,0.6861471127412858
Melody-MT-1k,GSM5652243_Pancreas-Acinar-Z000000QX,SAMPLE_TEST,Spearman,0.6329172606012611
Melody-MT-1k,GSM5652243_Pancreas-Acinar-Z000000QX,SAMPLE_TEST,AUC,0.865349020693713
Melody-MT-1k,GSM5652243_Pancreas-Acinar-Z000000QX,VALID,Pearson,0.6926550213570495
Melody-MT-1k,GSM5652243_Pancreas-Acinar-Z000000QX,VALID,Spearman,0.629219942727249
Melody-MT-1k,GSM5652243_Pancreas-Acinar-Z000000QX,VALID,AUC,0.8601904691420014
Melody-MT-1k,GSM5652243_Pancreas-Acinar-Z000000QX,TEST,Pearson,0.6907401880710368
Melody-MT-1k,GSM5652243_Pancreas-Acinar-Z000000QX,TEST,Spearman,0.6109032052849961
Melody-MT-1k,GSM5652243_Pancreas-Acinar-Z000000QX,TEST,AUC,0.857309873100011
Melody-MT-1k,GSM5652247_Pancreas-Delta-Z00000451,SAMPLE_VALID,Pearson,0.7302663297095596
Melody-MT-1k,GSM5652247_Pancreas-Delta-Z00000451,SAMPLE_VALID,Spearman,0.6223680425388828
Melody-MT-1k,GSM5652247_Pancreas-Delta-Z00000451,SAMPLE_VALID,AUC,0.8953224169377643
Melody-MT-1k,GSM5652247_Pancreas-Delta-Z00000451,SAMPLE_TEST,Pearson,0.7446479991105744
Melody-MT-1k,GSM5652247_Pancreas-Delta-Z00000451,SAMPLE_TEST,Spearman,0.6408621224688766
Melody-MT-1k,GSM5652247_Pancreas-Delta-Z00000451,SAMPLE_TEST,AUC,0.9016495021234056
Melody-MT-1k,GSM5652247_Pancreas-Delta-Z00000451,VALID,Pearson,0.7242364086871886
Melody-MT-1k,GSM5652247_Pancreas-Delta-Z00000451,VALID,Spearman,0.5565811353616718
Melody-MT-1k,GSM5652247_Pancreas-Delta-Z00000451,VALID,AUC,0.8893010819947703
Melody-MT-1k,GSM5652247_Pancreas-Delta-Z00000451,TEST,Pearson,0.7228779875659193
Melody-MT-1k,GSM5652247_Pancreas-Delta-Z00000451,TEST,Spearman,0.5606634271852261
Melody-MT-1k,GSM5652247_Pancreas-Delta-Z00000451,TEST,AUC,0.8861967911210513
Melody-MT-1k,GSM5652250_Pancreas-Beta-Z00000452,SAMPLE_VALID,Pearson,0.7004027712293196
Melody-MT-1k,GSM5652250_Pancreas-Beta-Z00000452,SAMPLE_VALID,Spearman,0.6117505752033342
Melody-MT-1k,GSM5652250_Pancreas-Beta-Z00000452,SAMPLE_VALID,AUC,0.8811746907668683
Melody-MT-1k,GSM5652250_Pancreas-Beta-Z00000452,SAMPLE_TEST,Pearson,0.734617787370398
Melody-MT-1k,GSM5652250_Pancreas-Beta-Z00000452,SAMPLE_TEST,Spearman,0.6277326985729327
Melody-MT-1k,GSM5652250_Pancreas-Beta-Z00000452,SAMPLE_TEST,AUC,0.8983705034232442
Melody-MT-1k,GSM5652250_Pancreas-Beta-Z00000452,VALID,Pearson,0.7191566760078201
Melody-MT-1k,GSM5652250_Pancreas-Beta-Z00000452,VALID,Spearman,0.5368824418562756
Melody-MT-1k,GSM5652250_Pancreas-Beta-Z00000452,VALID,AUC,0.8879415066910794
Melody-MT-1k,GSM5652250_Pancreas-Beta-Z00000452,TEST,Pearson,0.7190719549471096
Melody-MT-1k,GSM5652250_Pancreas-Beta-Z00000452,TEST,Spearman,0.5545232794078578
Melody-MT-1k,GSM5652250_Pancreas-Beta-Z00000452,TEST,AUC,0.885951229960185
Melody-MT-1k,GSM5652253_Pancreas-Alpha-Z00000453,SAMPLE_VALID,Pearson,0.7225150915237235
Melody-MT-1k,GSM5652253_Pancreas-Alpha-Z00000453,SAMPLE_VALID,Spearman,0.6124204864038686
Melody-MT-1k,GSM5652253_Pancreas-Alpha-Z00000453,SAMPLE_VALID,AUC,0.8909972687690875
Melody-MT-1k,GSM5652253_Pancreas-Alpha-Z00000453,SAMPLE_TEST,Pearson,0.7486624962458978
Melody-MT-1k,GSM5652253_Pancreas-Alpha-Z00000453,SAMPLE_TEST,Spearman,0.6314001269838082
Melody-MT-1k,GSM5652253_Pancreas-Alpha-Z00000453,SAMPLE_TEST,AUC,0.9048006750311534
Melody-MT-1k,GSM5652253_Pancreas-Alpha-Z00000453,VALID,Pearson,0.7268727070597886
Melody-MT-1k,GSM5652253_Pancreas-Alpha-Z00000453,VALID,Spearman,0.5612097989444549
Melody-MT-1k,GSM5652253_Pancreas-Alpha-Z00000453,VALID,AUC,0.8874555627457925
Melody-MT-1k,GSM5652253_Pancreas-Alpha-Z00000453,TEST,Pearson,0.7237981978727371
Melody-MT-1k,GSM5652253_Pancreas-Alpha-Z00000453,TEST,Spearman,0.5524216473546724
Melody-MT-1k,GSM5652253_Pancreas-Alpha-Z00000453,TEST,AUC,0.8858943426981131
Melody-MT-1k,GSM5652264_Thyroid-Epithelial-Z0000042S,SAMPLE_VALID,Pearson,0.7152670096751277
Melody-MT-1k,GSM5652264_Thyroid-Epithelial-Z0000042S,SAMPLE_VALID,Spearman,0.6041409895682676
Melody-MT-1k,GSM5652264_Thyroid-Epithelial-Z0000042S,SAMPLE_VALID,AUC,0.879002003246721
Melody-MT-1k,GSM5652264_Thyroid-Epithelial-Z0000042S,SAMPLE_TEST,Pearson,0.7375521824585095
Melody-MT-1k,GSM5652264_Thyroid-Epithelial-Z0000042S,SAMPLE_TEST,Spearman,0.6199031233617397
Melody-MT-1k,GSM5652264_Thyroid-Epithelial-Z0000042S,SAMPLE_TEST,AUC,0.8916439932756072
Melody-MT-1k,GSM5652264_Thyroid-Epithelial-Z0000042S,VALID,Pearson,0.7380793623959133
Melody-MT-1k,GSM5652264_Thyroid-Epithelial-Z0000042S,VALID,Spearman,0.5459871054239517
Melody-MT-1k,GSM5652264_Thyroid-Epithelial-Z0000042S,VALID,AUC,0.8841601452077262
Melody-MT-1k,GSM5652264_Thyroid-Epithelial-Z0000042S,TEST,Pearson,0.737052273466783
Melody-MT-1k,GSM5652264_Thyroid-Epithelial-Z0000042S,TEST,Spearman,0.5409860229133164
Melody-MT-1k,GSM5652264_Thyroid-Epithelial-Z0000042S,TEST,AUC,0.883290038745865
Melody-MT-1k,GSM5652267_Fallopian-Epithelial-Z000000Q7,SAMPLE_VALID,Pearson,0.7286490516849234
Melody-MT-1k,GSM5652267_Fallopian-Epithelial-Z000000Q7,SAMPLE_VALID,Spearman,0.6598556458876049
Melody-MT-1k,GSM5652267_Fallopian-Epithelial-Z000000Q7,SAMPLE_VALID,AUC,0.8951618245260923
Melody-MT-1k,GSM5652267_Fallopian-Epithelial-Z000000Q7,SAMPLE_TEST,Pearson,0.739340621538194
Melody-MT-1k,GSM5652267_Fallopian-Epithelial-Z000000Q7,SAMPLE_TEST,Spearman,0.6802088458391896
Melody-MT-1k,GSM5652267_Fallopian-Epithelial-Z000000Q7,SAMPLE_TEST,AUC,0.897731366545067
Melody-MT-1k,GSM5652267_Fallopian-Epithelial-Z000000Q7,VALID,Pearson,0.7089319720905312
Melody-MT-1k,GSM5652267_Fallopian-Epithelial-Z000000Q7,VALID,Spearman,0.5696226048923315
Melody-MT-1k,GSM5652267_Fallopian-Epithelial-Z000000Q7,VALID,AUC,0.8849552075818429
Melody-MT-1k,GSM5652267_Fallopian-Epithelial-Z000000Q7,TEST,Pearson,0.7133022402054876
Melody-MT-1k,GSM5652267_Fallopian-Epithelial-Z000000Q7,TEST,Spearman,0.5725275279624032
Melody-MT-1k,GSM5652267_Fallopian-Epithelial-Z000000Q7,TEST,AUC,0.8846420670806991
Melody-MT-1k,GSM5652270_Ovary-Epithelial-Z000000QT,SAMPLE_VALID,Pearson,0.7021244901327577
Melody-MT-1k,GSM5652270_Ovary-Epithelial-Z000000QT,SAMPLE_VALID,Spearman,0.6421630193461234
Melody-MT-1k,GSM5652270_Ovary-Epithelial-Z000000QT,SAMPLE_VALID,AUC,0.8822108950774809
Melody-MT-1k,GSM5652270_Ovary-Epithelial-Z000000QT,SAMPLE_TEST,Pearson,0.7135533264364896
Melody-MT-1k,GSM5652270_Ovary-Epithelial-Z000000QT,SAMPLE_TEST,Spearman,0.6510050381054843
Melody-MT-1k,GSM5652270_Ovary-Epithelial-Z000000QT,SAMPLE_TEST,AUC,0.8851385634441598
Melody-MT-1k,GSM5652270_Ovary-Epithelial-Z000000QT,VALID,Pearson,0.6594221366737288
Melody-MT-1k,GSM5652270_Ovary-Epithelial-Z000000QT,VALID,Spearman,0.5523542632935294
Melody-MT-1k,GSM5652270_Ovary-Epithelial-Z000000QT,VALID,AUC,0.8521054808075803
Melody-MT-1k,GSM5652270_Ovary-Epithelial-Z000000QT,TEST,Pearson,0.6566001425296344
Melody-MT-1k,GSM5652270_Ovary-Epithelial-Z000000QT,TEST,Spearman,0.5589731428135617
Melody-MT-1k,GSM5652270_Ovary-Epithelial-Z000000QT,TEST,AUC,0.8482985707563816
Melody-MT-1k,GSM5652274_Bone_marrow-Erythrocyte_progenitors-Z000000RF,SAMPLE_VALID,Pearson,0.6789732692638015
Melody-MT-1k,GSM5652274_Bone_marrow-Erythrocyte_progenitors-Z000000RF,SAMPLE_VALID,Spearman,0.6184862717651997
Melody-MT-1k,GSM5652274_Bone_marrow-Erythrocyte_progenitors-Z000000RF,SAMPLE_VALID,AUC,0.8505917717113597
Melody-MT-1k,GSM5652274_Bone_marrow-Erythrocyte_progenitors-Z000000RF,SAMPLE_TEST,Pearson,0.7135684338265115
Melody-MT-1k,GSM5652274_Bone_marrow-Erythrocyte_progenitors-Z000000RF,SAMPLE_TEST,Spearman,0.6538547799294765
Melody-MT-1k,GSM5652274_Bone_marrow-Erythrocyte_progenitors-Z000000RF,SAMPLE_TEST,AUC,0.8644416401566936
Melody-MT-1k,GSM5652274_Bone_marrow-Erythrocyte_progenitors-Z000000RF,VALID,Pearson,0.724371788307405
Melody-MT-1k,GSM5652274_Bone_marrow-Erythrocyte_progenitors-Z000000RF,VALID,Spearman,0.6542496035086485
Melody-MT-1k,GSM5652274_Bone_marrow-Erythrocyte_progenitors-Z000000RF,VALID,AUC,0.8527980270195349
Melody-MT-1k,GSM5652274_Bone_marrow-Erythrocyte_progenitors-Z000000RF,TEST,Pearson,0.7163505780903603
Melody-MT-1k,GSM5652274_Bone_marrow-Erythrocyte_progenitors-Z000000RF,TEST,Spearman,0.6459963098016682
Melody-MT-1k,GSM5652274_Bone_marrow-Erythrocyte_progenitors-Z000000RF,TEST,AUC,0.8490744395659179
Melody-MT-1k,GSM5652277_Blood-T-CD3-Z000000TV,SAMPLE_VALID,Pearson,0.6966698527585459
Melody-MT-1k,GSM5652277_Blood-T-CD3-Z000000TV,SAMPLE_VALID,Spearman,0.602563692551975
Melody-MT-1k,GSM5652277_Blood-T-CD3-Z000000TV,SAMPLE_VALID,AUC,0.8753737866599013
Melody-MT-1k,GSM5652277_Blood-T-CD3-Z000000TV,SAMPLE_TEST,Pearson,0.7193647138821695
Melody-MT-1k,GSM5652277_Blood-T-CD3-Z000000TV,SAMPLE_TEST,Spearman,0.5998518838890889
Melody-MT-1k,GSM5652277_Blood-T-CD3-Z000000TV,SAMPLE_TEST,AUC,0.8811622677100632
Melody-MT-1k,GSM5652277_Blood-T-CD3-Z000000TV,VALID,Pearson,0.7573409431473689
Melody-MT-1k,GSM5652277_Blood-T-CD3-Z000000TV,VALID,Spearman,0.6161409503284258
Melody-MT-1k,GSM5652277_Blood-T-CD3-Z000000TV,VALID,AUC,0.8944584025621269
Melody-MT-1k,GSM5652277_Blood-T-CD3-Z000000TV,TEST,Pearson,0.7545795935394395
Melody-MT-1k,GSM5652277_Blood-T-CD3-Z000000TV,TEST,Spearman,0.6405314224226109
Melody-MT-1k,GSM5652277_Blood-T-CD3-Z000000TV,TEST,AUC,0.8938009222832138
Melody-MT-1k,GSM5652299_Blood-NK-Z000000TM,SAMPLE_VALID,Pearson,0.7002385185863105
Melody-MT-1k,GSM5652299_Blood-NK-Z000000TM,SAMPLE_VALID,Spearman,0.5686808500194571
Melody-MT-1k,GSM5652299_Blood-NK-Z000000TM,SAMPLE_VALID,AUC,0.8786903841514376
Melody-MT-1k,GSM5652299_Blood-NK-Z000000TM,SAMPLE_TEST,Pearson,0.7358424794105212
Melody-MT-1k,GSM5652299_Blood-NK-Z000000TM,SAMPLE_TEST,Spearman,0.5949370793500638
Melody-MT-1k,GSM5652299_Blood-NK-Z000000TM,SAMPLE_TEST,AUC,0.8925065833039123
Melody-MT-1k,GSM5652299_Blood-NK-Z000000TM,VALID,Pearson,0.7623854806596995
Melody-MT-1k,GSM5652299_Blood-NK-Z000000TM,VALID,Spearman,0.5515769605367215
Melody-MT-1k,GSM5652299_Blood-NK-Z000000TM,VALID,AUC,0.8972871494535064
Melody-MT-1k,GSM5652299_Blood-NK-Z000000TM,TEST,Pearson,0.7609660169015552
Melody-MT-1k,GSM5652299_Blood-NK-Z000000TM,TEST,Spearman,0.5500922638083928
Melody-MT-1k,GSM5652299_Blood-NK-Z000000TM,TEST,AUC,0.8975024584455612
Melody-MT-1k,GSM5652302_Blood-Monocytes-Z000000TP,SAMPLE_VALID,Pearson,0.7130871625182444
Melody-MT-1k,GSM5652302_Blood-Monocytes-Z000000TP,SAMPLE_VALID,Spearman,0.5818103547362405
Melody-MT-1k,GSM5652302_Blood-Monocytes-Z000000TP,SAMPLE_VALID,AUC,0.892185836082456
Melody-MT-1k,GSM5652302_Blood-Monocytes-Z000000TP,SAMPLE_TEST,Pearson,0.7401041182521458
Melody-MT-1k,GSM5652302_Blood-Monocytes-Z000000TP,SAMPLE_TEST,Spearman,0.5935016569945143
Melody-MT-1k,GSM5652302_Blood-Monocytes-Z000000TP,SAMPLE_TEST,AUC,0.9033100447951152
Melody-MT-1k,GSM5652302_Blood-Monocytes-Z000000TP,VALID,Pearson,0.7484809216999208
Melody-MT-1k,GSM5652302_Blood-Monocytes-Z000000TP,VALID,Spearman,0.5299035701625531
Melody-MT-1k,GSM5652302_Blood-Monocytes-Z000000TP,VALID,AUC,0.899327212035326
Melody-MT-1k,GSM5652302_Blood-Monocytes-Z000000TP,TEST,Pearson,0.7484590232174639
Melody-MT-1k,GSM5652302_Blood-Monocytes-Z000000TP,TEST,Spearman,0.4945741493636572
Melody-MT-1k,GSM5652302_Blood-Monocytes-Z000000TP,TEST,AUC,0.8995275161392532
Melody-MT-1k,GSM5652313_Blood-Granulocytes-Z000000TZ,SAMPLE_VALID,Pearson,0.708093996166269
Melody-MT-1k,GSM5652313_Blood-Granulocytes-Z000000TZ,SAMPLE_VALID,Spearman,0.601593227288634
Melody-MT-1k,GSM5652313_Blood-Granulocytes-Z000000TZ,SAMPLE_VALID,AUC,0.8880267762386443
Melody-MT-1k,GSM5652313_Blood-Granulocytes-Z000000TZ,SAMPLE_TEST,Pearson,0.7361029415393038
Melody-MT-1k,GSM5652313_Blood-Granulocytes-Z000000TZ,SAMPLE_TEST,Spearman,0.6240029531901924
Melody-MT-1k,GSM5652313_Blood-Granulocytes-Z000000TZ,SAMPLE_TEST,AUC,0.8986744465391363
Melody-MT-1k,GSM5652313_Blood-Granulocytes-Z000000TZ,VALID,Pearson,0.7470329313184149
Melody-MT-1k,GSM5652313_Blood-Granulocytes-Z000000TZ,VALID,Spearman,0.552320578017523
Melody-MT-1k,GSM5652313_Blood-Granulocytes-Z000000TZ,VALID,AUC,0.8973080309018725
Melody-MT-1k,GSM5652313_Blood-Granulocytes-Z000000TZ,TEST,Pearson,0.7469582333070622
Melody-MT-1k,GSM5652313_Blood-Granulocytes-Z000000TZ,TEST,Spearman,0.5414225274453752
Melody-MT-1k,GSM5652313_Blood-Granulocytes-Z000000TZ,TEST,AUC,0.8977495306377388
Melody-MT-1k,GSM5652317_Blood-B-Z000000UB,SAMPLE_VALID,Pearson,0.7003204886865203
Melody-MT-1k,GSM5652317_Blood-B-Z000000UB,SAMPLE_VALID,Spearman,0.5904198858334874
Melody-MT-1k,GSM5652317_Blood-B-Z000000UB,SAMPLE_VALID,AUC,0.8793854603245677
Melody-MT-1k,GSM5652317_Blood-B-Z000000UB,SAMPLE_TEST,Pearson,0.7286944829153855
Melody-MT-1k,GSM5652317_Blood-B-Z000000UB,SAMPLE_TEST,Spearman,0.6024379451174955
Melody-MT-1k,GSM5652317_Blood-B-Z000000UB,SAMPLE_TEST,AUC,0.8899469029569119
Melody-MT-1k,GSM5652317_Blood-B-Z000000UB,VALID,Pearson,0.7458267113803465
Melody-MT-1k,GSM5652317_Blood-B-Z000000UB,VALID,Spearman,0.59742138038503
Melody-MT-1k,GSM5652317_Blood-B-Z000000UB,VALID,AUC,0.8903756520845038
Melody-MT-1k,GSM5652317_Blood-B-Z000000UB,TEST,Pearson,0.7440382372589013
Melody-MT-1k,GSM5652317_Blood-B-Z000000UB,TEST,Spearman,0.599889811041536
Melody-MT-1k,GSM5652317_Blood-B-Z000000UB,TEST,AUC,0.8904568834171831
Melody-MT-1k,GSM5652321_Epidermal-Keratinocytes-Z00000424,SAMPLE_VALID,Pearson,0.7055401012845265
Melody-MT-1k,GSM5652321_Epidermal-Keratinocytes-Z00000424,SAMPLE_VALID,Spearman,0.6558747745437394
Melody-MT-1k,GSM5652321_Epidermal-Keratinocytes-Z00000424,SAMPLE_VALID,AUC,0.8722389343388453
Melody-MT-1k,GSM5652321_Epidermal-Keratinocytes-Z00000424,SAMPLE_TEST,Pearson,0.7318646853324614
Melody-MT-1k,GSM5652321_Epidermal-Keratinocytes-Z00000424,SAMPLE_TEST,Spearman,0.6886040085002608
Melody-MT-1k,GSM5652321_Epidermal-Keratinocytes-Z00000424,SAMPLE_TEST,AUC,0.8860476176383119
Melody-MT-1k,GSM5652321_Epidermal-Keratinocytes-Z00000424,VALID,Pearson,0.722632878137472
Melody-MT-1k,GSM5652321_Epidermal-Keratinocytes-Z00000424,VALID,Spearman,0.602995560564235
Melody-MT-1k,GSM5652321_Epidermal-Keratinocytes-Z00000424,VALID,AUC,0.8812057715159262
Melody-MT-1k,GSM5652321_Epidermal-Keratinocytes-Z00000424,TEST,Pearson,0.724537475643866
Melody-MT-1k,GSM5652321_Epidermal-Keratinocytes-Z00000424,TEST,Spearman,0.6017432389508105
Melody-MT-1k,GSM5652321_Epidermal-Keratinocytes-Z00000424,TEST,AUC,0.8823804827884876
Melody-MT-1k,GSM5652322_Tonsil-Palatine-Epithelial-Z000000QF,SAMPLE_VALID,Pearson,0.7060057175559348
Melody-MT-1k,GSM5652322_Tonsil-Palatine-Epithelial-Z000000QF,SAMPLE_VALID,Spearman,0.6965909029728086
Melody-MT-1k,GSM5652322_Tonsil-Palatine-Epithelial-Z000000QF,SAMPLE_VALID,AUC,0.8701361269266847
Melody-MT-1k,GSM5652322_Tonsil-Palatine-Epithelial-Z000000QF,SAMPLE_TEST,Pearson,0.7287582544064846
Melody-MT-1k,GSM5652322_Tonsil-Palatine-Epithelial-Z000000QF,SAMPLE_TEST,Spearman,0.7110409274680985
Melody-MT-1k,GSM5652322_Tonsil-Palatine-Epithelial-Z000000QF,SAMPLE_TEST,AUC,0.8778104536706882
Melody-MT-1k,GSM5652322_Tonsil-Palatine-Epithelial-Z000000QF,VALID,Pearson,0.7150324128977977
Melody-MT-1k,GSM5652322_Tonsil-Palatine-Epithelial-Z000000QF,VALID,Spearman,0.6450059058850268
Melody-MT-1k,GSM5652322_Tonsil-Palatine-Epithelial-Z000000QF,VALID,AUC,0.873140504487132
Melody-MT-1k,GSM5652322_Tonsil-Palatine-Epithelial-Z000000QF,TEST,Pearson,0.7166194996808886
Melody-MT-1k,GSM5652322_Tonsil-Palatine-Epithelial-Z000000QF,TEST,Spearman,0.634184502975884
Melody-MT-1k,GSM5652322_Tonsil-Palatine-Epithelial-Z000000QF,TEST,AUC,0.8736455514807978
Melody-MT-1k,GSM5652335_Lung-Bronchus-Epithelial-Z000000QD,SAMPLE_VALID,Pearson,0.7322587227863485
Melody-MT-1k,GSM5652335_Lung-Bronchus-Epithelial-Z000000QD,SAMPLE_VALID,Spearman,0.6952208626290989
Melody-MT-1k,GSM5652335_Lung-Bronchus-Epithelial-Z000000QD,SAMPLE_VALID,AUC,0.8867035370878745
Melody-MT-1k,GSM5652335_Lung-Bronchus-Epithelial-Z000000QD,SAMPLE_TEST,Pearson,0.7484116590041465
Melody-MT-1k,GSM5652335_Lung-Bronchus-Epithelial-Z000000QD,SAMPLE_TEST,Spearman,0.7303951371249737
Melody-MT-1k,GSM5652335_Lung-Bronchus-Epithelial-Z000000QD,SAMPLE_TEST,AUC,0.8897347868679243
Melody-MT-1k,GSM5652335_Lung-Bronchus-Epithelial-Z000000QD,VALID,Pearson,0.7298715554023919
Melody-MT-1k,GSM5652335_Lung-Bronchus-Epithelial-Z000000QD,VALID,Spearman,0.6061644258847474
Melody-MT-1k,GSM5652335_Lung-Bronchus-Epithelial-Z000000QD,VALID,AUC,0.8876454222012118
Melody-MT-1k,GSM5652335_Lung-Bronchus-Epithelial-Z000000QD,TEST,Pearson,0.7318953733388527
Melody-MT-1k,GSM5652335_Lung-Bronchus-Epithelial-Z000000QD,TEST,Spearman,0.6119603753034581
Melody-MT-1k,GSM5652335_Lung-Bronchus-Epithelial-Z000000QD,TEST,AUC,0.8874008326578229
Melody-MT-1k,GSM5652338_Prostate-Epithelial-Z000000RV,SAMPLE_VALID,Pearson,0.7313730259165971
Melody-MT-1k,GSM5652338_Prostate-Epithelial-Z000000RV,SAMPLE_VALID,Spearman,0.6839096007646813
Melody-MT-1k,GSM5652338_Prostate-Epithelial-Z000000RV,SAMPLE_VALID,AUC,0.8834573365017585
Melody-MT-1k,GSM5652338_Prostate-Epithelial-Z000000RV,SAMPLE_TEST,Pearson,0.7655485492448045
Melody-MT-1k,GSM5652338_Prostate-Epithelial-Z000000RV,SAMPLE_TEST,Spearman,0.7157951373992449
Melody-MT-1k,GSM5652338_Prostate-Epithelial-Z000000RV,SAMPLE_TEST,AUC,0.8977126947934226
Melody-MT-1k,GSM5652338_Prostate-Epithelial-Z000000RV,VALID,Pearson,0.7370833790212716
Melody-MT-1k,GSM5652338_Prostate-Epithelial-Z000000RV,VALID,Spearman,0.6128737088118035
Melody-MT-1k,GSM5652338_Prostate-Epithelial-Z000000RV,VALID,AUC,0.8904465872596944
Melody-MT-1k,GSM5652338_Prostate-Epithelial-Z000000RV,TEST,Pearson,0.7413376337224042
Melody-MT-1k,GSM5652338_Prostate-Epithelial-Z000000RV,TEST,Spearman,0.6177594610207366
Melody-MT-1k,GSM5652338_Prostate-Epithelial-Z000000RV,TEST,AUC,0.8914809203181381
Melody-MT-1k,GSM5652342_Bladder-Epithelial-Z000000QM,SAMPLE_VALID,Pearson,0.6691146536137423
Melody-MT-1k,GSM5652342_Bladder-Epithelial-Z000000QM,SAMPLE_VALID,Spearman,0.6321949650454377
Melody-MT-1k,GSM5652342_Bladder-Epithelial-Z000000QM,SAMPLE_VALID,AUC,0.856326463195103
Melody-MT-1k,GSM5652342_Bladder-Epithelial-Z000000QM,SAMPLE_TEST,Pearson,0.7208005824632118
Melody-MT-1k,GSM5652342_Bladder-Epithelial-Z000000QM,SAMPLE_TEST,Spearman,0.6909288564163237
Melody-MT-1k,GSM5652342_Bladder-Epithelial-Z000000QM,SAMPLE_TEST,AUC,0.8793169329962586
Melody-MT-1k,GSM5652342_Bladder-Epithelial-Z000000QM,VALID,Pearson,0.7085721010978167
Melody-MT-1k,GSM5652342_Bladder-Epithelial-Z000000QM,VALID,Spearman,0.632604219615614
Melody-MT-1k,GSM5652342_Bladder-Epithelial-Z000000QM,VALID,AUC,0.8765545487952187
Melody-MT-1k,GSM5652342_Bladder-Epithelial-Z000000QM,TEST,Pearson,0.7120151099248407
Melody-MT-1k,GSM5652342_Bladder-Epithelial-Z000000QM,TEST,Spearman,0.6229418693503171
Melody-MT-1k,GSM5652342_Bladder-Epithelial-Z000000QM,TEST,AUC,0.8776198686419265
Melody-MT-1k,GSM5652347_Breast-Luminal-Epithelial-Z000000V2,SAMPLE_VALID,Pearson,0.7360974511456202
Melody-MT-1k,GSM5652347_Breast-Luminal-Epithelial-Z000000V2,SAMPLE_VALID,Spearman,0.6593655755676038
Melody-MT-1k,GSM5652347_Breast-Luminal-Epithelial-Z000000V2,SAMPLE_VALID,AUC,0.8912145169144464
Melody-MT-1k,GSM5652347_Breast-Luminal-Epithelial-Z000000V2,SAMPLE_TEST,Pearson,0.7515507400687926
Melody-MT-1k,GSM5652347_Breast-Luminal-Epithelial-Z000000V2,SAMPLE_TEST,Spearman,0.6897282513884568
Melody-MT-1k,GSM5652347_Breast-Luminal-Epithelial-Z000000V2,SAMPLE_TEST,AUC,0.8958409349756045
Melody-MT-1k,GSM5652347_Breast-Luminal-Epithelial-Z000000V2,VALID,Pearson,0.7303676072108406
Melody-MT-1k,GSM5652347_Breast-Luminal-Epithelial-Z000000V2,VALID,Spearman,0.5663014485753785
Melody-MT-1k,GSM5652347_Breast-Luminal-Epithelial-Z000000V2,VALID,AUC,0.8901856603776287
Melody-MT-1k,GSM5652347_Breast-Luminal-Epithelial-Z000000V2,TEST,Pearson,0.7325627313657999
Melody-MT-1k,GSM5652347_Breast-Luminal-Epithelial-Z000000V2,TEST,Spearman,0.5671071916458373
Melody-MT-1k,GSM5652347_Breast-Luminal-Epithelial-Z000000V2,TEST,AUC,0.8895321864739262
Melody-MT-1k,GSM5652350_Breast-Basal-Epithelial-Z000000V6,SAMPLE_VALID,Pearson,0.7131811749479756
Melody-MT-1k,GSM5652350_Breast-Basal-Epithelial-Z000000V6,SAMPLE_VALID,Spearman,0.6216995342732332
Melody-MT-1k,GSM5652350_Breast-Basal-Epithelial-Z000000V6,SAMPLE_VALID,AUC,0.8862191490815547
Melody-MT-1k,GSM5652350_Breast-Basal-Epithelial-Z000000V6,SAMPLE_TEST,Pearson,0.7339615779496027
Melody-MT-1k,GSM5652350_Breast-Basal-Epithelial-Z000000V6,SAMPLE_TEST,Spearman,0.665122878272031
Melody-MT-1k,GSM5652350_Breast-Basal-Epithelial-Z000000V6,SAMPLE_TEST,AUC,0.8949648299390913
Melody-MT-1k,GSM5652350_Breast-Basal-Epithelial-Z000000V6,VALID,Pearson,0.7168137752687591
Melody-MT-1k,GSM5652350_Breast-Basal-Epithelial-Z000000V6,VALID,Spearman,0.5469919414277528
Melody-MT-1k,GSM5652350_Breast-Basal-Epithelial-Z000000V6,VALID,AUC,0.8871374764293803
Melody-MT-1k,GSM5652350_Breast-Basal-Epithelial-Z000000V6,TEST,Pearson,0.7182967599736403
Melody-MT-1k,GSM5652350_Breast-Basal-Epithelial-Z000000V6,TEST,Spearman,0.5180446157421276
Melody-MT-1k,GSM5652350_Breast-Basal-Epithelial-Z000000V6,TEST,AUC,0.8870430944957979
Melody-MT-1k,GSM5652354_Lung-Alveolar-Epithelial-Z000000T1,SAMPLE_VALID,Pearson,0.726412970581721
Melody-MT-1k,GSM5652354_Lung-Alveolar-Epithelial-Z000000T1,SAMPLE_VALID,Spearman,0.689223022469073
Melody-MT-1k,GSM5652354_Lung-Alveolar-Epithelial-Z000000T1,SAMPLE_VALID,AUC,0.8788456823100956
Melody-MT-1k,GSM5652354_Lung-Alveolar-Epithelial-Z000000T1,SAMPLE_TEST,Pearson,0.751458818096553
Melody-MT-1k,GSM5652354_Lung-Alveolar-Epithelial-Z000000T1,SAMPLE_TEST,Spearman,0.7230034149395953
Melody-MT-1k,GSM5652354_Lung-Alveolar-Epithelial-Z000000T1,SAMPLE_TEST,AUC,0.8880959097185422
Melody-MT-1k,GSM5652354_Lung-Alveolar-Epithelial-Z000000T1,VALID,Pearson,0.7435290968760686
Melody-MT-1k,GSM5652354_Lung-Alveolar-Epithelial-Z000000T1,VALID,Spearman,0.6379889548050311
Melody-MT-1k,GSM5652354_Lung-Alveolar-Epithelial-Z000000T1,VALID,AUC,0.8875611783367418
Melody-MT-1k,GSM5652354_Lung-Alveolar-Epithelial-Z000000T1,TEST,Pearson,0.74441216853947
Melody-MT-1k,GSM5652354_Lung-Alveolar-Epithelial-Z000000T1,TEST,Spearman,0.6368614213971137
Melody-MT-1k,GSM5652354_Lung-Alveolar-Epithelial-Z000000T1,TEST,AUC,0.888762066620436
Melody-MT-1k,GSM5652358_Gallbladder-Epithelial-Z00000432,SAMPLE_VALID,Pearson,0.707131661143629
Melody-MT-1k,GSM5652358_Gallbladder-Epithelial-Z00000432,SAMPLE_VALID,Spearman,0.6496116968830419
Melody-MT-1k,GSM5652358_Gallbladder-Epithelial-Z00000432,SAMPLE_VALID,AUC,0.8749970394768116
Melody-MT-1k,GSM5652358_Gallbladder-Epithelial-Z00000432,SAMPLE_TEST,Pearson,0.7222598064146147
Melody-MT-1k,GSM5652358_Gallbladder-Epithelial-Z00000432,SAMPLE_TEST,Spearman,0.6818402699790371
Melody-MT-1k,GSM5652358_Gallbladder-Epithelial-Z00000432,SAMPLE_TEST,AUC,0.8798060579230568
Melody-MT-1k,GSM5652358_Gallbladder-Epithelial-Z00000432,VALID,Pearson,0.7242925847247623
Melody-MT-1k,GSM5652358_Gallbladder-Epithelial-Z00000432,VALID,Spearman,0.5774197912077985
Melody-MT-1k,GSM5652358_Gallbladder-Epithelial-Z00000432,VALID,AUC,0.8880829680128391
Melody-MT-1k,GSM5652358_Gallbladder-Epithelial-Z00000432,TEST,Pearson,0.7258742426584139
Melody-MT-1k,GSM5652358_Gallbladder-Epithelial-Z00000432,TEST,Spearman,0.537801371404383
Melody-MT-1k,GSM5652358_Gallbladder-Epithelial-Z00000432,TEST,AUC,0.8873347936248875
Melody-MT-1k,GSM5652359_Gastric-fundus-Epithelial-Z000000RX,SAMPLE_VALID,Pearson,0.7180270010402128
Melody-MT-1k,GSM5652359_Gastric-fundus-Epithelial-Z000000RX,SAMPLE_VALID,Spearman,0.6725030877749246
Melody-MT-1k,GSM5652359_Gastric-fundus-Epithelial-Z000000RX,SAMPLE_VALID,AUC,0.8772184542147508
Melody-MT-1k,GSM5652359_Gastric-fundus-Epithelial-Z000000RX,SAMPLE_TEST,Pearson,0.7321092107815562
Melody-MT-1k,GSM5652359_Gastric-fundus-Epithelial-Z000000RX,SAMPLE_TEST,Spearman,0.6918672773037109
Melody-MT-1k,GSM5652359_Gastric-fundus-Epithelial-Z000000RX,SAMPLE_TEST,AUC,0.8851177967329703
Melody-MT-1k,GSM5652359_Gastric-fundus-Epithelial-Z000000RX,VALID,Pearson,0.7289872386738847
Melody-MT-1k,GSM5652359_Gastric-fundus-Epithelial-Z000000RX,VALID,Spearman,0.625173966916451
Melody-MT-1k,GSM5652359_Gastric-fundus-Epithelial-Z000000RX,VALID,AUC,0.8838805862775299
Melody-MT-1k,GSM5652359_Gastric-fundus-Epithelial-Z000000RX,TEST,Pearson,0.7258824574728991
Melody-MT-1k,GSM5652359_Gastric-fundus-Epithelial-Z000000RX,TEST,Spearman,0.6274793728194302
Melody-MT-1k,GSM5652359_Gastric-fundus-Epithelial-Z000000RX,TEST,AUC,0.8824219574782171
Melody-MT-1k,GSM5652370_Colon-Right-Epithelial-Z000000V0,SAMPLE_VALID,Pearson,0.6557398492326914
Melody-MT-1k,GSM5652370_Colon-Right-Epithelial-Z000000V0,SAMPLE_VALID,Spearman,0.6132957162905385
Melody-MT-1k,GSM5652370_Colon-Right-Epithelial-Z000000V0,SAMPLE_VALID,AUC,0.856247727301726
Melody-MT-1k,GSM5652370_Colon-Right-Epithelial-Z000000V0,SAMPLE_TEST,Pearson,0.6990140246369833
Melody-MT-1k,GSM5652370_Colon-Right-Epithelial-Z000000V0,SAMPLE_TEST,Spearman,0.6503264987971312
Melody-MT-1k,GSM5652370_Colon-Right-Epithelial-Z000000V0,SAMPLE_TEST,AUC,0.8719624081288257
Melody-MT-1k,GSM5652370_Colon-Right-Epithelial-Z000000V0,VALID,Pearson,0.7033770723669747
Melody-MT-1k,GSM5652370_Colon-Right-Epithelial-Z000000V0,VALID,Spearman,0.5714101897167134
Melody-MT-1k,GSM5652370_Colon-Right-Epithelial-Z000000V0,VALID,AUC,0.8779530986865106
Melody-MT-1k,GSM5652370_Colon-Right-Epithelial-Z000000V0,TEST,Pearson,0.7059183718703415
Melody-MT-1k,GSM5652370_Colon-Right-Epithelial-Z000000V0,TEST,Spearman,0.5994408921269114
Melody-MT-1k,GSM5652370_Colon-Right-Epithelial-Z000000V0,TEST,AUC,0.8775470931332323
Melody-MT-1k,GSM5652378_Small-int-Epithelial-Z0000042V,SAMPLE_VALID,Pearson,0.672654202119086
Melody-MT-1k,GSM5652378_Small-int-Epithelial-Z0000042V,SAMPLE_VALID,Spearman,0.6064412243592903
Melody-MT-1k,GSM5652378_Small-int-Epithelial-Z0000042V,SAMPLE_VALID,AUC,0.8664051712523835
Melody-MT-1k,GSM5652378_Small-int-Epithelial-Z0000042V,SAMPLE_TEST,Pearson,0.7065601992804914
Melody-MT-1k,GSM5652378_Small-int-Epithelial-Z0000042V,SAMPLE_TEST,Spearman,0.6616109613675812
Melody-MT-1k,GSM5652378_Small-int-Epithelial-Z0000042V,SAMPLE_TEST,AUC,0.8766710376891104
Melody-MT-1k,GSM5652378_Small-int-Epithelial-Z0000042V,VALID,Pearson,0.6951229731621144
Melody-MT-1k,GSM5652378_Small-int-Epithelial-Z0000042V,VALID,Spearman,0.5763573741937298
Melody-MT-1k,GSM5652378_Small-int-Epithelial-Z0000042V,VALID,AUC,0.8793126697145826
Melody-MT-1k,GSM5652378_Small-int-Epithelial-Z0000042V,TEST,Pearson,0.7009378071781458
Melody-MT-1k,GSM5652378_Small-int-Epithelial-Z0000042V,TEST,Spearman,0.615909084069016
Melody-MT-1k,GSM5652378_Small-int-Epithelial-Z0000042V,TEST,AUC,0.8792452233773533
Melody-MT-2k,GSM5652176_Adipocytes-Z000000T7,SAMPLE_VALID,Pearson,0.8035092951813592
Melody-MT-2k,GSM5652176_Adipocytes-Z000000T7,SAMPLE_VALID,Spearman,0.7465674904767382
Melody-MT-2k,GSM5652176_Adipocytes-Z000000T7,SAMPLE_VALID,AUC,0.9091625513885859
Melody-MT-2k,GSM5652176_Adipocytes-Z000000T7,SAMPLE_TEST,Pearson,0.816810453195663
Melody-MT-2k,GSM5652176_Adipocytes-Z000000T7,SAMPLE_TEST,Spearman,0.7565232879038282
Melody-MT-2k,GSM5652176_Adipocytes-Z000000T7,SAMPLE_TEST,AUC,0.9153933286491052
Melody-MT-2k,GSM5652176_Adipocytes-Z000000T7,VALID,Pearson,0.7897685874838367
Melody-MT-2k,GSM5652176_Adipocytes-Z000000T7,VALID,Spearman,0.6667913279636906
Melody-MT-2k,GSM5652176_Adipocytes-Z000000T7,VALID,AUC,0.9005399789254895
Melody-MT-2k,GSM5652176_Adipocytes-Z000000T7,TEST,Pearson,0.7917149708066519
Melody-MT-2k,GSM5652176_Adipocytes-Z000000T7,TEST,Spearman,0.6899295425230751
Melody-MT-2k,GSM5652176_Adipocytes-Z000000T7,TEST,AUC,0.9015486400394478
Melody-MT-2k,GSM5652179_Aorta-Endothel-Z00000422,SAMPLE_VALID,Pearson,0.7349128891967406
Melody-MT-2k,GSM5652179_Aorta-Endothel-Z00000422,SAMPLE_VALID,Spearman,0.6808577260448077
Melody-MT-2k,GSM5652179_Aorta-Endothel-Z00000422,SAMPLE_VALID,AUC,0.8928628070418297
Melody-MT-2k,GSM5652179_Aorta-Endothel-Z00000422,SAMPLE_TEST,Pearson,0.7582806376466799
Melody-MT-2k,GSM5652179_Aorta-Endothel-Z00000422,SAMPLE_TEST,Spearman,0.6884030301454629
Melody-MT-2k,GSM5652179_Aorta-Endothel-Z00000422,SAMPLE_TEST,AUC,0.9000297489301621
Melody-MT-2k,GSM5652179_Aorta-Endothel-Z00000422,VALID,Pearson,0.744680142961817
Melody-MT-2k,GSM5652179_Aorta-Endothel-Z00000422,VALID,Spearman,0.6582580151088543
Melody-MT-2k,GSM5652179_Aorta-Endothel-Z00000422,VALID,AUC,0.8874138456270263
Melody-MT-2k,GSM5652179_Aorta-Endothel-Z00000422,TEST,Pearson,0.744509430209592
Melody-MT-2k,GSM5652179_Aorta-Endothel-Z00000422,TEST,Spearman,0.660538881111546
Melody-MT-2k,GSM5652179_Aorta-Endothel-Z00000422,TEST,AUC,0.8878067072533038
Melody-MT-2k,GSM5652189_Kidney-Tubular-Endothel-Z0000042R,SAMPLE_VALID,Pearson,0.7623261018412041
Melody-MT-2k,GSM5652189_Kidney-Tubular-Endothel-Z0000042R,SAMPLE_VALID,Spearman,0.6635320231164045
Melody-MT-2k,GSM5652189_Kidney-Tubular-Endothel-Z0000042R,SAMPLE_VALID,AUC,0.9045388755619833
Melody-MT-2k,GSM5652189_Kidney-Tubular-Endothel-Z0000042R,SAMPLE_TEST,Pearson,0.7755104160000568
Melody-MT-2k,GSM5652189_Kidney-Tubular-Endothel-Z0000042R,SAMPLE_TEST,Spearman,0.6830925993957786
Melody-MT-2k,GSM5652189_Kidney-Tubular-Endothel-Z0000042R,SAMPLE_TEST,AUC,0.9101707916856947
Melody-MT-2k,GSM5652189_Kidney-Tubular-Endothel-Z0000042R,VALID,Pearson,0.7674295730185312
Melody-MT-2k,GSM5652189_Kidney-Tubular-Endothel-Z0000042R,VALID,Spearman,0.5982631983231651
Melody-MT-2k,GSM5652189_Kidney-Tubular-Endothel-Z0000042R,VALID,AUC,0.9015600737901088
Melody-MT-2k,GSM5652189_Kidney-Tubular-Endothel-Z0000042R,TEST,Pearson,0.7662516829398005
Melody-MT-2k,GSM5652189_Kidney-Tubular-Endothel-Z0000042R,TEST,Spearman,0.5930329173578393
Melody-MT-2k,GSM5652189_Kidney-Tubular-Endothel-Z0000042R,TEST,AUC,0.8998450531985068
Melody-MT-2k,GSM5652198_Colon-Fibroblasts-Z0000042A,SAMPLE_VALID,Pearson,0.8005788251615957
Melody-MT-2k,GSM5652198_Colon-Fibroblasts-Z0000042A,SAMPLE_VALID,Spearman,0.7479492837256936
Melody-MT-2k,GSM5652198_Colon-Fibroblasts-Z0000042A,SAMPLE_VALID,AUC,0.9126584967549621
Melody-MT-2k,GSM5652198_Colon-Fibroblasts-Z0000042A,SAMPLE_TEST,Pearson,0.8175897151166668
Melody-MT-2k,GSM5652198_Colon-Fibroblasts-Z0000042A,SAMPLE_TEST,Spearman,0.754590909483451
Melody-MT-2k,GSM5652198_Colon-Fibroblasts-Z0000042A,SAMPLE_TEST,AUC,0.9160727009016527
Melody-MT-2k,GSM5652198_Colon-Fibroblasts-Z0000042A,VALID,Pearson,0.7881591763557623
Melody-MT-2k,GSM5652198_Colon-Fibroblasts-Z0000042A,VALID,Spearman,0.6989573601485272
Melody-MT-2k,GSM5652198_Colon-Fibroblasts-Z0000042A,VALID,AUC,0.898254452246443
Melody-MT-2k,GSM5652198_Colon-Fibroblasts-Z0000042A,TEST,Pearson,0.7866499722057377
Melody-MT-2k,GSM5652198_Colon-Fibroblasts-Z0000042A,TEST,Spearman,0.6842630300440242
Melody-MT-2k,GSM5652198_Colon-Fibroblasts-Z0000042A,TEST,AUC,0.8969950871805359
Melody-MT-2k,GSM5652200_Heart-Fibroblasts-Z0000043R,SAMPLE_VALID,Pearson,0.7046327487542008
Melody-MT-2k,GSM5652200_Heart-Fibroblasts-Z0000043R,SAMPLE_VALID,Spearman,0.6623804320362158
Melody-MT-2k,GSM5652200_Heart-Fibroblasts-Z0000043R,SAMPLE_VALID,AUC,0.8690149208169852
Melody-MT-2k,GSM5652200_Heart-Fibroblasts-Z0000043R,SAMPLE_TEST,Pearson,0.7212927138906916
Melody-MT-2k,GSM5652200_Heart-Fibroblasts-Z0000043R,SAMPLE_TEST,Spearman,0.6690255620506194
Melody-MT-2k,GSM5652200_Heart-Fibroblasts-Z0000043R,SAMPLE_TEST,AUC,0.8755956533716691
Melody-MT-2k,GSM5652200_Heart-Fibroblasts-Z0000043R,VALID,Pearson,0.6764451622414875
Melody-MT-2k,GSM5652200_Heart-Fibroblasts-Z0000043R,VALID,Spearman,0.649595803561037
Melody-MT-2k,GSM5652200_Heart-Fibroblasts-Z0000043R,VALID,AUC,0.8388223035425789
Melody-MT-2k,GSM5652200_Heart-Fibroblasts-Z0000043R,TEST,Pearson,0.6743788963363647
Melody-MT-2k,GSM5652200_Heart-Fibroblasts-Z0000043R,TEST,Spearman,0.6364100591520506
Melody-MT-2k,GSM5652200_Heart-Fibroblasts-Z0000043R,TEST,AUC,0.8363415452548164
Melody-MT-2k,GSM5652204_Dermal-Fibroblasts-Z00000423,SAMPLE_VALID,Pearson,0.750436338939074
Melody-MT-2k,GSM5652204_Dermal-Fibroblasts-Z00000423,SAMPLE_VALID,Spearman,0.6996800681688002
Melody-MT-2k,GSM5652204_Dermal-Fibroblasts-Z00000423,SAMPLE_VALID,AUC,0.891709481380963
Melody-MT-2k,GSM5652204_Dermal-Fibroblasts-Z00000423,SAMPLE_TEST,Pearson,0.7882352559438317
Melody-MT-2k,GSM5652204_Dermal-Fibroblasts-Z00000423,SAMPLE_TEST,Spearman,0.7093795409218253
Melody-MT-2k,GSM5652204_Dermal-Fibroblasts-Z00000423,SAMPLE_TEST,AUC,0.9096301381592378
Melody-MT-2k,GSM5652204_Dermal-Fibroblasts-Z00000423,VALID,Pearson,0.7502030791122599
Melody-MT-2k,GSM5652204_Dermal-Fibroblasts-Z00000423,VALID,Spearman,0.6391695520521228
Melody-MT-2k,GSM5652204_Dermal-Fibroblasts-Z00000423,VALID,AUC,0.8850680024942311
Melody-MT-2k,GSM5652204_Dermal-Fibroblasts-Z00000423,TEST,Pearson,0.7510068548241438
Melody-MT-2k,GSM5652204_Dermal-Fibroblasts-Z00000423,TEST,Spearman,0.6621304616267409
Melody-MT-2k,GSM5652204_Dermal-Fibroblasts-Z00000423,TEST,AUC,0.8843434854572562
Melody-MT-2k,GSM5652205_Skeletal-Muscle-Z00000427,SAMPLE_VALID,Pearson,0.7753696624606098
Melody-MT-2k,GSM5652205_Skeletal-Muscle-Z00000427,SAMPLE_VALID,Spearman,0.7188700112497424
Melody-MT-2k,GSM5652205_Skeletal-Muscle-Z00000427,SAMPLE_VALID,AUC,0.8875130015525741
Melody-MT-2k,GSM5652205_Skeletal-Muscle-Z00000427,SAMPLE_TEST,Pearson,0.7921778307498136
Melody-MT-2k,GSM5652205_Skeletal-Muscle-Z00000427,SAMPLE_TEST,Spearman,0.7217701183667934
Melody-MT-2k,GSM5652205_Skeletal-Muscle-Z00000427,SAMPLE_TEST,AUC,0.8954128778643687
Melody-MT-2k,GSM5652205_Skeletal-Muscle-Z00000427,VALID,Pearson,0.7750034546653146
Melody-MT-2k,GSM5652205_Skeletal-Muscle-Z00000427,VALID,Spearman,0.6573667046825389
Melody-MT-2k,GSM5652205_Skeletal-Muscle-Z00000427,VALID,AUC,0.8863469568362407
Melody-MT-2k,GSM5652205_Skeletal-Muscle-Z00000427,TEST,Pearson,0.7767333072462832
Melody-MT-2k,GSM5652205_Skeletal-Muscle-Z00000427,TEST,Spearman,0.640934776907293
Melody-MT-2k,GSM5652205_Skeletal-Muscle-Z00000427,TEST,AUC,0.8885666346913202
Melody-MT-2k,GSM5652207_Aorta-Smooth-Muscle-Z0000041U,SAMPLE_VALID,Pearson,0.7462175672025853
Melody-MT-2k,GSM5652207_Aorta-Smooth-Muscle-Z0000041U,SAMPLE_VALID,Spearman,0.7058677655953162
Melody-MT-2k,GSM5652207_Aorta-Smooth-Muscle-Z0000041U,SAMPLE_VALID,AUC,0.8902251734846691
Melody-MT-2k,GSM5652207_Aorta-Smooth-Muscle-Z0000041U,SAMPLE_TEST,Pearson,0.7635663075439275
Melody-MT-2k,GSM5652207_Aorta-Smooth-Muscle-Z0000041U,SAMPLE_TEST,Spearman,0.7131453660333742
Melody-MT-2k,GSM5652207_Aorta-Smooth-Muscle-Z0000041U,SAMPLE_TEST,AUC,0.8944746166202793
Melody-MT-2k,GSM5652207_Aorta-Smooth-Muscle-Z0000041U,VALID,Pearson,0.7232345480518622
Melody-MT-2k,GSM5652207_Aorta-Smooth-Muscle-Z0000041U,VALID,Spearman,0.6730281628821991
Melody-MT-2k,GSM5652207_Aorta-Smooth-Muscle-Z0000041U,VALID,AUC,0.8629223453820948
Melody-MT-2k,GSM5652207_Aorta-Smooth-Muscle-Z0000041U,TEST,Pearson,0.7200798108263475
Melody-MT-2k,GSM5652207_Aorta-Smooth-Muscle-Z0000041U,TEST,Spearman,0.6680169983364856
Melody-MT-2k,GSM5652207_Aorta-Smooth-Muscle-Z0000041U,TEST,AUC,0.859256315483524
Melody-MT-2k,GSM5652215_Heart-Cardiomyocyte-Z0000044P,SAMPLE_VALID,Pearson,0.6817753291612728
Melody-MT-2k,GSM5652215_Heart-Cardiomyocyte-Z0000044P,SAMPLE_VALID,Spearman,0.5993753952625389
Melody-MT-2k,GSM5652215_Heart-Cardiomyocyte-Z0000044P,SAMPLE_VALID,AUC,0.8625557331178433
Melody-MT-2k,GSM5652215_Heart-Cardiomyocyte-Z0000044P,SAMPLE_TEST,Pearson,0.686629290386919
Melody-MT-2k,GSM5652215_Heart-Cardiomyocyte-Z0000044P,SAMPLE_TEST,Spearman,0.572795563721833
Melody-MT-2k,GSM5652215_Heart-Cardiomyocyte-Z0000044P,SAMPLE_TEST,AUC,0.8631113078605818
Melody-MT-2k,GSM5652215_Heart-Cardiomyocyte-Z0000044P,VALID,Pearson,0.6826928074436028
Melody-MT-2k,GSM5652215_Heart-Cardiomyocyte-Z0000044P,VALID,Spearman,0.4932539591421193
Melody-MT-2k,GSM5652215_Heart-Cardiomyocyte-Z0000044P,VALID,AUC,0.854864066675858
Melody-MT-2k,GSM5652215_Heart-Cardiomyocyte-Z0000044P,TEST,Pearson,0.680176331212736
Melody-MT-2k,GSM5652215_Heart-Cardiomyocyte-Z0000044P,TEST,Spearman,0.4906463853592473
Melody-MT-2k,GSM5652215_Heart-Cardiomyocyte-Z0000044P,TEST,AUC,0.8535907996617254
Melody-MT-2k,GSM5652218_Bone-Osteoblasts-Z0000042Z,SAMPLE_VALID,Pearson,0.7402383585078783
Melody-MT-2k,GSM5652218_Bone-Osteoblasts-Z0000042Z,SAMPLE_VALID,Spearman,0.7008968458244494
Melody-MT-2k,GSM5652218_Bone-Osteoblasts-Z0000042Z,SAMPLE_VALID,AUC,0.8886531476815746
Melody-MT-2k,GSM5652218_Bone-Osteoblasts-Z0000042Z,SAMPLE_TEST,Pearson,0.7532245875852146
Melody-MT-2k,GSM5652218_Bone-Osteoblasts-Z0000042Z,SAMPLE_TEST,Spearman,0.718059798041175
Melody-MT-2k,GSM5652218_Bone-Osteoblasts-Z0000042Z,SAMPLE_TEST,AUC,0.890848549042343
Melody-MT-2k,GSM5652218_Bone-Osteoblasts-Z0000042Z,VALID,Pearson,0.7262750351977935
Melody-MT-2k,GSM5652218_Bone-Osteoblasts-Z0000042Z,VALID,Spearman,0.676823443946635
Melody-MT-2k,GSM5652218_Bone-Osteoblasts-Z0000042Z,VALID,AUC,0.8692980459187576
Melody-MT-2k,GSM5652218_Bone-Osteoblasts-Z0000042Z,TEST,Pearson,0.7234419274873437
Melody-MT-2k,GSM5652218_Bone-Osteoblasts-Z0000042Z,TEST,Spearman,0.6851780298526011
Melody-MT-2k,GSM5652218_Bone-Osteoblasts-Z0000042Z,TEST,AUC,0.8682998391627214
Melody-MT-2k,GSM5652219_Oligodendrocytes-Z000000TK,SAMPLE_VALID,Pearson,0.7578103387834918
Melody-MT-2k,GSM5652219_Oligodendrocytes-Z000000TK,SAMPLE_VALID,Spearman,0.6163587568676697
Melody-MT-2k,GSM5652219_Oligodendrocytes-Z000000TK,SAMPLE_VALID,AUC,0.8970918794863583
Melody-MT-2k,GSM5652219_Oligodendrocytes-Z000000TK,SAMPLE_TEST,Pearson,0.7766427348346442
Melody-MT-2k,GSM5652219_Oligodendrocytes-Z000000TK,SAMPLE_TEST,Spearman,0.6592141465292373
Melody-MT-2k,GSM5652219_Oligodendrocytes-Z000000TK,SAMPLE_TEST,AUC,0.9087357518758487
Melody-MT-2k,GSM5652219_Oligodendrocytes-Z000000TK,VALID,Pearson,0.7584521418403067
Melody-MT-2k,GSM5652219_Oligodendrocytes-Z000000TK,VALID,Spearman,0.5509840075972674
Melody-MT-2k,GSM5652219_Oligodendrocytes-Z000000TK,VALID,AUC,0.8946186746000876
Melody-MT-2k,GSM5652219_Oligodendrocytes-Z000000TK,TEST,Pearson,0.7603237486155064
Melody-MT-2k,GSM5652219_Oligodendrocytes-Z000000TK,TEST,Spearman,0.5387243921767744
Melody-MT-2k,GSM5652219_Oligodendrocytes-Z000000TK,TEST,AUC,0.8956370345024776
Melody-MT-2k,GSM5652223_Cortex-Neuron-Z000000TF,SAMPLE_VALID,Pearson,0.8113959520104856
Melody-MT-2k,GSM5652223_Cortex-Neuron-Z000000TF,SAMPLE_VALID,Spearman,0.6831700357966123
Melody-MT-2k,GSM5652223_Cortex-Neuron-Z000000TF,SAMPLE_VALID,AUC,0.9190369890651526
Melody-MT-2k,GSM5652223_Cortex-Neuron-Z000000TF,SAMPLE_TEST,Pearson,0.832436412849223
Melody-MT-2k,GSM5652223_Cortex-Neuron-Z000000TF,SAMPLE_TEST,Spearman,0.6976424354517112
Melody-MT-2k,GSM5652223_Cortex-Neuron-Z000000TF,SAMPLE_TEST,AUC,0.9307518392292503
Melody-MT-2k,GSM5652223_Cortex-Neuron-Z000000TF,VALID,Pearson,0.8028309725748576
Melody-MT-2k,GSM5652223_Cortex-Neuron-Z000000TF,VALID,Spearman,0.5923735983537628
Melody-MT-2k,GSM5652223_Cortex-Neuron-Z000000TF,VALID,AUC,0.9089642215196795
Melody-MT-2k,GSM5652223_Cortex-Neuron-Z000000TF,TEST,Pearson,0.8016075179380545
Melody-MT-2k,GSM5652223_Cortex-Neuron-Z000000TF,TEST,Spearman,0.5858082252236252
Melody-MT-2k,GSM5652223_Cortex-Neuron-Z000000TF,TEST,AUC,0.9085698929797138
Melody-MT-2k,GSM5652233_Liver-Hepatocytes-Z000000R3,SAMPLE_VALID,Pearson,0.7560870546733521
Melody-MT-2k,GSM5652233_Liver-Hepatocytes-Z000000R3,SAMPLE_VALID,Spearman,0.6227472921247479
Melody-MT-2k,GSM5652233_Liver-Hepatocytes-Z000000R3,SAMPLE_VALID,AUC,0.9033479885617738
Melody-MT-2k,GSM5652233_Liver-Hepatocytes-Z000000R3,SAMPLE_TEST,Pearson,0.7663349371507927
Melody-MT-2k,GSM5652233_Liver-Hepatocytes-Z000000R3,SAMPLE_TEST,Spearman,0.6545492949437917
Melody-MT-2k,GSM5652233_Liver-Hepatocytes-Z000000R3,SAMPLE_TEST,AUC,0.9052220636756959
Melody-MT-2k,GSM5652233_Liver-Hepatocytes-Z000000R3,VALID,Pearson,0.7540020726175274
Melody-MT-2k,GSM5652233_Liver-Hepatocytes-Z000000R3,VALID,Spearman,0.6179554686751786
Melody-MT-2k,GSM5652233_Liver-Hepatocytes-Z000000R3,VALID,AUC,0.8917134657287087
Melody-MT-2k,GSM5652233_Liver-Hepatocytes-Z000000R3,TEST,Pearson,0.7475333713547119
Melody-MT-2k,GSM5652233_Liver-Hepatocytes-Z000000R3,TEST,Spearman,0.5976241654677446
Melody-MT-2k,GSM5652233_Liver-Hepatocytes-Z000000R3,TEST,AUC,0.8866208025420415
Melody-MT-2k,GSM5652239_Pancreas-Duct-Z0000043T,SAMPLE_VALID,Pearson,0.7469868018682294
Melody-MT-2k,GSM5652239_Pancreas-Duct-Z0000043T,SAMPLE_VALID,Spearman,0.6485873590555233
Melody-MT-2k,GSM5652239_Pancreas-Duct-Z0000043T,SAMPLE_VALID,AUC,0.902461880783303
Melody-MT-2k,GSM5652239_Pancreas-Duct-Z0000043T,SAMPLE_TEST,Pearson,0.7641609992839179
Melody-MT-2k,GSM5652239_Pancreas-Duct-Z0000043T,SAMPLE_TEST,Spearman,0.6694891451955824
Melody-MT-2k,GSM5652239_Pancreas-Duct-Z0000043T,SAMPLE_TEST,AUC,0.9111151844170873
Melody-MT-2k,GSM5652239_Pancreas-Duct-Z0000043T,VALID,Pearson,0.7537386087905265
Melody-MT-2k,GSM5652239_Pancreas-Duct-Z0000043T,VALID,Spearman,0.5746788955321311
Melody-MT-2k,GSM5652239_Pancreas-Duct-Z0000043T,VALID,AUC,0.9008189458235297
Melody-MT-2k,GSM5652239_Pancreas-Duct-Z0000043T,TEST,Pearson,0.7507699160520874
Melody-MT-2k,GSM5652239_Pancreas-Duct-Z0000043T,TEST,Spearman,0.5797580368646367
Melody-MT-2k,GSM5652239_Pancreas-Duct-Z0000043T,TEST,AUC,0.8982707527842169
Melody-MT-2k,GSM5652243_Pancreas-Acinar-Z000000QX,SAMPLE_VALID,Pearson,0.6904817880130694
Melody-MT-2k,GSM5652243_Pancreas-Acinar-Z000000QX,SAMPLE_VALID,Spearman,0.6554061794277869
Melody-MT-2k,GSM5652243_Pancreas-Acinar-Z000000QX,SAMPLE_VALID,AUC,0.8692516194327876
Melody-MT-2k,GSM5652243_Pancreas-Acinar-Z000000QX,SAMPLE_TEST,Pearson,0.715966973036677
Melody-MT-2k,GSM5652243_Pancreas-Acinar-Z000000QX,SAMPLE_TEST,Spearman,0.6588826001917303
Melody-MT-2k,GSM5652243_Pancreas-Acinar-Z000000QX,SAMPLE_TEST,AUC,0.880893688523281
Melody-MT-2k,GSM5652243_Pancreas-Acinar-Z000000QX,VALID,Pearson,0.7175056279379968
Melody-MT-2k,GSM5652243_Pancreas-Acinar-Z000000QX,VALID,Spearman,0.6530707944427051
Melody-MT-2k,GSM5652243_Pancreas-Acinar-Z000000QX,VALID,AUC,0.8728220195185575
Melody-MT-2k,GSM5652243_Pancreas-Acinar-Z000000QX,TEST,Pearson,0.7165963339685445
Melody-MT-2k,GSM5652243_Pancreas-Acinar-Z000000QX,TEST,Spearman,0.6786846917853346
Melody-MT-2k,GSM5652243_Pancreas-Acinar-Z000000QX,TEST,AUC,0.8698058270065435
Melody-MT-2k,GSM5652247_Pancreas-Delta-Z00000451,SAMPLE_VALID,Pearson,0.7668226852008658
Melody-MT-2k,GSM5652247_Pancreas-Delta-Z00000451,SAMPLE_VALID,Spearman,0.6463223284996288
Melody-MT-2k,GSM5652247_Pancreas-Delta-Z00000451,SAMPLE_VALID,AUC,0.9104753583763833
Melody-MT-2k,GSM5652247_Pancreas-Delta-Z00000451,SAMPLE_TEST,Pearson,0.7752277142834401
Melody-MT-2k,GSM5652247_Pancreas-Delta-Z00000451,SAMPLE_TEST,Spearman,0.663065206253365
Melody-MT-2k,GSM5652247_Pancreas-Delta-Z00000451,SAMPLE_TEST,AUC,0.913486885758605
Melody-MT-2k,GSM5652247_Pancreas-Delta-Z00000451,VALID,Pearson,0.7558289885818494
Melody-MT-2k,GSM5652247_Pancreas-Delta-Z00000451,VALID,Spearman,0.582842322886235
Melody-MT-2k,GSM5652247_Pancreas-Delta-Z00000451,VALID,AUC,0.8985491468819571
Melody-MT-2k,GSM5652247_Pancreas-Delta-Z00000451,TEST,Pearson,0.7520067285996088
Melody-MT-2k,GSM5652247_Pancreas-Delta-Z00000451,TEST,Spearman,0.598544940533711
Melody-MT-2k,GSM5652247_Pancreas-Delta-Z00000451,TEST,AUC,0.8947404885833216
Melody-MT-2k,GSM5652250_Pancreas-Beta-Z00000452,SAMPLE_VALID,Pearson,0.7388639044586113
Melody-MT-2k,GSM5652250_Pancreas-Beta-Z00000452,SAMPLE_VALID,Spearman,0.63055426688995
Melody-MT-2k,GSM5652250_Pancreas-Beta-Z00000452,SAMPLE_VALID,AUC,0.8952513708787845
Melody-MT-2k,GSM5652250_Pancreas-Beta-Z00000452,SAMPLE_TEST,Pearson,0.7662363608058791
Melody-MT-2k,GSM5652250_Pancreas-Beta-Z00000452,SAMPLE_TEST,Spearman,0.6553270535471759
Melody-MT-2k,GSM5652250_Pancreas-Beta-Z00000452,SAMPLE_TEST,AUC,0.9105258448608696
Melody-MT-2k,GSM5652250_Pancreas-Beta-Z00000452,VALID,Pearson,0.7528043494539578
Melody-MT-2k,GSM5652250_Pancreas-Beta-Z00000452,VALID,Spearman,0.5578533199402824
Melody-MT-2k,GSM5652250_Pancreas-Beta-Z00000452,VALID,AUC,0.8968162129545123
Melody-MT-2k,GSM5652250_Pancreas-Beta-Z00000452,TEST,Pearson,0.7500169144619289
Melody-MT-2k,GSM5652250_Pancreas-Beta-Z00000452,TEST,Spearman,0.5741345487695437
Melody-MT-2k,GSM5652250_Pancreas-Beta-Z00000452,TEST,AUC,0.8939922500680896
Melody-MT-2k,GSM5652253_Pancreas-Alpha-Z00000453,SAMPLE_VALID,Pearson,0.7614821846624024
Melody-MT-2k,GSM5652253_Pancreas-Alpha-Z00000453,SAMPLE_VALID,Spearman,0.6394219292491319
Melody-MT-2k,GSM5652253_Pancreas-Alpha-Z00000453,SAMPLE_VALID,AUC,0.9055192435543548
Melody-MT-2k,GSM5652253_Pancreas-Alpha-Z00000453,SAMPLE_TEST,Pearson,0.7802698970392122
Melody-MT-2k,GSM5652253_Pancreas-Alpha-Z00000453,SAMPLE_TEST,Spearman,0.6455886872794762
Melody-MT-2k,GSM5652253_Pancreas-Alpha-Z00000453,SAMPLE_TEST,AUC,0.9163687834723315
Melody-MT-2k,GSM5652253_Pancreas-Alpha-Z00000453,VALID,Pearson,0.7568368608476287
Melody-MT-2k,GSM5652253_Pancreas-Alpha-Z00000453,VALID,Spearman,0.6022172864109736
Melody-MT-2k,GSM5652253_Pancreas-Alpha-Z00000453,VALID,AUC,0.8960133672140814
Melody-MT-2k,GSM5652253_Pancreas-Alpha-Z00000453,TEST,Pearson,0.7520240654480822
Melody-MT-2k,GSM5652253_Pancreas-Alpha-Z00000453,TEST,Spearman,0.5796055325858362
Melody-MT-2k,GSM5652253_Pancreas-Alpha-Z00000453,TEST,AUC,0.8938166962492304
Melody-MT-2k,GSM5652264_Thyroid-Epithelial-Z0000042S,SAMPLE_VALID,Pearson,0.7481074771485499
Melody-MT-2k,GSM5652264_Thyroid-Epithelial-Z0000042S,SAMPLE_VALID,Spearman,0.641853860641625
Melody-MT-2k,GSM5652264_Thyroid-Epithelial-Z0000042S,SAMPLE_VALID,AUC,0.8988312570095968
Melody-MT-2k,GSM5652264_Thyroid-Epithelial-Z0000042S,SAMPLE_TEST,Pearson,0.7696741652173865
Melody-MT-2k,GSM5652264_Thyroid-Epithelial-Z0000042S,SAMPLE_TEST,Spearman,0.6457531498601636
Melody-MT-2k,GSM5652264_Thyroid-Epithelial-Z0000042S,SAMPLE_TEST,AUC,0.9098339261252331
Melody-MT-2k,GSM5652264_Thyroid-Epithelial-Z0000042S,VALID,Pearson,0.7612138451347157
Melody-MT-2k,GSM5652264_Thyroid-Epithelial-Z0000042S,VALID,Spearman,0.5628601465912293
Melody-MT-2k,GSM5652264_Thyroid-Epithelial-Z0000042S,VALID,AUC,0.896108592142975
Melody-MT-2k,GSM5652264_Thyroid-Epithelial-Z0000042S,TEST,Pearson,0.7596574146405645
Melody-MT-2k,GSM5652264_Thyroid-Epithelial-Z0000042S,TEST,Spearman,0.545993318735063
Melody-MT-2k,GSM5652264_Thyroid-Epithelial-Z0000042S,TEST,AUC,0.894914535359465
Melody-MT-2k,GSM5652267_Fallopian-Epithelial-Z000000Q7,SAMPLE_VALID,Pearson,0.7712784332620878
Melody-MT-2k,GSM5652267_Fallopian-Epithelial-Z000000Q7,SAMPLE_VALID,Spearman,0.6962660904001854
Melody-MT-2k,GSM5652267_Fallopian-Epithelial-Z000000Q7,SAMPLE_VALID,AUC,0.914325693198576
Melody-MT-2k,GSM5652267_Fallopian-Epithelial-Z000000Q7,SAMPLE_TEST,Pearson,0.7736113901130197
Melody-MT-2k,GSM5652267_Fallopian-Epithelial-Z000000Q7,SAMPLE_TEST,Spearman,0.7098735682168386
Melody-MT-2k,GSM5652267_Fallopian-Epithelial-Z000000Q7,SAMPLE_TEST,AUC,0.9146152610167915
Melody-MT-2k,GSM5652267_Fallopian-Epithelial-Z000000Q7,VALID,Pearson,0.7430197599156324
Melody-MT-2k,GSM5652267_Fallopian-Epithelial-Z000000Q7,VALID,Spearman,0.6021495599197768
Melody-MT-2k,GSM5652267_Fallopian-Epithelial-Z000000Q7,VALID,AUC,0.897923773888305
Melody-MT-2k,GSM5652267_Fallopian-Epithelial-Z000000Q7,TEST,Pearson,0.7429089036638804
Melody-MT-2k,GSM5652267_Fallopian-Epithelial-Z000000Q7,TEST,Spearman,0.5795727123988323
Melody-MT-2k,GSM5652267_Fallopian-Epithelial-Z000000Q7,TEST,AUC,0.8958729083221737
Melody-MT-2k,GSM5652270_Ovary-Epithelial-Z000000QT,SAMPLE_VALID,Pearson,0.741171193928531
Melody-MT-2k,GSM5652270_Ovary-Epithelial-Z000000QT,SAMPLE_VALID,Spearman,0.6770051995393984
Melody-MT-2k,GSM5652270_Ovary-Epithelial-Z000000QT,SAMPLE_VALID,AUC,0.9010631531454579
Melody-MT-2k,GSM5652270_Ovary-Epithelial-Z000000QT,SAMPLE_TEST,Pearson,0.7468843917907045
Melody-MT-2k,GSM5652270_Ovary-Epithelial-Z000000QT,SAMPLE_TEST,Spearman,0.6843773275546073
Melody-MT-2k,GSM5652270_Ovary-Epithelial-Z000000QT,SAMPLE_TEST,AUC,0.9022931318979427
Melody-MT-2k,GSM5652270_Ovary-Epithelial-Z000000QT,VALID,Pearson,0.6894477247045322
Melody-MT-2k,GSM5652270_Ovary-Epithelial-Z000000QT,VALID,Spearman,0.5832154702504997
Melody-MT-2k,GSM5652270_Ovary-Epithelial-Z000000QT,VALID,AUC,0.8668683946400729
Melody-MT-2k,GSM5652270_Ovary-Epithelial-Z000000QT,TEST,Pearson,0.6833253292533692
Melody-MT-2k,GSM5652270_Ovary-Epithelial-Z000000QT,TEST,Spearman,0.5809904479089677
Melody-MT-2k,GSM5652270_Ovary-Epithelial-Z000000QT,TEST,AUC,0.8617293211435186
Melody-MT-2k,GSM5652274_Bone_marrow-Erythrocyte_progenitors-Z000000RF,SAMPLE_VALID,Pearson,0.7121503146235951
Melody-MT-2k,GSM5652274_Bone_marrow-Erythrocyte_progenitors-Z000000RF,SAMPLE_VALID,Spearman,0.6548299778376818
Melody-MT-2k,GSM5652274_Bone_marrow-Erythrocyte_progenitors-Z000000RF,SAMPLE_VALID,AUC,0.8664458902391289
Melody-MT-2k,GSM5652274_Bone_marrow-Erythrocyte_progenitors-Z000000RF,SAMPLE_TEST,Pearson,0.7395793068401992
Melody-MT-2k,GSM5652274_Bone_marrow-Erythrocyte_progenitors-Z000000RF,SAMPLE_TEST,Spearman,0.6857461027016973
Melody-MT-2k,GSM5652274_Bone_marrow-Erythrocyte_progenitors-Z000000RF,SAMPLE_TEST,AUC,0.8753762237085306
Melody-MT-2k,GSM5652274_Bone_marrow-Erythrocyte_progenitors-Z000000RF,VALID,Pearson,0.7519880926829482
Melody-MT-2k,GSM5652274_Bone_marrow-Erythrocyte_progenitors-Z000000RF,VALID,Spearman,0.6844969906260915
Melody-MT-2k,GSM5652274_Bone_marrow-Erythrocyte_progenitors-Z000000RF,VALID,AUC,0.8665666917589845
Melody-MT-2k,GSM5652274_Bone_marrow-Erythrocyte_progenitors-Z000000RF,TEST,Pearson,0.7435882453054705
Melody-MT-2k,GSM5652274_Bone_marrow-Erythrocyte_progenitors-Z000000RF,TEST,Spearman,0.6932411194718475
Melody-MT-2k,GSM5652274_Bone_marrow-Erythrocyte_progenitors-Z000000RF,TEST,AUC,0.8623617801163039
Melody-MT-2k,GSM5652277_Blood-T-CD3-Z000000TV,SAMPLE_VALID,Pearson,0.7235069691422131
Melody-MT-2k,GSM5652277_Blood-T-CD3-Z000000TV,SAMPLE_VALID,Spearman,0.6288039618873501
Melody-MT-2k,GSM5652277_Blood-T-CD3-Z000000TV,SAMPLE_VALID,AUC,0.8880048047170688
Melody-MT-2k,GSM5652277_Blood-T-CD3-Z000000TV,SAMPLE_TEST,Pearson,0.7469481400174028
Melody-MT-2k,GSM5652277_Blood-T-CD3-Z000000TV,SAMPLE_TEST,Spearman,0.6223364831403001
Melody-MT-2k,GSM5652277_Blood-T-CD3-Z000000TV,SAMPLE_TEST,AUC,0.8924354402560404
Melody-MT-2k,GSM5652277_Blood-T-CD3-Z000000TV,VALID,Pearson,0.7768510296201963
Melody-MT-2k,GSM5652277_Blood-T-CD3-Z000000TV,VALID,Spearman,0.6590677957157878
Melody-MT-2k,GSM5652277_Blood-T-CD3-Z000000TV,VALID,AUC,0.9002403104264969
Melody-MT-2k,GSM5652277_Blood-T-CD3-Z000000TV,TEST,Pearson,0.7751648121787112
Melody-MT-2k,GSM5652277_Blood-T-CD3-Z000000TV,TEST,Spearman,0.6446172609733702
Melody-MT-2k,GSM5652277_Blood-T-CD3-Z000000TV,TEST,AUC,0.899423038712042
Melody-MT-2k,GSM5652299_Blood-NK-Z000000TM,SAMPLE_VALID,Pearson,0.735038616508784
Melody-MT-2k,GSM5652299_Blood-NK-Z000000TM,SAMPLE_VALID,Spearman,0.6044930849624112
Melody-MT-2k,GSM5652299_Blood-NK-Z000000TM,SAMPLE_VALID,AUC,0.8935464891215256
Melody-MT-2k,GSM5652299_Blood-NK-Z000000TM,SAMPLE_TEST,Pearson,0.765154555432706
Melody-MT-2k,GSM5652299_Blood-NK-Z000000TM,SAMPLE_TEST,Spearman,0.6168799877646769
Melody-MT-2k,GSM5652299_Blood-NK-Z000000TM,SAMPLE_TEST,AUC,0.9050502849121973
Melody-MT-2k,GSM5652299_Blood-NK-Z000000TM,VALID,Pearson,0.7847526068181816
Melody-MT-2k,GSM5652299_Blood-NK-Z000000TM,VALID,Spearman,0.5875700107561664
Melody-MT-2k,GSM5652299_Blood-NK-Z000000TM,VALID,AUC,0.9029120950165971
Melody-MT-2k,GSM5652299_Blood-NK-Z000000TM,TEST,Pearson,0.7829294804818513
Melody-MT-2k,GSM5652299_Blood-NK-Z000000TM,TEST,Spearman,0.5895412436189513
Melody-MT-2k,GSM5652299_Blood-NK-Z000000TM,TEST,AUC,0.9024259825153829
Melody-MT-2k,GSM5652302_Blood-Monocytes-Z000000TP,SAMPLE_VALID,Pearson,0.7517276217873732
Melody-MT-2k,GSM5652302_Blood-Monocytes-Z000000TP,SAMPLE_VALID,Spearman,0.6136777185099243
Melody-MT-2k,GSM5652302_Blood-Monocytes-Z000000TP,SAMPLE_VALID,AUC,0.9094302037310246
Melody-MT-2k,GSM5652302_Blood-Monocytes-Z000000TP,SAMPLE_TEST,Pearson,0.7690374411989214
Melody-MT-2k,GSM5652302_Blood-Monocytes-Z000000TP,SAMPLE_TEST,Spearman,0.6234844724179361
Melody-MT-2k,GSM5652302_Blood-Monocytes-Z000000TP,SAMPLE_TEST,AUC,0.9157787538451675
Melody-MT-2k,GSM5652302_Blood-Monocytes-Z000000TP,VALID,Pearson,0.7724240052447252
Melody-MT-2k,GSM5652302_Blood-Monocytes-Z000000TP,VALID,Spearman,0.5515662109419558
Melody-MT-2k,GSM5652302_Blood-Monocytes-Z000000TP,VALID,AUC,0.9066493052890054
Melody-MT-2k,GSM5652302_Blood-Monocytes-Z000000TP,TEST,Pearson,0.7711751709823694
Melody-MT-2k,GSM5652302_Blood-Monocytes-Z000000TP,TEST,Spearman,0.53382947310146
Melody-MT-2k,GSM5652302_Blood-Monocytes-Z000000TP,TEST,AUC,0.9054775601775593
Melody-MT-2k,GSM5652313_Blood-Granulocytes-Z000000TZ,SAMPLE_VALID,Pearson,0.7480075170432408
Melody-MT-2k,GSM5652313_Blood-Granulocytes-Z000000TZ,SAMPLE_VALID,Spearman,0.6333503431761622
Melody-MT-2k,GSM5652313_Blood-Granulocytes-Z000000TZ,SAMPLE_VALID,AUC,0.9056986431038685
Melody-MT-2k,GSM5652313_Blood-Granulocytes-Z000000TZ,SAMPLE_TEST,Pearson,0.7657932924334204
Melody-MT-2k,GSM5652313_Blood-Granulocytes-Z000000TZ,SAMPLE_TEST,Spearman,0.642170991626741
Melody-MT-2k,GSM5652313_Blood-Granulocytes-Z000000TZ,SAMPLE_TEST,AUC,0.9124622618647995
Melody-MT-2k,GSM5652313_Blood-Granulocytes-Z000000TZ,VALID,Pearson,0.7716991223555363
Melody-MT-2k,GSM5652313_Blood-Granulocytes-Z000000TZ,VALID,Spearman,0.582703267144999
Melody-MT-2k,GSM5652313_Blood-Granulocytes-Z000000TZ,VALID,AUC,0.9049462406168984
Melody-MT-2k,GSM5652313_Blood-Granulocytes-Z000000TZ,TEST,Pearson,0.7703101555430063
Melody-MT-2k,GSM5652313_Blood-Granulocytes-Z000000TZ,TEST,Spearman,0.553888999267393
Melody-MT-2k,GSM5652313_Blood-Granulocytes-Z000000TZ,TEST,AUC,0.9042283627183351
Melody-MT-2k,GSM5652317_Blood-B-Z000000UB,SAMPLE_VALID,Pearson,0.731397520660446
Melody-MT-2k,GSM5652317_Blood-B-Z000000UB,SAMPLE_VALID,Spearman,0.6192718433163013
Melody-MT-2k,GSM5652317_Blood-B-Z000000UB,SAMPLE_VALID,AUC,0.893094859216951
Melody-MT-2k,GSM5652317_Blood-B-Z000000UB,SAMPLE_TEST,Pearson,0.7584635682969323
Melody-MT-2k,GSM5652317_Blood-B-Z000000UB,SAMPLE_TEST,Spearman,0.627862157418927
Melody-MT-2k,GSM5652317_Blood-B-Z000000UB,SAMPLE_TEST,AUC,0.9018051665269992
Melody-MT-2k,GSM5652317_Blood-B-Z000000UB,VALID,Pearson,0.768528916419878
Melody-MT-2k,GSM5652317_Blood-B-Z000000UB,VALID,Spearman,0.6206405088188257
Melody-MT-2k,GSM5652317_Blood-B-Z000000UB,VALID,AUC,0.8968473693811024
Melody-MT-2k,GSM5652317_Blood-B-Z000000UB,TEST,Pearson,0.7668143921157622
Melody-MT-2k,GSM5652317_Blood-B-Z000000UB,TEST,Spearman,0.6143779312676131
Melody-MT-2k,GSM5652317_Blood-B-Z000000UB,TEST,AUC,0.8959332261486318
Melody-MT-2k,GSM5652321_Epidermal-Keratinocytes-Z00000424,SAMPLE_VALID,Pearson,0.7515016519440941
Melody-MT-2k,GSM5652321_Epidermal-Keratinocytes-Z00000424,SAMPLE_VALID,Spearman,0.7013545567821999
Melody-MT-2k,GSM5652321_Epidermal-Keratinocytes-Z00000424,SAMPLE_VALID,AUC,0.8941119116869258
Melody-MT-2k,GSM5652321_Epidermal-Keratinocytes-Z00000424,SAMPLE_TEST,Pearson,0.7726901785808473
Melody-MT-2k,GSM5652321_Epidermal-Keratinocytes-Z00000424,SAMPLE_TEST,Spearman,0.724033958146503
Melody-MT-2k,GSM5652321_Epidermal-Keratinocytes-Z00000424,SAMPLE_TEST,AUC,0.9060722930177685
Melody-MT-2k,GSM5652321_Epidermal-Keratinocytes-Z00000424,VALID,Pearson,0.757239396937226
Melody-MT-2k,GSM5652321_Epidermal-Keratinocytes-Z00000424,VALID,Spearman,0.6174351491396947
Melody-MT-2k,GSM5652321_Epidermal-Keratinocytes-Z00000424,VALID,AUC,0.8944192819619583
Melody-MT-2k,GSM5652321_Epidermal-Keratinocytes-Z00000424,TEST,Pearson,0.7565598955392115
Melody-MT-2k,GSM5652321_Epidermal-Keratinocytes-Z00000424,TEST,Spearman,0.6315217880361484
Melody-MT-2k,GSM5652321_Epidermal-Keratinocytes-Z00000424,TEST,AUC,0.8943030545906658
Melody-MT-2k,GSM5652322_Tonsil-Palatine-Epithelial-Z000000QF,SAMPLE_VALID,Pearson,0.7512896823223065
Melody-MT-2k,GSM5652322_Tonsil-Palatine-Epithelial-Z000000QF,SAMPLE_VALID,Spearman,0.7322705280341516
Melody-MT-2k,GSM5652322_Tonsil-Palatine-Epithelial-Z000000QF,SAMPLE_VALID,AUC,0.8928488559624316
Melody-MT-2k,GSM5652322_Tonsil-Palatine-Epithelial-Z000000QF,SAMPLE_TEST,Pearson,0.7668990605618166
Melody-MT-2k,GSM5652322_Tonsil-Palatine-Epithelial-Z000000QF,SAMPLE_TEST,Spearman,0.7431234529601823
Melody-MT-2k,GSM5652322_Tonsil-Palatine-Epithelial-Z000000QF,SAMPLE_TEST,AUC,0.8974852837093752
Melody-MT-2k,GSM5652322_Tonsil-Palatine-Epithelial-Z000000QF,VALID,Pearson,0.7463763867106691
Melody-MT-2k,GSM5652322_Tonsil-Palatine-Epithelial-Z000000QF,VALID,Spearman,0.6649281137123854
Melody-MT-2k,GSM5652322_Tonsil-Palatine-Epithelial-Z000000QF,VALID,AUC,0.8865273257570192
Melody-MT-2k,GSM5652322_Tonsil-Palatine-Epithelial-Z000000QF,TEST,Pearson,0.7451006773412174
Melody-MT-2k,GSM5652322_Tonsil-Palatine-Epithelial-Z000000QF,TEST,Spearman,0.6655596344422088
Melody-MT-2k,GSM5652322_Tonsil-Palatine-Epithelial-Z000000QF,TEST,AUC,0.8852966802729288
Melody-MT-2k,GSM5652335_Lung-Bronchus-Epithelial-Z000000QD,SAMPLE_VALID,Pearson,0.7781996792373665
Melody-MT-2k,GSM5652335_Lung-Bronchus-Epithelial-Z000000QD,SAMPLE_VALID,Spearman,0.7356650714105725
Melody-MT-2k,GSM5652335_Lung-Bronchus-Epithelial-Z000000QD,SAMPLE_VALID,AUC,0.9098948183718709
Melody-MT-2k,GSM5652335_Lung-Bronchus-Epithelial-Z000000QD,SAMPLE_TEST,Pearson,0.7879380380678045
Melody-MT-2k,GSM5652335_Lung-Bronchus-Epithelial-Z000000QD,SAMPLE_TEST,Spearman,0.7613068671566343
Melody-MT-2k,GSM5652335_Lung-Bronchus-Epithelial-Z000000QD,SAMPLE_TEST,AUC,0.9108661003192319
Melody-MT-2k,GSM5652335_Lung-Bronchus-Epithelial-Z000000QD,VALID,Pearson,0.7611626334601083
Melody-MT-2k,GSM5652335_Lung-Bronchus-Epithelial-Z000000QD,VALID,Spearman,0.62683052800304
Melody-MT-2k,GSM5652335_Lung-Bronchus-Epithelial-Z000000QD,VALID,AUC,0.9000320675959885
Melody-MT-2k,GSM5652335_Lung-Bronchus-Epithelial-Z000000QD,TEST,Pearson,0.7601481517936364
Melody-MT-2k,GSM5652335_Lung-Bronchus-Epithelial-Z000000QD,TEST,Spearman,0.6331966398351924
Melody-MT-2k,GSM5652335_Lung-Bronchus-Epithelial-Z000000QD,TEST,AUC,0.8983474878293801
Melody-MT-2k,GSM5652338_Prostate-Epithelial-Z000000RV,SAMPLE_VALID,Pearson,0.7805895989251247
Melody-MT-2k,GSM5652338_Prostate-Epithelial-Z000000RV,SAMPLE_VALID,Spearman,0.7273975406476818
Melody-MT-2k,GSM5652338_Prostate-Epithelial-Z000000RV,SAMPLE_VALID,AUC,0.9084612369094848
Melody-MT-2k,GSM5652338_Prostate-Epithelial-Z000000RV,SAMPLE_TEST,Pearson,0.8014160765328207
Melody-MT-2k,GSM5652338_Prostate-Epithelial-Z000000RV,SAMPLE_TEST,Spearman,0.7504166248750838
Melody-MT-2k,GSM5652338_Prostate-Epithelial-Z000000RV,SAMPLE_TEST,AUC,0.9170867576938525
Melody-MT-2k,GSM5652338_Prostate-Epithelial-Z000000RV,VALID,Pearson,0.7672877217604989
Melody-MT-2k,GSM5652338_Prostate-Epithelial-Z000000RV,VALID,Spearman,0.6547798288783083
Melody-MT-2k,GSM5652338_Prostate-Epithelial-Z000000RV,VALID,AUC,0.902535989664462
Melody-MT-2k,GSM5652338_Prostate-Epithelial-Z000000RV,TEST,Pearson,0.7682595787501096
Melody-MT-2k,GSM5652338_Prostate-Epithelial-Z000000RV,TEST,Spearman,0.6410562736635114
Melody-MT-2k,GSM5652338_Prostate-Epithelial-Z000000RV,TEST,AUC,0.9022316049800443
Melody-MT-2k,GSM5652342_Bladder-Epithelial-Z000000QM,SAMPLE_VALID,Pearson,0.7169481522712193
Melody-MT-2k,GSM5652342_Bladder-Epithelial-Z000000QM,SAMPLE_VALID,Spearman,0.6751916944531522
Melody-MT-2k,GSM5652342_Bladder-Epithelial-Z000000QM,SAMPLE_VALID,AUC,0.8820849495064225
Melody-MT-2k,GSM5652342_Bladder-Epithelial-Z000000QM,SAMPLE_TEST,Pearson,0.7591478237692305
Melody-MT-2k,GSM5652342_Bladder-Epithelial-Z000000QM,SAMPLE_TEST,Spearman,0.724688760720409
Melody-MT-2k,GSM5652342_Bladder-Epithelial-Z000000QM,SAMPLE_TEST,AUC,0.9003858712728038
Melody-MT-2k,GSM5652342_Bladder-Epithelial-Z000000QM,VALID,Pearson,0.737668674240988
Melody-MT-2k,GSM5652342_Bladder-Epithelial-Z000000QM,VALID,Spearman,0.6508061257943072
Melody-MT-2k,GSM5652342_Bladder-Epithelial-Z000000QM,VALID,AUC,0.8896383608509719
Melody-MT-2k,GSM5652342_Bladder-Epithelial-Z000000QM,TEST,Pearson,0.7382882838863304
Melody-MT-2k,GSM5652342_Bladder-Epithelial-Z000000QM,TEST,Spearman,0.6285199852301737
Melody-MT-2k,GSM5652342_Bladder-Epithelial-Z000000QM,TEST,AUC,0.889261510091204
Melody-MT-2k,GSM5652347_Breast-Luminal-Epithelial-Z000000V2,SAMPLE_VALID,Pearson,0.7728098782522581
Melody-MT-2k,GSM5652347_Breast-Luminal-Epithelial-Z000000V2,SAMPLE_VALID,Spearman,0.6854439163266215
Melody-MT-2k,GSM5652347_Breast-Luminal-Epithelial-Z000000V2,SAMPLE_VALID,AUC,0.9083046651651718
Melody-MT-2k,GSM5652347_Breast-Luminal-Epithelial-Z000000V2,SAMPLE_TEST,Pearson,0.7846597485924952
Melody-MT-2k,GSM5652347_Breast-Luminal-Epithelial-Z000000V2,SAMPLE_TEST,Spearman,0.7243522875219246
Melody-MT-2k,GSM5652347_Breast-Luminal-Epithelial-Z000000V2,SAMPLE_TEST,AUC,0.9139903004440773
Melody-MT-2k,GSM5652347_Breast-Luminal-Epithelial-Z000000V2,VALID,Pearson,0.7599910424328583
Melody-MT-2k,GSM5652347_Breast-Luminal-Epithelial-Z000000V2,VALID,Spearman,0.6074593193513774
Melody-MT-2k,GSM5652347_Breast-Luminal-Epithelial-Z000000V2,VALID,AUC,0.9014315229128683
Melody-MT-2k,GSM5652347_Breast-Luminal-Epithelial-Z000000V2,TEST,Pearson,0.7597037086820182
Melody-MT-2k,GSM5652347_Breast-Luminal-Epithelial-Z000000V2,TEST,Spearman,0.5858214729695524
Melody-MT-2k,GSM5652347_Breast-Luminal-Epithelial-Z000000V2,TEST,AUC,0.8998012511633128
Melody-MT-2k,GSM5652350_Breast-Basal-Epithelial-Z000000V6,SAMPLE_VALID,Pearson,0.7535573678764933
Melody-MT-2k,GSM5652350_Breast-Basal-Epithelial-Z000000V6,SAMPLE_VALID,Spearman,0.6541281195614717
Melody-MT-2k,GSM5652350_Breast-Basal-Epithelial-Z000000V6,SAMPLE_VALID,AUC,0.9062193547295759
Melody-MT-2k,GSM5652350_Breast-Basal-Epithelial-Z000000V6,SAMPLE_TEST,Pearson,0.7662010059465257
Melody-MT-2k,GSM5652350_Breast-Basal-Epithelial-Z000000V6,SAMPLE_TEST,Spearman,0.688588062477219
Melody-MT-2k,GSM5652350_Breast-Basal-Epithelial-Z000000V6,SAMPLE_TEST,AUC,0.9119358507193858
Melody-MT-2k,GSM5652350_Breast-Basal-Epithelial-Z000000V6,VALID,Pearson,0.7490261582938068
Melody-MT-2k,GSM5652350_Breast-Basal-Epithelial-Z000000V6,VALID,Spearman,0.5453787474105226
Melody-MT-2k,GSM5652350_Breast-Basal-Epithelial-Z000000V6,VALID,AUC,0.899143169802356
Melody-MT-2k,GSM5652350_Breast-Basal-Epithelial-Z000000V6,TEST,Pearson,0.748070073118383
Melody-MT-2k,GSM5652350_Breast-Basal-Epithelial-Z000000V6,TEST,Spearman,0.5497103531512908
Melody-MT-2k,GSM5652350_Breast-Basal-Epithelial-Z000000V6,TEST,AUC,0.8979250626684769
Melody-MT-2k,GSM5652354_Lung-Alveolar-Epithelial-Z000000T1,SAMPLE_VALID,Pearson,0.7746048270380604
Melody-MT-2k,GSM5652354_Lung-Alveolar-Epithelial-Z000000T1,SAMPLE_VALID,Spearman,0.7368326663479705
Melody-MT-2k,GSM5652354_Lung-Alveolar-Epithelial-Z000000T1,SAMPLE_VALID,AUC,0.9039264492667938
Melody-MT-2k,GSM5652354_Lung-Alveolar-Epithelial-Z000000T1,SAMPLE_TEST,Pearson,0.7921585320174747
Melody-MT-2k,GSM5652354_Lung-Alveolar-Epithelial-Z000000T1,SAMPLE_TEST,Spearman,0.7674082023752739
Melody-MT-2k,GSM5652354_Lung-Alveolar-Epithelial-Z000000T1,SAMPLE_TEST,AUC,0.9102108567455419
Melody-MT-2k,GSM5652354_Lung-Alveolar-Epithelial-Z000000T1,VALID,Pearson,0.7742669365221823
Melody-MT-2k,GSM5652354_Lung-Alveolar-Epithelial-Z000000T1,VALID,Spearman,0.6635182678385423
Melody-MT-2k,GSM5652354_Lung-Alveolar-Epithelial-Z000000T1,VALID,AUC,0.9019758452186405
Melody-MT-2k,GSM5652354_Lung-Alveolar-Epithelial-Z000000T1,TEST,Pearson,0.7726605677028705
Melody-MT-2k,GSM5652354_Lung-Alveolar-Epithelial-Z000000T1,TEST,Spearman,0.6475498002161201
Melody-MT-2k,GSM5652354_Lung-Alveolar-Epithelial-Z000000T1,TEST,AUC,0.9015116009095806
Melody-MT-2k,GSM5652358_Gallbladder-Epithelial-Z00000432,SAMPLE_VALID,Pearson,0.7556445302876481
Melody-MT-2k,GSM5652358_Gallbladder-Epithelial-Z00000432,SAMPLE_VALID,Spearman,0.6943800998892875
Melody-MT-2k,GSM5652358_Gallbladder-Epithelial-Z00000432,SAMPLE_VALID,AUC,0.900828770189631
Melody-MT-2k,GSM5652358_Gallbladder-Epithelial-Z00000432,SAMPLE_TEST,Pearson,0.7613264689068218
Melody-MT-2k,GSM5652358_Gallbladder-Epithelial-Z00000432,SAMPLE_TEST,Spearman,0.7241463797614187
Melody-MT-2k,GSM5652358_Gallbladder-Epithelial-Z00000432,SAMPLE_TEST,AUC,0.9001043617286255
Melody-MT-2k,GSM5652358_Gallbladder-Epithelial-Z00000432,VALID,Pearson,0.7514617199556297
Melody-MT-2k,GSM5652358_Gallbladder-Epithelial-Z00000432,VALID,Spearman,0.5949137693082521
Melody-MT-2k,GSM5652358_Gallbladder-Epithelial-Z00000432,VALID,AUC,0.899011507043679
Melody-MT-2k,GSM5652358_Gallbladder-Epithelial-Z00000432,TEST,Pearson,0.7501044655864766
Melody-MT-2k,GSM5652358_Gallbladder-Epithelial-Z00000432,TEST,Spearman,0.5932657732219716
Melody-MT-2k,GSM5652358_Gallbladder-Epithelial-Z00000432,TEST,AUC,0.8966892375203211
Melody-MT-2k,GSM5652359_Gastric-fundus-Epithelial-Z000000RX,SAMPLE_VALID,Pearson,0.7590568242747214
Melody-MT-2k,GSM5652359_Gastric-fundus-Epithelial-Z000000RX,SAMPLE_VALID,Spearman,0.7051008519230497
Melody-MT-2k,GSM5652359_Gastric-fundus-Epithelial-Z000000RX,SAMPLE_VALID,AUC,0.8973156283789392
Melody-MT-2k,GSM5652359_Gastric-fundus-Epithelial-Z000000RX,SAMPLE_TEST,Pearson,0.7685857629643502
Melody-MT-2k,GSM5652359_Gastric-fundus-Epithelial-Z000000RX,SAMPLE_TEST,Spearman,0.7202241905175251
Melody-MT-2k,GSM5652359_Gastric-fundus-Epithelial-Z000000RX,SAMPLE_TEST,AUC,0.9038048440791695
Melody-MT-2k,GSM5652359_Gastric-fundus-Epithelial-Z000000RX,VALID,Pearson,0.754504252860605
Melody-MT-2k,GSM5652359_Gastric-fundus-Epithelial-Z000000RX,VALID,Spearman,0.6455235004477924
Melody-MT-2k,GSM5652359_Gastric-fundus-Epithelial-Z000000RX,VALID,AUC,0.893951042003934
Melody-MT-2k,GSM5652359_Gastric-fundus-Epithelial-Z000000RX,TEST,Pearson,0.7492382442789678
Melody-MT-2k,GSM5652359_Gastric-fundus-Epithelial-Z000000RX,TEST,Spearman,0.6451269388487141
Melody-MT-2k,GSM5652359_Gastric-fundus-Epithelial-Z000000RX,TEST,AUC,0.8915629010950464
Melody-MT-2k,GSM5652370_Colon-Right-Epithelial-Z000000V0,SAMPLE_VALID,Pearson,0.711817191801655
Melody-MT-2k,GSM5652370_Colon-Right-Epithelial-Z000000V0,SAMPLE_VALID,Spearman,0.6607953620721193
Melody-MT-2k,GSM5652370_Colon-Right-Epithelial-Z000000V0,SAMPLE_VALID,AUC,0.8879526128329943
Melody-MT-2k,GSM5652370_Colon-Right-Epithelial-Z000000V0,SAMPLE_TEST,Pearson,0.7393005931818081
Melody-MT-2k,GSM5652370_Colon-Right-Epithelial-Z000000V0,SAMPLE_TEST,Spearman,0.6977034236739807
Melody-MT-2k,GSM5652370_Colon-Right-Epithelial-Z000000V0,SAMPLE_TEST,AUC,0.895247895716899
Melody-MT-2k,GSM5652370_Colon-Right-Epithelial-Z000000V0,VALID,Pearson,0.730476126519254
Melody-MT-2k,GSM5652370_Colon-Right-Epithelial-Z000000V0,VALID,Spearman,0.6076562075839047
Melody-MT-2k,GSM5652370_Colon-Right-Epithelial-Z000000V0,VALID,AUC,0.8925196110836898
Melody-MT-2k,GSM5652370_Colon-Right-Epithelial-Z000000V0,TEST,Pearson,0.7306067539923133
Melody-MT-2k,GSM5652370_Colon-Right-Epithelial-Z000000V0,TEST,Spearman,0.5997226764384276
Melody-MT-2k,GSM5652370_Colon-Right-Epithelial-Z000000V0,TEST,AUC,0.890237898362122
Melody-MT-2k,GSM5652378_Small-int-Epithelial-Z0000042V,SAMPLE_VALID,Pearson,0.7248215351200167
Melody-MT-2k,GSM5652378_Small-int-Epithelial-Z0000042V,SAMPLE_VALID,Spearman,0.6559206449869327
Melody-MT-2k,GSM5652378_Small-int-Epithelial-Z0000042V,SAMPLE_VALID,AUC,0.8943866506363893
Melody-MT-2k,GSM5652378_Small-int-Epithelial-Z0000042V,SAMPLE_TEST,Pearson,0.7486627497435903
Melody-MT-2k,GSM5652378_Small-int-Epithelial-Z0000042V,SAMPLE_TEST,Spearman,0.7010210288569108
Melody-MT-2k,GSM5652378_Small-int-Epithelial-Z0000042V,SAMPLE_TEST,AUC,0.9004799030639005
Melody-MT-2k,GSM5652378_Small-int-Epithelial-Z0000042V,VALID,Pearson,0.7228616802983239
Melody-MT-2k,GSM5652378_Small-int-Epithelial-Z0000042V,VALID,Spearman,0.5963417013742198
Melody-MT-2k,GSM5652378_Small-int-Epithelial-Z0000042V,VALID,AUC,0.8918299010017933
Melody-MT-2k,GSM5652378_Small-int-Epithelial-Z0000042V,TEST,Pearson,0.7271921066949562
Melody-MT-2k,GSM5652378_Small-int-Epithelial-Z0000042V,TEST,Spearman,0.6322267637463219
Melody-MT-2k,GSM5652378_Small-int-Epithelial-Z0000042V,TEST,AUC,0.8905949783481759
Melody-ST,GSM5652176_Adipocytes-Z000000T7,SAMPLE_VALID,Pearson,0.8359626543027788
Melody-ST,GSM5652176_Adipocytes-Z000000T7,SAMPLE_VALID,Spearman,0.7780335542486464
Melody-ST,GSM5652176_Adipocytes-Z000000T7,SAMPLE_VALID,AUC,0.9251329682300774
Melody-ST,GSM5652176_Adipocytes-Z000000T7,SAMPLE_TEST,Pearson,0.8461589748409583
Melody-ST,GSM5652176_Adipocytes-Z000000T7,SAMPLE_TEST,Spearman,0.7913854962478812
Melody-ST,GSM5652176_Adipocytes-Z000000T7,SAMPLE_TEST,AUC,0.9296435118105176
Melody-ST,GSM5652176_Adipocytes-Z000000T7,VALID,Pearson,0.811413882255256
Melody-ST,GSM5652176_Adipocytes-Z000000T7,VALID,Spearman,0.7006116365987777
Melody-ST,GSM5652176_Adipocytes-Z000000T7,VALID,AUC,0.9112550547912495
Melody-ST,GSM5652176_Adipocytes-Z000000T7,TEST,Pearson,0.8130535771712618
Melody-ST,GSM5652176_Adipocytes-Z000000T7,TEST,Spearman,0.7000834513344417
Melody-ST,GSM5652176_Adipocytes-Z000000T7,TEST,AUC,0.9131061084989974
Melody-ST,GSM5652179_Aorta-Endothel-Z00000422,SAMPLE_VALID,Pearson,0.7776702841626671
Melody-ST,GSM5652179_Aorta-Endothel-Z00000422,SAMPLE_VALID,Spearman,0.7066742547690326
Melody-ST,GSM5652179_Aorta-Endothel-Z00000422,SAMPLE_VALID,AUC,0.9110478562204248
Melody-ST,GSM5652179_Aorta-Endothel-Z00000422,SAMPLE_TEST,Pearson,0.797897261572683
Melody-ST,GSM5652179_Aorta-Endothel-Z00000422,SAMPLE_TEST,Spearman,0.7145894960767094
Melody-ST,GSM5652179_Aorta-Endothel-Z00000422,SAMPLE_TEST,AUC,0.915429874774888
Melody-ST,GSM5652179_Aorta-Endothel-Z00000422,VALID,Pearson,0.7776570782603659
Melody-ST,GSM5652179_Aorta-Endothel-Z00000422,VALID,Spearman,0.6924174662786123
Melody-ST,GSM5652179_Aorta-Endothel-Z00000422,VALID,AUC,0.9010895306002628
Melody-ST,GSM5652179_Aorta-Endothel-Z00000422,TEST,Pearson,0.7753805837786047
Melody-ST,GSM5652179_Aorta-Endothel-Z00000422,TEST,Spearman,0.6894289083418096
Melody-ST,GSM5652179_Aorta-Endothel-Z00000422,TEST,AUC,0.8999594678237113
Melody-ST,GSM5652189_Kidney-Tubular-Endothel-Z0000042R,SAMPLE_VALID,Pearson,0.7996020106185223
Melody-ST,GSM5652189_Kidney-Tubular-Endothel-Z0000042R,SAMPLE_VALID,Spearman,0.685304631885521
Melody-ST,GSM5652189_Kidney-Tubular-Endothel-Z0000042R,SAMPLE_VALID,AUC,0.9227358464975552
Melody-ST,GSM5652189_Kidney-Tubular-Endothel-Z0000042R,SAMPLE_TEST,Pearson,0.8022095736307676
Melody-ST,GSM5652189_Kidney-Tubular-Endothel-Z0000042R,SAMPLE_TEST,Spearman,0.702041063009669
Melody-ST,GSM5652189_Kidney-Tubular-Endothel-Z0000042R,SAMPLE_TEST,AUC,0.9229175108256589
Melody-ST,GSM5652189_Kidney-Tubular-Endothel-Z0000042R,VALID,Pearson,0.7817389547395345
Melody-ST,GSM5652189_Kidney-Tubular-Endothel-Z0000042R,VALID,Spearman,0.6191413016900064
Melody-ST,GSM5652189_Kidney-Tubular-Endothel-Z0000042R,VALID,AUC,0.9096371982485603
Melody-ST,GSM5652189_Kidney-Tubular-Endothel-Z0000042R,TEST,Pearson,0.7818116046076241
Melody-ST,GSM5652189_Kidney-Tubular-Endothel-Z0000042R,TEST,Spearman,0.6214954071530983
Melody-ST,GSM5652189_Kidney-Tubular-Endothel-Z0000042R,TEST,AUC,0.907849173312634
Melody-ST,GSM5652198_Colon-Fibroblasts-Z0000042A,SAMPLE_VALID,Pearson,0.8270879248275274
Melody-ST,GSM5652198_Colon-Fibroblasts-Z0000042A,SAMPLE_VALID,Spearman,0.7618080185729381
Melody-ST,GSM5652198_Colon-Fibroblasts-Z0000042A,SAMPLE_VALID,AUC,0.9243916092452915
Melody-ST,GSM5652198_Colon-Fibroblasts-Z0000042A,SAMPLE_TEST,Pearson,0.8436015884403991
Melody-ST,GSM5652198_Colon-Fibroblasts-Z0000042A,SAMPLE_TEST,Spearman,0.7744123281255814
Melody-ST,GSM5652198_Colon-Fibroblasts-Z0000042A,SAMPLE_TEST,AUC,0.9293792229897994
Melody-ST,GSM5652198_Colon-Fibroblasts-Z0000042A,VALID,Pearson,0.8093788104393445
Melody-ST,GSM5652198_Colon-Fibroblasts-Z0000042A,VALID,Spearman,0.7136466769696522
Melody-ST,GSM5652198_Colon-Fibroblasts-Z0000042A,VALID,AUC,0.9105708167853466
Melody-ST,GSM5652198_Colon-Fibroblasts-Z0000042A,TEST,Pearson,0.8077489044539145
Melody-ST,GSM5652198_Colon-Fibroblasts-Z0000042A,TEST,Spearman,0.7085473638441064
Melody-ST,GSM5652198_Colon-Fibroblasts-Z0000042A,TEST,AUC,0.9096331627269455
Melody-ST,GSM5652200_Heart-Fibroblasts-Z0000043R,SAMPLE_VALID,Pearson,0.7540886934996679
Melody-ST,GSM5652200_Heart-Fibroblasts-Z0000043R,SAMPLE_VALID,Spearman,0.7083596837748362
Melody-ST,GSM5652200_Heart-Fibroblasts-Z0000043R,SAMPLE_VALID,AUC,0.8871170068400038
Melody-ST,GSM5652200_Heart-Fibroblasts-Z0000043R,SAMPLE_TEST,Pearson,0.7701744143004339
Melody-ST,GSM5652200_Heart-Fibroblasts-Z0000043R,SAMPLE_TEST,Spearman,0.7154352186917105
Melody-ST,GSM5652200_Heart-Fibroblasts-Z0000043R,SAMPLE_TEST,AUC,0.8932037234103336
Melody-ST,GSM5652200_Heart-Fibroblasts-Z0000043R,VALID,Pearson,0.7219691070303835
Melody-ST,GSM5652200_Heart-Fibroblasts-Z0000043R,VALID,Spearman,0.694462800206047
Melody-ST,GSM5652200_Heart-Fibroblasts-Z0000043R,VALID,AUC,0.8606403962589235
Melody-ST,GSM5652200_Heart-Fibroblasts-Z0000043R,TEST,Pearson,0.7209408883882857
Melody-ST,GSM5652200_Heart-Fibroblasts-Z0000043R,TEST,Spearman,0.6994641359640336
Melody-ST,GSM5652200_Heart-Fibroblasts-Z0000043R,TEST,AUC,0.8589057005736506
Melody-ST,GSM5652204_Dermal-Fibroblasts-Z00000423,SAMPLE_VALID,Pearson,0.7988390060773093
Melody-ST,GSM5652204_Dermal-Fibroblasts-Z00000423,SAMPLE_VALID,Spearman,0.7256723923918007
Melody-ST,GSM5652204_Dermal-Fibroblasts-Z00000423,SAMPLE_VALID,AUC,0.9128551885260827
Melody-ST,GSM5652204_Dermal-Fibroblasts-Z00000423,SAMPLE_TEST,Pearson,0.8266576235355058
Melody-ST,GSM5652204_Dermal-Fibroblasts-Z00000423,SAMPLE_TEST,Spearman,0.7514849473742219
Melody-ST,GSM5652204_Dermal-Fibroblasts-Z00000423,SAMPLE_TEST,AUC,0.9234575598158624
Melody-ST,GSM5652204_Dermal-Fibroblasts-Z00000423,VALID,Pearson,0.7853665926327303
Melody-ST,GSM5652204_Dermal-Fibroblasts-Z00000423,VALID,Spearman,0.701570084353869
Melody-ST,GSM5652204_Dermal-Fibroblasts-Z00000423,VALID,AUC,0.9025714946249024
Melody-ST,GSM5652204_Dermal-Fibroblasts-Z00000423,TEST,Pearson,0.784534918847982
Melody-ST,GSM5652204_Dermal-Fibroblasts-Z00000423,TEST,Spearman,0.698357566552744
Melody-ST,GSM5652204_Dermal-Fibroblasts-Z00000423,TEST,AUC,0.9010197853379628
Melody-ST,GSM5652205_Skeletal-Muscle-Z00000427,SAMPLE_VALID,Pearson,0.8045520010163257
Melody-ST,GSM5652205_Skeletal-Muscle-Z00000427,SAMPLE_VALID,Spearman,0.7472070070005247
Melody-ST,GSM5652205_Skeletal-Muscle-Z00000427,SAMPLE_VALID,AUC,0.9078169517440224
Melody-ST,GSM5652205_Skeletal-Muscle-Z00000427,SAMPLE_TEST,Pearson,0.8168202914633671
Melody-ST,GSM5652205_Skeletal-Muscle-Z00000427,SAMPLE_TEST,Spearman,0.7504734807517199
Melody-ST,GSM5652205_Skeletal-Muscle-Z00000427,SAMPLE_TEST,AUC,0.9087562732077925
Melody-ST,GSM5652205_Skeletal-Muscle-Z00000427,VALID,Pearson,0.7953079328863962
Melody-ST,GSM5652205_Skeletal-Muscle-Z00000427,VALID,Spearman,0.6828163456815209
Melody-ST,GSM5652205_Skeletal-Muscle-Z00000427,VALID,AUC,0.9021840238037645
Melody-ST,GSM5652205_Skeletal-Muscle-Z00000427,TEST,Pearson,0.7953298358444602
Melody-ST,GSM5652205_Skeletal-Muscle-Z00000427,TEST,Spearman,0.6837089772877354
Melody-ST,GSM5652205_Skeletal-Muscle-Z00000427,TEST,AUC,0.902929392981124
Melody-ST,GSM5652207_Aorta-Smooth-Muscle-Z0000041U,SAMPLE_VALID,Pearson,0.7886982221477518
Melody-ST,GSM5652207_Aorta-Smooth-Muscle-Z0000041U,SAMPLE_VALID,Spearman,0.7368300219389361
Melody-ST,GSM5652207_Aorta-Smooth-Muscle-Z0000041U,SAMPLE_VALID,AUC,0.9070490868892908
Melody-ST,GSM5652207_Aorta-Smooth-Muscle-Z0000041U,SAMPLE_TEST,Pearson,0.8058862284032859
Melody-ST,GSM5652207_Aorta-Smooth-Muscle-Z0000041U,SAMPLE_TEST,Spearman,0.7531869574194985
Melody-ST,GSM5652207_Aorta-Smooth-Muscle-Z0000041U,SAMPLE_TEST,AUC,0.9098115786694143
Melody-ST,GSM5652207_Aorta-Smooth-Muscle-Z0000041U,VALID,Pearson,0.759401203216677
Melody-ST,GSM5652207_Aorta-Smooth-Muscle-Z0000041U,VALID,Spearman,0.7168662250044392
Melody-ST,GSM5652207_Aorta-Smooth-Muscle-Z0000041U,VALID,AUC,0.8790202667925152
Melody-ST,GSM5652207_Aorta-Smooth-Muscle-Z0000041U,TEST,Pearson,0.7561482042019555
Melody-ST,GSM5652207_Aorta-Smooth-Muscle-Z0000041U,TEST,Spearman,0.7172308722964809
Melody-ST,GSM5652207_Aorta-Smooth-Muscle-Z0000041U,TEST,AUC,0.8755469024777353
Melody-ST,GSM5652215_Heart-Cardiomyocyte-Z0000044P,SAMPLE_VALID,Pearson,0.7065224438803489
Melody-ST,GSM5652215_Heart-Cardiomyocyte-Z0000044P,SAMPLE_VALID,Spearman,0.6159531754692295
Melody-ST,GSM5652215_Heart-Cardiomyocyte-Z0000044P,SAMPLE_VALID,AUC,0.8766887296684953
Melody-ST,GSM5652215_Heart-Cardiomyocyte-Z0000044P,SAMPLE_TEST,Pearson,0.7147843616977626
Melody-ST,GSM5652215_Heart-Cardiomyocyte-Z0000044P,SAMPLE_TEST,Spearman,0.6077021778445374
Melody-ST,GSM5652215_Heart-Cardiomyocyte-Z0000044P,SAMPLE_TEST,AUC,0.8747364391144006
Melody-ST,GSM5652215_Heart-Cardiomyocyte-Z0000044P,VALID,Pearson,0.6953269477160682
Melody-ST,GSM5652215_Heart-Cardiomyocyte-Z0000044P,VALID,Spearman,0.5118663499643678
Melody-ST,GSM5652215_Heart-Cardiomyocyte-Z0000044P,VALID,AUC,0.8628037500917717
Melody-ST,GSM5652215_Heart-Cardiomyocyte-Z0000044P,TEST,Pearson,0.6914149913293625
Melody-ST,GSM5652215_Heart-Cardiomyocyte-Z0000044P,TEST,Spearman,0.5010259260775706
Melody-ST,GSM5652215_Heart-Cardiomyocyte-Z0000044P,TEST,AUC,0.8603845698794679
Melody-ST,GSM5652218_Bone-Osteoblasts-Z0000042Z,SAMPLE_VALID,Pearson,0.78865985159395
Melody-ST,GSM5652218_Bone-Osteoblasts-Z0000042Z,SAMPLE_VALID,Spearman,0.7449248357728435
Melody-ST,GSM5652218_Bone-Osteoblasts-Z0000042Z,SAMPLE_VALID,AUC,0.9078130018155861
Melody-ST,GSM5652218_Bone-Osteoblasts-Z0000042Z,SAMPLE_TEST,Pearson,0.8061243327695725
Melody-ST,GSM5652218_Bone-Osteoblasts-Z0000042Z,SAMPLE_TEST,Spearman,0.7558623477655617
Melody-ST,GSM5652218_Bone-Osteoblasts-Z0000042Z,SAMPLE_TEST,AUC,0.911245141761407
Melody-ST,GSM5652218_Bone-Osteoblasts-Z0000042Z,VALID,Pearson,0.7681408872289694
Melody-ST,GSM5652218_Bone-Osteoblasts-Z0000042Z,VALID,Spearman,0.7231233577399734
Melody-ST,GSM5652218_Bone-Osteoblasts-Z0000042Z,VALID,AUC,0.8875213836259358
Melody-ST,GSM5652218_Bone-Osteoblasts-Z0000042Z,TEST,Pearson,0.7659650927733651
Melody-ST,GSM5652218_Bone-Osteoblasts-Z0000042Z,TEST,Spearman,0.7207008000349755
Melody-ST,GSM5652218_Bone-Osteoblasts-Z0000042Z,TEST,AUC,0.8867878525538363
Melody-ST,GSM5652219_Oligodendrocytes-Z000000TK,SAMPLE_VALID,Pearson,0.7997196085392891
Melody-ST,GSM5652219_Oligodendrocytes-Z000000TK,SAMPLE_VALID,Spearman,0.6596188350265297
Melody-ST,GSM5652219_Oligodendrocytes-Z000000TK,SAMPLE_VALID,AUC,0.9160958136907091
Melody-ST,GSM5652219_Oligodendrocytes-Z000000TK,SAMPLE_TEST,Pearson,0.8160268211719875
Melody-ST,GSM5652219_Oligodendrocytes-Z000000TK,SAMPLE_TEST,Spearman,0.6872549860369671
Melody-ST,GSM5652219_Oligodendrocytes-Z000000TK,SAMPLE_TEST,AUC,0.9279227134859269
Melody-ST,GSM5652219_Oligodendrocytes-Z000000TK,VALID,Pearson,0.7885987032218523
Melody-ST,GSM5652219_Oligodendrocytes-Z000000TK,VALID,Spearman,0.5646919369159713
Melody-ST,GSM5652219_Oligodendrocytes-Z000000TK,VALID,AUC,0.9113069255672249
Melody-ST,GSM5652219_Oligodendrocytes-Z000000TK,TEST,Pearson,0.7883900607152985
Melody-ST,GSM5652219_Oligodendrocytes-Z000000TK,TEST,Spearman,0.5606273541728239
Melody-ST,GSM5652219_Oligodendrocytes-Z000000TK,TEST,AUC,0.9116593550228427
Melody-ST,GSM5652223_Cortex-Neuron-Z000000TF,SAMPLE_VALID,Pearson,0.8307992047291192
Melody-ST,GSM5652223_Cortex-Neuron-Z000000TF,SAMPLE_VALID,Spearman,0.6913943152271069
Melody-ST,GSM5652223_Cortex-Neuron-Z000000TF,SAMPLE_VALID,AUC,0.9282447338712869
Melody-ST,GSM5652223_Cortex-Neuron-Z000000TF,SAMPLE_TEST,Pearson,0.8529129628902593
Melody-ST,GSM5652223_Cortex-Neuron-Z000000TF,SAMPLE_TEST,Spearman,0.7091752477445158
Melody-ST,GSM5652223_Cortex-Neuron-Z000000TF,SAMPLE_TEST,AUC,0.9380387358855917
Melody-ST,GSM5652223_Cortex-Neuron-Z000000TF,VALID,Pearson,0.8138264210320095
Melody-ST,GSM5652223_Cortex-Neuron-Z000000TF,VALID,Spearman,0.5848511742713718
Melody-ST,GSM5652223_Cortex-Neuron-Z000000TF,VALID,AUC,0.9146432174651499
Melody-ST,GSM5652223_Cortex-Neuron-Z000000TF,TEST,Pearson,0.8118023676855525
Melody-ST,GSM5652223_Cortex-Neuron-Z000000TF,TEST,Spearman,0.5778008019417371
Melody-ST,GSM5652223_Cortex-Neuron-Z000000TF,TEST,AUC,0.9133516704987634
Melody-ST,GSM5652233_Liver-Hepatocytes-Z000000R3,SAMPLE_VALID,Pearson,0.7958816359788412
Melody-ST,GSM5652233_Liver-Hepatocytes-Z000000R3,SAMPLE_VALID,Spearman,0.641893523122999
Melody-ST,GSM5652233_Liver-Hepatocytes-Z000000R3,SAMPLE_VALID,AUC,0.9179757192050539
Melody-ST,GSM5652233_Liver-Hepatocytes-Z000000R3,SAMPLE_TEST,Pearson,0.8031570940184373
Melody-ST,GSM5652233_Liver-Hepatocytes-Z000000R3,SAMPLE_TEST,Spearman,0.6761155334809266
Melody-ST,GSM5652233_Liver-Hepatocytes-Z000000R3,SAMPLE_TEST,AUC,0.921286982045332
Melody-ST,GSM5652233_Liver-Hepatocytes-Z000000R3,VALID,Pearson,0.7801817273508562
Melody-ST,GSM5652233_Liver-Hepatocytes-Z000000R3,VALID,Spearman,0.6333228481856373
Melody-ST,GSM5652233_Liver-Hepatocytes-Z000000R3,VALID,AUC,0.9027571018997081
Melody-ST,GSM5652233_Liver-Hepatocytes-Z000000R3,TEST,Pearson,0.7741150402175396
Melody-ST,GSM5652233_Liver-Hepatocytes-Z000000R3,TEST,Spearman,0.6389977313593533
Melody-ST,GSM5652233_Liver-Hepatocytes-Z000000R3,TEST,AUC,0.8982045125539105
Melody-ST,GSM5652239_Pancreas-Duct-Z0000043T,SAMPLE_VALID,Pearson,0.7710802411942274
Melody-ST,GSM5652239_Pancreas-Duct-Z0000043T,SAMPLE_VALID,Spearman,0.6581925990411722
Melody-ST,GSM5652239_Pancreas-Duct-Z0000043T,SAMPLE_VALID,AUC,0.9127505443869481
Melody-ST,GSM5652239_Pancreas-Duct-Z0000043T,SAMPLE_TEST,Pearson,0.7841317141640625
Melody-ST,GSM5652239_Pancreas-Duct-Z0000043T,SAMPLE_TEST,Spearman,0.6818176765781739
Melody-ST,GSM5652239_Pancreas-Duct-Z0000043T,SAMPLE_TEST,AUC,0.9161424877541057
Melody-ST,GSM5652239_Pancreas-Duct-Z0000043T,VALID,Pearson,0.7722011717887093
Melody-ST,GSM5652239_Pancreas-Duct-Z0000043T,VALID,Spearman,0.5824030914462722
Melody-ST,GSM5652239_Pancreas-Duct-Z0000043T,VALID,AUC,0.9068579198952256
Melody-ST,GSM5652239_Pancreas-Duct-Z0000043T,TEST,Pearson,0.7701875642887983
Melody-ST,GSM5652239_Pancreas-Duct-Z0000043T,TEST,Spearman,0.5880045393100948
Melody-ST,GSM5652239_Pancreas-Duct-Z0000043T,TEST,AUC,0.9044942219720707
Melody-ST,GSM5652243_Pancreas-Acinar-Z000000QX,SAMPLE_VALID,Pearson,0.7268593820177935
Melody-ST,GSM5652243_Pancreas-Acinar-Z000000QX,SAMPLE_VALID,Spearman,0.6758612261306649
Melody-ST,GSM5652243_Pancreas-Acinar-Z000000QX,SAMPLE_VALID,AUC,0.8861347291068652
Melody-ST,GSM5652243_Pancreas-Acinar-Z000000QX,SAMPLE_TEST,Pearson,0.7464715693689372
Melody-ST,GSM5652243_Pancreas-Acinar-Z000000QX,SAMPLE_TEST,Spearman,0.694453473778016
Melody-ST,GSM5652243_Pancreas-Acinar-Z000000QX,SAMPLE_TEST,AUC,0.8905300895290871
Melody-ST,GSM5652243_Pancreas-Acinar-Z000000QX,VALID,Pearson,0.7444663079501606
Melody-ST,GSM5652243_Pancreas-Acinar-Z000000QX,VALID,Spearman,0.6913562007967968
Melody-ST,GSM5652243_Pancreas-Acinar-Z000000QX,VALID,AUC,0.8843779978246907
Melody-ST,GSM5652243_Pancreas-Acinar-Z000000QX,TEST,Pearson,0.745878327260938
Melody-ST,GSM5652243_Pancreas-Acinar-Z000000QX,TEST,Spearman,0.6947313531843263
Melody-ST,GSM5652243_Pancreas-Acinar-Z000000QX,TEST,AUC,0.8832061909280208
Melody-ST,GSM5652247_Pancreas-Delta-Z00000451,SAMPLE_VALID,Pearson,0.7811429762906057
Melody-ST,GSM5652247_Pancreas-Delta-Z00000451,SAMPLE_VALID,Spearman,0.6546438811720373
Melody-ST,GSM5652247_Pancreas-Delta-Z00000451,SAMPLE_VALID,AUC,0.9121941280376612
Melody-ST,GSM5652247_Pancreas-Delta-Z00000451,SAMPLE_TEST,Pearson,0.7992049487823571
Melody-ST,GSM5652247_Pancreas-Delta-Z00000451,SAMPLE_TEST,Spearman,0.6822414965669975
Melody-ST,GSM5652247_Pancreas-Delta-Z00000451,SAMPLE_TEST,AUC,0.9192553660509896
Melody-ST,GSM5652247_Pancreas-Delta-Z00000451,VALID,Pearson,0.7704099958817885
Melody-ST,GSM5652247_Pancreas-Delta-Z00000451,VALID,Spearman,0.6057260222188882
Melody-ST,GSM5652247_Pancreas-Delta-Z00000451,VALID,AUC,0.9021360433307833
Melody-ST,GSM5652247_Pancreas-Delta-Z00000451,TEST,Pearson,0.7668328884240013
Melody-ST,GSM5652247_Pancreas-Delta-Z00000451,TEST,Spearman,0.6013467128062006
Melody-ST,GSM5652247_Pancreas-Delta-Z00000451,TEST,AUC,0.898632305332186
Melody-ST,GSM5652250_Pancreas-Beta-Z00000452,SAMPLE_VALID,Pearson,0.7436870499563077
Melody-ST,GSM5652250_Pancreas-Beta-Z00000452,SAMPLE_VALID,Spearman,0.6257639255200228
Melody-ST,GSM5652250_Pancreas-Beta-Z00000452,SAMPLE_VALID,AUC,0.8923168055164326
Melody-ST,GSM5652250_Pancreas-Beta-Z00000452,SAMPLE_TEST,Pearson,0.7824497676961529
Melody-ST,GSM5652250_Pancreas-Beta-Z00000452,SAMPLE_TEST,Spearman,0.6596085039021857
Melody-ST,GSM5652250_Pancreas-Beta-Z00000452,SAMPLE_TEST,AUC,0.9119240653366556
Melody-ST,GSM5652250_Pancreas-Beta-Z00000452,VALID,Pearson,0.7683436874091039
Melody-ST,GSM5652250_Pancreas-Beta-Z00000452,VALID,Spearman,0.591183756819291
Melody-ST,GSM5652250_Pancreas-Beta-Z00000452,VALID,AUC,0.9020928968228898
Melody-ST,GSM5652250_Pancreas-Beta-Z00000452,TEST,Pearson,0.7658132136393421
Melody-ST,GSM5652250_Pancreas-Beta-Z00000452,TEST,Spearman,0.5886502550061062
Melody-ST,GSM5652250_Pancreas-Beta-Z00000452,TEST,AUC,0.8996269549482983
Melody-ST,GSM5652253_Pancreas-Alpha-Z00000453,SAMPLE_VALID,Pearson,0.7723535656541295
Melody-ST,GSM5652253_Pancreas-Alpha-Z00000453,SAMPLE_VALID,Spearman,0.6526002944943164
Melody-ST,GSM5652253_Pancreas-Alpha-Z00000453,SAMPLE_VALID,AUC,0.9093184510652117
Melody-ST,GSM5652253_Pancreas-Alpha-Z00000453,SAMPLE_TEST,Pearson,0.80413222574072
Melody-ST,GSM5652253_Pancreas-Alpha-Z00000453,SAMPLE_TEST,Spearman,0.6786752479590193
Melody-ST,GSM5652253_Pancreas-Alpha-Z00000453,SAMPLE_TEST,AUC,0.9232450841620253
Melody-ST,GSM5652253_Pancreas-Alpha-Z00000453,VALID,Pearson,0.7729333734631691
Melody-ST,GSM5652253_Pancreas-Alpha-Z00000453,VALID,Spearman,0.6145224441910445
Melody-ST,GSM5652253_Pancreas-Alpha-Z00000453,VALID,AUC,0.902096497139729
Melody-ST,GSM5652253_Pancreas-Alpha-Z00000453,TEST,Pearson,0.768628264573369
Melody-ST,GSM5652253_Pancreas-Alpha-Z00000453,TEST,Spearman,0.6031740082231661
Melody-ST,GSM5652253_Pancreas-Alpha-Z00000453,TEST,AUC,0.9005886745976146
Melody-ST,GSM5652264_Thyroid-Epithelial-Z0000042S,SAMPLE_VALID,Pearson,0.7759567995833173
Melody-ST,GSM5652264_Thyroid-Epithelial-Z0000042S,SAMPLE_VALID,Spearman,0.6618217262561584
Melody-ST,GSM5652264_Thyroid-Epithelial-Z0000042S,SAMPLE_VALID,AUC,0.9159673837791678
Melody-ST,GSM5652264_Thyroid-Epithelial-Z0000042S,SAMPLE_TEST,Pearson,0.7945241149542314
Melody-ST,GSM5652264_Thyroid-Epithelial-Z0000042S,SAMPLE_TEST,Spearman,0.6832277534305794
Melody-ST,GSM5652264_Thyroid-Epithelial-Z0000042S,SAMPLE_TEST,AUC,0.9226841649732342
Melody-ST,GSM5652264_Thyroid-Epithelial-Z0000042S,VALID,Pearson,0.7804750687894474
Melody-ST,GSM5652264_Thyroid-Epithelial-Z0000042S,VALID,Spearman,0.5837671874356999
Melody-ST,GSM5652264_Thyroid-Epithelial-Z0000042S,VALID,AUC,0.9113075688210829
Melody-ST,GSM5652264_Thyroid-Epithelial-Z0000042S,TEST,Pearson,0.7779386158801326
Melody-ST,GSM5652264_Thyroid-Epithelial-Z0000042S,TEST,Spearman,0.5735542491560549
Melody-ST,GSM5652264_Thyroid-Epithelial-Z0000042S,TEST,AUC,0.9092515122784985
Melody-ST,GSM5652267_Fallopian-Epithelial-Z000000Q7,SAMPLE_VALID,Pearson,0.8037429878848169
Melody-ST,GSM5652267_Fallopian-Epithelial-Z000000Q7,SAMPLE_VALID,Spearman,0.7118008749082811
Melody-ST,GSM5652267_Fallopian-Epithelial-Z000000Q7,SAMPLE_VALID,AUC,0.9223540743329841
Melody-ST,GSM5652267_Fallopian-Epithelial-Z000000Q7,SAMPLE_TEST,Pearson,0.8123639124458883
Melody-ST,GSM5652267_Fallopian-Epithelial-Z000000Q7,SAMPLE_TEST,Spearman,0.7410352492065785
Melody-ST,GSM5652267_Fallopian-Epithelial-Z000000Q7,SAMPLE_TEST,AUC,0.9260763771928664
Melody-ST,GSM5652267_Fallopian-Epithelial-Z000000Q7,VALID,Pearson,0.7870962312912758
Melody-ST,GSM5652267_Fallopian-Epithelial-Z000000Q7,VALID,Spearman,0.6249753611478576
Melody-ST,GSM5652267_Fallopian-Epithelial-Z000000Q7,VALID,AUC,0.9110004560741899
Melody-ST,GSM5652267_Fallopian-Epithelial-Z000000Q7,TEST,Pearson,0.7860779879064118
Melody-ST,GSM5652267_Fallopian-Epithelial-Z000000Q7,TEST,Spearman,0.6218045347891056
Melody-ST,GSM5652267_Fallopian-Epithelial-Z000000Q7,TEST,AUC,0.9084024404828708
Melody-ST,GSM5652270_Ovary-Epithelial-Z000000QT,SAMPLE_VALID,Pearson,0.7725209403497891
Melody-ST,GSM5652270_Ovary-Epithelial-Z000000QT,SAMPLE_VALID,Spearman,0.6790561270408438
Melody-ST,GSM5652270_Ovary-Epithelial-Z000000QT,SAMPLE_VALID,AUC,0.9108896527757753
Melody-ST,GSM5652270_Ovary-Epithelial-Z000000QT,SAMPLE_TEST,Pearson,0.7727996029938022
Melody-ST,GSM5652270_Ovary-Epithelial-Z000000QT,SAMPLE_TEST,Spearman,0.7026152016293817
Melody-ST,GSM5652270_Ovary-Epithelial-Z000000QT,SAMPLE_TEST,AUC,0.9110470102051059
Melody-ST,GSM5652270_Ovary-Epithelial-Z000000QT,VALID,Pearson,0.7107580858086234
Melody-ST,GSM5652270_Ovary-Epithelial-Z000000QT,VALID,Spearman,0.596869915669893
Melody-ST,GSM5652270_Ovary-Epithelial-Z000000QT,VALID,AUC,0.8753867366171973
Melody-ST,GSM5652270_Ovary-Epithelial-Z000000QT,TEST,Pearson,0.7029537948331261
Melody-ST,GSM5652270_Ovary-Epithelial-Z000000QT,TEST,Spearman,0.5906041300916512
Melody-ST,GSM5652270_Ovary-Epithelial-Z000000QT,TEST,AUC,0.8706117433561942
Melody-ST,GSM5652274_Bone_marrow-Erythrocyte_progenitors-Z000000RF,SAMPLE_VALID,Pearson,0.743355202134087
Melody-ST,GSM5652274_Bone_marrow-Erythrocyte_progenitors-Z000000RF,SAMPLE_VALID,Spearman,0.6861159252249164
Melody-ST,GSM5652274_Bone_marrow-Erythrocyte_progenitors-Z000000RF,SAMPLE_VALID,AUC,0.8786796602557969
Melody-ST,GSM5652274_Bone_marrow-Erythrocyte_progenitors-Z000000RF,SAMPLE_TEST,Pearson,0.7755929292426242
Melody-ST,GSM5652274_Bone_marrow-Erythrocyte_progenitors-Z000000RF,SAMPLE_TEST,Spearman,0.7229403283267894
Melody-ST,GSM5652274_Bone_marrow-Erythrocyte_progenitors-Z000000RF,SAMPLE_TEST,AUC,0.8892365557969641
Melody-ST,GSM5652274_Bone_marrow-Erythrocyte_progenitors-Z000000RF,VALID,Pearson,0.7825587083204486
Melody-ST,GSM5652274_Bone_marrow-Erythrocyte_progenitors-Z000000RF,VALID,Spearman,0.7387225258294949
Melody-ST,GSM5652274_Bone_marrow-Erythrocyte_progenitors-Z000000RF,VALID,AUC,0.8797949314676522
Melody-ST,GSM5652274_Bone_marrow-Erythrocyte_progenitors-Z000000RF,TEST,Pearson,0.774847844849977
Melody-ST,GSM5652274_Bone_marrow-Erythrocyte_progenitors-Z000000RF,TEST,Spearman,0.7347722003776958
Melody-ST,GSM5652274_Bone_marrow-Erythrocyte_progenitors-Z000000RF,TEST,AUC,0.8766829860839966
Melody-ST,GSM5652277_Blood-T-CD3-Z000000TV,SAMPLE_VALID,Pearson,0.7508935116770185
Melody-ST,GSM5652277_Blood-T-CD3-Z000000TV,SAMPLE_VALID,Spearman,0.65080481470344
Melody-ST,GSM5652277_Blood-T-CD3-Z000000TV,SAMPLE_VALID,AUC,0.8960502996843357
Melody-ST,GSM5652277_Blood-T-CD3-Z000000TV,SAMPLE_TEST,Pearson,0.7797604160645846
Melody-ST,GSM5652277_Blood-T-CD3-Z000000TV,SAMPLE_TEST,Spearman,0.6744357585383396
Melody-ST,GSM5652277_Blood-T-CD3-Z000000TV,SAMPLE_TEST,AUC,0.903625223608474
Melody-ST,GSM5652277_Blood-T-CD3-Z000000TV,VALID,Pearson,0.7916456795442384
Melody-ST,GSM5652277_Blood-T-CD3-Z000000TV,VALID,Spearman,0.6934543689880626
Melody-ST,GSM5652277_Blood-T-CD3-Z000000TV,VALID,AUC,0.9070532695798904
Melody-ST,GSM5652277_Blood-T-CD3-Z000000TV,TEST,Pearson,0.7898883924465834
Melody-ST,GSM5652277_Blood-T-CD3-Z000000TV,TEST,Spearman,0.6939999868044824
Melody-ST,GSM5652277_Blood-T-CD3-Z000000TV,TEST,AUC,0.9058993594454854
Melody-ST,GSM5652299_Blood-NK-Z000000TM,SAMPLE_VALID,Pearson,0.7485534696149241
Melody-ST,GSM5652299_Blood-NK-Z000000TM,SAMPLE_VALID,Spearman,0.6138197912243633
Melody-ST,GSM5652299_Blood-NK-Z000000TM,SAMPLE_VALID,AUC,0.8971896208858968
Melody-ST,GSM5652299_Blood-NK-Z000000TM,SAMPLE_TEST,Pearson,0.7847761550255922
Melody-ST,GSM5652299_Blood-NK-Z000000TM,SAMPLE_TEST,Spearman,0.6399188408493499
Melody-ST,GSM5652299_Blood-NK-Z000000TM,SAMPLE_TEST,AUC,0.9147106580922654
Melody-ST,GSM5652299_Blood-NK-Z000000TM,VALID,Pearson,0.7892266781134452
Melody-ST,GSM5652299_Blood-NK-Z000000TM,VALID,Spearman,0.6036104723578235
Melody-ST,GSM5652299_Blood-NK-Z000000TM,VALID,AUC,0.9049763380314053
Melody-ST,GSM5652299_Blood-NK-Z000000TM,TEST,Pearson,0.7873124000884258
Melody-ST,GSM5652299_Blood-NK-Z000000TM,TEST,Spearman,0.5954878077790888
Melody-ST,GSM5652299_Blood-NK-Z000000TM,TEST,AUC,0.9040176898541141
Melody-ST,GSM5652302_Blood-Monocytes-Z000000TP,SAMPLE_VALID,Pearson,0.7774744668077518
Melody-ST,GSM5652302_Blood-Monocytes-Z000000TP,SAMPLE_VALID,Spearman,0.6260841779392542
Melody-ST,GSM5652302_Blood-Monocytes-Z000000TP,SAMPLE_VALID,AUC,0.9210045137685526
Melody-ST,GSM5652302_Blood-Monocytes-Z000000TP,SAMPLE_TEST,Pearson,0.7997055017310084
Melody-ST,GSM5652302_Blood-Monocytes-Z000000TP,SAMPLE_TEST,Spearman,0.6459498361428017
Melody-ST,GSM5652302_Blood-Monocytes-Z000000TP,SAMPLE_TEST,AUC,0.926721075955638
Melody-ST,GSM5652302_Blood-Monocytes-Z000000TP,VALID,Pearson,0.7865575524973973
Melody-ST,GSM5652302_Blood-Monocytes-Z000000TP,VALID,Spearman,0.5636184332437535
Melody-ST,GSM5652302_Blood-Monocytes-Z000000TP,VALID,AUC,0.9107211644782064
Melody-ST,GSM5652302_Blood-Monocytes-Z000000TP,TEST,Pearson,0.7863917185896744
Melody-ST,GSM5652302_Blood-Monocytes-Z000000TP,TEST,Spearman,0.560417031678201
Melody-ST,GSM5652302_Blood-Monocytes-Z000000TP,TEST,AUC,0.9088471583441295
Melody-ST,GSM5652313_Blood-Granulocytes-Z000000TZ,SAMPLE_VALID,Pearson,0.7781872248436712
Melody-ST,GSM5652313_Blood-Granulocytes-Z000000TZ,SAMPLE_VALID,Spearman,0.6540099707025223
Melody-ST,GSM5652313_Blood-Granulocytes-Z000000TZ,SAMPLE_VALID,AUC,0.9224103921435087
Melody-ST,GSM5652313_Blood-Granulocytes-Z000000TZ,SAMPLE_TEST,Pearson,0.7933655400775772
Melody-ST,GSM5652313_Blood-Granulocytes-Z000000TZ,SAMPLE_TEST,Spearman,0.6736010538794432
Melody-ST,GSM5652313_Blood-Granulocytes-Z000000TZ,SAMPLE_TEST,AUC,0.9270516801543746
Melody-ST,GSM5652313_Blood-Granulocytes-Z000000TZ,VALID,Pearson,0.7833778629671543
Melody-ST,GSM5652313_Blood-Granulocytes-Z000000TZ,VALID,Spearman,0.5933932862877581
Melody-ST,GSM5652313_Blood-Granulocytes-Z000000TZ,VALID,AUC,0.9134339620334518
Melody-ST,GSM5652313_Blood-Granulocytes-Z000000TZ,TEST,Pearson,0.7843963465625438
Melody-ST,GSM5652313_Blood-Granulocytes-Z000000TZ,TEST,Spearman,0.5936312881090386
Melody-ST,GSM5652313_Blood-Granulocytes-Z000000TZ,TEST,AUC,0.9130756509291215
Melody-ST,GSM5652317_Blood-B-Z000000UB,SAMPLE_VALID,Pearson,0.7549684671851082
Melody-ST,GSM5652317_Blood-B-Z000000UB,SAMPLE_VALID,Spearman,0.6393010693236263
Melody-ST,GSM5652317_Blood-B-Z000000UB,SAMPLE_VALID,AUC,0.9092956455376378
Melody-ST,GSM5652317_Blood-B-Z000000UB,SAMPLE_TEST,Pearson,0.7871354473008552
Melody-ST,GSM5652317_Blood-B-Z000000UB,SAMPLE_TEST,Spearman,0.6578631848887956
Melody-ST,GSM5652317_Blood-B-Z000000UB,SAMPLE_TEST,AUC,0.9222171908264961
Melody-ST,GSM5652317_Blood-B-Z000000UB,VALID,Pearson,0.7641722992050626
Melody-ST,GSM5652317_Blood-B-Z000000UB,VALID,Spearman,0.6110982837738733
Melody-ST,GSM5652317_Blood-B-Z000000UB,VALID,AUC,0.902205534729323
Melody-ST,GSM5652317_Blood-B-Z000000UB,TEST,Pearson,0.7647510783306273
Melody-ST,GSM5652317_Blood-B-Z000000UB,TEST,Spearman,0.6083275881314637
Melody-ST,GSM5652317_Blood-B-Z000000UB,TEST,AUC,0.902582457529266
Melody-ST,GSM5652321_Epidermal-Keratinocytes-Z00000424,SAMPLE_VALID,Pearson,0.7878603914059467
Melody-ST,GSM5652321_Epidermal-Keratinocytes-Z00000424,SAMPLE_VALID,Spearman,0.7295589999755191
Melody-ST,GSM5652321_Epidermal-Keratinocytes-Z00000424,SAMPLE_VALID,AUC,0.9135759191612707
Melody-ST,GSM5652321_Epidermal-Keratinocytes-Z00000424,SAMPLE_TEST,Pearson,0.8042044371610759
Melody-ST,GSM5652321_Epidermal-Keratinocytes-Z00000424,SAMPLE_TEST,Spearman,0.7502470593397089
Melody-ST,GSM5652321_Epidermal-Keratinocytes-Z00000424,SAMPLE_TEST,AUC,0.9214125695713768
Melody-ST,GSM5652321_Epidermal-Keratinocytes-Z00000424,VALID,Pearson,0.7750223504455305
Melody-ST,GSM5652321_Epidermal-Keratinocytes-Z00000424,VALID,Spearman,0.6596104257495321
Melody-ST,GSM5652321_Epidermal-Keratinocytes-Z00000424,VALID,AUC,0.90511954714741
Melody-ST,GSM5652321_Epidermal-Keratinocytes-Z00000424,TEST,Pearson,0.7757467792261483
Melody-ST,GSM5652321_Epidermal-Keratinocytes-Z00000424,TEST,Spearman,0.6583735931002647
Melody-ST,GSM5652321_Epidermal-Keratinocytes-Z00000424,TEST,AUC,0.906375189656607
Melody-ST,GSM5652322_Tonsil-Palatine-Epithelial-Z000000QF,SAMPLE_VALID,Pearson,0.7893847249630351
Melody-ST,GSM5652322_Tonsil-Palatine-Epithelial-Z000000QF,SAMPLE_VALID,Spearman,0.754961076794791
Melody-ST,GSM5652322_Tonsil-Palatine-Epithelial-Z000000QF,SAMPLE_VALID,AUC,0.9122790687927969
Melody-ST,GSM5652322_Tonsil-Palatine-Epithelial-Z000000QF,SAMPLE_TEST,Pearson,0.8078102678663064
Melody-ST,GSM5652322_Tonsil-Palatine-Epithelial-Z000000QF,SAMPLE_TEST,Spearman,0.781742448820586
Melody-ST,GSM5652322_Tonsil-Palatine-Epithelial-Z000000QF,SAMPLE_TEST,AUC,0.9170688234767357
Melody-ST,GSM5652322_Tonsil-Palatine-Epithelial-Z000000QF,VALID,Pearson,0.7780117479864694
Melody-ST,GSM5652322_Tonsil-Palatine-Epithelial-Z000000QF,VALID,Spearman,0.7057727604017605
Melody-ST,GSM5652322_Tonsil-Palatine-Epithelial-Z000000QF,VALID,AUC,0.9030465521998217
Melody-ST,GSM5652322_Tonsil-Palatine-Epithelial-Z000000QF,TEST,Pearson,0.7770650957024426
Melody-ST,GSM5652322_Tonsil-Palatine-Epithelial-Z000000QF,TEST,Spearman,0.7025376543959804
Melody-ST,GSM5652322_Tonsil-Palatine-Epithelial-Z000000QF,TEST,AUC,0.9026174805587421
Melody-ST,GSM5652335_Lung-Bronchus-Epithelial-Z000000QD,SAMPLE_VALID,Pearson,0.7982718614046143
Melody-ST,GSM5652335_Lung-Bronchus-Epithelial-Z000000QD,SAMPLE_VALID,Spearman,0.753680486258068
Melody-ST,GSM5652335_Lung-Bronchus-Epithelial-Z000000QD,SAMPLE_VALID,AUC,0.9222938441250303
Melody-ST,GSM5652335_Lung-Bronchus-Epithelial-Z000000QD,SAMPLE_TEST,Pearson,0.8113785762413904
Melody-ST,GSM5652335_Lung-Bronchus-Epithelial-Z000000QD,SAMPLE_TEST,Spearman,0.7808456519239144
Melody-ST,GSM5652335_Lung-Bronchus-Epithelial-Z000000QD,SAMPLE_TEST,AUC,0.9225557288828073
Melody-ST,GSM5652335_Lung-Bronchus-Epithelial-Z000000QD,VALID,Pearson,0.7737068474973231
Melody-ST,GSM5652335_Lung-Bronchus-Epithelial-Z000000QD,VALID,Spearman,0.6487757612387673
Melody-ST,GSM5652335_Lung-Bronchus-Epithelial-Z000000QD,VALID,AUC,0.9081393381643197
Melody-ST,GSM5652335_Lung-Bronchus-Epithelial-Z000000QD,TEST,Pearson,0.7737241899484818
Melody-ST,GSM5652335_Lung-Bronchus-Epithelial-Z000000QD,TEST,Spearman,0.6441441920302229
Melody-ST,GSM5652335_Lung-Bronchus-Epithelial-Z000000QD,TEST,AUC,0.9073514520555042
Melody-ST,GSM5652338_Prostate-Epithelial-Z000000RV,SAMPLE_VALID,Pearson,0.803277769454342
Melody-ST,GSM5652338_Prostate-Epithelial-Z000000RV,SAMPLE_VALID,Spearman,0.7491137460045534
Melody-ST,GSM5652338_Prostate-Epithelial-Z000000RV,SAMPLE_VALID,AUC,0.919023640393456
Melody-ST,GSM5652338_Prostate-Epithelial-Z000000RV,SAMPLE_TEST,Pearson,0.8245805860725015
Melody-ST,GSM5652338_Prostate-Epithelial-Z000000RV,SAMPLE_TEST,Spearman,0.7715629905761514
Melody-ST,GSM5652338_Prostate-Epithelial-Z000000RV,SAMPLE_TEST,AUC,0.9265174769556869
Melody-ST,GSM5652338_Prostate-Epithelial-Z000000RV,VALID,Pearson,0.7883467087821864
Melody-ST,GSM5652338_Prostate-Epithelial-Z000000RV,VALID,Spearman,0.6593136254239256
Melody-ST,GSM5652338_Prostate-Epithelial-Z000000RV,VALID,AUC,0.9117718497623639
Melody-ST,GSM5652338_Prostate-Epithelial-Z000000RV,TEST,Pearson,0.7896264596071052
Melody-ST,GSM5652338_Prostate-Epithelial-Z000000RV,TEST,Spearman,0.6574951908655606
Melody-ST,GSM5652338_Prostate-Epithelial-Z000000RV,TEST,AUC,0.9123445295305619
Melody-ST,GSM5652342_Bladder-Epithelial-Z000000QM,SAMPLE_VALID,Pearson,0.7479663513805587
Melody-ST,GSM5652342_Bladder-Epithelial-Z000000QM,SAMPLE_VALID,Spearman,0.7065607198947067
Melody-ST,GSM5652342_Bladder-Epithelial-Z000000QM,SAMPLE_VALID,AUC,0.8966190680862826
Melody-ST,GSM5652342_Bladder-Epithelial-Z000000QM,SAMPLE_TEST,Pearson,0.7947956973246082
Melody-ST,GSM5652342_Bladder-Epithelial-Z000000QM,SAMPLE_TEST,Spearman,0.7502915427796709
Melody-ST,GSM5652342_Bladder-Epithelial-Z000000QM,SAMPLE_TEST,AUC,0.9147681749709937
Melody-ST,GSM5652342_Bladder-Epithelial-Z000000QM,VALID,Pearson,0.7644180980097026
Melody-ST,GSM5652342_Bladder-Epithelial-Z000000QM,VALID,Spearman,0.6645372526165092
Melody-ST,GSM5652342_Bladder-Epithelial-Z000000QM,VALID,AUC,0.9012229641442594
Melody-ST,GSM5652342_Bladder-Epithelial-Z000000QM,TEST,Pearson,0.7682327854244296
Melody-ST,GSM5652342_Bladder-Epithelial-Z000000QM,TEST,Spearman,0.6653328704546587
Melody-ST,GSM5652342_Bladder-Epithelial-Z000000QM,TEST,AUC,0.9021366640289789
Melody-ST,GSM5652347_Breast-Luminal-Epithelial-Z000000V2,SAMPLE_VALID,Pearson,0.8054761173869633
Melody-ST,GSM5652347_Breast-Luminal-Epithelial-Z000000V2,SAMPLE_VALID,Spearman,0.7143487071670344
Melody-ST,GSM5652347_Breast-Luminal-Epithelial-Z000000V2,SAMPLE_VALID,AUC,0.9219780034952408
Melody-ST,GSM5652347_Breast-Luminal-Epithelial-Z000000V2,SAMPLE_TEST,Pearson,0.8254402868721553
Melody-ST,GSM5652347_Breast-Luminal-Epithelial-Z000000V2,SAMPLE_TEST,Spearman,0.7421167920838081
Melody-ST,GSM5652347_Breast-Luminal-Epithelial-Z000000V2,SAMPLE_TEST,AUC,0.9295816550465298
Melody-ST,GSM5652347_Breast-Luminal-Epithelial-Z000000V2,VALID,Pearson,0.7879549565910341
Melody-ST,GSM5652347_Breast-Luminal-Epithelial-Z000000V2,VALID,Spearman,0.6093305573132418
Melody-ST,GSM5652347_Breast-Luminal-Epithelial-Z000000V2,VALID,AUC,0.9119043898939726
Melody-ST,GSM5652347_Breast-Luminal-Epithelial-Z000000V2,TEST,Pearson,0.7887732565576181
Melody-ST,GSM5652347_Breast-Luminal-Epithelial-Z000000V2,TEST,Spearman,0.6135237964419804
Melody-ST,GSM5652347_Breast-Luminal-Epithelial-Z000000V2,TEST,AUC,0.9122999727598863
Melody-ST,GSM5652350_Breast-Basal-Epithelial-Z000000V6,SAMPLE_VALID,Pearson,0.7958988388374413
Melody-ST,GSM5652350_Breast-Basal-Epithelial-Z000000V6,SAMPLE_VALID,Spearman,0.6730432112347418
Melody-ST,GSM5652350_Breast-Basal-Epithelial-Z000000V6,SAMPLE_VALID,AUC,0.9211170494367174
Melody-ST,GSM5652350_Breast-Basal-Epithelial-Z000000V6,SAMPLE_TEST,Pearson,0.8115272754521984
Melody-ST,GSM5652350_Breast-Basal-Epithelial-Z000000V6,SAMPLE_TEST,Spearman,0.7114123697767999
Melody-ST,GSM5652350_Breast-Basal-Epithelial-Z000000V6,SAMPLE_TEST,AUC,0.9268595220869255
Melody-ST,GSM5652350_Breast-Basal-Epithelial-Z000000V6,VALID,Pearson,0.7756669717814785
Melody-ST,GSM5652350_Breast-Basal-Epithelial-Z000000V6,VALID,Spearman,0.5805286861229251
Melody-ST,GSM5652350_Breast-Basal-Epithelial-Z000000V6,VALID,AUC,0.9063300969074652
Melody-ST,GSM5652350_Breast-Basal-Epithelial-Z000000V6,TEST,Pearson,0.7761181353046098
Melody-ST,GSM5652350_Breast-Basal-Epithelial-Z000000V6,TEST,Spearman,0.5843797127309072
Melody-ST,GSM5652350_Breast-Basal-Epithelial-Z000000V6,TEST,AUC,0.9068123559790269
Melody-ST,GSM5652354_Lung-Alveolar-Epithelial-Z000000T1,SAMPLE_VALID,Pearson,0.8017551679503611
Melody-ST,GSM5652354_Lung-Alveolar-Epithelial-Z000000T1,SAMPLE_VALID,Spearman,0.7617426969894568
Melody-ST,GSM5652354_Lung-Alveolar-Epithelial-Z000000T1,SAMPLE_VALID,AUC,0.9181634351361319
Melody-ST,GSM5652354_Lung-Alveolar-Epithelial-Z000000T1,SAMPLE_TEST,Pearson,0.8166947344424165
Melody-ST,GSM5652354_Lung-Alveolar-Epithelial-Z000000T1,SAMPLE_TEST,Spearman,0.7788339377854433
Melody-ST,GSM5652354_Lung-Alveolar-Epithelial-Z000000T1,SAMPLE_TEST,AUC,0.9213241662547766
Melody-ST,GSM5652354_Lung-Alveolar-Epithelial-Z000000T1,VALID,Pearson,0.7997850307968278
Melody-ST,GSM5652354_Lung-Alveolar-Epithelial-Z000000T1,VALID,Spearman,0.681606029019394
Melody-ST,GSM5652354_Lung-Alveolar-Epithelial-Z000000T1,VALID,AUC,0.9133820591137178
Melody-ST,GSM5652354_Lung-Alveolar-Epithelial-Z000000T1,TEST,Pearson,0.797095634142544
Melody-ST,GSM5652354_Lung-Alveolar-Epithelial-Z000000T1,TEST,Spearman,0.6755108586894604
Melody-ST,GSM5652354_Lung-Alveolar-Epithelial-Z000000T1,TEST,AUC,0.9122363626695874
Melody-ST,GSM5652358_Gallbladder-Epithelial-Z00000432,SAMPLE_VALID,Pearson,0.7722767797515403
Melody-ST,GSM5652358_Gallbladder-Epithelial-Z00000432,SAMPLE_VALID,Spearman,0.7096924522710524
Melody-ST,GSM5652358_Gallbladder-Epithelial-Z00000432,SAMPLE_VALID,AUC,0.9133606162998302
Melody-ST,GSM5652358_Gallbladder-Epithelial-Z00000432,SAMPLE_TEST,Pearson,0.780221710824882
Melody-ST,GSM5652358_Gallbladder-Epithelial-Z00000432,SAMPLE_TEST,Spearman,0.7418223622837109
Melody-ST,GSM5652358_Gallbladder-Epithelial-Z00000432,SAMPLE_TEST,AUC,0.91372292043664
Melody-ST,GSM5652358_Gallbladder-Epithelial-Z00000432,VALID,Pearson,0.7607397046437119
Melody-ST,GSM5652358_Gallbladder-Epithelial-Z00000432,VALID,Spearman,0.6025065076688192
Melody-ST,GSM5652358_Gallbladder-Epithelial-Z00000432,VALID,AUC,0.9075568529467382
Melody-ST,GSM5652358_Gallbladder-Epithelial-Z00000432,TEST,Pearson,0.7623385873082728
Melody-ST,GSM5652358_Gallbladder-Epithelial-Z00000432,TEST,Spearman,0.6031559485565771
Melody-ST,GSM5652358_Gallbladder-Epithelial-Z00000432,TEST,AUC,0.9077319619231325
Melody-ST,GSM5652359_Gastric-fundus-Epithelial-Z000000RX,SAMPLE_VALID,Pearson,0.7927712883426322
Melody-ST,GSM5652359_Gastric-fundus-Epithelial-Z000000RX,SAMPLE_VALID,Spearman,0.7379340946178188
Melody-ST,GSM5652359_Gastric-fundus-Epithelial-Z000000RX,SAMPLE_VALID,AUC,0.9161921470281387
Melody-ST,GSM5652359_Gastric-fundus-Epithelial-Z000000RX,SAMPLE_TEST,Pearson,0.803182219079967
Melody-ST,GSM5652359_Gastric-fundus-Epithelial-Z000000RX,SAMPLE_TEST,Spearman,0.7536409957562474
Melody-ST,GSM5652359_Gastric-fundus-Epithelial-Z000000RX,SAMPLE_TEST,AUC,0.9209106233445697
Melody-ST,GSM5652359_Gastric-fundus-Epithelial-Z000000RX,VALID,Pearson,0.7742087584390944
Melody-ST,GSM5652359_Gastric-fundus-Epithelial-Z000000RX,VALID,Spearman,0.6778883911603881
Melody-ST,GSM5652359_Gastric-fundus-Epithelial-Z000000RX,VALID,AUC,0.9045357100362681
Melody-ST,GSM5652359_Gastric-fundus-Epithelial-Z000000RX,TEST,Pearson,0.7720738466915179
Melody-ST,GSM5652359_Gastric-fundus-Epithelial-Z000000RX,TEST,Spearman,0.6735654687258035
Melody-ST,GSM5652359_Gastric-fundus-Epithelial-Z000000RX,TEST,AUC,0.9032435931141465
Melody-ST,GSM5652370_Colon-Right-Epithelial-Z000000V0,SAMPLE_VALID,Pearson,0.7532272355891398
Melody-ST,GSM5652370_Colon-Right-Epithelial-Z000000V0,SAMPLE_VALID,Spearman,0.6811005603120591
Melody-ST,GSM5652370_Colon-Right-Epithelial-Z000000V0,SAMPLE_VALID,AUC,0.9071057839979766
Melody-ST,GSM5652370_Colon-Right-Epithelial-Z000000V0,SAMPLE_TEST,Pearson,0.7766902704595184
Melody-ST,GSM5652370_Colon-Right-Epithelial-Z000000V0,SAMPLE_TEST,Spearman,0.7253974530317555
Melody-ST,GSM5652370_Colon-Right-Epithelial-Z000000V0,SAMPLE_TEST,AUC,0.9134848090939585
Melody-ST,GSM5652370_Colon-Right-Epithelial-Z000000V0,VALID,Pearson,0.7609118890667956
Melody-ST,GSM5652370_Colon-Right-Epithelial-Z000000V0,VALID,Spearman,0.6355381266029565
Melody-ST,GSM5652370_Colon-Right-Epithelial-Z000000V0,VALID,AUC,0.9063158043729289
Melody-ST,GSM5652370_Colon-Right-Epithelial-Z000000V0,TEST,Pearson,0.7598943809785594
Melody-ST,GSM5652370_Colon-Right-Epithelial-Z000000V0,TEST,Spearman,0.6355638639589212
Melody-ST,GSM5652370_Colon-Right-Epithelial-Z000000V0,TEST,AUC,0.9046504046173954
Melody-ST,GSM5652378_Small-int-Epithelial-Z0000042V,SAMPLE_VALID,Pearson,0.7596222460025528
Melody-ST,GSM5652378_Small-int-Epithelial-Z0000042V,SAMPLE_VALID,Spearman,0.6837532142673695
Melody-ST,GSM5652378_Small-int-Epithelial-Z0000042V,SAMPLE_VALID,AUC,0.905907087716176
Melody-ST,GSM5652378_Small-int-Epithelial-Z0000042V,SAMPLE_TEST,Pearson,0.7811451011310699
Melody-ST,GSM5652378_Small-int-Epithelial-Z0000042V,SAMPLE_TEST,Spearman,0.7233496777442947
Melody-ST,GSM5652378_Small-int-Epithelial-Z0000042V,SAMPLE_TEST,AUC,0.9116062317926613
Melody-ST,GSM5652378_Small-int-Epithelial-Z0000042V,VALID,Pearson,0.757049885228401
Melody-ST,GSM5652378_Small-int-Epithelial-Z0000042V,VALID,Spearman,0.6402369378150917
Melody-ST,GSM5652378_Small-int-Epithelial-Z0000042V,VALID,AUC,0.9039159596973603
Melody-ST,GSM5652378_Small-int-Epithelial-Z0000042V,TEST,Pearson,0.7609226967246312
Melody-ST,GSM5652378_Small-int-Epithelial-Z0000042V,TEST,Spearman,0.6478478518925629
Melody-ST,GSM5652378_Small-int-Epithelial-Z0000042V,TEST,AUC,0.9032142065383478
Melody-MT-10k,GSM5652176_Adipocytes-Z000000T7,SAMPLE_VALID,Pearson,0.8279117546585054
Melody-MT-10k,GSM5652176_Adipocytes-Z000000T7,SAMPLE_VALID,Spearman,0.7804035867584237
Melody-MT-10k,GSM5652176_Adipocytes-Z000000T7,SAMPLE_VALID,AUC,0.9214870119968972
Melody-MT-10k,GSM5652176_Adipocytes-Z000000T7,SAMPLE_TEST,Pearson,0.8480739890149284
Melody-MT-10k,GSM5652176_Adipocytes-Z000000T7,SAMPLE_TEST,Spearman,0.7875545247518645
Melody-MT-10k,GSM5652176_Adipocytes-Z000000T7,SAMPLE_TEST,AUC,0.9297838174372187
Melody-MT-10k,GSM5652176_Adipocytes-Z000000T7,VALID,Pearson,0.8106209737039858
Melody-MT-10k,GSM5652176_Adipocytes-Z000000T7,VALID,Spearman,0.6836713555394857
Melody-MT-10k,GSM5652176_Adipocytes-Z000000T7,VALID,AUC,0.91058035127675
Melody-MT-10k,GSM5652176_Adipocytes-Z000000T7,TEST,Pearson,0.8110498052403096
Melody-MT-10k,GSM5652176_Adipocytes-Z000000T7,TEST,Spearman,0.69892696259822
Melody-MT-10k,GSM5652176_Adipocytes-Z000000T7,TEST,AUC,0.9113777847088732
Melody-MT-10k,GSM5652179_Aorta-Endothel-Z00000422,SAMPLE_VALID,Pearson,0.776123740532622
Melody-MT-10k,GSM5652179_Aorta-Endothel-Z00000422,SAMPLE_VALID,Spearman,0.7069048616096997
Melody-MT-10k,GSM5652179_Aorta-Endothel-Z00000422,SAMPLE_VALID,AUC,0.9088360463565724
Melody-MT-10k,GSM5652179_Aorta-Endothel-Z00000422,SAMPLE_TEST,Pearson,0.8017196987211496
Melody-MT-10k,GSM5652179_Aorta-Endothel-Z00000422,SAMPLE_TEST,Spearman,0.7210936733337784
Melody-MT-10k,GSM5652179_Aorta-Endothel-Z00000422,SAMPLE_TEST,AUC,0.9166063143473314
Melody-MT-10k,GSM5652179_Aorta-Endothel-Z00000422,VALID,Pearson,0.7775981509368055
Melody-MT-10k,GSM5652179_Aorta-Endothel-Z00000422,VALID,Spearman,0.6861803049294077
Melody-MT-10k,GSM5652179_Aorta-Endothel-Z00000422,VALID,AUC,0.8994162732586956
Melody-MT-10k,GSM5652179_Aorta-Endothel-Z00000422,TEST,Pearson,0.7774040526773404
Melody-MT-10k,GSM5652179_Aorta-Endothel-Z00000422,TEST,Spearman,0.689780344020156
Melody-MT-10k,GSM5652179_Aorta-Endothel-Z00000422,TEST,AUC,0.8999236984589686
Melody-MT-10k,GSM5652189_Kidney-Tubular-Endothel-Z0000042R,SAMPLE_VALID,Pearson,0.7996933093139877
Melody-MT-10k,GSM5652189_Kidney-Tubular-Endothel-Z0000042R,SAMPLE_VALID,Spearman,0.6963731399172087
Melody-MT-10k,GSM5652189_Kidney-Tubular-Endothel-Z0000042R,SAMPLE_VALID,AUC,0.9195831448659494
Melody-MT-10k,GSM5652189_Kidney-Tubular-Endothel-Z0000042R,SAMPLE_TEST,Pearson,0.8120102428978371
Melody-MT-10k,GSM5652189_Kidney-Tubular-Endothel-Z0000042R,SAMPLE_TEST,Spearman,0.7080762937878026
Melody-MT-10k,GSM5652189_Kidney-Tubular-Endothel-Z0000042R,SAMPLE_TEST,AUC,0.9235961973618425
Melody-MT-10k,GSM5652189_Kidney-Tubular-Endothel-Z0000042R,VALID,Pearson,0.7934902783169931
Melody-MT-10k,GSM5652189_Kidney-Tubular-Endothel-Z0000042R,VALID,Spearman,0.6204351962291945
Melody-MT-10k,GSM5652189_Kidney-Tubular-Endothel-Z0000042R,VALID,AUC,0.9119491453996541
Melody-MT-10k,GSM5652189_Kidney-Tubular-Endothel-Z0000042R,TEST,Pearson,0.791927353759831
Melody-MT-10k,GSM5652189_Kidney-Tubular-Endothel-Z0000042R,TEST,Spearman,0.6181970587186479
Melody-MT-10k,GSM5652189_Kidney-Tubular-Endothel-Z0000042R,TEST,AUC,0.9101780859110721
Melody-MT-10k,GSM5652198_Colon-Fibroblasts-Z0000042A,SAMPLE_VALID,Pearson,0.8275004299344714
Melody-MT-10k,GSM5652198_Colon-Fibroblasts-Z0000042A,SAMPLE_VALID,Spearman,0.7747690947580144
Melody-MT-10k,GSM5652198_Colon-Fibroblasts-Z0000042A,SAMPLE_VALID,AUC,0.923115688838435
Melody-MT-10k,GSM5652198_Colon-Fibroblasts-Z0000042A,SAMPLE_TEST,Pearson,0.845332738162169
Melody-MT-10k,GSM5652198_Colon-Fibroblasts-Z0000042A,SAMPLE_TEST,Spearman,0.7850160654614133
Melody-MT-10k,GSM5652198_Colon-Fibroblasts-Z0000042A,SAMPLE_TEST,AUC,0.9281566661502212
Melody-MT-10k,GSM5652198_Colon-Fibroblasts-Z0000042A,VALID,Pearson,0.8104546991543599
Melody-MT-10k,GSM5652198_Colon-Fibroblasts-Z0000042A,VALID,Spearman,0.7165486336442686
Melody-MT-10k,GSM5652198_Colon-Fibroblasts-Z0000042A,VALID,AUC,0.9081622814522795
Melody-MT-10k,GSM5652198_Colon-Fibroblasts-Z0000042A,TEST,Pearson,0.8079961330222025
Melody-MT-10k,GSM5652198_Colon-Fibroblasts-Z0000042A,TEST,Spearman,0.709388143339094
Melody-MT-10k,GSM5652198_Colon-Fibroblasts-Z0000042A,TEST,AUC,0.907351607495919
Melody-MT-10k,GSM5652200_Heart-Fibroblasts-Z0000043R,SAMPLE_VALID,Pearson,0.7410693955002355
Melody-MT-10k,GSM5652200_Heart-Fibroblasts-Z0000043R,SAMPLE_VALID,Spearman,0.6934546703685676
Melody-MT-10k,GSM5652200_Heart-Fibroblasts-Z0000043R,SAMPLE_VALID,AUC,0.8807286062996981
Melody-MT-10k,GSM5652200_Heart-Fibroblasts-Z0000043R,SAMPLE_TEST,Pearson,0.7673970884889649
Melody-MT-10k,GSM5652200_Heart-Fibroblasts-Z0000043R,SAMPLE_TEST,Spearman,0.7027102554338979
Melody-MT-10k,GSM5652200_Heart-Fibroblasts-Z0000043R,SAMPLE_TEST,AUC,0.8920256704176784
Melody-MT-10k,GSM5652200_Heart-Fibroblasts-Z0000043R,VALID,Pearson,0.7160159100862985
Melody-MT-10k,GSM5652200_Heart-Fibroblasts-Z0000043R,VALID,Spearman,0.6826159440038682
Melody-MT-10k,GSM5652200_Heart-Fibroblasts-Z0000043R,VALID,AUC,0.8569218494368227
Melody-MT-10k,GSM5652200_Heart-Fibroblasts-Z0000043R,TEST,Pearson,0.7165406659270649
Melody-MT-10k,GSM5652200_Heart-Fibroblasts-Z0000043R,TEST,Spearman,0.6900862604372171
Melody-MT-10k,GSM5652200_Heart-Fibroblasts-Z0000043R,TEST,AUC,0.856498284574134
Melody-MT-10k,GSM5652204_Dermal-Fibroblasts-Z00000423,SAMPLE_VALID,Pearson,0.7803615260019592
Melody-MT-10k,GSM5652204_Dermal-Fibroblasts-Z00000423,SAMPLE_VALID,Spearman,0.7346665874652544
Melody-MT-10k,GSM5652204_Dermal-Fibroblasts-Z00000423,SAMPLE_VALID,AUC,0.9028712364433535
Melody-MT-10k,GSM5652204_Dermal-Fibroblasts-Z00000423,SAMPLE_TEST,Pearson,0.8282731818951378
Melody-MT-10k,GSM5652204_Dermal-Fibroblasts-Z00000423,SAMPLE_TEST,Spearman,0.7490961996024731
Melody-MT-10k,GSM5652204_Dermal-Fibroblasts-Z00000423,SAMPLE_TEST,AUC,0.9240408996581759
Melody-MT-10k,GSM5652204_Dermal-Fibroblasts-Z00000423,VALID,Pearson,0.7792621935055867
Melody-MT-10k,GSM5652204_Dermal-Fibroblasts-Z00000423,VALID,Spearman,0.6890534058628126
Melody-MT-10k,GSM5652204_Dermal-Fibroblasts-Z00000423,VALID,AUC,0.8971472783387159
Melody-MT-10k,GSM5652204_Dermal-Fibroblasts-Z00000423,TEST,Pearson,0.7795331569229227
Melody-MT-10k,GSM5652204_Dermal-Fibroblasts-Z00000423,TEST,Spearman,0.6884100772975704
Melody-MT-10k,GSM5652204_Dermal-Fibroblasts-Z00000423,TEST,AUC,0.8965626775582946
Melody-MT-10k,GSM5652205_Skeletal-Muscle-Z00000427,SAMPLE_VALID,Pearson,0.7989614216865457
Melody-MT-10k,GSM5652205_Skeletal-Muscle-Z00000427,SAMPLE_VALID,Spearman,0.7481487154792255
Melody-MT-10k,GSM5652205_Skeletal-Muscle-Z00000427,SAMPLE_VALID,AUC,0.9006644602840042
Melody-MT-10k,GSM5652205_Skeletal-Muscle-Z00000427,SAMPLE_TEST,Pearson,0.8202483440623709
Melody-MT-10k,GSM5652205_Skeletal-Muscle-Z00000427,SAMPLE_TEST,Spearman,0.7593047828289492
Melody-MT-10k,GSM5652205_Skeletal-Muscle-Z00000427,SAMPLE_TEST,AUC,0.909682727590934
Melody-MT-10k,GSM5652205_Skeletal-Muscle-Z00000427,VALID,Pearson,0.7948576771712609
Melody-MT-10k,GSM5652205_Skeletal-Muscle-Z00000427,VALID,Spearman,0.6754794537542048
Melody-MT-10k,GSM5652205_Skeletal-Muscle-Z00000427,VALID,AUC,0.8983832954821981
Melody-MT-10k,GSM5652205_Skeletal-Muscle-Z00000427,TEST,Pearson,0.7947410859531866
Melody-MT-10k,GSM5652205_Skeletal-Muscle-Z00000427,TEST,Spearman,0.6798520181608794
Melody-MT-10k,GSM5652205_Skeletal-Muscle-Z00000427,TEST,AUC,0.8996020140346882
Melody-MT-10k,GSM5652207_Aorta-Smooth-Muscle-Z0000041U,SAMPLE_VALID,Pearson,0.7779710194856584
Melody-MT-10k,GSM5652207_Aorta-Smooth-Muscle-Z0000041U,SAMPLE_VALID,Spearman,0.7327451097692074
Melody-MT-10k,GSM5652207_Aorta-Smooth-Muscle-Z0000041U,SAMPLE_VALID,AUC,0.8993949478791632
Melody-MT-10k,GSM5652207_Aorta-Smooth-Muscle-Z0000041U,SAMPLE_TEST,Pearson,0.8039399872447015
Melody-MT-10k,GSM5652207_Aorta-Smooth-Muscle-Z0000041U,SAMPLE_TEST,Spearman,0.7562484152420232
Melody-MT-10k,GSM5652207_Aorta-Smooth-Muscle-Z0000041U,SAMPLE_TEST,AUC,0.9093108838635834
Melody-MT-10k,GSM5652207_Aorta-Smooth-Muscle-Z0000041U,VALID,Pearson,0.7556910368226425
Melody-MT-10k,GSM5652207_Aorta-Smooth-Muscle-Z0000041U,VALID,Spearman,0.7157511720099203
Melody-MT-10k,GSM5652207_Aorta-Smooth-Muscle-Z0000041U,VALID,AUC,0.8768578887179428
Melody-MT-10k,GSM5652207_Aorta-Smooth-Muscle-Z0000041U,TEST,Pearson,0.753509677299041
Melody-MT-10k,GSM5652207_Aorta-Smooth-Muscle-Z0000041U,TEST,Spearman,0.7074255178457443
Melody-MT-10k,GSM5652207_Aorta-Smooth-Muscle-Z0000041U,TEST,AUC,0.8740003462247654
Melody-MT-10k,GSM5652215_Heart-Cardiomyocyte-Z0000044P,SAMPLE_VALID,Pearson,0.7206208303755189
Melody-MT-10k,GSM5652215_Heart-Cardiomyocyte-Z0000044P,SAMPLE_VALID,Spearman,0.6308044049766155
Melody-MT-10k,GSM5652215_Heart-Cardiomyocyte-Z0000044P,SAMPLE_VALID,AUC,0.8851292567497633
Melody-MT-10k,GSM5652215_Heart-Cardiomyocyte-Z0000044P,SAMPLE_TEST,Pearson,0.7228600260193181
Melody-MT-10k,GSM5652215_Heart-Cardiomyocyte-Z0000044P,SAMPLE_TEST,Spearman,0.610133824866571
Melody-MT-10k,GSM5652215_Heart-Cardiomyocyte-Z0000044P,SAMPLE_TEST,AUC,0.882902016890207
Melody-MT-10k,GSM5652215_Heart-Cardiomyocyte-Z0000044P,VALID,Pearson,0.7029098132589275
Melody-MT-10k,GSM5652215_Heart-Cardiomyocyte-Z0000044P,VALID,Spearman,0.5196806429186119
Melody-MT-10k,GSM5652215_Heart-Cardiomyocyte-Z0000044P,VALID,AUC,0.8680790112763191
Melody-MT-10k,GSM5652215_Heart-Cardiomyocyte-Z0000044P,TEST,Pearson,0.6969838687232469
Melody-MT-10k,GSM5652215_Heart-Cardiomyocyte-Z0000044P,TEST,Spearman,0.5130968350535019
Melody-MT-10k,GSM5652215_Heart-Cardiomyocyte-Z0000044P,TEST,AUC,0.8659522166383551
Melody-MT-10k,GSM5652218_Bone-Osteoblasts-Z0000042Z,SAMPLE_VALID,Pearson,0.7804838731526067
Melody-MT-10k,GSM5652218_Bone-Osteoblasts-Z0000042Z,SAMPLE_VALID,Spearman,0.7355790587366886
Melody-MT-10k,GSM5652218_Bone-Osteoblasts-Z0000042Z,SAMPLE_VALID,AUC,0.9025204618939154
Melody-MT-10k,GSM5652218_Bone-Osteoblasts-Z0000042Z,SAMPLE_TEST,Pearson,0.8051025400113585
Melody-MT-10k,GSM5652218_Bone-Osteoblasts-Z0000042Z,SAMPLE_TEST,Spearman,0.7624976226146429
Melody-MT-10k,GSM5652218_Bone-Osteoblasts-Z0000042Z,SAMPLE_TEST,AUC,0.911537254579964
Melody-MT-10k,GSM5652218_Bone-Osteoblasts-Z0000042Z,VALID,Pearson,0.7626342168418149
Melody-MT-10k,GSM5652218_Bone-Osteoblasts-Z0000042Z,VALID,Spearman,0.7157327084403217
Melody-MT-10k,GSM5652218_Bone-Osteoblasts-Z0000042Z,VALID,AUC,0.8842915280495877
Melody-MT-10k,GSM5652218_Bone-Osteoblasts-Z0000042Z,TEST,Pearson,0.7596610325692003
Melody-MT-10k,GSM5652218_Bone-Osteoblasts-Z0000042Z,TEST,Spearman,0.7223166268209732
Melody-MT-10k,GSM5652218_Bone-Osteoblasts-Z0000042Z,TEST,AUC,0.8833632588796827
Melody-MT-10k,GSM5652219_Oligodendrocytes-Z000000TK,SAMPLE_VALID,Pearson,0.8077727938510768
Melody-MT-10k,GSM5652219_Oligodendrocytes-Z000000TK,SAMPLE_VALID,Spearman,0.6580052247940007
Melody-MT-10k,GSM5652219_Oligodendrocytes-Z000000TK,SAMPLE_VALID,AUC,0.9214386710602641
Melody-MT-10k,GSM5652219_Oligodendrocytes-Z000000TK,SAMPLE_TEST,Pearson,0.8261190795003304
Melody-MT-10k,GSM5652219_Oligodendrocytes-Z000000TK,SAMPLE_TEST,Spearman,0.6974116946311933
Melody-MT-10k,GSM5652219_Oligodendrocytes-Z000000TK,SAMPLE_TEST,AUC,0.9320987277322287
Melody-MT-10k,GSM5652219_Oligodendrocytes-Z000000TK,VALID,Pearson,0.7972554596581364
Melody-MT-10k,GSM5652219_Oligodendrocytes-Z000000TK,VALID,Spearman,0.5795017768359432
Melody-MT-10k,GSM5652219_Oligodendrocytes-Z000000TK,VALID,AUC,0.9138093347900567
Melody-MT-10k,GSM5652219_Oligodendrocytes-Z000000TK,TEST,Pearson,0.7964998443492725
Melody-MT-10k,GSM5652219_Oligodendrocytes-Z000000TK,TEST,Spearman,0.5734905235437745
Melody-MT-10k,GSM5652219_Oligodendrocytes-Z000000TK,TEST,AUC,0.9137233111224564
Melody-MT-10k,GSM5652223_Cortex-Neuron-Z000000TF,SAMPLE_VALID,Pearson,0.8402969137253545
Melody-MT-10k,GSM5652223_Cortex-Neuron-Z000000TF,SAMPLE_VALID,Spearman,0.7191688835768668
Melody-MT-10k,GSM5652223_Cortex-Neuron-Z000000TF,SAMPLE_VALID,AUC,0.9327310951698635
Melody-MT-10k,GSM5652223_Cortex-Neuron-Z000000TF,SAMPLE_TEST,Pearson,0.8621287231815045
Melody-MT-10k,GSM5652223_Cortex-Neuron-Z000000TF,SAMPLE_TEST,Spearman,0.7276494246678874
Melody-MT-10k,GSM5652223_Cortex-Neuron-Z000000TF,SAMPLE_TEST,AUC,0.9437502087126011
Melody-MT-10k,GSM5652223_Cortex-Neuron-Z000000TF,VALID,Pearson,0.8215487393785905
Melody-MT-10k,GSM5652223_Cortex-Neuron-Z000000TF,VALID,Spearman,0.604464235513619
Melody-MT-10k,GSM5652223_Cortex-Neuron-Z000000TF,VALID,AUC,0.9189456309347568
Melody-MT-10k,GSM5652223_Cortex-Neuron-Z000000TF,TEST,Pearson,0.8187986405470662
Melody-MT-10k,GSM5652223_Cortex-Neuron-Z000000TF,TEST,Spearman,0.6106504638660579
Melody-MT-10k,GSM5652223_Cortex-Neuron-Z000000TF,TEST,AUC,0.9180418697685798
Melody-MT-10k,GSM5652233_Liver-Hepatocytes-Z000000R3,SAMPLE_VALID,Pearson,0.7967357325573132
Melody-MT-10k,GSM5652233_Liver-Hepatocytes-Z000000R3,SAMPLE_VALID,Spearman,0.6594427887376386
Melody-MT-10k,GSM5652233_Liver-Hepatocytes-Z000000R3,SAMPLE_VALID,AUC,0.9234425757915945
Melody-MT-10k,GSM5652233_Liver-Hepatocytes-Z000000R3,SAMPLE_TEST,Pearson,0.8107019116447478
Melody-MT-10k,GSM5652233_Liver-Hepatocytes-Z000000R3,SAMPLE_TEST,Spearman,0.687846887188598
Melody-MT-10k,GSM5652233_Liver-Hepatocytes-Z000000R3,SAMPLE_TEST,AUC,0.9270479938760732
Melody-MT-10k,GSM5652233_Liver-Hepatocytes-Z000000R3,VALID,Pearson,0.7841647779996348
Melody-MT-10k,GSM5652233_Liver-Hepatocytes-Z000000R3,VALID,Spearman,0.6412136185854178
Melody-MT-10k,GSM5652233_Liver-Hepatocytes-Z000000R3,VALID,AUC,0.9056341597373064
Melody-MT-10k,GSM5652233_Liver-Hepatocytes-Z000000R3,TEST,Pearson,0.7771663532444025
Melody-MT-10k,GSM5652233_Liver-Hepatocytes-Z000000R3,TEST,Spearman,0.6465509405040837
Melody-MT-10k,GSM5652233_Liver-Hepatocytes-Z000000R3,TEST,AUC,0.9010782601072616
Melody-MT-10k,GSM5652239_Pancreas-Duct-Z0000043T,SAMPLE_VALID,Pearson,0.7857027732083739
Melody-MT-10k,GSM5652239_Pancreas-Duct-Z0000043T,SAMPLE_VALID,Spearman,0.6744232932034447
Melody-MT-10k,GSM5652239_Pancreas-Duct-Z0000043T,SAMPLE_VALID,AUC,0.9175874636638504
Melody-MT-10k,GSM5652239_Pancreas-Duct-Z0000043T,SAMPLE_TEST,Pearson,0.7973873628093495
Melody-MT-10k,GSM5652239_Pancreas-Duct-Z0000043T,SAMPLE_TEST,Spearman,0.6835871980966993
Melody-MT-10k,GSM5652239_Pancreas-Duct-Z0000043T,SAMPLE_TEST,AUC,0.9196978611843468
Melody-MT-10k,GSM5652239_Pancreas-Duct-Z0000043T,VALID,Pearson,0.7864604343904467
Melody-MT-10k,GSM5652239_Pancreas-Duct-Z0000043T,VALID,Spearman,0.5898231308860019
Melody-MT-10k,GSM5652239_Pancreas-Duct-Z0000043T,VALID,AUC,0.9097014790796171
Melody-MT-10k,GSM5652239_Pancreas-Duct-Z0000043T,TEST,Pearson,0.7831963391778011
Melody-MT-10k,GSM5652239_Pancreas-Duct-Z0000043T,TEST,Spearman,0.5991123382306218
Melody-MT-10k,GSM5652239_Pancreas-Duct-Z0000043T,TEST,AUC,0.9073287306991819
Melody-MT-10k,GSM5652243_Pancreas-Acinar-Z000000QX,SAMPLE_VALID,Pearson,0.7275627172283692
Melody-MT-10k,GSM5652243_Pancreas-Acinar-Z000000QX,SAMPLE_VALID,Spearman,0.6788067160748268
Melody-MT-10k,GSM5652243_Pancreas-Acinar-Z000000QX,SAMPLE_VALID,AUC,0.8836703112342731
Melody-MT-10k,GSM5652243_Pancreas-Acinar-Z000000QX,SAMPLE_TEST,Pearson,0.7653367666892767
Melody-MT-10k,GSM5652243_Pancreas-Acinar-Z000000QX,SAMPLE_TEST,Spearman,0.695173529146625
Melody-MT-10k,GSM5652243_Pancreas-Acinar-Z000000QX,SAMPLE_TEST,AUC,0.8996304315013364
Melody-MT-10k,GSM5652243_Pancreas-Acinar-Z000000QX,VALID,Pearson,0.7498059706589162
Melody-MT-10k,GSM5652243_Pancreas-Acinar-Z000000QX,VALID,Spearman,0.6988145538251558
Melody-MT-10k,GSM5652243_Pancreas-Acinar-Z000000QX,VALID,AUC,0.8855758260206824
Melody-MT-10k,GSM5652243_Pancreas-Acinar-Z000000QX,TEST,Pearson,0.752518246834121
Melody-MT-10k,GSM5652243_Pancreas-Acinar-Z000000QX,TEST,Spearman,0.6891629442959842
Melody-MT-10k,GSM5652243_Pancreas-Acinar-Z000000QX,TEST,AUC,0.8846340678581391
Melody-MT-10k,GSM5652247_Pancreas-Delta-Z00000451,SAMPLE_VALID,Pearson,0.79456502489307
Melody-MT-10k,GSM5652247_Pancreas-Delta-Z00000451,SAMPLE_VALID,Spearman,0.6633853246623601
Melody-MT-10k,GSM5652247_Pancreas-Delta-Z00000451,SAMPLE_VALID,AUC,0.9201424053044003
Melody-MT-10k,GSM5652247_Pancreas-Delta-Z00000451,SAMPLE_TEST,Pearson,0.8034799922769171
Melody-MT-10k,GSM5652247_Pancreas-Delta-Z00000451,SAMPLE_TEST,Spearman,0.6908056197462772
Melody-MT-10k,GSM5652247_Pancreas-Delta-Z00000451,SAMPLE_TEST,AUC,0.923362380666741
Melody-MT-10k,GSM5652247_Pancreas-Delta-Z00000451,VALID,Pearson,0.7770209518361729
Melody-MT-10k,GSM5652247_Pancreas-Delta-Z00000451,VALID,Spearman,0.6188103829607836
Melody-MT-10k,GSM5652247_Pancreas-Delta-Z00000451,VALID,AUC,0.9070326403564128
Melody-MT-10k,GSM5652247_Pancreas-Delta-Z00000451,TEST,Pearson,0.7739368780538232
Melody-MT-10k,GSM5652247_Pancreas-Delta-Z00000451,TEST,Spearman,0.6171682917154425
Melody-MT-10k,GSM5652247_Pancreas-Delta-Z00000451,TEST,AUC,0.9039783670962206
Melody-MT-10k,GSM5652250_Pancreas-Beta-Z00000452,SAMPLE_VALID,Pearson,0.7693331861646023
Melody-MT-10k,GSM5652250_Pancreas-Beta-Z00000452,SAMPLE_VALID,Spearman,0.6495011279777305
Melody-MT-10k,GSM5652250_Pancreas-Beta-Z00000452,SAMPLE_VALID,AUC,0.9078911025385034
Melody-MT-10k,GSM5652250_Pancreas-Beta-Z00000452,SAMPLE_TEST,Pearson,0.789877277355809
Melody-MT-10k,GSM5652250_Pancreas-Beta-Z00000452,SAMPLE_TEST,Spearman,0.6728512149326599
Melody-MT-10k,GSM5652250_Pancreas-Beta-Z00000452,SAMPLE_TEST,AUC,0.9187362252190284
Melody-MT-10k,GSM5652250_Pancreas-Beta-Z00000452,VALID,Pearson,0.7766027856143289
Melody-MT-10k,GSM5652250_Pancreas-Beta-Z00000452,VALID,Spearman,0.5970574204753378
Melody-MT-10k,GSM5652250_Pancreas-Beta-Z00000452,VALID,AUC,0.9061009885943052
Melody-MT-10k,GSM5652250_Pancreas-Beta-Z00000452,TEST,Pearson,0.7731925762288449
Melody-MT-10k,GSM5652250_Pancreas-Beta-Z00000452,TEST,Spearman,0.5824959574126126
Melody-MT-10k,GSM5652250_Pancreas-Beta-Z00000452,TEST,AUC,0.9038564605385759
Melody-MT-10k,GSM5652253_Pancreas-Alpha-Z00000453,SAMPLE_VALID,Pearson,0.7911510232819496
Melody-MT-10k,GSM5652253_Pancreas-Alpha-Z00000453,SAMPLE_VALID,Spearman,0.6622710000402499
Melody-MT-10k,GSM5652253_Pancreas-Alpha-Z00000453,SAMPLE_VALID,AUC,0.9182002195014197
Melody-MT-10k,GSM5652253_Pancreas-Alpha-Z00000453,SAMPLE_TEST,Pearson,0.8066912156921541
Melody-MT-10k,GSM5652253_Pancreas-Alpha-Z00000453,SAMPLE_TEST,Spearman,0.6768699775861776
Melody-MT-10k,GSM5652253_Pancreas-Alpha-Z00000453,SAMPLE_TEST,AUC,0.9251417827917309
Melody-MT-10k,GSM5652253_Pancreas-Alpha-Z00000453,VALID,Pearson,0.7767624964817644
Melody-MT-10k,GSM5652253_Pancreas-Alpha-Z00000453,VALID,Spearman,0.6165492860033924
Melody-MT-10k,GSM5652253_Pancreas-Alpha-Z00000453,VALID,AUC,0.9044130513615486
Melody-MT-10k,GSM5652253_Pancreas-Alpha-Z00000453,TEST,Pearson,0.7737789071844733
Melody-MT-10k,GSM5652253_Pancreas-Alpha-Z00000453,TEST,Spearman,0.623483467489592
Melody-MT-10k,GSM5652253_Pancreas-Alpha-Z00000453,TEST,AUC,0.9032151319846213
Melody-MT-10k,GSM5652264_Thyroid-Epithelial-Z0000042S,SAMPLE_VALID,Pearson,0.7822929699244264
Melody-MT-10k,GSM5652264_Thyroid-Epithelial-Z0000042S,SAMPLE_VALID,Spearman,0.6571850183229218
Melody-MT-10k,GSM5652264_Thyroid-Epithelial-Z0000042S,SAMPLE_VALID,AUC,0.9134386241166568
Melody-MT-10k,GSM5652264_Thyroid-Epithelial-Z0000042S,SAMPLE_TEST,Pearson,0.8106822184193855
Melody-MT-10k,GSM5652264_Thyroid-Epithelial-Z0000042S,SAMPLE_TEST,Spearman,0.6826666405180111
Melody-MT-10k,GSM5652264_Thyroid-Epithelial-Z0000042S,SAMPLE_TEST,AUC,0.925685678726106
Melody-MT-10k,GSM5652264_Thyroid-Epithelial-Z0000042S,VALID,Pearson,0.789653184946482
Melody-MT-10k,GSM5652264_Thyroid-Epithelial-Z0000042S,VALID,Spearman,0.5926605980661954
Melody-MT-10k,GSM5652264_Thyroid-Epithelial-Z0000042S,VALID,AUC,0.9103981746823656
Melody-MT-10k,GSM5652264_Thyroid-Epithelial-Z0000042S,TEST,Pearson,0.7872421882180968
Melody-MT-10k,GSM5652264_Thyroid-Epithelial-Z0000042S,TEST,Spearman,0.5897865017012945
Melody-MT-10k,GSM5652264_Thyroid-Epithelial-Z0000042S,TEST,AUC,0.9091509962376336
Melody-MT-10k,GSM5652267_Fallopian-Epithelial-Z000000Q7,SAMPLE_VALID,Pearson,0.8061696690477368
Melody-MT-10k,GSM5652267_Fallopian-Epithelial-Z000000Q7,SAMPLE_VALID,Spearman,0.7176015512498333
Melody-MT-10k,GSM5652267_Fallopian-Epithelial-Z000000Q7,SAMPLE_VALID,AUC,0.9242658175308014
Melody-MT-10k,GSM5652267_Fallopian-Epithelial-Z000000Q7,SAMPLE_TEST,Pearson,0.8201693585088509
Melody-MT-10k,GSM5652267_Fallopian-Epithelial-Z000000Q7,SAMPLE_TEST,Spearman,0.7416358712094607
Melody-MT-10k,GSM5652267_Fallopian-Epithelial-Z000000Q7,SAMPLE_TEST,AUC,0.9284466256986518
Melody-MT-10k,GSM5652267_Fallopian-Epithelial-Z000000Q7,VALID,Pearson,0.7885648260915089
Melody-MT-10k,GSM5652267_Fallopian-Epithelial-Z000000Q7,VALID,Spearman,0.6156580720385124
Melody-MT-10k,GSM5652267_Fallopian-Epithelial-Z000000Q7,VALID,AUC,0.9114264898007418
Melody-MT-10k,GSM5652267_Fallopian-Epithelial-Z000000Q7,TEST,Pearson,0.7876003784531285
Melody-MT-10k,GSM5652267_Fallopian-Epithelial-Z000000Q7,TEST,Spearman,0.608851194473745
Melody-MT-10k,GSM5652267_Fallopian-Epithelial-Z000000Q7,TEST,AUC,0.9098021176596803
Melody-MT-10k,GSM5652270_Ovary-Epithelial-Z000000QT,SAMPLE_VALID,Pearson,0.7798306085459493
Melody-MT-10k,GSM5652270_Ovary-Epithelial-Z000000QT,SAMPLE_VALID,Spearman,0.6961641011934712
Melody-MT-10k,GSM5652270_Ovary-Epithelial-Z000000QT,SAMPLE_VALID,AUC,0.9129235922647184
Melody-MT-10k,GSM5652270_Ovary-Epithelial-Z000000QT,SAMPLE_TEST,Pearson,0.7952176279063013
Melody-MT-10k,GSM5652270_Ovary-Epithelial-Z000000QT,SAMPLE_TEST,Spearman,0.7151298419458986
Melody-MT-10k,GSM5652270_Ovary-Epithelial-Z000000QT,SAMPLE_TEST,AUC,0.919010995539228
Melody-MT-10k,GSM5652270_Ovary-Epithelial-Z000000QT,VALID,Pearson,0.7316685416669589
Melody-MT-10k,GSM5652270_Ovary-Epithelial-Z000000QT,VALID,Spearman,0.5922416544028161
Melody-MT-10k,GSM5652270_Ovary-Epithelial-Z000000QT,VALID,AUC,0.8817453690650835
Melody-MT-10k,GSM5652270_Ovary-Epithelial-Z000000QT,TEST,Pearson,0.7245592946509438
Melody-MT-10k,GSM5652270_Ovary-Epithelial-Z000000QT,TEST,Spearman,0.5982505154391219
Melody-MT-10k,GSM5652270_Ovary-Epithelial-Z000000QT,TEST,AUC,0.8776954822739642
Melody-MT-10k,GSM5652274_Bone_marrow-Erythrocyte_progenitors-Z000000RF,SAMPLE_VALID,Pearson,0.7408287521160855
Melody-MT-10k,GSM5652274_Bone_marrow-Erythrocyte_progenitors-Z000000RF,SAMPLE_VALID,Spearman,0.6753015044463546
Melody-MT-10k,GSM5652274_Bone_marrow-Erythrocyte_progenitors-Z000000RF,SAMPLE_VALID,AUC,0.8758808822756846
Melody-MT-10k,GSM5652274_Bone_marrow-Erythrocyte_progenitors-Z000000RF,SAMPLE_TEST,Pearson,0.7780265511103195
Melody-MT-10k,GSM5652274_Bone_marrow-Erythrocyte_progenitors-Z000000RF,SAMPLE_TEST,Spearman,0.727350907549745
Melody-MT-10k,GSM5652274_Bone_marrow-Erythrocyte_progenitors-Z000000RF,SAMPLE_TEST,AUC,0.8932510729240842
Melody-MT-10k,GSM5652274_Bone_marrow-Erythrocyte_progenitors-Z000000RF,VALID,Pearson,0.7792883363171053
Melody-MT-10k,GSM5652274_Bone_marrow-Erythrocyte_progenitors-Z000000RF,VALID,Spearman,0.7214116727607159
Melody-MT-10k,GSM5652274_Bone_marrow-Erythrocyte_progenitors-Z000000RF,VALID,AUC,0.8781972620839743
Melody-MT-10k,GSM5652274_Bone_marrow-Erythrocyte_progenitors-Z000000RF,TEST,Pearson,0.7719982937065726
Melody-MT-10k,GSM5652274_Bone_marrow-Erythrocyte_progenitors-Z000000RF,TEST,Spearman,0.7263360861563953
Melody-MT-10k,GSM5652274_Bone_marrow-Erythrocyte_progenitors-Z000000RF,TEST,AUC,0.8751506637732579
Melody-MT-10k,GSM5652277_Blood-T-CD3-Z000000TV,SAMPLE_VALID,Pearson,0.7623557225042494
Melody-MT-10k,GSM5652277_Blood-T-CD3-Z000000TV,SAMPLE_VALID,Spearman,0.654054344321219
Melody-MT-10k,GSM5652277_Blood-T-CD3-Z000000TV,SAMPLE_VALID,AUC,0.9046446718830843
Melody-MT-10k,GSM5652277_Blood-T-CD3-Z000000TV,SAMPLE_TEST,Pearson,0.7939123983354511
Melody-MT-10k,GSM5652277_Blood-T-CD3-Z000000TV,SAMPLE_TEST,Spearman,0.6748013355933116
Melody-MT-10k,GSM5652277_Blood-T-CD3-Z000000TV,SAMPLE_TEST,AUC,0.9148519048458165
Melody-MT-10k,GSM5652277_Blood-T-CD3-Z000000TV,VALID,Pearson,0.7966168614153076
Melody-MT-10k,GSM5652277_Blood-T-CD3-Z000000TV,VALID,Spearman,0.6782079266245541
Melody-MT-10k,GSM5652277_Blood-T-CD3-Z000000TV,VALID,AUC,0.9085989446912622
Melody-MT-10k,GSM5652277_Blood-T-CD3-Z000000TV,TEST,Pearson,0.7937280475195564
Melody-MT-10k,GSM5652277_Blood-T-CD3-Z000000TV,TEST,Spearman,0.6844816563083306
Melody-MT-10k,GSM5652277_Blood-T-CD3-Z000000TV,TEST,AUC,0.90769002747357
Melody-MT-10k,GSM5652299_Blood-NK-Z000000TM,SAMPLE_VALID,Pearson,0.7683427010165862
Melody-MT-10k,GSM5652299_Blood-NK-Z000000TM,SAMPLE_VALID,Spearman,0.6282370113227511
Melody-MT-10k,GSM5652299_Blood-NK-Z000000TM,SAMPLE_VALID,AUC,0.9101093808921693
Melody-MT-10k,GSM5652299_Blood-NK-Z000000TM,SAMPLE_TEST,Pearson,0.8070847771315167
Melody-MT-10k,GSM5652299_Blood-NK-Z000000TM,SAMPLE_TEST,Spearman,0.6563454409807921
Melody-MT-10k,GSM5652299_Blood-NK-Z000000TM,SAMPLE_TEST,AUC,0.9260557610690594
Melody-MT-10k,GSM5652299_Blood-NK-Z000000TM,VALID,Pearson,0.7986816520845823
Melody-MT-10k,GSM5652299_Blood-NK-Z000000TM,VALID,Spearman,0.5900254041489259
Melody-MT-10k,GSM5652299_Blood-NK-Z000000TM,VALID,AUC,0.910506756396797
Melody-MT-10k,GSM5652299_Blood-NK-Z000000TM,TEST,Pearson,0.7962446158077198
Melody-MT-10k,GSM5652299_Blood-NK-Z000000TM,TEST,Spearman,0.5989442535560918
Melody-MT-10k,GSM5652299_Blood-NK-Z000000TM,TEST,AUC,0.9100047852872155
Melody-MT-10k,GSM5652302_Blood-Monocytes-Z000000TP,SAMPLE_VALID,Pearson,0.7788036494488276
Melody-MT-10k,GSM5652302_Blood-Monocytes-Z000000TP,SAMPLE_VALID,Spearman,0.6310319918994661
Melody-MT-10k,GSM5652302_Blood-Monocytes-Z000000TP,SAMPLE_VALID,AUC,0.9212728935328052
Melody-MT-10k,GSM5652302_Blood-Monocytes-Z000000TP,SAMPLE_TEST,Pearson,0.8044754255269142
Melody-MT-10k,GSM5652302_Blood-Monocytes-Z000000TP,SAMPLE_TEST,Spearman,0.6610080035762427
Melody-MT-10k,GSM5652302_Blood-Monocytes-Z000000TP,SAMPLE_TEST,AUC,0.9303291794771983
Melody-MT-10k,GSM5652302_Blood-Monocytes-Z000000TP,VALID,Pearson,0.7922770661774748
Melody-MT-10k,GSM5652302_Blood-Monocytes-Z000000TP,VALID,Spearman,0.5784890995243264
Melody-MT-10k,GSM5652302_Blood-Monocytes-Z000000TP,VALID,AUC,0.9147024969848999
Melody-MT-10k,GSM5652302_Blood-Monocytes-Z000000TP,TEST,Pearson,0.7903913368960077
Melody-MT-10k,GSM5652302_Blood-Monocytes-Z000000TP,TEST,Spearman,0.5725753756092006
Melody-MT-10k,GSM5652302_Blood-Monocytes-Z000000TP,TEST,AUC,0.9135978230342774
Melody-MT-10k,GSM5652313_Blood-Granulocytes-Z000000TZ,SAMPLE_VALID,Pearson,0.7787437535866032
Melody-MT-10k,GSM5652313_Blood-Granulocytes-Z000000TZ,SAMPLE_VALID,Spearman,0.6541644052491258
Melody-MT-10k,GSM5652313_Blood-Granulocytes-Z000000TZ,SAMPLE_VALID,AUC,0.9195119937973999
Melody-MT-10k,GSM5652313_Blood-Granulocytes-Z000000TZ,SAMPLE_TEST,Pearson,0.8051966024421907
Melody-MT-10k,GSM5652313_Blood-Granulocytes-Z000000TZ,SAMPLE_TEST,Spearman,0.6872415309620006
Melody-MT-10k,GSM5652313_Blood-Granulocytes-Z000000TZ,SAMPLE_TEST,AUC,0.9297917755316581
Melody-MT-10k,GSM5652313_Blood-Granulocytes-Z000000TZ,VALID,Pearson,0.794088147438708
Melody-MT-10k,GSM5652313_Blood-Granulocytes-Z000000TZ,VALID,Spearman,0.5940201626192985
Melody-MT-10k,GSM5652313_Blood-Granulocytes-Z000000TZ,VALID,AUC,0.9146111400392567
Melody-MT-10k,GSM5652313_Blood-Granulocytes-Z000000TZ,TEST,Pearson,0.7925416883553499
Melody-MT-10k,GSM5652313_Blood-Granulocytes-Z000000TZ,TEST,Spearman,0.6153464714575753
Melody-MT-10k,GSM5652313_Blood-Granulocytes-Z000000TZ,TEST,AUC,0.913874032357074
Melody-MT-10k,GSM5652317_Blood-B-Z000000UB,SAMPLE_VALID,Pearson,0.761120933021959
Melody-MT-10k,GSM5652317_Blood-B-Z000000UB,SAMPLE_VALID,Spearman,0.6440885519642783
Melody-MT-10k,GSM5652317_Blood-B-Z000000UB,SAMPLE_VALID,AUC,0.9037418597974625
Melody-MT-10k,GSM5652317_Blood-B-Z000000UB,SAMPLE_TEST,Pearson,0.7946585683988235
Melody-MT-10k,GSM5652317_Blood-B-Z000000UB,SAMPLE_TEST,Spearman,0.6710265715539504
Melody-MT-10k,GSM5652317_Blood-B-Z000000UB,SAMPLE_TEST,AUC,0.9209226666766845
Melody-MT-10k,GSM5652317_Blood-B-Z000000UB,VALID,Pearson,0.7864196850701892
Melody-MT-10k,GSM5652317_Blood-B-Z000000UB,VALID,Spearman,0.6466477284174034
Melody-MT-10k,GSM5652317_Blood-B-Z000000UB,VALID,AUC,0.9057279839299898
Melody-MT-10k,GSM5652317_Blood-B-Z000000UB,TEST,Pearson,0.7844578381702837
Melody-MT-10k,GSM5652317_Blood-B-Z000000UB,TEST,Spearman,0.6412918541538344
Melody-MT-10k,GSM5652317_Blood-B-Z000000UB,TEST,AUC,0.9054949489127168
Melody-MT-10k,GSM5652321_Epidermal-Keratinocytes-Z00000424,SAMPLE_VALID,Pearson,0.7894438365833099
Melody-MT-10k,GSM5652321_Epidermal-Keratinocytes-Z00000424,SAMPLE_VALID,Spearman,0.729567281491857
Melody-MT-10k,GSM5652321_Epidermal-Keratinocytes-Z00000424,SAMPLE_VALID,AUC,0.9128530760431359
Melody-MT-10k,GSM5652321_Epidermal-Keratinocytes-Z00000424,SAMPLE_TEST,Pearson,0.8172974789958652
Melody-MT-10k,GSM5652321_Epidermal-Keratinocytes-Z00000424,SAMPLE_TEST,Spearman,0.7619553698810234
Melody-MT-10k,GSM5652321_Epidermal-Keratinocytes-Z00000424,SAMPLE_TEST,AUC,0.9271298951608575
Melody-MT-10k,GSM5652321_Epidermal-Keratinocytes-Z00000424,VALID,Pearson,0.7857588384000426
Melody-MT-10k,GSM5652321_Epidermal-Keratinocytes-Z00000424,VALID,Spearman,0.6780698190188339
Melody-MT-10k,GSM5652321_Epidermal-Keratinocytes-Z00000424,VALID,AUC,0.9079971078250687
Melody-MT-10k,GSM5652321_Epidermal-Keratinocytes-Z00000424,TEST,Pearson,0.7864494662422093
Melody-MT-10k,GSM5652321_Epidermal-Keratinocytes-Z00000424,TEST,Spearman,0.6594055627392713
Melody-MT-10k,GSM5652321_Epidermal-Keratinocytes-Z00000424,TEST,AUC,0.9085823487676942
Melody-MT-10k,GSM5652322_Tonsil-Palatine-Epithelial-Z000000QF,SAMPLE_VALID,Pearson,0.7960335660190484
Melody-MT-10k,GSM5652322_Tonsil-Palatine-Epithelial-Z000000QF,SAMPLE_VALID,Spearman,0.7698826069691486
Melody-MT-10k,GSM5652322_Tonsil-Palatine-Epithelial-Z000000QF,SAMPLE_VALID,AUC,0.914611336558148
Melody-MT-10k,GSM5652322_Tonsil-Palatine-Epithelial-Z000000QF,SAMPLE_TEST,Pearson,0.8163978574182537
Melody-MT-10k,GSM5652322_Tonsil-Palatine-Epithelial-Z000000QF,SAMPLE_TEST,Spearman,0.783556687691288
Melody-MT-10k,GSM5652322_Tonsil-Palatine-Epithelial-Z000000QF,SAMPLE_TEST,AUC,0.9205824415020675
Melody-MT-10k,GSM5652322_Tonsil-Palatine-Epithelial-Z000000QF,VALID,Pearson,0.7787386128420625
Melody-MT-10k,GSM5652322_Tonsil-Palatine-Epithelial-Z000000QF,VALID,Spearman,0.6987882105769475
Melody-MT-10k,GSM5652322_Tonsil-Palatine-Epithelial-Z000000QF,VALID,AUC,0.901045651673719
Melody-MT-10k,GSM5652322_Tonsil-Palatine-Epithelial-Z000000QF,TEST,Pearson,0.7791525527997347
Melody-MT-10k,GSM5652322_Tonsil-Palatine-Epithelial-Z000000QF,TEST,Spearman,0.7003791845606006
Melody-MT-10k,GSM5652322_Tonsil-Palatine-Epithelial-Z000000QF,TEST,AUC,0.9014347732084427
Melody-MT-10k,GSM5652335_Lung-Bronchus-Epithelial-Z000000QD,SAMPLE_VALID,Pearson,0.8139150735958319
Melody-MT-10k,GSM5652335_Lung-Bronchus-Epithelial-Z000000QD,SAMPLE_VALID,Spearman,0.7692067386695106
Melody-MT-10k,GSM5652335_Lung-Bronchus-Epithelial-Z000000QD,SAMPLE_VALID,AUC,0.9260400702563213
Melody-MT-10k,GSM5652335_Lung-Bronchus-Epithelial-Z000000QD,SAMPLE_TEST,Pearson,0.822013743329008
Melody-MT-10k,GSM5652335_Lung-Bronchus-Epithelial-Z000000QD,SAMPLE_TEST,Spearman,0.7919517456578081
Melody-MT-10k,GSM5652335_Lung-Bronchus-Epithelial-Z000000QD,SAMPLE_TEST,AUC,0.9262289508925046
Melody-MT-10k,GSM5652335_Lung-Bronchus-Epithelial-Z000000QD,VALID,Pearson,0.7915700114109236
Melody-MT-10k,GSM5652335_Lung-Bronchus-Epithelial-Z000000QD,VALID,Spearman,0.6529480777141268
Melody-MT-10k,GSM5652335_Lung-Bronchus-Epithelial-Z000000QD,VALID,AUC,0.9122600482810219
Melody-MT-10k,GSM5652335_Lung-Bronchus-Epithelial-Z000000QD,TEST,Pearson,0.790640646466397
Melody-MT-10k,GSM5652335_Lung-Bronchus-Epithelial-Z000000QD,TEST,Spearman,0.6510167036675415
Melody-MT-10k,GSM5652335_Lung-Bronchus-Epithelial-Z000000QD,TEST,AUC,0.9113947412493616
Melody-MT-10k,GSM5652338_Prostate-Epithelial-Z000000RV,SAMPLE_VALID,Pearson,0.8103504843088167
Melody-MT-10k,GSM5652338_Prostate-Epithelial-Z000000RV,SAMPLE_VALID,Spearman,0.7549517458023149
Melody-MT-10k,GSM5652338_Prostate-Epithelial-Z000000RV,SAMPLE_VALID,AUC,0.9218230367899717
Melody-MT-10k,GSM5652338_Prostate-Epithelial-Z000000RV,SAMPLE_TEST,Pearson,0.8380621894158342
Melody-MT-10k,GSM5652338_Prostate-Epithelial-Z000000RV,SAMPLE_TEST,Spearman,0.7809002407761662
Melody-MT-10k,GSM5652338_Prostate-Epithelial-Z000000RV,SAMPLE_TEST,AUC,0.9321992727033974
Melody-MT-10k,GSM5652338_Prostate-Epithelial-Z000000RV,VALID,Pearson,0.7996028620989097
Melody-MT-10k,GSM5652338_Prostate-Epithelial-Z000000RV,VALID,Spearman,0.6680888909547149
Melody-MT-10k,GSM5652338_Prostate-Epithelial-Z000000RV,VALID,AUC,0.9143974333037189
Melody-MT-10k,GSM5652338_Prostate-Epithelial-Z000000RV,TEST,Pearson,0.8002031212777254
Melody-MT-10k,GSM5652338_Prostate-Epithelial-Z000000RV,TEST,Spearman,0.6605090317971387
Melody-MT-10k,GSM5652338_Prostate-Epithelial-Z000000RV,TEST,AUC,0.9145212436213501
Melody-MT-10k,GSM5652342_Bladder-Epithelial-Z000000QM,SAMPLE_VALID,Pearson,0.7594187052452221
Melody-MT-10k,GSM5652342_Bladder-Epithelial-Z000000QM,SAMPLE_VALID,Spearman,0.711150177353631
Melody-MT-10k,GSM5652342_Bladder-Epithelial-Z000000QM,SAMPLE_VALID,AUC,0.9019365922553078
Melody-MT-10k,GSM5652342_Bladder-Epithelial-Z000000QM,SAMPLE_TEST,Pearson,0.8036984354598447
Melody-MT-10k,GSM5652342_Bladder-Epithelial-Z000000QM,SAMPLE_TEST,Spearman,0.7586272387292343
Melody-MT-10k,GSM5652342_Bladder-Epithelial-Z000000QM,SAMPLE_TEST,AUC,0.9186777712910332
Melody-MT-10k,GSM5652342_Bladder-Epithelial-Z000000QM,VALID,Pearson,0.7750631446239706
Melody-MT-10k,GSM5652342_Bladder-Epithelial-Z000000QM,VALID,Spearman,0.6610426758171513
Melody-MT-10k,GSM5652342_Bladder-Epithelial-Z000000QM,VALID,AUC,0.904764263742949
Melody-MT-10k,GSM5652342_Bladder-Epithelial-Z000000QM,TEST,Pearson,0.7763065549914159
Melody-MT-10k,GSM5652342_Bladder-Epithelial-Z000000QM,TEST,Spearman,0.6841399829477856
Melody-MT-10k,GSM5652342_Bladder-Epithelial-Z000000QM,TEST,AUC,0.9050658211645309
Melody-MT-10k,GSM5652347_Breast-Luminal-Epithelial-Z000000V2,SAMPLE_VALID,Pearson,0.8100153086384935
Melody-MT-10k,GSM5652347_Breast-Luminal-Epithelial-Z000000V2,SAMPLE_VALID,Spearman,0.7156075688419311
Melody-MT-10k,GSM5652347_Breast-Luminal-Epithelial-Z000000V2,SAMPLE_VALID,AUC,0.9244979103832555
Melody-MT-10k,GSM5652347_Breast-Luminal-Epithelial-Z000000V2,SAMPLE_TEST,Pearson,0.8304551319541742
Melody-MT-10k,GSM5652347_Breast-Luminal-Epithelial-Z000000V2,SAMPLE_TEST,Spearman,0.7585071320579242
Melody-MT-10k,GSM5652347_Breast-Luminal-Epithelial-Z000000V2,SAMPLE_TEST,AUC,0.9312273325475786
Melody-MT-10k,GSM5652347_Breast-Luminal-Epithelial-Z000000V2,VALID,Pearson,0.7960386076858714
Melody-MT-10k,GSM5652347_Breast-Luminal-Epithelial-Z000000V2,VALID,Spearman,0.6109450569301322
Melody-MT-10k,GSM5652347_Breast-Luminal-Epithelial-Z000000V2,VALID,AUC,0.9152656375073728
Melody-MT-10k,GSM5652347_Breast-Luminal-Epithelial-Z000000V2,TEST,Pearson,0.7955443814263262
Melody-MT-10k,GSM5652347_Breast-Luminal-Epithelial-Z000000V2,TEST,Spearman,0.6312797657900212
Melody-MT-10k,GSM5652347_Breast-Luminal-Epithelial-Z000000V2,TEST,AUC,0.9143502932738734
Melody-MT-10k,GSM5652350_Breast-Basal-Epithelial-Z000000V6,SAMPLE_VALID,Pearson,0.7858870358176498
Melody-MT-10k,GSM5652350_Breast-Basal-Epithelial-Z000000V6,SAMPLE_VALID,Spearman,0.6776238513779023
Melody-MT-10k,GSM5652350_Breast-Basal-Epithelial-Z000000V6,SAMPLE_VALID,AUC,0.9200522799075418
Melody-MT-10k,GSM5652350_Breast-Basal-Epithelial-Z000000V6,SAMPLE_TEST,Pearson,0.8012425524244742
Melody-MT-10k,GSM5652350_Breast-Basal-Epithelial-Z000000V6,SAMPLE_TEST,Spearman,0.7105540320933227
Melody-MT-10k,GSM5652350_Breast-Basal-Epithelial-Z000000V6,SAMPLE_TEST,AUC,0.9265667752395029
Melody-MT-10k,GSM5652350_Breast-Basal-Epithelial-Z000000V6,VALID,Pearson,0.7771520387961608
Melody-MT-10k,GSM5652350_Breast-Basal-Epithelial-Z000000V6,VALID,Spearman,0.5936574426670553
Melody-MT-10k,GSM5652350_Breast-Basal-Epithelial-Z000000V6,VALID,AUC,0.9106557004212641
Melody-MT-10k,GSM5652350_Breast-Basal-Epithelial-Z000000V6,TEST,Pearson,0.7763398247598357
Melody-MT-10k,GSM5652350_Breast-Basal-Epithelial-Z000000V6,TEST,Spearman,0.5766512911675801
Melody-MT-10k,GSM5652350_Breast-Basal-Epithelial-Z000000V6,TEST,AUC,0.9105647327561587
Melody-MT-10k,GSM5652354_Lung-Alveolar-Epithelial-Z000000T1,SAMPLE_VALID,Pearson,0.8031650046551572
Melody-MT-10k,GSM5652354_Lung-Alveolar-Epithelial-Z000000T1,SAMPLE_VALID,Spearman,0.7694125978181882
Melody-MT-10k,GSM5652354_Lung-Alveolar-Epithelial-Z000000T1,SAMPLE_VALID,AUC,0.9182954109064937
Melody-MT-10k,GSM5652354_Lung-Alveolar-Epithelial-Z000000T1,SAMPLE_TEST,Pearson,0.8262234836529653
Melody-MT-10k,GSM5652354_Lung-Alveolar-Epithelial-Z000000T1,SAMPLE_TEST,Spearman,0.7940209559297392
Melody-MT-10k,GSM5652354_Lung-Alveolar-Epithelial-Z000000T1,SAMPLE_TEST,AUC,0.9260468229462473
Melody-MT-10k,GSM5652354_Lung-Alveolar-Epithelial-Z000000T1,VALID,Pearson,0.8036163650586414
Melody-MT-10k,GSM5652354_Lung-Alveolar-Epithelial-Z000000T1,VALID,Spearman,0.6961623776039414
Melody-MT-10k,GSM5652354_Lung-Alveolar-Epithelial-Z000000T1,VALID,AUC,0.9147888050293533
Melody-MT-10k,GSM5652354_Lung-Alveolar-Epithelial-Z000000T1,TEST,Pearson,0.8016640516663273
Melody-MT-10k,GSM5652354_Lung-Alveolar-Epithelial-Z000000T1,TEST,Spearman,0.6742244660331971
Melody-MT-10k,GSM5652354_Lung-Alveolar-Epithelial-Z000000T1,TEST,AUC,0.914612082788407
Melody-MT-10k,GSM5652358_Gallbladder-Epithelial-Z00000432,SAMPLE_VALID,Pearson,0.7917324640982222
Melody-MT-10k,GSM5652358_Gallbladder-Epithelial-Z00000432,SAMPLE_VALID,Spearman,0.7214395540467586
Melody-MT-10k,GSM5652358_Gallbladder-Epithelial-Z00000432,SAMPLE_VALID,AUC,0.9192524902646818
Melody-MT-10k,GSM5652358_Gallbladder-Epithelial-Z00000432,SAMPLE_TEST,Pearson,0.7920248222521791
Melody-MT-10k,GSM5652358_Gallbladder-Epithelial-Z00000432,SAMPLE_TEST,Spearman,0.7494541561703589
Melody-MT-10k,GSM5652358_Gallbladder-Epithelial-Z00000432,SAMPLE_TEST,AUC,0.9152821708616627
Melody-MT-10k,GSM5652358_Gallbladder-Epithelial-Z00000432,VALID,Pearson,0.7867469542183906
Melody-MT-10k,GSM5652358_Gallbladder-Epithelial-Z00000432,VALID,Spearman,0.609120434450523
Melody-MT-10k,GSM5652358_Gallbladder-Epithelial-Z00000432,VALID,AUC,0.9127817837736678
Melody-MT-10k,GSM5652358_Gallbladder-Epithelial-Z00000432,TEST,Pearson,0.7824830612269181
Melody-MT-10k,GSM5652358_Gallbladder-Epithelial-Z00000432,TEST,Spearman,0.6198548925030676
Melody-MT-10k,GSM5652358_Gallbladder-Epithelial-Z00000432,TEST,AUC,0.9103564324174543
Melody-MT-10k,GSM5652359_Gastric-fundus-Epithelial-Z000000RX,SAMPLE_VALID,Pearson,0.8002085947690689
Melody-MT-10k,GSM5652359_Gastric-fundus-Epithelial-Z000000RX,SAMPLE_VALID,Spearman,0.737058153985059
Melody-MT-10k,GSM5652359_Gastric-fundus-Epithelial-Z000000RX,SAMPLE_VALID,AUC,0.9196058284756335
Melody-MT-10k,GSM5652359_Gastric-fundus-Epithelial-Z000000RX,SAMPLE_TEST,Pearson,0.8082987928652028
Melody-MT-10k,GSM5652359_Gastric-fundus-Epithelial-Z000000RX,SAMPLE_TEST,Spearman,0.7598008300643588
Melody-MT-10k,GSM5652359_Gastric-fundus-Epithelial-Z000000RX,SAMPLE_TEST,AUC,0.9222705446965239
Melody-MT-10k,GSM5652359_Gastric-fundus-Epithelial-Z000000RX,VALID,Pearson,0.7848432635864389
Melody-MT-10k,GSM5652359_Gastric-fundus-Epithelial-Z000000RX,VALID,Spearman,0.6972154758328207
Melody-MT-10k,GSM5652359_Gastric-fundus-Epithelial-Z000000RX,VALID,AUC,0.9072183189726226
Melody-MT-10k,GSM5652359_Gastric-fundus-Epithelial-Z000000RX,TEST,Pearson,0.7798486666212471
Melody-MT-10k,GSM5652359_Gastric-fundus-Epithelial-Z000000RX,TEST,Spearman,0.6847174961884107
Melody-MT-10k,GSM5652359_Gastric-fundus-Epithelial-Z000000RX,TEST,AUC,0.9051984753651489
Melody-MT-10k,GSM5652370_Colon-Right-Epithelial-Z000000V0,SAMPLE_VALID,Pearson,0.7573380106047785
Melody-MT-10k,GSM5652370_Colon-Right-Epithelial-Z000000V0,SAMPLE_VALID,Spearman,0.6917554888340881
Melody-MT-10k,GSM5652370_Colon-Right-Epithelial-Z000000V0,SAMPLE_VALID,AUC,0.9079277386325283
Melody-MT-10k,GSM5652370_Colon-Right-Epithelial-Z000000V0,SAMPLE_TEST,Pearson,0.7884542303317781
Melody-MT-10k,GSM5652370_Colon-Right-Epithelial-Z000000V0,SAMPLE_TEST,Spearman,0.725687843444818
Melody-MT-10k,GSM5652370_Colon-Right-Epithelial-Z000000V0,SAMPLE_TEST,AUC,0.9157389666838822
Melody-MT-10k,GSM5652370_Colon-Right-Epithelial-Z000000V0,VALID,Pearson,0.7757967796769407
Melody-MT-10k,GSM5652370_Colon-Right-Epithelial-Z000000V0,VALID,Spearman,0.6436533966267403
Melody-MT-10k,GSM5652370_Colon-Right-Epithelial-Z000000V0,VALID,AUC,0.9096872635749335
Melody-MT-10k,GSM5652370_Colon-Right-Epithelial-Z000000V0,TEST,Pearson,0.7727514614793849
Melody-MT-10k,GSM5652370_Colon-Right-Epithelial-Z000000V0,TEST,Spearman,0.6462741895463947
Melody-MT-10k,GSM5652370_Colon-Right-Epithelial-Z000000V0,TEST,AUC,0.9069324287537253
Melody-MT-10k,GSM5652378_Small-int-Epithelial-Z0000042V,SAMPLE_VALID,Pearson,0.7626562128697062
Melody-MT-10k,GSM5652378_Small-int-Epithelial-Z0000042V,SAMPLE_VALID,Spearman,0.6873663061658913
Melody-MT-10k,GSM5652378_Small-int-Epithelial-Z0000042V,SAMPLE_VALID,AUC,0.9110336488978925
Melody-MT-10k,GSM5652378_Small-int-Epithelial-Z0000042V,SAMPLE_TEST,Pearson,0.7942709757843217
Melody-MT-10k,GSM5652378_Small-int-Epithelial-Z0000042V,SAMPLE_TEST,Spearman,0.7368229532680661
Melody-MT-10k,GSM5652378_Small-int-Epithelial-Z0000042V,SAMPLE_TEST,AUC,0.9203950770559534
Melody-MT-10k,GSM5652378_Small-int-Epithelial-Z0000042V,VALID,Pearson,0.7611763313391756
Melody-MT-10k,GSM5652378_Small-int-Epithelial-Z0000042V,VALID,Spearman,0.6372025682063024
Melody-MT-10k,GSM5652378_Small-int-Epithelial-Z0000042V,VALID,AUC,0.9059702530482326
Melody-MT-10k,GSM5652378_Small-int-Epithelial-Z0000042V,TEST,Pearson,0.7639132402001471
Melody-MT-10k,GSM5652378_Small-int-Epithelial-Z0000042V,TEST,Spearman,0.6547858593581346
Melody-MT-10k,GSM5652378_Small-int-Epithelial-Z0000042V,TEST,AUC,0.9047064961314916
Melody-MT-20k,GSM5652176_Adipocytes-Z000000T7,SAMPLE_VALID,Pearson,0.8415891975562957
Melody-MT-20k,GSM5652176_Adipocytes-Z000000T7,SAMPLE_VALID,Spearman,0.7824059774060984
Melody-MT-20k,GSM5652176_Adipocytes-Z000000T7,SAMPLE_VALID,AUC,0.9285749017977182
Melody-MT-20k,GSM5652176_Adipocytes-Z000000T7,SAMPLE_TEST,Pearson,0.8541943758800212
Melody-MT-20k,GSM5652176_Adipocytes-Z000000T7,SAMPLE_TEST,Spearman,0.7950789846788273
Melody-MT-20k,GSM5652176_Adipocytes-Z000000T7,SAMPLE_TEST,AUC,0.9330606316166214
Melody-MT-20k,GSM5652176_Adipocytes-Z000000T7,VALID,Pearson,0.8166545240821966
Melody-MT-20k,GSM5652176_Adipocytes-Z000000T7,VALID,Spearman,0.692767324941926
Melody-MT-20k,GSM5652176_Adipocytes-Z000000T7,VALID,AUC,0.913230521513832
Melody-MT-20k,GSM5652176_Adipocytes-Z000000T7,TEST,Pearson,0.8175340762091987
Melody-MT-20k,GSM5652176_Adipocytes-Z000000T7,TEST,Spearman,0.7140105780549735
Melody-MT-20k,GSM5652176_Adipocytes-Z000000T7,TEST,AUC,0.9141869065655995
Melody-MT-20k,GSM5652179_Aorta-Endothel-Z00000422,SAMPLE_VALID,Pearson,0.7861837270932248
Melody-MT-20k,GSM5652179_Aorta-Endothel-Z00000422,SAMPLE_VALID,Spearman,0.7152965961072533
Melody-MT-20k,GSM5652179_Aorta-Endothel-Z00000422,SAMPLE_VALID,AUC,0.9152747150274637
Melody-MT-20k,GSM5652179_Aorta-Endothel-Z00000422,SAMPLE_TEST,Pearson,0.8093053748737193
Melody-MT-20k,GSM5652179_Aorta-Endothel-Z00000422,SAMPLE_TEST,Spearman,0.7339893513541005
Melody-MT-20k,GSM5652179_Aorta-Endothel-Z00000422,SAMPLE_TEST,AUC,0.9227240545179892
Melody-MT-20k,GSM5652179_Aorta-Endothel-Z00000422,VALID,Pearson,0.7871990015312545
Melody-MT-20k,GSM5652179_Aorta-Endothel-Z00000422,VALID,Spearman,0.7136489032326307
Melody-MT-20k,GSM5652179_Aorta-Endothel-Z00000422,VALID,AUC,0.9047751002057636
Melody-MT-20k,GSM5652179_Aorta-Endothel-Z00000422,TEST,Pearson,0.7869971354746343
Melody-MT-20k,GSM5652179_Aorta-Endothel-Z00000422,TEST,Spearman,0.7095024027622946
Melody-MT-20k,GSM5652179_Aorta-Endothel-Z00000422,TEST,AUC,0.9055228987785351
Melody-MT-20k,GSM5652189_Kidney-Tubular-Endothel-Z0000042R,SAMPLE_VALID,Pearson,0.8097945596576839
Melody-MT-20k,GSM5652189_Kidney-Tubular-Endothel-Z0000042R,SAMPLE_VALID,Spearman,0.7035865479824092
Melody-MT-20k,GSM5652189_Kidney-Tubular-Endothel-Z0000042R,SAMPLE_VALID,AUC,0.927316134596941
Melody-MT-20k,GSM5652189_Kidney-Tubular-Endothel-Z0000042R,SAMPLE_TEST,Pearson,0.8191519543395963
Melody-MT-20k,GSM5652189_Kidney-Tubular-Endothel-Z0000042R,SAMPLE_TEST,Spearman,0.717941958369941
Melody-MT-20k,GSM5652189_Kidney-Tubular-Endothel-Z0000042R,SAMPLE_TEST,AUC,0.9304814327789832
Melody-MT-20k,GSM5652189_Kidney-Tubular-Endothel-Z0000042R,VALID,Pearson,0.7983430740925258
Melody-MT-20k,GSM5652189_Kidney-Tubular-Endothel-Z0000042R,VALID,Spearman,0.6056750012147144
Melody-MT-20k,GSM5652189_Kidney-Tubular-Endothel-Z0000042R,VALID,AUC,0.915017033804257
Melody-MT-20k,GSM5652189_Kidney-Tubular-Endothel-Z0000042R,TEST,Pearson,0.7963679993690311
Melody-MT-20k,GSM5652189_Kidney-Tubular-Endothel-Z0000042R,TEST,Spearman,0.6389387252881132
Melody-MT-20k,GSM5652189_Kidney-Tubular-Endothel-Z0000042R,TEST,AUC,0.9134966078710218
Melody-MT-20k,GSM5652198_Colon-Fibroblasts-Z0000042A,SAMPLE_VALID,Pearson,0.8413345726684635
Melody-MT-20k,GSM5652198_Colon-Fibroblasts-Z0000042A,SAMPLE_VALID,Spearman,0.7856020637809934
Melody-MT-20k,GSM5652198_Colon-Fibroblasts-Z0000042A,SAMPLE_VALID,AUC,0.9320179995946966
Melody-MT-20k,GSM5652198_Colon-Fibroblasts-Z0000042A,SAMPLE_TEST,Pearson,0.8524168582206731
Melody-MT-20k,GSM5652198_Colon-Fibroblasts-Z0000042A,SAMPLE_TEST,Spearman,0.7965446881260464
Melody-MT-20k,GSM5652198_Colon-Fibroblasts-Z0000042A,SAMPLE_TEST,AUC,0.9318317725902833
Melody-MT-20k,GSM5652198_Colon-Fibroblasts-Z0000042A,VALID,Pearson,0.8173717581860829
Melody-MT-20k,GSM5652198_Colon-Fibroblasts-Z0000042A,VALID,Spearman,0.7172178374776373
Melody-MT-20k,GSM5652198_Colon-Fibroblasts-Z0000042A,VALID,AUC,0.9114201215556725
Melody-MT-20k,GSM5652198_Colon-Fibroblasts-Z0000042A,TEST,Pearson,0.8145376553934259
Melody-MT-20k,GSM5652198_Colon-Fibroblasts-Z0000042A,TEST,Spearman,0.7241199923261622
Melody-MT-20k,GSM5652198_Colon-Fibroblasts-Z0000042A,TEST,AUC,0.9105648627046333
Melody-MT-20k,GSM5652200_Heart-Fibroblasts-Z0000043R,SAMPLE_VALID,Pearson,0.7547867496390451
Melody-MT-20k,GSM5652200_Heart-Fibroblasts-Z0000043R,SAMPLE_VALID,Spearman,0.702253901684524
Melody-MT-20k,GSM5652200_Heart-Fibroblasts-Z0000043R,SAMPLE_VALID,AUC,0.8907447017926601
Melody-MT-20k,GSM5652200_Heart-Fibroblasts-Z0000043R,SAMPLE_TEST,Pearson,0.7792882541691151
Melody-MT-20k,GSM5652200_Heart-Fibroblasts-Z0000043R,SAMPLE_TEST,Spearman,0.7194283230998029
Melody-MT-20k,GSM5652200_Heart-Fibroblasts-Z0000043R,SAMPLE_TEST,AUC,0.8991888104434745
Melody-MT-20k,GSM5652200_Heart-Fibroblasts-Z0000043R,VALID,Pearson,0.7341892515808737
Melody-MT-20k,GSM5652200_Heart-Fibroblasts-Z0000043R,VALID,Spearman,0.6958670864910915
Melody-MT-20k,GSM5652200_Heart-Fibroblasts-Z0000043R,VALID,AUC,0.8688466326861644
Melody-MT-20k,GSM5652200_Heart-Fibroblasts-Z0000043R,TEST,Pearson,0.7365493840789793
Melody-MT-20k,GSM5652200_Heart-Fibroblasts-Z0000043R,TEST,Spearman,0.7137182418362872
Melody-MT-20k,GSM5652200_Heart-Fibroblasts-Z0000043R,TEST,AUC,0.8688740480865698
Melody-MT-20k,GSM5652204_Dermal-Fibroblasts-Z00000423,SAMPLE_VALID,Pearson,0.7956228170283899
Melody-MT-20k,GSM5652204_Dermal-Fibroblasts-Z00000423,SAMPLE_VALID,Spearman,0.7433706252986153
Melody-MT-20k,GSM5652204_Dermal-Fibroblasts-Z00000423,SAMPLE_VALID,AUC,0.9123358192043816
Melody-MT-20k,GSM5652204_Dermal-Fibroblasts-Z00000423,SAMPLE_TEST,Pearson,0.830762042024911
Melody-MT-20k,GSM5652204_Dermal-Fibroblasts-Z00000423,SAMPLE_TEST,Spearman,0.7534405894009237
Melody-MT-20k,GSM5652204_Dermal-Fibroblasts-Z00000423,SAMPLE_TEST,AUC,0.9271930714014646
Melody-MT-20k,GSM5652204_Dermal-Fibroblasts-Z00000423,VALID,Pearson,0.7852287298824535
Melody-MT-20k,GSM5652204_Dermal-Fibroblasts-Z00000423,VALID,Spearman,0.7033857049597891
Melody-MT-20k,GSM5652204_Dermal-Fibroblasts-Z00000423,VALID,AUC,0.9004697301254428
Melody-MT-20k,GSM5652204_Dermal-Fibroblasts-Z00000423,TEST,Pearson,0.7866558581337715
Melody-MT-20k,GSM5652204_Dermal-Fibroblasts-Z00000423,TEST,Spearman,0.7135179164240185
Melody-MT-20k,GSM5652204_Dermal-Fibroblasts-Z00000423,TEST,AUC,0.900512022541613
Melody-MT-20k,GSM5652205_Skeletal-Muscle-Z00000427,SAMPLE_VALID,Pearson,0.8072072724103366
Melody-MT-20k,GSM5652205_Skeletal-Muscle-Z00000427,SAMPLE_VALID,Spearman,0.7533460850373916
Melody-MT-20k,GSM5652205_Skeletal-Muscle-Z00000427,SAMPLE_VALID,AUC,0.9045312322530215
Melody-MT-20k,GSM5652205_Skeletal-Muscle-Z00000427,SAMPLE_TEST,Pearson,0.8259434131124277
Melody-MT-20k,GSM5652205_Skeletal-Muscle-Z00000427,SAMPLE_TEST,Spearman,0.7641304176643274
Melody-MT-20k,GSM5652205_Skeletal-Muscle-Z00000427,SAMPLE_TEST,AUC,0.9114816426688271
Melody-MT-20k,GSM5652205_Skeletal-Muscle-Z00000427,VALID,Pearson,0.8000816595423568
Melody-MT-20k,GSM5652205_Skeletal-Muscle-Z00000427,VALID,Spearman,0.6976793829962935
Melody-MT-20k,GSM5652205_Skeletal-Muscle-Z00000427,VALID,AUC,0.8994887663477583
Melody-MT-20k,GSM5652205_Skeletal-Muscle-Z00000427,TEST,Pearson,0.8016139933091193
Melody-MT-20k,GSM5652205_Skeletal-Muscle-Z00000427,TEST,Spearman,0.7025319572456358
Melody-MT-20k,GSM5652205_Skeletal-Muscle-Z00000427,TEST,AUC,0.9017134673370656
Melody-MT-20k,GSM5652207_Aorta-Smooth-Muscle-Z0000041U,SAMPLE_VALID,Pearson,0.788169257197804
Melody-MT-20k,GSM5652207_Aorta-Smooth-Muscle-Z0000041U,SAMPLE_VALID,Spearman,0.7378109974788386
Melody-MT-20k,GSM5652207_Aorta-Smooth-Muscle-Z0000041U,SAMPLE_VALID,AUC,0.9072145456592166
Melody-MT-20k,GSM5652207_Aorta-Smooth-Muscle-Z0000041U,SAMPLE_TEST,Pearson,0.8120218985011503
Melody-MT-20k,GSM5652207_Aorta-Smooth-Muscle-Z0000041U,SAMPLE_TEST,Spearman,0.7650162177593509
Melody-MT-20k,GSM5652207_Aorta-Smooth-Muscle-Z0000041U,SAMPLE_TEST,AUC,0.9137190561504065
Melody-MT-20k,GSM5652207_Aorta-Smooth-Muscle-Z0000041U,VALID,Pearson,0.7700747837905346
Melody-MT-20k,GSM5652207_Aorta-Smooth-Muscle-Z0000041U,VALID,Spearman,0.7330613719261919
Melody-MT-20k,GSM5652207_Aorta-Smooth-Muscle-Z0000041U,VALID,AUC,0.8857987835238529
Melody-MT-20k,GSM5652207_Aorta-Smooth-Muscle-Z0000041U,TEST,Pearson,0.7688328298799633
Melody-MT-20k,GSM5652207_Aorta-Smooth-Muscle-Z0000041U,TEST,Spearman,0.738811047034741
Melody-MT-20k,GSM5652207_Aorta-Smooth-Muscle-Z0000041U,TEST,AUC,0.8835794789059345
Melody-MT-20k,GSM5652215_Heart-Cardiomyocyte-Z0000044P,SAMPLE_VALID,Pearson,0.7198439409849198
Melody-MT-20k,GSM5652215_Heart-Cardiomyocyte-Z0000044P,SAMPLE_VALID,Spearman,0.6301508464984469
Melody-MT-20k,GSM5652215_Heart-Cardiomyocyte-Z0000044P,SAMPLE_VALID,AUC,0.884109650602462
Melody-MT-20k,GSM5652215_Heart-Cardiomyocyte-Z0000044P,SAMPLE_TEST,Pearson,0.7189185757371545
Melody-MT-20k,GSM5652215_Heart-Cardiomyocyte-Z0000044P,SAMPLE_TEST,Spearman,0.6118539304928959
Melody-MT-20k,GSM5652215_Heart-Cardiomyocyte-Z0000044P,SAMPLE_TEST,AUC,0.8802690760876967
Melody-MT-20k,GSM5652215_Heart-Cardiomyocyte-Z0000044P,VALID,Pearson,0.7053772423620106
Melody-MT-20k,GSM5652215_Heart-Cardiomyocyte-Z0000044P,VALID,Spearman,0.5187037375954408
Melody-MT-20k,GSM5652215_Heart-Cardiomyocyte-Z0000044P,VALID,AUC,0.8679211475801376
Melody-MT-20k,GSM5652215_Heart-Cardiomyocyte-Z0000044P,TEST,Pearson,0.7012622389032245
Melody-MT-20k,GSM5652215_Heart-Cardiomyocyte-Z0000044P,TEST,Spearman,0.5298704534335064
Melody-MT-20k,GSM5652215_Heart-Cardiomyocyte-Z0000044P,TEST,AUC,0.8669324104767149
Melody-MT-20k,GSM5652218_Bone-Osteoblasts-Z0000042Z,SAMPLE_VALID,Pearson,0.7898259845029946
Melody-MT-20k,GSM5652218_Bone-Osteoblasts-Z0000042Z,SAMPLE_VALID,Spearman,0.7406544601912015
Melody-MT-20k,GSM5652218_Bone-Osteoblasts-Z0000042Z,SAMPLE_VALID,AUC,0.9082293861098777
Melody-MT-20k,GSM5652218_Bone-Osteoblasts-Z0000042Z,SAMPLE_TEST,Pearson,0.8059645894467717
Melody-MT-20k,GSM5652218_Bone-Osteoblasts-Z0000042Z,SAMPLE_TEST,Spearman,0.7682120388700128
Melody-MT-20k,GSM5652218_Bone-Osteoblasts-Z0000042Z,SAMPLE_TEST,AUC,0.9122284906659208
Melody-MT-20k,GSM5652218_Bone-Osteoblasts-Z0000042Z,VALID,Pearson,0.7722483347187709
Melody-MT-20k,GSM5652218_Bone-Osteoblasts-Z0000042Z,VALID,Spearman,0.7260923828702717
Melody-MT-20k,GSM5652218_Bone-Osteoblasts-Z0000042Z,VALID,AUC,0.8900388671346305
Melody-MT-20k,GSM5652218_Bone-Osteoblasts-Z0000042Z,TEST,Pearson,0.7706734972679392
Melody-MT-20k,GSM5652218_Bone-Osteoblasts-Z0000042Z,TEST,Spearman,0.7447089188109209
Melody-MT-20k,GSM5652218_Bone-Osteoblasts-Z0000042Z,TEST,AUC,0.8898268055666648
Melody-MT-20k,GSM5652219_Oligodendrocytes-Z000000TK,SAMPLE_VALID,Pearson,0.8096017323959835
Melody-MT-20k,GSM5652219_Oligodendrocytes-Z000000TK,SAMPLE_VALID,Spearman,0.6586875834631989
Melody-MT-20k,GSM5652219_Oligodendrocytes-Z000000TK,SAMPLE_VALID,AUC,0.9211425080701705
Melody-MT-20k,GSM5652219_Oligodendrocytes-Z000000TK,SAMPLE_TEST,Pearson,0.8290519549695662
Melody-MT-20k,GSM5652219_Oligodendrocytes-Z000000TK,SAMPLE_TEST,Spearman,0.6952189086483165
Melody-MT-20k,GSM5652219_Oligodendrocytes-Z000000TK,SAMPLE_TEST,AUC,0.931939525055788
Melody-MT-20k,GSM5652219_Oligodendrocytes-Z000000TK,VALID,Pearson,0.8023678833023248
Melody-MT-20k,GSM5652219_Oligodendrocytes-Z000000TK,VALID,Spearman,0.5677142992672211
Melody-MT-20k,GSM5652219_Oligodendrocytes-Z000000TK,VALID,AUC,0.9145313317234962
Melody-MT-20k,GSM5652219_Oligodendrocytes-Z000000TK,TEST,Pearson,0.8028068330805034
Melody-MT-20k,GSM5652219_Oligodendrocytes-Z000000TK,TEST,Spearman,0.5722127044019288
Melody-MT-20k,GSM5652219_Oligodendrocytes-Z000000TK,TEST,AUC,0.9157909138934776
Melody-MT-20k,GSM5652223_Cortex-Neuron-Z000000TF,SAMPLE_VALID,Pearson,0.8455084946842093
Melody-MT-20k,GSM5652223_Cortex-Neuron-Z000000TF,SAMPLE_VALID,Spearman,0.7198570156632438
Melody-MT-20k,GSM5652223_Cortex-Neuron-Z000000TF,SAMPLE_VALID,AUC,0.935870640397451
Melody-MT-20k,GSM5652223_Cortex-Neuron-Z000000TF,SAMPLE_TEST,Pearson,0.8670380284084379
Melody-MT-20k,GSM5652223_Cortex-Neuron-Z000000TF,SAMPLE_TEST,Spearman,0.7329012596853045
Melody-MT-20k,GSM5652223_Cortex-Neuron-Z000000TF,SAMPLE_TEST,AUC,0.945629101152101
Melody-MT-20k,GSM5652223_Cortex-Neuron-Z000000TF,VALID,Pearson,0.8275197346564601
Melody-MT-20k,GSM5652223_Cortex-Neuron-Z000000TF,VALID,Spearman,0.6000436694804676
Melody-MT-20k,GSM5652223_Cortex-Neuron-Z000000TF,VALID,AUC,0.9208364202117032
Melody-MT-20k,GSM5652223_Cortex-Neuron-Z000000TF,TEST,Pearson,0.8263633641673734
Melody-MT-20k,GSM5652223_Cortex-Neuron-Z000000TF,TEST,Spearman,0.6063185006606092
Melody-MT-20k,GSM5652223_Cortex-Neuron-Z000000TF,TEST,AUC,0.9212565773063757
Melody-MT-20k,GSM5652233_Liver-Hepatocytes-Z000000R3,SAMPLE_VALID,Pearson,0.7984446735655083
Melody-MT-20k,GSM5652233_Liver-Hepatocytes-Z000000R3,SAMPLE_VALID,Spearman,0.662285234869463
Melody-MT-20k,GSM5652233_Liver-Hepatocytes-Z000000R3,SAMPLE_VALID,AUC,0.9238035672299482
Melody-MT-20k,GSM5652233_Liver-Hepatocytes-Z000000R3,SAMPLE_TEST,Pearson,0.8095851848378923
Melody-MT-20k,GSM5652233_Liver-Hepatocytes-Z000000R3,SAMPLE_TEST,Spearman,0.6932325329356093
Melody-MT-20k,GSM5652233_Liver-Hepatocytes-Z000000R3,SAMPLE_TEST,AUC,0.9268879346873066
Melody-MT-20k,GSM5652233_Liver-Hepatocytes-Z000000R3,VALID,Pearson,0.7932784046834639
Melody-MT-20k,GSM5652233_Liver-Hepatocytes-Z000000R3,VALID,Spearman,0.6667266360345723
Melody-MT-20k,GSM5652233_Liver-Hepatocytes-Z000000R3,VALID,AUC,0.9083380854910366
Melody-MT-20k,GSM5652233_Liver-Hepatocytes-Z000000R3,TEST,Pearson,0.7890863481249066
Melody-MT-20k,GSM5652233_Liver-Hepatocytes-Z000000R3,TEST,Spearman,0.6725255171508135
Melody-MT-20k,GSM5652233_Liver-Hepatocytes-Z000000R3,TEST,AUC,0.9056191408794306
Melody-MT-20k,GSM5652239_Pancreas-Duct-Z0000043T,SAMPLE_VALID,Pearson,0.7852270146809329
Melody-MT-20k,GSM5652239_Pancreas-Duct-Z0000043T,SAMPLE_VALID,Spearman,0.6755963167752158
Melody-MT-20k,GSM5652239_Pancreas-Duct-Z0000043T,SAMPLE_VALID,AUC,0.9186234591241681
Melody-MT-20k,GSM5652239_Pancreas-Duct-Z0000043T,SAMPLE_TEST,Pearson,0.8033776497133653
Melody-MT-20k,GSM5652239_Pancreas-Duct-Z0000043T,SAMPLE_TEST,Spearman,0.6943734689941686
Melody-MT-20k,GSM5652239_Pancreas-Duct-Z0000043T,SAMPLE_TEST,AUC,0.9244439628440423
Melody-MT-20k,GSM5652239_Pancreas-Duct-Z0000043T,VALID,Pearson,0.7898128235658872
Melody-MT-20k,GSM5652239_Pancreas-Duct-Z0000043T,VALID,Spearman,0.6000442042781129
Melody-MT-20k,GSM5652239_Pancreas-Duct-Z0000043T,VALID,AUC,0.9113205172283161
Melody-MT-20k,GSM5652239_Pancreas-Duct-Z0000043T,TEST,Pearson,0.7903672925261725
Melody-MT-20k,GSM5652239_Pancreas-Duct-Z0000043T,TEST,Spearman,0.6133150112119954
Melody-MT-20k,GSM5652239_Pancreas-Duct-Z0000043T,TEST,AUC,0.9109743550949986
Melody-MT-20k,GSM5652243_Pancreas-Acinar-Z000000QX,SAMPLE_VALID,Pearson,0.7364832297832207
Melody-MT-20k,GSM5652243_Pancreas-Acinar-Z000000QX,SAMPLE_VALID,Spearman,0.6909058956274295
Melody-MT-20k,GSM5652243_Pancreas-Acinar-Z000000QX,SAMPLE_VALID,AUC,0.8900896145546074
Melody-MT-20k,GSM5652243_Pancreas-Acinar-Z000000QX,SAMPLE_TEST,Pearson,0.7663866985723627
Melody-MT-20k,GSM5652243_Pancreas-Acinar-Z000000QX,SAMPLE_TEST,Spearman,0.7021346370650655
Melody-MT-20k,GSM5652243_Pancreas-Acinar-Z000000QX,SAMPLE_TEST,AUC,0.9026701298749286
Melody-MT-20k,GSM5652243_Pancreas-Acinar-Z000000QX,VALID,Pearson,0.7614847368951276
Melody-MT-20k,GSM5652243_Pancreas-Acinar-Z000000QX,VALID,Spearman,0.7052869874725634
Melody-MT-20k,GSM5652243_Pancreas-Acinar-Z000000QX,VALID,AUC,0.891670999677838
Melody-MT-20k,GSM5652243_Pancreas-Acinar-Z000000QX,TEST,Pearson,0.7634012350132556
Melody-MT-20k,GSM5652243_Pancreas-Acinar-Z000000QX,TEST,Spearman,0.7064407367844504
Melody-MT-20k,GSM5652243_Pancreas-Acinar-Z000000QX,TEST,AUC,0.8907772636153493
Melody-MT-20k,GSM5652247_Pancreas-Delta-Z00000451,SAMPLE_VALID,Pearson,0.7997925129954714
Melody-MT-20k,GSM5652247_Pancreas-Delta-Z00000451,SAMPLE_VALID,Spearman,0.6772313064939572
Melody-MT-20k,GSM5652247_Pancreas-Delta-Z00000451,SAMPLE_VALID,AUC,0.9254927441937686
Melody-MT-20k,GSM5652247_Pancreas-Delta-Z00000451,SAMPLE_TEST,Pearson,0.8078724541029543
Melody-MT-20k,GSM5652247_Pancreas-Delta-Z00000451,SAMPLE_TEST,Spearman,0.697620068051553
Melody-MT-20k,GSM5652247_Pancreas-Delta-Z00000451,SAMPLE_TEST,AUC,0.9270501286468416
Melody-MT-20k,GSM5652247_Pancreas-Delta-Z00000451,VALID,Pearson,0.78268535923497
Melody-MT-20k,GSM5652247_Pancreas-Delta-Z00000451,VALID,Spearman,0.6201214213289085
Melody-MT-20k,GSM5652247_Pancreas-Delta-Z00000451,VALID,AUC,0.9097491853017591
Melody-MT-20k,GSM5652247_Pancreas-Delta-Z00000451,TEST,Pearson,0.7809307190187643
Melody-MT-20k,GSM5652247_Pancreas-Delta-Z00000451,TEST,Spearman,0.6341078707346997
Melody-MT-20k,GSM5652247_Pancreas-Delta-Z00000451,TEST,AUC,0.9076587508955415
Melody-MT-20k,GSM5652250_Pancreas-Beta-Z00000452,SAMPLE_VALID,Pearson,0.7729031781071554
Melody-MT-20k,GSM5652250_Pancreas-Beta-Z00000452,SAMPLE_VALID,Spearman,0.6630683999079152
Melody-MT-20k,GSM5652250_Pancreas-Beta-Z00000452,SAMPLE_VALID,AUC,0.9130344924560888
Melody-MT-20k,GSM5652250_Pancreas-Beta-Z00000452,SAMPLE_TEST,Pearson,0.797723574371376
Melody-MT-20k,GSM5652250_Pancreas-Beta-Z00000452,SAMPLE_TEST,Spearman,0.6892693750264319
Melody-MT-20k,GSM5652250_Pancreas-Beta-Z00000452,SAMPLE_TEST,AUC,0.9241131649834737
Melody-MT-20k,GSM5652250_Pancreas-Beta-Z00000452,VALID,Pearson,0.7799654833675513
Melody-MT-20k,GSM5652250_Pancreas-Beta-Z00000452,VALID,Spearman,0.5927166040663343
Melody-MT-20k,GSM5652250_Pancreas-Beta-Z00000452,VALID,AUC,0.9079190177894196
Melody-MT-20k,GSM5652250_Pancreas-Beta-Z00000452,TEST,Pearson,0.7789306064034882
Melody-MT-20k,GSM5652250_Pancreas-Beta-Z00000452,TEST,Spearman,0.6234814348165815
Melody-MT-20k,GSM5652250_Pancreas-Beta-Z00000452,TEST,AUC,0.9071596753859487
Melody-MT-20k,GSM5652253_Pancreas-Alpha-Z00000453,SAMPLE_VALID,Pearson,0.7920540267980929
Melody-MT-20k,GSM5652253_Pancreas-Alpha-Z00000453,SAMPLE_VALID,Spearman,0.6679517227124169
Melody-MT-20k,GSM5652253_Pancreas-Alpha-Z00000453,SAMPLE_VALID,AUC,0.9212244416872308
Melody-MT-20k,GSM5652253_Pancreas-Alpha-Z00000453,SAMPLE_TEST,Pearson,0.8141616345739804
Melody-MT-20k,GSM5652253_Pancreas-Alpha-Z00000453,SAMPLE_TEST,Spearman,0.6885312191884337
Melody-MT-20k,GSM5652253_Pancreas-Alpha-Z00000453,SAMPLE_TEST,AUC,0.9301211829930106
Melody-MT-20k,GSM5652253_Pancreas-Alpha-Z00000453,VALID,Pearson,0.7834518037631287
Melody-MT-20k,GSM5652253_Pancreas-Alpha-Z00000453,VALID,Spearman,0.607554120916465
Melody-MT-20k,GSM5652253_Pancreas-Alpha-Z00000453,VALID,AUC,0.9071476630221122
Melody-MT-20k,GSM5652253_Pancreas-Alpha-Z00000453,TEST,Pearson,0.7812413447194729
Melody-MT-20k,GSM5652253_Pancreas-Alpha-Z00000453,TEST,Spearman,0.6191381152420828
Melody-MT-20k,GSM5652253_Pancreas-Alpha-Z00000453,TEST,AUC,0.906834600455045
Melody-MT-20k,GSM5652264_Thyroid-Epithelial-Z0000042S,SAMPLE_VALID,Pearson,0.7841309314923017
Melody-MT-20k,GSM5652264_Thyroid-Epithelial-Z0000042S,SAMPLE_VALID,Spearman,0.6712431149144424
Melody-MT-20k,GSM5652264_Thyroid-Epithelial-Z0000042S,SAMPLE_VALID,AUC,0.9153240170490383
Melody-MT-20k,GSM5652264_Thyroid-Epithelial-Z0000042S,SAMPLE_TEST,Pearson,0.8100589085771719
Melody-MT-20k,GSM5652264_Thyroid-Epithelial-Z0000042S,SAMPLE_TEST,Spearman,0.6811538062858624
Melody-MT-20k,GSM5652264_Thyroid-Epithelial-Z0000042S,SAMPLE_TEST,AUC,0.9255584501427725
Melody-MT-20k,GSM5652264_Thyroid-Epithelial-Z0000042S,VALID,Pearson,0.791116227604381
Melody-MT-20k,GSM5652264_Thyroid-Epithelial-Z0000042S,VALID,Spearman,0.5974539854416522
Melody-MT-20k,GSM5652264_Thyroid-Epithelial-Z0000042S,VALID,AUC,0.9085022637365261
Melody-MT-20k,GSM5652264_Thyroid-Epithelial-Z0000042S,TEST,Pearson,0.7904979295328689
Melody-MT-20k,GSM5652264_Thyroid-Epithelial-Z0000042S,TEST,Spearman,0.5819325258374383
Melody-MT-20k,GSM5652264_Thyroid-Epithelial-Z0000042S,TEST,AUC,0.9082070986513902
Melody-MT-20k,GSM5652267_Fallopian-Epithelial-Z000000Q7,SAMPLE_VALID,Pearson,0.8148060862364456
Melody-MT-20k,GSM5652267_Fallopian-Epithelial-Z000000Q7,SAMPLE_VALID,Spearman,0.7265080148729725
Melody-MT-20k,GSM5652267_Fallopian-Epithelial-Z000000Q7,SAMPLE_VALID,AUC,0.9289599317139476
Melody-MT-20k,GSM5652267_Fallopian-Epithelial-Z000000Q7,SAMPLE_TEST,Pearson,0.8218022372475579
Melody-MT-20k,GSM5652267_Fallopian-Epithelial-Z000000Q7,SAMPLE_TEST,Spearman,0.743686415628065
Melody-MT-20k,GSM5652267_Fallopian-Epithelial-Z000000Q7,SAMPLE_TEST,AUC,0.9322520868217615
Melody-MT-20k,GSM5652267_Fallopian-Epithelial-Z000000Q7,VALID,Pearson,0.7910193274491841
Melody-MT-20k,GSM5652267_Fallopian-Epithelial-Z000000Q7,VALID,Spearman,0.628027286559258
Melody-MT-20k,GSM5652267_Fallopian-Epithelial-Z000000Q7,VALID,AUC,0.9127198740015584
Melody-MT-20k,GSM5652267_Fallopian-Epithelial-Z000000Q7,TEST,Pearson,0.7912680263490373
Melody-MT-20k,GSM5652267_Fallopian-Epithelial-Z000000Q7,TEST,Spearman,0.6318988801296112
Melody-MT-20k,GSM5652267_Fallopian-Epithelial-Z000000Q7,TEST,AUC,0.9122018911765484
Melody-MT-20k,GSM5652270_Ovary-Epithelial-Z000000QT,SAMPLE_VALID,Pearson,0.7879342550754196
Melody-MT-20k,GSM5652270_Ovary-Epithelial-Z000000QT,SAMPLE_VALID,Spearman,0.7068748365815234
Melody-MT-20k,GSM5652270_Ovary-Epithelial-Z000000QT,SAMPLE_VALID,AUC,0.9186259185721409
Melody-MT-20k,GSM5652270_Ovary-Epithelial-Z000000QT,SAMPLE_TEST,Pearson,0.7966018893344489
Melody-MT-20k,GSM5652270_Ovary-Epithelial-Z000000QT,SAMPLE_TEST,Spearman,0.717197406982291
Melody-MT-20k,GSM5652270_Ovary-Epithelial-Z000000QT,SAMPLE_TEST,AUC,0.9224944518992308
Melody-MT-20k,GSM5652270_Ovary-Epithelial-Z000000QT,VALID,Pearson,0.737423095444963
Melody-MT-20k,GSM5652270_Ovary-Epithelial-Z000000QT,VALID,Spearman,0.6140533851435599
Melody-MT-20k,GSM5652270_Ovary-Epithelial-Z000000QT,VALID,AUC,0.8859384747061656
Melody-MT-20k,GSM5652270_Ovary-Epithelial-Z000000QT,TEST,Pearson,0.7354774482047406
Melody-MT-20k,GSM5652270_Ovary-Epithelial-Z000000QT,TEST,Spearman,0.6190486823606957
Melody-MT-20k,GSM5652270_Ovary-Epithelial-Z000000QT,TEST,AUC,0.8858971396167244
Melody-MT-20k,GSM5652274_Bone_marrow-Erythrocyte_progenitors-Z000000RF,SAMPLE_VALID,Pearson,0.7491248475185209
Melody-MT-20k,GSM5652274_Bone_marrow-Erythrocyte_progenitors-Z000000RF,SAMPLE_VALID,Spearman,0.683799697551977
Melody-MT-20k,GSM5652274_Bone_marrow-Erythrocyte_progenitors-Z000000RF,SAMPLE_VALID,AUC,0.8820151650352515
Melody-MT-20k,GSM5652274_Bone_marrow-Erythrocyte_progenitors-Z000000RF,SAMPLE_TEST,Pearson,0.7819856282775013
Melody-MT-20k,GSM5652274_Bone_marrow-Erythrocyte_progenitors-Z000000RF,SAMPLE_TEST,Spearman,0.7321342933572345
Melody-MT-20k,GSM5652274_Bone_marrow-Erythrocyte_progenitors-Z000000RF,SAMPLE_TEST,AUC,0.8950314433948977
Melody-MT-20k,GSM5652274_Bone_marrow-Erythrocyte_progenitors-Z000000RF,VALID,Pearson,0.7923547289724742
Melody-MT-20k,GSM5652274_Bone_marrow-Erythrocyte_progenitors-Z000000RF,VALID,Spearman,0.7385252717469017
Melody-MT-20k,GSM5652274_Bone_marrow-Erythrocyte_progenitors-Z000000RF,VALID,AUC,0.8850186687742985
Melody-MT-20k,GSM5652274_Bone_marrow-Erythrocyte_progenitors-Z000000RF,TEST,Pearson,0.7834517253290788
Melody-MT-20k,GSM5652274_Bone_marrow-Erythrocyte_progenitors-Z000000RF,TEST,Spearman,0.7420680243736871
Melody-MT-20k,GSM5652274_Bone_marrow-Erythrocyte_progenitors-Z000000RF,TEST,AUC,0.8813147511489521
Melody-MT-20k,GSM5652277_Blood-T-CD3-Z000000TV,SAMPLE_VALID,Pearson,0.7641970246296841
Melody-MT-20k,GSM5652277_Blood-T-CD3-Z000000TV,SAMPLE_VALID,Spearman,0.6591199647016407
Melody-MT-20k,GSM5652277_Blood-T-CD3-Z000000TV,SAMPLE_VALID,AUC,0.9066905453277453
Melody-MT-20k,GSM5652277_Blood-T-CD3-Z000000TV,SAMPLE_TEST,Pearson,0.7968775295932283
Melody-MT-20k,GSM5652277_Blood-T-CD3-Z000000TV,SAMPLE_TEST,Spearman,0.670834301355604
Melody-MT-20k,GSM5652277_Blood-T-CD3-Z000000TV,SAMPLE_TEST,AUC,0.9158287361066396
Melody-MT-20k,GSM5652277_Blood-T-CD3-Z000000TV,VALID,Pearson,0.8086752709277669
Melody-MT-20k,GSM5652277_Blood-T-CD3-Z000000TV,VALID,Spearman,0.6915191654712979
Melody-MT-20k,GSM5652277_Blood-T-CD3-Z000000TV,VALID,AUC,0.9124700946994588
Melody-MT-20k,GSM5652277_Blood-T-CD3-Z000000TV,TEST,Pearson,0.8062965952449831
Melody-MT-20k,GSM5652277_Blood-T-CD3-Z000000TV,TEST,Spearman,0.6886025588899225
Melody-MT-20k,GSM5652277_Blood-T-CD3-Z000000TV,TEST,AUC,0.9118641107908724
Melody-MT-20k,GSM5652299_Blood-NK-Z000000TM,SAMPLE_VALID,Pearson,0.7704877283304448
Melody-MT-20k,GSM5652299_Blood-NK-Z000000TM,SAMPLE_VALID,Spearman,0.6346532049237993
Melody-MT-20k,GSM5652299_Blood-NK-Z000000TM,SAMPLE_VALID,AUC,0.9127731445131336
Melody-MT-20k,GSM5652299_Blood-NK-Z000000TM,SAMPLE_TEST,Pearson,0.8078474670931327
Melody-MT-20k,GSM5652299_Blood-NK-Z000000TM,SAMPLE_TEST,Spearman,0.6591200020289737
Melody-MT-20k,GSM5652299_Blood-NK-Z000000TM,SAMPLE_TEST,AUC,0.9255674072082
Melody-MT-20k,GSM5652299_Blood-NK-Z000000TM,VALID,Pearson,0.8102164831668063
Melody-MT-20k,GSM5652299_Blood-NK-Z000000TM,VALID,Spearman,0.618893951548225
Melody-MT-20k,GSM5652299_Blood-NK-Z000000TM,VALID,AUC,0.913734316125104
Melody-MT-20k,GSM5652299_Blood-NK-Z000000TM,TEST,Pearson,0.8078391104402848
Melody-MT-20k,GSM5652299_Blood-NK-Z000000TM,TEST,Spearman,0.611082193065069
Melody-MT-20k,GSM5652299_Blood-NK-Z000000TM,TEST,AUC,0.9133804441298495
Melody-MT-20k,GSM5652302_Blood-Monocytes-Z000000TP,SAMPLE_VALID,Pearson,0.7873325420990485
Melody-MT-20k,GSM5652302_Blood-Monocytes-Z000000TP,SAMPLE_VALID,Spearman,0.6379176478723682
Melody-MT-20k,GSM5652302_Blood-Monocytes-Z000000TP,SAMPLE_VALID,AUC,0.9256205436836649
Melody-MT-20k,GSM5652302_Blood-Monocytes-Z000000TP,SAMPLE_TEST,Pearson,0.8071463485808387
Melody-MT-20k,GSM5652302_Blood-Monocytes-Z000000TP,SAMPLE_TEST,Spearman,0.6589551409400174
Melody-MT-20k,GSM5652302_Blood-Monocytes-Z000000TP,SAMPLE_TEST,AUC,0.9319842985242304
Melody-MT-20k,GSM5652302_Blood-Monocytes-Z000000TP,VALID,Pearson,0.8043959415819821
Melody-MT-20k,GSM5652302_Blood-Monocytes-Z000000TP,VALID,Spearman,0.5682686890491385
Melody-MT-20k,GSM5652302_Blood-Monocytes-Z000000TP,VALID,AUC,0.9183511635413011
Melody-MT-20k,GSM5652302_Blood-Monocytes-Z000000TP,TEST,Pearson,0.8013546373829804
Melody-MT-20k,GSM5652302_Blood-Monocytes-Z000000TP,TEST,Spearman,0.582804437028026
Melody-MT-20k,GSM5652302_Blood-Monocytes-Z000000TP,TEST,AUC,0.9168576104196965
Melody-MT-20k,GSM5652313_Blood-Granulocytes-Z000000TZ,SAMPLE_VALID,Pearson,0.7870056203922263
Melody-MT-20k,GSM5652313_Blood-Granulocytes-Z000000TZ,SAMPLE_VALID,Spearman,0.6603926235390917
Melody-MT-20k,GSM5652313_Blood-Granulocytes-Z000000TZ,SAMPLE_VALID,AUC,0.9236676977574763
Melody-MT-20k,GSM5652313_Blood-Granulocytes-Z000000TZ,SAMPLE_TEST,Pearson,0.807250780946627
Melody-MT-20k,GSM5652313_Blood-Granulocytes-Z000000TZ,SAMPLE_TEST,Spearman,0.6841478274411624
Melody-MT-20k,GSM5652313_Blood-Granulocytes-Z000000TZ,SAMPLE_TEST,AUC,0.9306615325955271
Melody-MT-20k,GSM5652313_Blood-Granulocytes-Z000000TZ,VALID,Pearson,0.805833334914648
Melody-MT-20k,GSM5652313_Blood-Granulocytes-Z000000TZ,VALID,Spearman,0.6151494194458618
Melody-MT-20k,GSM5652313_Blood-Granulocytes-Z000000TZ,VALID,AUC,0.9175828090821931
Melody-MT-20k,GSM5652313_Blood-Granulocytes-Z000000TZ,TEST,Pearson,0.8033426554357026
Melody-MT-20k,GSM5652313_Blood-Granulocytes-Z000000TZ,TEST,Spearman,0.604770137221281
Melody-MT-20k,GSM5652313_Blood-Granulocytes-Z000000TZ,TEST,AUC,0.9166667594013469
Melody-MT-20k,GSM5652317_Blood-B-Z000000UB,SAMPLE_VALID,Pearson,0.7672526111774627
Melody-MT-20k,GSM5652317_Blood-B-Z000000UB,SAMPLE_VALID,Spearman,0.6478037050826347
Melody-MT-20k,GSM5652317_Blood-B-Z000000UB,SAMPLE_VALID,AUC,0.9087189731380902
Melody-MT-20k,GSM5652317_Blood-B-Z000000UB,SAMPLE_TEST,Pearson,0.7969622010955375
Melody-MT-20k,GSM5652317_Blood-B-Z000000UB,SAMPLE_TEST,Spearman,0.663908710936958
Melody-MT-20k,GSM5652317_Blood-B-Z000000UB,SAMPLE_TEST,AUC,0.9224222050341528
Melody-MT-20k,GSM5652317_Blood-B-Z000000UB,VALID,Pearson,0.7989548062268929
Melody-MT-20k,GSM5652317_Blood-B-Z000000UB,VALID,Spearman,0.6388845098554328
Melody-MT-20k,GSM5652317_Blood-B-Z000000UB,VALID,AUC,0.9091845450487133
Melody-MT-20k,GSM5652317_Blood-B-Z000000UB,TEST,Pearson,0.7950866530074367
Melody-MT-20k,GSM5652317_Blood-B-Z000000UB,TEST,Spearman,0.6552267497334824
Melody-MT-20k,GSM5652317_Blood-B-Z000000UB,TEST,AUC,0.9087720567645781
Melody-MT-20k,GSM5652321_Epidermal-Keratinocytes-Z00000424,SAMPLE_VALID,Pearson,0.7948984409361619
Melody-MT-20k,GSM5652321_Epidermal-Keratinocytes-Z00000424,SAMPLE_VALID,Spearman,0.7338963045706437
Melody-MT-20k,GSM5652321_Epidermal-Keratinocytes-Z00000424,SAMPLE_VALID,AUC,0.9151857067016977
Melody-MT-20k,GSM5652321_Epidermal-Keratinocytes-Z00000424,SAMPLE_TEST,Pearson,0.8166069447024087
Melody-MT-20k,GSM5652321_Epidermal-Keratinocytes-Z00000424,SAMPLE_TEST,Spearman,0.7688058354216606
Melody-MT-20k,GSM5652321_Epidermal-Keratinocytes-Z00000424,SAMPLE_TEST,AUC,0.9261161348328701
Melody-MT-20k,GSM5652321_Epidermal-Keratinocytes-Z00000424,VALID,Pearson,0.7922057928817691
Melody-MT-20k,GSM5652321_Epidermal-Keratinocytes-Z00000424,VALID,Spearman,0.6856470573745135
Melody-MT-20k,GSM5652321_Epidermal-Keratinocytes-Z00000424,VALID,AUC,0.9094679466027176
Melody-MT-20k,GSM5652321_Epidermal-Keratinocytes-Z00000424,TEST,Pearson,0.7914838382763354
Melody-MT-20k,GSM5652321_Epidermal-Keratinocytes-Z00000424,TEST,Spearman,0.6769096048883664
Melody-MT-20k,GSM5652321_Epidermal-Keratinocytes-Z00000424,TEST,AUC,0.9096770944445292
Melody-MT-20k,GSM5652322_Tonsil-Palatine-Epithelial-Z000000QF,SAMPLE_VALID,Pearson,0.7969891932446296
Melody-MT-20k,GSM5652322_Tonsil-Palatine-Epithelial-Z000000QF,SAMPLE_VALID,Spearman,0.768653488998921
Melody-MT-20k,GSM5652322_Tonsil-Palatine-Epithelial-Z000000QF,SAMPLE_VALID,AUC,0.9150442595383371
Melody-MT-20k,GSM5652322_Tonsil-Palatine-Epithelial-Z000000QF,SAMPLE_TEST,Pearson,0.8170363840449899
Melody-MT-20k,GSM5652322_Tonsil-Palatine-Epithelial-Z000000QF,SAMPLE_TEST,Spearman,0.7867739222408051
Melody-MT-20k,GSM5652322_Tonsil-Palatine-Epithelial-Z000000QF,SAMPLE_TEST,AUC,0.9201933557488945
Melody-MT-20k,GSM5652322_Tonsil-Palatine-Epithelial-Z000000QF,VALID,Pearson,0.7866169712721516
Melody-MT-20k,GSM5652322_Tonsil-Palatine-Epithelial-Z000000QF,VALID,Spearman,0.7272733243095952
Melody-MT-20k,GSM5652322_Tonsil-Palatine-Epithelial-Z000000QF,VALID,AUC,0.9030370956659
Melody-MT-20k,GSM5652322_Tonsil-Palatine-Epithelial-Z000000QF,TEST,Pearson,0.7867199854177939
Melody-MT-20k,GSM5652322_Tonsil-Palatine-Epithelial-Z000000QF,TEST,Spearman,0.7133905406989857
Melody-MT-20k,GSM5652322_Tonsil-Palatine-Epithelial-Z000000QF,TEST,AUC,0.9031319916666438
Melody-MT-20k,GSM5652335_Lung-Bronchus-Epithelial-Z000000QD,SAMPLE_VALID,Pearson,0.8167217571205828
Melody-MT-20k,GSM5652335_Lung-Bronchus-Epithelial-Z000000QD,SAMPLE_VALID,Spearman,0.7719551365530254
Melody-MT-20k,GSM5652335_Lung-Bronchus-Epithelial-Z000000QD,SAMPLE_VALID,AUC,0.9267316535101452
Melody-MT-20k,GSM5652335_Lung-Bronchus-Epithelial-Z000000QD,SAMPLE_TEST,Pearson,0.828862459864313
Melody-MT-20k,GSM5652335_Lung-Bronchus-Epithelial-Z000000QD,SAMPLE_TEST,Spearman,0.7973291395000038
Melody-MT-20k,GSM5652335_Lung-Bronchus-Epithelial-Z000000QD,SAMPLE_TEST,AUC,0.9297862080379136
Melody-MT-20k,GSM5652335_Lung-Bronchus-Epithelial-Z000000QD,VALID,Pearson,0.7989723040808392
Melody-MT-20k,GSM5652335_Lung-Bronchus-Epithelial-Z000000QD,VALID,Spearman,0.6712301924076866
Melody-MT-20k,GSM5652335_Lung-Bronchus-Epithelial-Z000000QD,VALID,AUC,0.9130565465186907
Melody-MT-20k,GSM5652335_Lung-Bronchus-Epithelial-Z000000QD,TEST,Pearson,0.7985353820947356
Melody-MT-20k,GSM5652335_Lung-Bronchus-Epithelial-Z000000QD,TEST,Spearman,0.6739054935130734
Melody-MT-20k,GSM5652335_Lung-Bronchus-Epithelial-Z000000QD,TEST,AUC,0.9128179862824027
Melody-MT-20k,GSM5652338_Prostate-Epithelial-Z000000RV,SAMPLE_VALID,Pearson,0.8155510114658244
Melody-MT-20k,GSM5652338_Prostate-Epithelial-Z000000RV,SAMPLE_VALID,Spearman,0.7556060142077844
Melody-MT-20k,GSM5652338_Prostate-Epithelial-Z000000RV,SAMPLE_VALID,AUC,0.925028087657541
Melody-MT-20k,GSM5652338_Prostate-Epithelial-Z000000RV,SAMPLE_TEST,Pearson,0.8428334622011404
Melody-MT-20k,GSM5652338_Prostate-Epithelial-Z000000RV,SAMPLE_TEST,Spearman,0.788298071446854
Melody-MT-20k,GSM5652338_Prostate-Epithelial-Z000000RV,SAMPLE_TEST,AUC,0.9349737647068167
Melody-MT-20k,GSM5652338_Prostate-Epithelial-Z000000RV,VALID,Pearson,0.8048138611923364
Melody-MT-20k,GSM5652338_Prostate-Epithelial-Z000000RV,VALID,Spearman,0.6704954903096638
Melody-MT-20k,GSM5652338_Prostate-Epithelial-Z000000RV,VALID,AUC,0.9162790969873751
Melody-MT-20k,GSM5652338_Prostate-Epithelial-Z000000RV,TEST,Pearson,0.805891392556288
Melody-MT-20k,GSM5652338_Prostate-Epithelial-Z000000RV,TEST,Spearman,0.672367680898239
Melody-MT-20k,GSM5652338_Prostate-Epithelial-Z000000RV,TEST,AUC,0.9164318275110253
Melody-MT-20k,GSM5652342_Bladder-Epithelial-Z000000QM,SAMPLE_VALID,Pearson,0.7602180140258603
Melody-MT-20k,GSM5652342_Bladder-Epithelial-Z000000QM,SAMPLE_VALID,Spearman,0.7118599823467646
Melody-MT-20k,GSM5652342_Bladder-Epithelial-Z000000QM,SAMPLE_VALID,AUC,0.9026066914450221
Melody-MT-20k,GSM5652342_Bladder-Epithelial-Z000000QM,SAMPLE_TEST,Pearson,0.8048585950655641
Melody-MT-20k,GSM5652342_Bladder-Epithelial-Z000000QM,SAMPLE_TEST,Spearman,0.7679351351607872
Melody-MT-20k,GSM5652342_Bladder-Epithelial-Z000000QM,SAMPLE_TEST,AUC,0.9207398128056938
Melody-MT-20k,GSM5652342_Bladder-Epithelial-Z000000QM,VALID,Pearson,0.7797864489123475
Melody-MT-20k,GSM5652342_Bladder-Epithelial-Z000000QM,VALID,Spearman,0.677925770329235
Melody-MT-20k,GSM5652342_Bladder-Epithelial-Z000000QM,VALID,AUC,0.906210968249962
Melody-MT-20k,GSM5652342_Bladder-Epithelial-Z000000QM,TEST,Pearson,0.7816915111225495
Melody-MT-20k,GSM5652342_Bladder-Epithelial-Z000000QM,TEST,Spearman,0.6836666699193555
Melody-MT-20k,GSM5652342_Bladder-Epithelial-Z000000QM,TEST,AUC,0.9065377231543333
Melody-MT-20k,GSM5652347_Breast-Luminal-Epithelial-Z000000V2,SAMPLE_VALID,Pearson,0.8156869805440654
Melody-MT-20k,GSM5652347_Breast-Luminal-Epithelial-Z000000V2,SAMPLE_VALID,Spearman,0.7234883398369438
Melody-MT-20k,GSM5652347_Breast-Luminal-Epithelial-Z000000V2,SAMPLE_VALID,AUC,0.92816460082332
Melody-MT-20k,GSM5652347_Breast-Luminal-Epithelial-Z000000V2,SAMPLE_TEST,Pearson,0.8311738680231717
Melody-MT-20k,GSM5652347_Breast-Luminal-Epithelial-Z000000V2,SAMPLE_TEST,Spearman,0.7604467465502318
Melody-MT-20k,GSM5652347_Breast-Luminal-Epithelial-Z000000V2,SAMPLE_TEST,AUC,0.9330596135025422
Melody-MT-20k,GSM5652347_Breast-Luminal-Epithelial-Z000000V2,VALID,Pearson,0.7998648797808187
Melody-MT-20k,GSM5652347_Breast-Luminal-Epithelial-Z000000V2,VALID,Spearman,0.6141993408277318
Melody-MT-20k,GSM5652347_Breast-Luminal-Epithelial-Z000000V2,VALID,AUC,0.9159455909690375
Melody-MT-20k,GSM5652347_Breast-Luminal-Epithelial-Z000000V2,TEST,Pearson,0.799729448234242
Melody-MT-20k,GSM5652347_Breast-Luminal-Epithelial-Z000000V2,TEST,Spearman,0.613498159663357
Melody-MT-20k,GSM5652347_Breast-Luminal-Epithelial-Z000000V2,TEST,AUC,0.9151580744368643
Melody-MT-20k,GSM5652350_Breast-Basal-Epithelial-Z000000V6,SAMPLE_VALID,Pearson,0.7919568365900365
Melody-MT-20k,GSM5652350_Breast-Basal-Epithelial-Z000000V6,SAMPLE_VALID,Spearman,0.6865663036563422
Melody-MT-20k,GSM5652350_Breast-Basal-Epithelial-Z000000V6,SAMPLE_VALID,AUC,0.9242750266231359
Melody-MT-20k,GSM5652350_Breast-Basal-Epithelial-Z000000V6,SAMPLE_TEST,Pearson,0.8115242098730724
Melody-MT-20k,GSM5652350_Breast-Basal-Epithelial-Z000000V6,SAMPLE_TEST,Spearman,0.7182482552333429
Melody-MT-20k,GSM5652350_Breast-Basal-Epithelial-Z000000V6,SAMPLE_TEST,AUC,0.931348605044606
Melody-MT-20k,GSM5652350_Breast-Basal-Epithelial-Z000000V6,VALID,Pearson,0.7855968492455485
Melody-MT-20k,GSM5652350_Breast-Basal-Epithelial-Z000000V6,VALID,Spearman,0.5913446688983558
Melody-MT-20k,GSM5652350_Breast-Basal-Epithelial-Z000000V6,VALID,AUC,0.9131654216789197
Melody-MT-20k,GSM5652350_Breast-Basal-Epithelial-Z000000V6,TEST,Pearson,0.7846424835313934
Melody-MT-20k,GSM5652350_Breast-Basal-Epithelial-Z000000V6,TEST,Spearman,0.6085363299466529
Melody-MT-20k,GSM5652350_Breast-Basal-Epithelial-Z000000V6,TEST,AUC,0.9127872112831544
Melody-MT-20k,GSM5652354_Lung-Alveolar-Epithelial-Z000000T1,SAMPLE_VALID,Pearson,0.8112769494683466
Melody-MT-20k,GSM5652354_Lung-Alveolar-Epithelial-Z000000T1,SAMPLE_VALID,Spearman,0.7770576442934062
Melody-MT-20k,GSM5652354_Lung-Alveolar-Epithelial-Z000000T1,SAMPLE_VALID,AUC,0.9217314905051278
Melody-MT-20k,GSM5652354_Lung-Alveolar-Epithelial-Z000000T1,SAMPLE_TEST,Pearson,0.8323001826127553
Melody-MT-20k,GSM5652354_Lung-Alveolar-Epithelial-Z000000T1,SAMPLE_TEST,Spearman,0.8037939307387202
Melody-MT-20k,GSM5652354_Lung-Alveolar-Epithelial-Z000000T1,SAMPLE_TEST,AUC,0.9286322478272135
Melody-MT-20k,GSM5652354_Lung-Alveolar-Epithelial-Z000000T1,VALID,Pearson,0.8097417648003563
Melody-MT-20k,GSM5652354_Lung-Alveolar-Epithelial-Z000000T1,VALID,Spearman,0.7045940062586622
Melody-MT-20k,GSM5652354_Lung-Alveolar-Epithelial-Z000000T1,VALID,AUC,0.9161619047267927
Melody-MT-20k,GSM5652354_Lung-Alveolar-Epithelial-Z000000T1,TEST,Pearson,0.8092590366788022
Melody-MT-20k,GSM5652354_Lung-Alveolar-Epithelial-Z000000T1,TEST,Spearman,0.6945738474664245
Melody-MT-20k,GSM5652354_Lung-Alveolar-Epithelial-Z000000T1,TEST,AUC,0.9166699690988767
Melody-MT-20k,GSM5652358_Gallbladder-Epithelial-Z00000432,SAMPLE_VALID,Pearson,0.7947932174976201
Melody-MT-20k,GSM5652358_Gallbladder-Epithelial-Z00000432,SAMPLE_VALID,Spearman,0.7231115732597162
Melody-MT-20k,GSM5652358_Gallbladder-Epithelial-Z00000432,SAMPLE_VALID,AUC,0.9199384863468102
Melody-MT-20k,GSM5652358_Gallbladder-Epithelial-Z00000432,SAMPLE_TEST,Pearson,0.802018102308711
Melody-MT-20k,GSM5652358_Gallbladder-Epithelial-Z00000432,SAMPLE_TEST,Spearman,0.7583430351304881
Melody-MT-20k,GSM5652358_Gallbladder-Epithelial-Z00000432,SAMPLE_TEST,AUC,0.9211645195066358
Melody-MT-20k,GSM5652358_Gallbladder-Epithelial-Z00000432,VALID,Pearson,0.7943765545739478
Melody-MT-20k,GSM5652358_Gallbladder-Epithelial-Z00000432,VALID,Spearman,0.6154579791074936
Melody-MT-20k,GSM5652358_Gallbladder-Epithelial-Z00000432,VALID,AUC,0.914088766599175
Melody-MT-20k,GSM5652358_Gallbladder-Epithelial-Z00000432,TEST,Pearson,0.7934687516386065
Melody-MT-20k,GSM5652358_Gallbladder-Epithelial-Z00000432,TEST,Spearman,0.6330230156429757
Melody-MT-20k,GSM5652358_Gallbladder-Epithelial-Z00000432,TEST,AUC,0.9137533673347795
Melody-MT-20k,GSM5652359_Gastric-fundus-Epithelial-Z000000RX,SAMPLE_VALID,Pearson,0.8046922694112885
Melody-MT-20k,GSM5652359_Gastric-fundus-Epithelial-Z000000RX,SAMPLE_VALID,Spearman,0.7475013994532266
Melody-MT-20k,GSM5652359_Gastric-fundus-Epithelial-Z000000RX,SAMPLE_VALID,AUC,0.9211981576761099
Melody-MT-20k,GSM5652359_Gastric-fundus-Epithelial-Z000000RX,SAMPLE_TEST,Pearson,0.808831895623385
Melody-MT-20k,GSM5652359_Gastric-fundus-Epithelial-Z000000RX,SAMPLE_TEST,Spearman,0.7694900498394868
Melody-MT-20k,GSM5652359_Gastric-fundus-Epithelial-Z000000RX,SAMPLE_TEST,AUC,0.9245483549785188
Melody-MT-20k,GSM5652359_Gastric-fundus-Epithelial-Z000000RX,VALID,Pearson,0.7941782299233633
Melody-MT-20k,GSM5652359_Gastric-fundus-Epithelial-Z000000RX,VALID,Spearman,0.691982565170516
Melody-MT-20k,GSM5652359_Gastric-fundus-Epithelial-Z000000RX,VALID,AUC,0.9102191000302153
Melody-MT-20k,GSM5652359_Gastric-fundus-Epithelial-Z000000RX,TEST,Pearson,0.7903306624227502
Melody-MT-20k,GSM5652359_Gastric-fundus-Epithelial-Z000000RX,TEST,Spearman,0.6969900057974417
Melody-MT-20k,GSM5652359_Gastric-fundus-Epithelial-Z000000RX,TEST,AUC,0.9092784075535977
Melody-MT-20k,GSM5652370_Colon-Right-Epithelial-Z000000V0,SAMPLE_VALID,Pearson,0.7682760105894489
Melody-MT-20k,GSM5652370_Colon-Right-Epithelial-Z000000V0,SAMPLE_VALID,Spearman,0.7045544940032958
Melody-MT-20k,GSM5652370_Colon-Right-Epithelial-Z000000V0,SAMPLE_VALID,AUC,0.9125879755578403
Melody-MT-20k,GSM5652370_Colon-Right-Epithelial-Z000000V0,SAMPLE_TEST,Pearson,0.7950809665201588
Melody-MT-20k,GSM5652370_Colon-Right-Epithelial-Z000000V0,SAMPLE_TEST,Spearman,0.7405952423216605
Melody-MT-20k,GSM5652370_Colon-Right-Epithelial-Z000000V0,SAMPLE_TEST,AUC,0.9203988835413208
Melody-MT-20k,GSM5652370_Colon-Right-Epithelial-Z000000V0,VALID,Pearson,0.7857529402630595
Melody-MT-20k,GSM5652370_Colon-Right-Epithelial-Z000000V0,VALID,Spearman,0.6504036343472548
Melody-MT-20k,GSM5652370_Colon-Right-Epithelial-Z000000V0,VALID,AUC,0.9122798805844241
Melody-MT-20k,GSM5652370_Colon-Right-Epithelial-Z000000V0,TEST,Pearson,0.7830270541177753
Melody-MT-20k,GSM5652370_Colon-Right-Epithelial-Z000000V0,TEST,Spearman,0.652524450818457
Melody-MT-20k,GSM5652370_Colon-Right-Epithelial-Z000000V0,TEST,AUC,0.9106468701394798
Melody-MT-20k,GSM5652378_Small-int-Epithelial-Z0000042V,SAMPLE_VALID,Pearson,0.7720610346727612
Melody-MT-20k,GSM5652378_Small-int-Epithelial-Z0000042V,SAMPLE_VALID,Spearman,0.6991058831745213
Melody-MT-20k,GSM5652378_Small-int-Epithelial-Z0000042V,SAMPLE_VALID,AUC,0.9149171778116849
Melody-MT-20k,GSM5652378_Small-int-Epithelial-Z0000042V,SAMPLE_TEST,Pearson,0.7970250898605951
Melody-MT-20k,GSM5652378_Small-int-Epithelial-Z0000042V,SAMPLE_TEST,Spearman,0.7482898516771151
Melody-MT-20k,GSM5652378_Small-int-Epithelial-Z0000042V,SAMPLE_TEST,AUC,0.9220358973578482
Melody-MT-20k,GSM5652378_Small-int-Epithelial-Z0000042V,VALID,Pearson,0.7724415503836843
Melody-MT-20k,GSM5652378_Small-int-Epithelial-Z0000042V,VALID,Spearman,0.6486893454082463
Melody-MT-20k,GSM5652378_Small-int-Epithelial-Z0000042V,VALID,AUC,0.909482712745361
Melody-MT-20k,GSM5652378_Small-int-Epithelial-Z0000042V,TEST,Pearson,0.7736984899826933
Melody-MT-20k,GSM5652378_Small-int-Epithelial-Z0000042V,TEST,Spearman,0.6569527441610992
Melody-MT-20k,GSM5652378_Small-int-Epithelial-Z0000042V,TEST,AUC,0.908258772801583
Melody-MT-50k,GSM5652176_Adipocytes-Z000000T7,SAMPLE_VALID,Pearson,0.8228697831521856
Melody-MT-50k,GSM5652176_Adipocytes-Z000000T7,SAMPLE_VALID,Spearman,0.7668724372342535
Melody-MT-50k,GSM5652176_Adipocytes-Z000000T7,SAMPLE_VALID,AUC,0.9187542105835033
Melody-MT-50k,GSM5652176_Adipocytes-Z000000T7,SAMPLE_TEST,Pearson,0.8441675913377463
Melody-MT-50k,GSM5652176_Adipocytes-Z000000T7,SAMPLE_TEST,Spearman,0.7838153317541121
Melody-MT-50k,GSM5652176_Adipocytes-Z000000T7,SAMPLE_TEST,AUC,0.92766349368797
Melody-MT-50k,GSM5652176_Adipocytes-Z000000T7,VALID,Pearson,0.8096356943324242
Melody-MT-50k,GSM5652176_Adipocytes-Z000000T7,VALID,Spearman,0.6820605192980672
Melody-MT-50k,GSM5652176_Adipocytes-Z000000T7,VALID,AUC,0.9094112383659769
Melody-MT-50k,GSM5652176_Adipocytes-Z000000T7,TEST,Pearson,0.8114209305443844
Melody-MT-50k,GSM5652176_Adipocytes-Z000000T7,TEST,Spearman,0.6886874377180493
Melody-MT-50k,GSM5652176_Adipocytes-Z000000T7,TEST,AUC,0.9107920764046291
Melody-MT-50k,GSM5652179_Aorta-Endothel-Z00000422,SAMPLE_VALID,Pearson,0.7601852613274821
Melody-MT-50k,GSM5652179_Aorta-Endothel-Z00000422,SAMPLE_VALID,Spearman,0.7000520243045193
Melody-MT-50k,GSM5652179_Aorta-Endothel-Z00000422,SAMPLE_VALID,AUC,0.9014976163223276
Melody-MT-50k,GSM5652179_Aorta-Endothel-Z00000422,SAMPLE_TEST,Pearson,0.7897315704886754
Melody-MT-50k,GSM5652179_Aorta-Endothel-Z00000422,SAMPLE_TEST,Spearman,0.719100063100389
Melody-MT-50k,GSM5652179_Aorta-Endothel-Z00000422,SAMPLE_TEST,AUC,0.9127393013910905
Melody-MT-50k,GSM5652179_Aorta-Endothel-Z00000422,VALID,Pearson,0.7775761338419113
Melody-MT-50k,GSM5652179_Aorta-Endothel-Z00000422,VALID,Spearman,0.703393427610697
Melody-MT-50k,GSM5652179_Aorta-Endothel-Z00000422,VALID,AUC,0.9011038109252352
Melody-MT-50k,GSM5652179_Aorta-Endothel-Z00000422,TEST,Pearson,0.7761505308773574
Melody-MT-50k,GSM5652179_Aorta-Endothel-Z00000422,TEST,Spearman,0.7054841462169607
Melody-MT-50k,GSM5652179_Aorta-Endothel-Z00000422,TEST,AUC,0.9010380987644467
Melody-MT-50k,GSM5652189_Kidney-Tubular-Endothel-Z0000042R,SAMPLE_VALID,Pearson,0.7807870062146243
Melody-MT-50k,GSM5652189_Kidney-Tubular-Endothel-Z0000042R,SAMPLE_VALID,Spearman,0.6825304146553648
Melody-MT-50k,GSM5652189_Kidney-Tubular-Endothel-Z0000042R,SAMPLE_VALID,AUC,0.9112068531937568
Melody-MT-50k,GSM5652189_Kidney-Tubular-Endothel-Z0000042R,SAMPLE_TEST,Pearson,0.7990441242417122
Melody-MT-50k,GSM5652189_Kidney-Tubular-Endothel-Z0000042R,SAMPLE_TEST,Spearman,0.7011107039778119
Melody-MT-50k,GSM5652189_Kidney-Tubular-Endothel-Z0000042R,SAMPLE_TEST,AUC,0.9209104011104685
Melody-MT-50k,GSM5652189_Kidney-Tubular-Endothel-Z0000042R,VALID,Pearson,0.7877295670402479
Melody-MT-50k,GSM5652189_Kidney-Tubular-Endothel-Z0000042R,VALID,Spearman,0.6154419941988254
Melody-MT-50k,GSM5652189_Kidney-Tubular-Endothel-Z0000042R,VALID,AUC,0.9099822524047803
Melody-MT-50k,GSM5652189_Kidney-Tubular-Endothel-Z0000042R,TEST,Pearson,0.7865333955573612
Melody-MT-50k,GSM5652189_Kidney-Tubular-Endothel-Z0000042R,TEST,Spearman,0.6371633581904977
Melody-MT-50k,GSM5652189_Kidney-Tubular-Endothel-Z0000042R,TEST,AUC,0.9086808004114535
Melody-MT-50k,GSM5652198_Colon-Fibroblasts-Z0000042A,SAMPLE_VALID,Pearson,0.8235442432120184
Melody-MT-50k,GSM5652198_Colon-Fibroblasts-Z0000042A,SAMPLE_VALID,Spearman,0.7665573233952442
Melody-MT-50k,GSM5652198_Colon-Fibroblasts-Z0000042A,SAMPLE_VALID,AUC,0.9225679455971643
Melody-MT-50k,GSM5652198_Colon-Fibroblasts-Z0000042A,SAMPLE_TEST,Pearson,0.8424184104550286
Melody-MT-50k,GSM5652198_Colon-Fibroblasts-Z0000042A,SAMPLE_TEST,Spearman,0.7825438090493213
Melody-MT-50k,GSM5652198_Colon-Fibroblasts-Z0000042A,SAMPLE_TEST,AUC,0.9265780467153997
Melody-MT-50k,GSM5652198_Colon-Fibroblasts-Z0000042A,VALID,Pearson,0.8101054586099401
Melody-MT-50k,GSM5652198_Colon-Fibroblasts-Z0000042A,VALID,Spearman,0.7075765328494532
Melody-MT-50k,GSM5652198_Colon-Fibroblasts-Z0000042A,VALID,AUC,0.907715460125372
Melody-MT-50k,GSM5652198_Colon-Fibroblasts-Z0000042A,TEST,Pearson,0.8082931859647449
Melody-MT-50k,GSM5652198_Colon-Fibroblasts-Z0000042A,TEST,Spearman,0.7156347066807678
Melody-MT-50k,GSM5652198_Colon-Fibroblasts-Z0000042A,TEST,AUC,0.9071788931477651
Melody-MT-50k,GSM5652200_Heart-Fibroblasts-Z0000043R,SAMPLE_VALID,Pearson,0.7329962658067948
Melody-MT-50k,GSM5652200_Heart-Fibroblasts-Z0000043R,SAMPLE_VALID,Spearman,0.685143768181993
Melody-MT-50k,GSM5652200_Heart-Fibroblasts-Z0000043R,SAMPLE_VALID,AUC,0.8786847831217827
Melody-MT-50k,GSM5652200_Heart-Fibroblasts-Z0000043R,SAMPLE_TEST,Pearson,0.7626837669684591
Melody-MT-50k,GSM5652200_Heart-Fibroblasts-Z0000043R,SAMPLE_TEST,Spearman,0.7061407417040548
Melody-MT-50k,GSM5652200_Heart-Fibroblasts-Z0000043R,SAMPLE_TEST,AUC,0.8919290679988149
Melody-MT-50k,GSM5652200_Heart-Fibroblasts-Z0000043R,VALID,Pearson,0.7208515652039765
Melody-MT-50k,GSM5652200_Heart-Fibroblasts-Z0000043R,VALID,Spearman,0.7017299336975834
Melody-MT-50k,GSM5652200_Heart-Fibroblasts-Z0000043R,VALID,AUC,0.8662390804069052
Melody-MT-50k,GSM5652200_Heart-Fibroblasts-Z0000043R,TEST,Pearson,0.7226416498815305
Melody-MT-50k,GSM5652200_Heart-Fibroblasts-Z0000043R,TEST,Spearman,0.7010849955846277
Melody-MT-50k,GSM5652200_Heart-Fibroblasts-Z0000043R,TEST,AUC,0.865705973798292
Melody-MT-50k,GSM5652204_Dermal-Fibroblasts-Z00000423,SAMPLE_VALID,Pearson,0.7719499967194214
Melody-MT-50k,GSM5652204_Dermal-Fibroblasts-Z00000423,SAMPLE_VALID,Spearman,0.7249748133010023
Melody-MT-50k,GSM5652204_Dermal-Fibroblasts-Z00000423,SAMPLE_VALID,AUC,0.8988459227916566
Melody-MT-50k,GSM5652204_Dermal-Fibroblasts-Z00000423,SAMPLE_TEST,Pearson,0.8191297721536535
Melody-MT-50k,GSM5652204_Dermal-Fibroblasts-Z00000423,SAMPLE_TEST,Spearman,0.7378526865752649
Melody-MT-50k,GSM5652204_Dermal-Fibroblasts-Z00000423,SAMPLE_TEST,AUC,0.9206636318344804
Melody-MT-50k,GSM5652204_Dermal-Fibroblasts-Z00000423,VALID,Pearson,0.7756119325033406
Melody-MT-50k,GSM5652204_Dermal-Fibroblasts-Z00000423,VALID,Spearman,0.6976012894571957
Melody-MT-50k,GSM5652204_Dermal-Fibroblasts-Z00000423,VALID,AUC,0.8953916022273676
Melody-MT-50k,GSM5652204_Dermal-Fibroblasts-Z00000423,TEST,Pearson,0.7782404270464324
Melody-MT-50k,GSM5652204_Dermal-Fibroblasts-Z00000423,TEST,Spearman,0.7019164840089203
Melody-MT-50k,GSM5652204_Dermal-Fibroblasts-Z00000423,TEST,AUC,0.8959235235865589
Melody-MT-50k,GSM5652205_Skeletal-Muscle-Z00000427,SAMPLE_VALID,Pearson,0.7921600375774865
Melody-MT-50k,GSM5652205_Skeletal-Muscle-Z00000427,SAMPLE_VALID,Spearman,0.7299026135355265
Melody-MT-50k,GSM5652205_Skeletal-Muscle-Z00000427,SAMPLE_VALID,AUC,0.8946060737919677
Melody-MT-50k,GSM5652205_Skeletal-Muscle-Z00000427,SAMPLE_TEST,Pearson,0.8178844739276523
Melody-MT-50k,GSM5652205_Skeletal-Muscle-Z00000427,SAMPLE_TEST,Spearman,0.7510082273127946
Melody-MT-50k,GSM5652205_Skeletal-Muscle-Z00000427,SAMPLE_TEST,AUC,0.9070142370963128
Melody-MT-50k,GSM5652205_Skeletal-Muscle-Z00000427,VALID,Pearson,0.7934725763215379
Melody-MT-50k,GSM5652205_Skeletal-Muscle-Z00000427,VALID,Spearman,0.6785586522901642
Melody-MT-50k,GSM5652205_Skeletal-Muscle-Z00000427,VALID,AUC,0.8947170998365467
Melody-MT-50k,GSM5652205_Skeletal-Muscle-Z00000427,TEST,Pearson,0.7957949415066119
Melody-MT-50k,GSM5652205_Skeletal-Muscle-Z00000427,TEST,Spearman,0.6758607373418266
Melody-MT-50k,GSM5652205_Skeletal-Muscle-Z00000427,TEST,AUC,0.8973423848175204
Melody-MT-50k,GSM5652207_Aorta-Smooth-Muscle-Z0000041U,SAMPLE_VALID,Pearson,0.7727917640690956
Melody-MT-50k,GSM5652207_Aorta-Smooth-Muscle-Z0000041U,SAMPLE_VALID,Spearman,0.7299165908357681
Melody-MT-50k,GSM5652207_Aorta-Smooth-Muscle-Z0000041U,SAMPLE_VALID,AUC,0.898935059948082
Melody-MT-50k,GSM5652207_Aorta-Smooth-Muscle-Z0000041U,SAMPLE_TEST,Pearson,0.8058303615539079
Melody-MT-50k,GSM5652207_Aorta-Smooth-Muscle-Z0000041U,SAMPLE_TEST,Spearman,0.7628442886275827
Melody-MT-50k,GSM5652207_Aorta-Smooth-Muscle-Z0000041U,SAMPLE_TEST,AUC,0.9109092756992395
Melody-MT-50k,GSM5652207_Aorta-Smooth-Muscle-Z0000041U,VALID,Pearson,0.7610601501058692
Melody-MT-50k,GSM5652207_Aorta-Smooth-Muscle-Z0000041U,VALID,Spearman,0.7324471654843352
Melody-MT-50k,GSM5652207_Aorta-Smooth-Muscle-Z0000041U,VALID,AUC,0.8841132733346768
Melody-MT-50k,GSM5652207_Aorta-Smooth-Muscle-Z0000041U,TEST,Pearson,0.760210786106083
Melody-MT-50k,GSM5652207_Aorta-Smooth-Muscle-Z0000041U,TEST,Spearman,0.7412113149660184
Melody-MT-50k,GSM5652207_Aorta-Smooth-Muscle-Z0000041U,TEST,AUC,0.8816481718799721
Melody-MT-50k,GSM5652215_Heart-Cardiomyocyte-Z0000044P,SAMPLE_VALID,Pearson,0.695579028776991
Melody-MT-50k,GSM5652215_Heart-Cardiomyocyte-Z0000044P,SAMPLE_VALID,Spearman,0.6061242634750041
Melody-MT-50k,GSM5652215_Heart-Cardiomyocyte-Z0000044P,SAMPLE_VALID,AUC,0.8695165423152259
Melody-MT-50k,GSM5652215_Heart-Cardiomyocyte-Z0000044P,SAMPLE_TEST,Pearson,0.7087061222336736
Melody-MT-50k,GSM5652215_Heart-Cardiomyocyte-Z0000044P,SAMPLE_TEST,Spearman,0.5945964687036762
Melody-MT-50k,GSM5652215_Heart-Cardiomyocyte-Z0000044P,SAMPLE_TEST,AUC,0.873635544380463
Melody-MT-50k,GSM5652215_Heart-Cardiomyocyte-Z0000044P,VALID,Pearson,0.6968729824289008
Melody-MT-50k,GSM5652215_Heart-Cardiomyocyte-Z0000044P,VALID,Spearman,0.4853569731961241
Melody-MT-50k,GSM5652215_Heart-Cardiomyocyte-Z0000044P,VALID,AUC,0.861046329937582
Melody-MT-50k,GSM5652215_Heart-Cardiomyocyte-Z0000044P,TEST,Pearson,0.693840136442649
Melody-MT-50k,GSM5652215_Heart-Cardiomyocyte-Z0000044P,TEST,Spearman,0.5030271335159118
Melody-MT-50k,GSM5652215_Heart-Cardiomyocyte-Z0000044P,TEST,AUC,0.8610107871583793
Melody-MT-50k,GSM5652218_Bone-Osteoblasts-Z0000042Z,SAMPLE_VALID,Pearson,0.7617313532619305
Melody-MT-50k,GSM5652218_Bone-Osteoblasts-Z0000042Z,SAMPLE_VALID,Spearman,0.7179574006751411
Melody-MT-50k,GSM5652218_Bone-Osteoblasts-Z0000042Z,SAMPLE_VALID,AUC,0.8927484169387727
Melody-MT-50k,GSM5652218_Bone-Osteoblasts-Z0000042Z,SAMPLE_TEST,Pearson,0.7943324594879506
Melody-MT-50k,GSM5652218_Bone-Osteoblasts-Z0000042Z,SAMPLE_TEST,Spearman,0.7546128170670376
Melody-MT-50k,GSM5652218_Bone-Osteoblasts-Z0000042Z,SAMPLE_TEST,AUC,0.9057289179503025
Melody-MT-50k,GSM5652218_Bone-Osteoblasts-Z0000042Z,VALID,Pearson,0.7622946210719748
Melody-MT-50k,GSM5652218_Bone-Osteoblasts-Z0000042Z,VALID,Spearman,0.7150287908345037
Melody-MT-50k,GSM5652218_Bone-Osteoblasts-Z0000042Z,VALID,AUC,0.8864062826440061
Melody-MT-50k,GSM5652218_Bone-Osteoblasts-Z0000042Z,TEST,Pearson,0.7592106106155461
Melody-MT-50k,GSM5652218_Bone-Osteoblasts-Z0000042Z,TEST,Spearman,0.7216264005967413
Melody-MT-50k,GSM5652218_Bone-Osteoblasts-Z0000042Z,TEST,AUC,0.8852200275657193
Melody-MT-50k,GSM5652219_Oligodendrocytes-Z000000TK,SAMPLE_VALID,Pearson,0.7777301406673214
Melody-MT-50k,GSM5652219_Oligodendrocytes-Z000000TK,SAMPLE_VALID,Spearman,0.6271568506857707
Melody-MT-50k,GSM5652219_Oligodendrocytes-Z000000TK,SAMPLE_VALID,AUC,0.9055001200712827
Melody-MT-50k,GSM5652219_Oligodendrocytes-Z000000TK,SAMPLE_TEST,Pearson,0.8073895694182143
Melody-MT-50k,GSM5652219_Oligodendrocytes-Z000000TK,SAMPLE_TEST,Spearman,0.6768071096453817
Melody-MT-50k,GSM5652219_Oligodendrocytes-Z000000TK,SAMPLE_TEST,AUC,0.9215613085833203
Melody-MT-50k,GSM5652219_Oligodendrocytes-Z000000TK,VALID,Pearson,0.7823181233571568
Melody-MT-50k,GSM5652219_Oligodendrocytes-Z000000TK,VALID,Spearman,0.5765710806150214
Melody-MT-50k,GSM5652219_Oligodendrocytes-Z000000TK,VALID,AUC,0.9044636139540092
Melody-MT-50k,GSM5652219_Oligodendrocytes-Z000000TK,TEST,Pearson,0.7826101267979675
Melody-MT-50k,GSM5652219_Oligodendrocytes-Z000000TK,TEST,Spearman,0.551835056133417
Melody-MT-50k,GSM5652219_Oligodendrocytes-Z000000TK,TEST,AUC,0.9056491427898276
Melody-MT-50k,GSM5652223_Cortex-Neuron-Z000000TF,SAMPLE_VALID,Pearson,0.8285134462676035
Melody-MT-50k,GSM5652223_Cortex-Neuron-Z000000TF,SAMPLE_VALID,Spearman,0.6985405421374414
Melody-MT-50k,GSM5652223_Cortex-Neuron-Z000000TF,SAMPLE_VALID,AUC,0.9280454428674519
Melody-MT-50k,GSM5652223_Cortex-Neuron-Z000000TF,SAMPLE_TEST,Pearson,0.8575452706472846
Melody-MT-50k,GSM5652223_Cortex-Neuron-Z000000TF,SAMPLE_TEST,Spearman,0.7155386734381508
Melody-MT-50k,GSM5652223_Cortex-Neuron-Z000000TF,SAMPLE_TEST,AUC,0.9412898604437694
Melody-MT-50k,GSM5652223_Cortex-Neuron-Z000000TF,VALID,Pearson,0.8200941965880076
Melody-MT-50k,GSM5652223_Cortex-Neuron-Z000000TF,VALID,Spearman,0.5863433373132511
Melody-MT-50k,GSM5652223_Cortex-Neuron-Z000000TF,VALID,AUC,0.9178241303836736
Melody-MT-50k,GSM5652223_Cortex-Neuron-Z000000TF,TEST,Pearson,0.8180347616240027
Melody-MT-50k,GSM5652223_Cortex-Neuron-Z000000TF,TEST,Spearman,0.5741948059595539
Melody-MT-50k,GSM5652223_Cortex-Neuron-Z000000TF,TEST,AUC,0.917940830241263
Melody-MT-50k,GSM5652233_Liver-Hepatocytes-Z000000R3,SAMPLE_VALID,Pearson,0.7814025892792521
Melody-MT-50k,GSM5652233_Liver-Hepatocytes-Z000000R3,SAMPLE_VALID,Spearman,0.6513585859298061
Melody-MT-50k,GSM5652233_Liver-Hepatocytes-Z000000R3,SAMPLE_VALID,AUC,0.915634261325855
Melody-MT-50k,GSM5652233_Liver-Hepatocytes-Z000000R3,SAMPLE_TEST,Pearson,0.7930885982729171
Melody-MT-50k,GSM5652233_Liver-Hepatocytes-Z000000R3,SAMPLE_TEST,Spearman,0.6819766642754834
Melody-MT-50k,GSM5652233_Liver-Hepatocytes-Z000000R3,SAMPLE_TEST,AUC,0.9198770039736289
Melody-MT-50k,GSM5652233_Liver-Hepatocytes-Z000000R3,VALID,Pearson,0.7784359385040995
Melody-MT-50k,GSM5652233_Liver-Hepatocytes-Z000000R3,VALID,Spearman,0.6424894212979105
Melody-MT-50k,GSM5652233_Liver-Hepatocytes-Z000000R3,VALID,AUC,0.903990223467516
Melody-MT-50k,GSM5652233_Liver-Hepatocytes-Z000000R3,TEST,Pearson,0.7737402957807911
Melody-MT-50k,GSM5652233_Liver-Hepatocytes-Z000000R3,TEST,Spearman,0.6396032602529234
Melody-MT-50k,GSM5652233_Liver-Hepatocytes-Z000000R3,TEST,AUC,0.8999676665945456
Melody-MT-50k,GSM5652239_Pancreas-Duct-Z0000043T,SAMPLE_VALID,Pearson,0.7659915448378658
Melody-MT-50k,GSM5652239_Pancreas-Duct-Z0000043T,SAMPLE_VALID,Spearman,0.6598740323329185
Melody-MT-50k,GSM5652239_Pancreas-Duct-Z0000043T,SAMPLE_VALID,AUC,0.9104305341933198
Melody-MT-50k,GSM5652239_Pancreas-Duct-Z0000043T,SAMPLE_TEST,Pearson,0.7921206214513598
Melody-MT-50k,GSM5652239_Pancreas-Duct-Z0000043T,SAMPLE_TEST,Spearman,0.6904374827313563
Melody-MT-50k,GSM5652239_Pancreas-Duct-Z0000043T,SAMPLE_TEST,AUC,0.9222467455664428
Melody-MT-50k,GSM5652239_Pancreas-Duct-Z0000043T,VALID,Pearson,0.7774982889325107
Melody-MT-50k,GSM5652239_Pancreas-Duct-Z0000043T,VALID,Spearman,0.6086568296300173
Melody-MT-50k,GSM5652239_Pancreas-Duct-Z0000043T,VALID,AUC,0.9095559525782606
Melody-MT-50k,GSM5652239_Pancreas-Duct-Z0000043T,TEST,Pearson,0.7764799743040041
Melody-MT-50k,GSM5652239_Pancreas-Duct-Z0000043T,TEST,Spearman,0.5985493316991138
Melody-MT-50k,GSM5652239_Pancreas-Duct-Z0000043T,TEST,AUC,0.9082698813201744
Melody-MT-50k,GSM5652243_Pancreas-Acinar-Z000000QX,SAMPLE_VALID,Pearson,0.7089547148108379
Melody-MT-50k,GSM5652243_Pancreas-Acinar-Z000000QX,SAMPLE_VALID,Spearman,0.6768460843192344
Melody-MT-50k,GSM5652243_Pancreas-Acinar-Z000000QX,SAMPLE_VALID,AUC,0.8765875158727662
Melody-MT-50k,GSM5652243_Pancreas-Acinar-Z000000QX,SAMPLE_TEST,Pearson,0.753481746249374
Melody-MT-50k,GSM5652243_Pancreas-Acinar-Z000000QX,SAMPLE_TEST,Spearman,0.6981569411592493
Melody-MT-50k,GSM5652243_Pancreas-Acinar-Z000000QX,SAMPLE_TEST,AUC,0.8982267964396558
Melody-MT-50k,GSM5652243_Pancreas-Acinar-Z000000QX,VALID,Pearson,0.745949426683233
Melody-MT-50k,GSM5652243_Pancreas-Acinar-Z000000QX,VALID,Spearman,0.7015268168826493
Melody-MT-50k,GSM5652243_Pancreas-Acinar-Z000000QX,VALID,AUC,0.8880688639381885
Melody-MT-50k,GSM5652243_Pancreas-Acinar-Z000000QX,TEST,Pearson,0.7496712115056439
Melody-MT-50k,GSM5652243_Pancreas-Acinar-Z000000QX,TEST,Spearman,0.7181595047930502
Melody-MT-50k,GSM5652243_Pancreas-Acinar-Z000000QX,TEST,AUC,0.8872507502785094
Melody-MT-50k,GSM5652247_Pancreas-Delta-Z00000451,SAMPLE_VALID,Pearson,0.7862518223797689
Melody-MT-50k,GSM5652247_Pancreas-Delta-Z00000451,SAMPLE_VALID,Spearman,0.6641430961080269
Melody-MT-50k,GSM5652247_Pancreas-Delta-Z00000451,SAMPLE_VALID,AUC,0.9170792363656631
Melody-MT-50k,GSM5652247_Pancreas-Delta-Z00000451,SAMPLE_TEST,Pearson,0.7971168083737258
Melody-MT-50k,GSM5652247_Pancreas-Delta-Z00000451,SAMPLE_TEST,Spearman,0.6855063432159116
Melody-MT-50k,GSM5652247_Pancreas-Delta-Z00000451,SAMPLE_TEST,AUC,0.922731778282991
Melody-MT-50k,GSM5652247_Pancreas-Delta-Z00000451,VALID,Pearson,0.7769901881512696
Melody-MT-50k,GSM5652247_Pancreas-Delta-Z00000451,VALID,Spearman,0.6138852460433841
Melody-MT-50k,GSM5652247_Pancreas-Delta-Z00000451,VALID,AUC,0.9072855488752869
Melody-MT-50k,GSM5652247_Pancreas-Delta-Z00000451,TEST,Pearson,0.7723369754583065
Melody-MT-50k,GSM5652247_Pancreas-Delta-Z00000451,TEST,Spearman,0.6128827328628345
Melody-MT-50k,GSM5652247_Pancreas-Delta-Z00000451,TEST,AUC,0.9042600021005368
Melody-MT-50k,GSM5652250_Pancreas-Beta-Z00000452,SAMPLE_VALID,Pearson,0.7549761983723974
Melody-MT-50k,GSM5652250_Pancreas-Beta-Z00000452,SAMPLE_VALID,Spearman,0.649206405514543
Melody-MT-50k,GSM5652250_Pancreas-Beta-Z00000452,SAMPLE_VALID,AUC,0.9023697934030414
Melody-MT-50k,GSM5652250_Pancreas-Beta-Z00000452,SAMPLE_TEST,Pearson,0.7879859602904802
Melody-MT-50k,GSM5652250_Pancreas-Beta-Z00000452,SAMPLE_TEST,Spearman,0.6790137026012072
Melody-MT-50k,GSM5652250_Pancreas-Beta-Z00000452,SAMPLE_TEST,AUC,0.9200133839048166
Melody-MT-50k,GSM5652250_Pancreas-Beta-Z00000452,VALID,Pearson,0.7735064821090839
Melody-MT-50k,GSM5652250_Pancreas-Beta-Z00000452,VALID,Spearman,0.5921734200216976
Melody-MT-50k,GSM5652250_Pancreas-Beta-Z00000452,VALID,AUC,0.9049637640832279
Melody-MT-50k,GSM5652250_Pancreas-Beta-Z00000452,TEST,Pearson,0.7703129138979921
Melody-MT-50k,GSM5652250_Pancreas-Beta-Z00000452,TEST,Spearman,0.6117173741431472
Melody-MT-50k,GSM5652250_Pancreas-Beta-Z00000452,TEST,AUC,0.9032163845540037
Melody-MT-50k,GSM5652253_Pancreas-Alpha-Z00000453,SAMPLE_VALID,Pearson,0.777956125155973
Melody-MT-50k,GSM5652253_Pancreas-Alpha-Z00000453,SAMPLE_VALID,Spearman,0.6640951556608147
Melody-MT-50k,GSM5652253_Pancreas-Alpha-Z00000453,SAMPLE_VALID,AUC,0.9119468419161849
Melody-MT-50k,GSM5652253_Pancreas-Alpha-Z00000453,SAMPLE_TEST,Pearson,0.8029339667955109
Melody-MT-50k,GSM5652253_Pancreas-Alpha-Z00000453,SAMPLE_TEST,Spearman,0.6762850029390609
Melody-MT-50k,GSM5652253_Pancreas-Alpha-Z00000453,SAMPLE_TEST,AUC,0.9258166778314184
Melody-MT-50k,GSM5652253_Pancreas-Alpha-Z00000453,VALID,Pearson,0.7784493601297207
Melody-MT-50k,GSM5652253_Pancreas-Alpha-Z00000453,VALID,Spearman,0.642882822408399
Melody-MT-50k,GSM5652253_Pancreas-Alpha-Z00000453,VALID,AUC,0.9048530507024402
Melody-MT-50k,GSM5652253_Pancreas-Alpha-Z00000453,TEST,Pearson,0.7731731129668652
Melody-MT-50k,GSM5652253_Pancreas-Alpha-Z00000453,TEST,Spearman,0.6172056406992557
Melody-MT-50k,GSM5652253_Pancreas-Alpha-Z00000453,TEST,AUC,0.903516786990227
Melody-MT-50k,GSM5652264_Thyroid-Epithelial-Z0000042S,SAMPLE_VALID,Pearson,0.7710429137224101
Melody-MT-50k,GSM5652264_Thyroid-Epithelial-Z0000042S,SAMPLE_VALID,Spearman,0.6558109886811065
Melody-MT-50k,GSM5652264_Thyroid-Epithelial-Z0000042S,SAMPLE_VALID,AUC,0.9056784373117176
Melody-MT-50k,GSM5652264_Thyroid-Epithelial-Z0000042S,SAMPLE_TEST,Pearson,0.7958519411389638
Melody-MT-50k,GSM5652264_Thyroid-Epithelial-Z0000042S,SAMPLE_TEST,Spearman,0.6610499355762391
Melody-MT-50k,GSM5652264_Thyroid-Epithelial-Z0000042S,SAMPLE_TEST,AUC,0.9173295037075245
Melody-MT-50k,GSM5652264_Thyroid-Epithelial-Z0000042S,VALID,Pearson,0.7847466746058605
Melody-MT-50k,GSM5652264_Thyroid-Epithelial-Z0000042S,VALID,Spearman,0.5901540213335363
Melody-MT-50k,GSM5652264_Thyroid-Epithelial-Z0000042S,VALID,AUC,0.9028488705128539
Melody-MT-50k,GSM5652264_Thyroid-Epithelial-Z0000042S,TEST,Pearson,0.7828771516042254
Melody-MT-50k,GSM5652264_Thyroid-Epithelial-Z0000042S,TEST,Spearman,0.560891783608303
Melody-MT-50k,GSM5652264_Thyroid-Epithelial-Z0000042S,TEST,AUC,0.9020956590282445
Melody-MT-50k,GSM5652267_Fallopian-Epithelial-Z000000Q7,SAMPLE_VALID,Pearson,0.7977394949555987
Melody-MT-50k,GSM5652267_Fallopian-Epithelial-Z000000Q7,SAMPLE_VALID,Spearman,0.7148786811143064
Melody-MT-50k,GSM5652267_Fallopian-Epithelial-Z000000Q7,SAMPLE_VALID,AUC,0.9230177323594896
Melody-MT-50k,GSM5652267_Fallopian-Epithelial-Z000000Q7,SAMPLE_TEST,Pearson,0.8013206079536664
Melody-MT-50k,GSM5652267_Fallopian-Epithelial-Z000000Q7,SAMPLE_TEST,Spearman,0.7335836859281919
Melody-MT-50k,GSM5652267_Fallopian-Epithelial-Z000000Q7,SAMPLE_TEST,AUC,0.9246134771697997
Melody-MT-50k,GSM5652267_Fallopian-Epithelial-Z000000Q7,VALID,Pearson,0.7739715481837037
Melody-MT-50k,GSM5652267_Fallopian-Epithelial-Z000000Q7,VALID,Spearman,0.6234992378969876
Melody-MT-50k,GSM5652267_Fallopian-Epithelial-Z000000Q7,VALID,AUC,0.907319781274552
Melody-MT-50k,GSM5652267_Fallopian-Epithelial-Z000000Q7,TEST,Pearson,0.774456576071581
Melody-MT-50k,GSM5652267_Fallopian-Epithelial-Z000000Q7,TEST,Spearman,0.6432974471731622
Melody-MT-50k,GSM5652267_Fallopian-Epithelial-Z000000Q7,TEST,AUC,0.9066520156929025
Melody-MT-50k,GSM5652270_Ovary-Epithelial-Z000000QT,SAMPLE_VALID,Pearson,0.7669126447414484
Melody-MT-50k,GSM5652270_Ovary-Epithelial-Z000000QT,SAMPLE_VALID,Spearman,0.6962667954764796
Melody-MT-50k,GSM5652270_Ovary-Epithelial-Z000000QT,SAMPLE_VALID,AUC,0.9092377198945946
Melody-MT-50k,GSM5652270_Ovary-Epithelial-Z000000QT,SAMPLE_TEST,Pearson,0.7765973134059742
Melody-MT-50k,GSM5652270_Ovary-Epithelial-Z000000QT,SAMPLE_TEST,Spearman,0.7011324845488885
Melody-MT-50k,GSM5652270_Ovary-Epithelial-Z000000QT,SAMPLE_TEST,AUC,0.9139535138148301
Melody-MT-50k,GSM5652270_Ovary-Epithelial-Z000000QT,VALID,Pearson,0.722620511369528
Melody-MT-50k,GSM5652270_Ovary-Epithelial-Z000000QT,VALID,Spearman,0.6098094000957598
Melody-MT-50k,GSM5652270_Ovary-Epithelial-Z000000QT,VALID,AUC,0.8840113027846489
Melody-MT-50k,GSM5652270_Ovary-Epithelial-Z000000QT,TEST,Pearson,0.7165288949505074
Melody-MT-50k,GSM5652270_Ovary-Epithelial-Z000000QT,TEST,Spearman,0.6094365335832954
Melody-MT-50k,GSM5652270_Ovary-Epithelial-Z000000QT,TEST,AUC,0.8803767090895945
Melody-MT-50k,GSM5652274_Bone_marrow-Erythrocyte_progenitors-Z000000RF,SAMPLE_VALID,Pearson,0.7357904354630268
Melody-MT-50k,GSM5652274_Bone_marrow-Erythrocyte_progenitors-Z000000RF,SAMPLE_VALID,Spearman,0.6807079518321725
Melody-MT-50k,GSM5652274_Bone_marrow-Erythrocyte_progenitors-Z000000RF,SAMPLE_VALID,AUC,0.8775557087226825
Melody-MT-50k,GSM5652274_Bone_marrow-Erythrocyte_progenitors-Z000000RF,SAMPLE_TEST,Pearson,0.7606496013773254
Melody-MT-50k,GSM5652274_Bone_marrow-Erythrocyte_progenitors-Z000000RF,SAMPLE_TEST,Spearman,0.711281375815527
Melody-MT-50k,GSM5652274_Bone_marrow-Erythrocyte_progenitors-Z000000RF,SAMPLE_TEST,AUC,0.8874823505527301
Melody-MT-50k,GSM5652274_Bone_marrow-Erythrocyte_progenitors-Z000000RF,VALID,Pearson,0.7857087870735384
Melody-MT-50k,GSM5652274_Bone_marrow-Erythrocyte_progenitors-Z000000RF,VALID,Spearman,0.7526582590369376
Melody-MT-50k,GSM5652274_Bone_marrow-Erythrocyte_progenitors-Z000000RF,VALID,AUC,0.883499370488195
Melody-MT-50k,GSM5652274_Bone_marrow-Erythrocyte_progenitors-Z000000RF,TEST,Pearson,0.7764897090135979
Melody-MT-50k,GSM5652274_Bone_marrow-Erythrocyte_progenitors-Z000000RF,TEST,Spearman,0.7347870255180932
Melody-MT-50k,GSM5652274_Bone_marrow-Erythrocyte_progenitors-Z000000RF,TEST,AUC,0.8798977976983289
Melody-MT-50k,GSM5652277_Blood-T-CD3-Z000000TV,SAMPLE_VALID,Pearson,0.7512909300172543
Melody-MT-50k,GSM5652277_Blood-T-CD3-Z000000TV,SAMPLE_VALID,Spearman,0.6568474092782112
Melody-MT-50k,GSM5652277_Blood-T-CD3-Z000000TV,SAMPLE_VALID,AUC,0.9015378218037137
Melody-MT-50k,GSM5652277_Blood-T-CD3-Z000000TV,SAMPLE_TEST,Pearson,0.7702952843736315
Melody-MT-50k,GSM5652277_Blood-T-CD3-Z000000TV,SAMPLE_TEST,Spearman,0.6561645219178471
Melody-MT-50k,GSM5652277_Blood-T-CD3-Z000000TV,SAMPLE_TEST,AUC,0.9069270858043182
Melody-MT-50k,GSM5652277_Blood-T-CD3-Z000000TV,VALID,Pearson,0.8029641439813195
Melody-MT-50k,GSM5652277_Blood-T-CD3-Z000000TV,VALID,Spearman,0.692392871709297
Melody-MT-50k,GSM5652277_Blood-T-CD3-Z000000TV,VALID,AUC,0.9106785874700613
Melody-MT-50k,GSM5652277_Blood-T-CD3-Z000000TV,TEST,Pearson,0.7982482204090219
Melody-MT-50k,GSM5652277_Blood-T-CD3-Z000000TV,TEST,Spearman,0.6884723624583057
Melody-MT-50k,GSM5652277_Blood-T-CD3-Z000000TV,TEST,AUC,0.9097029838653367
Melody-MT-50k,GSM5652299_Blood-NK-Z000000TM,SAMPLE_VALID,Pearson,0.7543091460076936
Melody-MT-50k,GSM5652299_Blood-NK-Z000000TM,SAMPLE_VALID,Spearman,0.6259638732633233
Melody-MT-50k,GSM5652299_Blood-NK-Z000000TM,SAMPLE_VALID,AUC,0.9037702301023733
Melody-MT-50k,GSM5652299_Blood-NK-Z000000TM,SAMPLE_TEST,Pearson,0.7855947761106485
Melody-MT-50k,GSM5652299_Blood-NK-Z000000TM,SAMPLE_TEST,Spearman,0.6431478669231191
Melody-MT-50k,GSM5652299_Blood-NK-Z000000TM,SAMPLE_TEST,AUC,0.9184941449611115
Melody-MT-50k,GSM5652299_Blood-NK-Z000000TM,VALID,Pearson,0.805033764698763
Melody-MT-50k,GSM5652299_Blood-NK-Z000000TM,VALID,Spearman,0.6225357790270467
Melody-MT-50k,GSM5652299_Blood-NK-Z000000TM,VALID,AUC,0.9111766112909557
Melody-MT-50k,GSM5652299_Blood-NK-Z000000TM,TEST,Pearson,0.8014922419441275
Melody-MT-50k,GSM5652299_Blood-NK-Z000000TM,TEST,Spearman,0.6049963704404393
Melody-MT-50k,GSM5652299_Blood-NK-Z000000TM,TEST,AUC,0.9110918648070305
Melody-MT-50k,GSM5652302_Blood-Monocytes-Z000000TP,SAMPLE_VALID,Pearson,0.770535639779452
Melody-MT-50k,GSM5652302_Blood-Monocytes-Z000000TP,SAMPLE_VALID,Spearman,0.6276751402694452
Melody-MT-50k,GSM5652302_Blood-Monocytes-Z000000TP,SAMPLE_VALID,AUC,0.9198884854305529
Melody-MT-50k,GSM5652302_Blood-Monocytes-Z000000TP,SAMPLE_TEST,Pearson,0.785049266244311
Melody-MT-50k,GSM5652302_Blood-Monocytes-Z000000TP,SAMPLE_TEST,Spearman,0.6479408352053576
Melody-MT-50k,GSM5652302_Blood-Monocytes-Z000000TP,SAMPLE_TEST,AUC,0.9254097512637347
Melody-MT-50k,GSM5652302_Blood-Monocytes-Z000000TP,VALID,Pearson,0.7963539075387692
Melody-MT-50k,GSM5652302_Blood-Monocytes-Z000000TP,VALID,Spearman,0.5643769912020893
Melody-MT-50k,GSM5652302_Blood-Monocytes-Z000000TP,VALID,AUC,0.9155810708143709
Melody-MT-50k,GSM5652302_Blood-Monocytes-Z000000TP,TEST,Pearson,0.7933513955357336
Melody-MT-50k,GSM5652302_Blood-Monocytes-Z000000TP,TEST,Spearman,0.5673199222785879
Melody-MT-50k,GSM5652302_Blood-Monocytes-Z000000TP,TEST,AUC,0.9148794543463369
Melody-MT-50k,GSM5652313_Blood-Granulocytes-Z000000TZ,SAMPLE_VALID,Pearson,0.7668836060922135
Melody-MT-50k,GSM5652313_Blood-Granulocytes-Z000000TZ,SAMPLE_VALID,Spearman,0.6538067411460172
Melody-MT-50k,GSM5652313_Blood-Granulocytes-Z000000TZ,SAMPLE_VALID,AUC,0.9160039797701368
Melody-MT-50k,GSM5652313_Blood-Granulocytes-Z000000TZ,SAMPLE_TEST,Pearson,0.7803996024233525
Melody-MT-50k,GSM5652313_Blood-Granulocytes-Z000000TZ,SAMPLE_TEST,Spearman,0.6644624189208306
Melody-MT-50k,GSM5652313_Blood-Granulocytes-Z000000TZ,SAMPLE_TEST,AUC,0.9210596908684606
Melody-MT-50k,GSM5652313_Blood-Granulocytes-Z000000TZ,VALID,Pearson,0.7963277478649334
Melody-MT-50k,GSM5652313_Blood-Granulocytes-Z000000TZ,VALID,Spearman,0.5972165052784753
Melody-MT-50k,GSM5652313_Blood-Granulocytes-Z000000TZ,VALID,AUC,0.913938498585045
Melody-MT-50k,GSM5652313_Blood-Granulocytes-Z000000TZ,TEST,Pearson,0.7928143727860464
Melody-MT-50k,GSM5652313_Blood-Granulocytes-Z000000TZ,TEST,Spearman,0.6093907563897155
Melody-MT-50k,GSM5652313_Blood-Granulocytes-Z000000TZ,TEST,AUC,0.9131998271825721
Melody-MT-50k,GSM5652317_Blood-B-Z000000UB,SAMPLE_VALID,Pearson,0.7539041544525813
Melody-MT-50k,GSM5652317_Blood-B-Z000000UB,SAMPLE_VALID,Spearman,0.6382642428308871
Melody-MT-50k,GSM5652317_Blood-B-Z000000UB,SAMPLE_VALID,AUC,0.902584810385839
Melody-MT-50k,GSM5652317_Blood-B-Z000000UB,SAMPLE_TEST,Pearson,0.7756639101171167
Melody-MT-50k,GSM5652317_Blood-B-Z000000UB,SAMPLE_TEST,Spearman,0.6476776889987651
Melody-MT-50k,GSM5652317_Blood-B-Z000000UB,SAMPLE_TEST,AUC,0.9146463849953907
Melody-MT-50k,GSM5652317_Blood-B-Z000000UB,VALID,Pearson,0.7930961688503018
Melody-MT-50k,GSM5652317_Blood-B-Z000000UB,VALID,Spearman,0.6461371404893477
Melody-MT-50k,GSM5652317_Blood-B-Z000000UB,VALID,AUC,0.9062194299019182
Melody-MT-50k,GSM5652317_Blood-B-Z000000UB,TEST,Pearson,0.7878164216343639
Melody-MT-50k,GSM5652317_Blood-B-Z000000UB,TEST,Spearman,0.6335683755645669
Melody-MT-50k,GSM5652317_Blood-B-Z000000UB,TEST,AUC,0.9056178663349792
Melody-MT-50k,GSM5652321_Epidermal-Keratinocytes-Z00000424,SAMPLE_VALID,Pearson,0.7755096940876014
Melody-MT-50k,GSM5652321_Epidermal-Keratinocytes-Z00000424,SAMPLE_VALID,Spearman,0.7253660585449933
Melody-MT-50k,GSM5652321_Epidermal-Keratinocytes-Z00000424,SAMPLE_VALID,AUC,0.9064007853963343
Melody-MT-50k,GSM5652321_Epidermal-Keratinocytes-Z00000424,SAMPLE_TEST,Pearson,0.7993906852320698
Melody-MT-50k,GSM5652321_Epidermal-Keratinocytes-Z00000424,SAMPLE_TEST,Spearman,0.7571753522502094
Melody-MT-50k,GSM5652321_Epidermal-Keratinocytes-Z00000424,SAMPLE_TEST,AUC,0.9193633977071602
Melody-MT-50k,GSM5652321_Epidermal-Keratinocytes-Z00000424,VALID,Pearson,0.7801582013501465
Melody-MT-50k,GSM5652321_Epidermal-Keratinocytes-Z00000424,VALID,Spearman,0.6744324420184761
Melody-MT-50k,GSM5652321_Epidermal-Keratinocytes-Z00000424,VALID,AUC,0.9036293501852789
Melody-MT-50k,GSM5652321_Epidermal-Keratinocytes-Z00000424,TEST,Pearson,0.7789800117985867
Melody-MT-50k,GSM5652321_Epidermal-Keratinocytes-Z00000424,TEST,Spearman,0.6663293693619468
Melody-MT-50k,GSM5652321_Epidermal-Keratinocytes-Z00000424,TEST,AUC,0.904510869277541
Melody-MT-50k,GSM5652322_Tonsil-Palatine-Epithelial-Z000000QF,SAMPLE_VALID,Pearson,0.7754482492796247
Melody-MT-50k,GSM5652322_Tonsil-Palatine-Epithelial-Z000000QF,SAMPLE_VALID,Spearman,0.7549940795125554
Melody-MT-50k,GSM5652322_Tonsil-Palatine-Epithelial-Z000000QF,SAMPLE_VALID,AUC,0.9049455615335289
Melody-MT-50k,GSM5652322_Tonsil-Palatine-Epithelial-Z000000QF,SAMPLE_TEST,Pearson,0.7983997810585015
Melody-MT-50k,GSM5652322_Tonsil-Palatine-Epithelial-Z000000QF,SAMPLE_TEST,Spearman,0.7679979980657787
Melody-MT-50k,GSM5652322_Tonsil-Palatine-Epithelial-Z000000QF,SAMPLE_TEST,AUC,0.9125514713991699
Melody-MT-50k,GSM5652322_Tonsil-Palatine-Epithelial-Z000000QF,VALID,Pearson,0.7761353655589419
Melody-MT-50k,GSM5652322_Tonsil-Palatine-Epithelial-Z000000QF,VALID,Spearman,0.6972682347416429
Melody-MT-50k,GSM5652322_Tonsil-Palatine-Epithelial-Z000000QF,VALID,AUC,0.8997331606294117
Melody-MT-50k,GSM5652322_Tonsil-Palatine-Epithelial-Z000000QF,TEST,Pearson,0.7730282497018355
Melody-MT-50k,GSM5652322_Tonsil-Palatine-Epithelial-Z000000QF,TEST,Spearman,0.6954180309842612
Melody-MT-50k,GSM5652322_Tonsil-Palatine-Epithelial-Z000000QF,TEST,AUC,0.8983539585145845
Melody-MT-50k,GSM5652335_Lung-Bronchus-Epithelial-Z000000QD,SAMPLE_VALID,Pearson,0.8022279249919868
Melody-MT-50k,GSM5652335_Lung-Bronchus-Epithelial-Z000000QD,SAMPLE_VALID,Spearman,0.7574607731583569
Melody-MT-50k,GSM5652335_Lung-Bronchus-Epithelial-Z000000QD,SAMPLE_VALID,AUC,0.9209608304125761
Melody-MT-50k,GSM5652335_Lung-Bronchus-Epithelial-Z000000QD,SAMPLE_TEST,Pearson,0.8144539779063468
Melody-MT-50k,GSM5652335_Lung-Bronchus-Epithelial-Z000000QD,SAMPLE_TEST,Spearman,0.7867988580073432
Melody-MT-50k,GSM5652335_Lung-Bronchus-Epithelial-Z000000QD,SAMPLE_TEST,AUC,0.9226506206400079
Melody-MT-50k,GSM5652335_Lung-Bronchus-Epithelial-Z000000QD,VALID,Pearson,0.7908977659714697
Melody-MT-50k,GSM5652335_Lung-Bronchus-Epithelial-Z000000QD,VALID,Spearman,0.6855827474977401
Melody-MT-50k,GSM5652335_Lung-Bronchus-Epithelial-Z000000QD,VALID,AUC,0.9101566036055525
Melody-MT-50k,GSM5652335_Lung-Bronchus-Epithelial-Z000000QD,TEST,Pearson,0.7882632591816683
Melody-MT-50k,GSM5652335_Lung-Bronchus-Epithelial-Z000000QD,TEST,Spearman,0.6639030735164546
Melody-MT-50k,GSM5652335_Lung-Bronchus-Epithelial-Z000000QD,TEST,AUC,0.909147448166332
Melody-MT-50k,GSM5652338_Prostate-Epithelial-Z000000RV,SAMPLE_VALID,Pearson,0.7989997873820217
Melody-MT-50k,GSM5652338_Prostate-Epithelial-Z000000RV,SAMPLE_VALID,Spearman,0.7518405486567264
Melody-MT-50k,GSM5652338_Prostate-Epithelial-Z000000RV,SAMPLE_VALID,AUC,0.9181773970727584
Melody-MT-50k,GSM5652338_Prostate-Epithelial-Z000000RV,SAMPLE_TEST,Pearson,0.8318388228559508
Melody-MT-50k,GSM5652338_Prostate-Epithelial-Z000000RV,SAMPLE_TEST,Spearman,0.7752962945828573
Melody-MT-50k,GSM5652338_Prostate-Epithelial-Z000000RV,SAMPLE_TEST,AUC,0.9302516258985567
Melody-MT-50k,GSM5652338_Prostate-Epithelial-Z000000RV,VALID,Pearson,0.7926456668377315
Melody-MT-50k,GSM5652338_Prostate-Epithelial-Z000000RV,VALID,Spearman,0.6747646349385819
Melody-MT-50k,GSM5652338_Prostate-Epithelial-Z000000RV,VALID,AUC,0.9114117172806531
Melody-MT-50k,GSM5652338_Prostate-Epithelial-Z000000RV,TEST,Pearson,0.7933217993091474
Melody-MT-50k,GSM5652338_Prostate-Epithelial-Z000000RV,TEST,Spearman,0.6558129472114487
Melody-MT-50k,GSM5652338_Prostate-Epithelial-Z000000RV,TEST,AUC,0.9120354163888346
Melody-MT-50k,GSM5652342_Bladder-Epithelial-Z000000QM,SAMPLE_VALID,Pearson,0.7378909080270873
Melody-MT-50k,GSM5652342_Bladder-Epithelial-Z000000QM,SAMPLE_VALID,Spearman,0.6999812260827801
Melody-MT-50k,GSM5652342_Bladder-Epithelial-Z000000QM,SAMPLE_VALID,AUC,0.8921997351592643
Melody-MT-50k,GSM5652342_Bladder-Epithelial-Z000000QM,SAMPLE_TEST,Pearson,0.7920101980770352
Melody-MT-50k,GSM5652342_Bladder-Epithelial-Z000000QM,SAMPLE_TEST,Spearman,0.7588621333631745
Melody-MT-50k,GSM5652342_Bladder-Epithelial-Z000000QM,SAMPLE_TEST,AUC,0.9157365902010182
Melody-MT-50k,GSM5652342_Bladder-Epithelial-Z000000QM,VALID,Pearson,0.7663157631890538
Melody-MT-50k,GSM5652342_Bladder-Epithelial-Z000000QM,VALID,Spearman,0.6762398058870911
Melody-MT-50k,GSM5652342_Bladder-Epithelial-Z000000QM,VALID,AUC,0.9012128550759971
Melody-MT-50k,GSM5652342_Bladder-Epithelial-Z000000QM,TEST,Pearson,0.7678027205561491
Melody-MT-50k,GSM5652342_Bladder-Epithelial-Z000000QM,TEST,Spearman,0.6665552539589088
Melody-MT-50k,GSM5652342_Bladder-Epithelial-Z000000QM,TEST,AUC,0.9017763633647718
Melody-MT-50k,GSM5652347_Breast-Luminal-Epithelial-Z000000V2,SAMPLE_VALID,Pearson,0.7888913756698778
Melody-MT-50k,GSM5652347_Breast-Luminal-Epithelial-Z000000V2,SAMPLE_VALID,Spearman,0.7038614845934992
Melody-MT-50k,GSM5652347_Breast-Luminal-Epithelial-Z000000V2,SAMPLE_VALID,AUC,0.916387534226612
Melody-MT-50k,GSM5652347_Breast-Luminal-Epithelial-Z000000V2,SAMPLE_TEST,Pearson,0.8144537956717208
Melody-MT-50k,GSM5652347_Breast-Luminal-Epithelial-Z000000V2,SAMPLE_TEST,Spearman,0.7488555186919625
Melody-MT-50k,GSM5652347_Breast-Luminal-Epithelial-Z000000V2,SAMPLE_TEST,AUC,0.92503607409702
Melody-MT-50k,GSM5652347_Breast-Luminal-Epithelial-Z000000V2,VALID,Pearson,0.783461958745679
Melody-MT-50k,GSM5652347_Breast-Luminal-Epithelial-Z000000V2,VALID,Spearman,0.6233830741897753
Melody-MT-50k,GSM5652347_Breast-Luminal-Epithelial-Z000000V2,VALID,AUC,0.9083211967651783
Melody-MT-50k,GSM5652347_Breast-Luminal-Epithelial-Z000000V2,TEST,Pearson,0.7833255710234256
Melody-MT-50k,GSM5652347_Breast-Luminal-Epithelial-Z000000V2,TEST,Spearman,0.6031702985060488
Melody-MT-50k,GSM5652347_Breast-Luminal-Epithelial-Z000000V2,TEST,AUC,0.9082045608100296
Melody-MT-50k,GSM5652350_Breast-Basal-Epithelial-Z000000V6,SAMPLE_VALID,Pearson,0.770716185621177
Melody-MT-50k,GSM5652350_Breast-Basal-Epithelial-Z000000V6,SAMPLE_VALID,Spearman,0.6721673069577048
Melody-MT-50k,GSM5652350_Breast-Basal-Epithelial-Z000000V6,SAMPLE_VALID,AUC,0.9137849008547906
Melody-MT-50k,GSM5652350_Breast-Basal-Epithelial-Z000000V6,SAMPLE_TEST,Pearson,0.7975796806398849
Melody-MT-50k,GSM5652350_Breast-Basal-Epithelial-Z000000V6,SAMPLE_TEST,Spearman,0.7072862652307219
Melody-MT-50k,GSM5652350_Breast-Basal-Epithelial-Z000000V6,SAMPLE_TEST,AUC,0.9245656240352103
Melody-MT-50k,GSM5652350_Breast-Basal-Epithelial-Z000000V6,VALID,Pearson,0.7718476778262008
Melody-MT-50k,GSM5652350_Breast-Basal-Epithelial-Z000000V6,VALID,Spearman,0.5984483571951695
Melody-MT-50k,GSM5652350_Breast-Basal-Epithelial-Z000000V6,VALID,AUC,0.9059366419920606
Melody-MT-50k,GSM5652350_Breast-Basal-Epithelial-Z000000V6,TEST,Pearson,0.7707343091690515
Melody-MT-50k,GSM5652350_Breast-Basal-Epithelial-Z000000V6,TEST,Spearman,0.5832357404774026
Melody-MT-50k,GSM5652350_Breast-Basal-Epithelial-Z000000V6,TEST,AUC,0.9058927777674325
Melody-MT-50k,GSM5652354_Lung-Alveolar-Epithelial-Z000000T1,SAMPLE_VALID,Pearson,0.7918068075690893
Melody-MT-50k,GSM5652354_Lung-Alveolar-Epithelial-Z000000T1,SAMPLE_VALID,Spearman,0.7597818462076252
Melody-MT-50k,GSM5652354_Lung-Alveolar-Epithelial-Z000000T1,SAMPLE_VALID,AUC,0.9120258570324971
Melody-MT-50k,GSM5652354_Lung-Alveolar-Epithelial-Z000000T1,SAMPLE_TEST,Pearson,0.8162189704318921
Melody-MT-50k,GSM5652354_Lung-Alveolar-Epithelial-Z000000T1,SAMPLE_TEST,Spearman,0.791162229627863
Melody-MT-50k,GSM5652354_Lung-Alveolar-Epithelial-Z000000T1,SAMPLE_TEST,AUC,0.9203246391676638
Melody-MT-50k,GSM5652354_Lung-Alveolar-Epithelial-Z000000T1,VALID,Pearson,0.8019795621541177
Melody-MT-50k,GSM5652354_Lung-Alveolar-Epithelial-Z000000T1,VALID,Spearman,0.6953073405044476
Melody-MT-50k,GSM5652354_Lung-Alveolar-Epithelial-Z000000T1,VALID,AUC,0.9116344780028764
Melody-MT-50k,GSM5652354_Lung-Alveolar-Epithelial-Z000000T1,TEST,Pearson,0.8002478258949153
Melody-MT-50k,GSM5652354_Lung-Alveolar-Epithelial-Z000000T1,TEST,Spearman,0.7012896740789344
Melody-MT-50k,GSM5652354_Lung-Alveolar-Epithelial-Z000000T1,TEST,AUC,0.9118233616943585
Melody-MT-50k,GSM5652358_Gallbladder-Epithelial-Z00000432,SAMPLE_VALID,Pearson,0.7745813593331967
Melody-MT-50k,GSM5652358_Gallbladder-Epithelial-Z00000432,SAMPLE_VALID,Spearman,0.7146113237247681
Melody-MT-50k,GSM5652358_Gallbladder-Epithelial-Z00000432,SAMPLE_VALID,AUC,0.9128160509189138
Melody-MT-50k,GSM5652358_Gallbladder-Epithelial-Z00000432,SAMPLE_TEST,Pearson,0.7890062228791147
Melody-MT-50k,GSM5652358_Gallbladder-Epithelial-Z00000432,SAMPLE_TEST,Spearman,0.7480663896314893
Melody-MT-50k,GSM5652358_Gallbladder-Epithelial-Z00000432,SAMPLE_TEST,AUC,0.9163092759411314
Melody-MT-50k,GSM5652358_Gallbladder-Epithelial-Z00000432,VALID,Pearson,0.776329529337637
Melody-MT-50k,GSM5652358_Gallbladder-Epithelial-Z00000432,VALID,Spearman,0.5978101890732842
Melody-MT-50k,GSM5652358_Gallbladder-Epithelial-Z00000432,VALID,AUC,0.9106181122859015
Melody-MT-50k,GSM5652358_Gallbladder-Epithelial-Z00000432,TEST,Pearson,0.774397507269021
Melody-MT-50k,GSM5652358_Gallbladder-Epithelial-Z00000432,TEST,Spearman,0.6157167891846836
Melody-MT-50k,GSM5652358_Gallbladder-Epithelial-Z00000432,TEST,AUC,0.9092468222410015
Melody-MT-50k,GSM5652359_Gastric-fundus-Epithelial-Z000000RX,SAMPLE_VALID,Pearson,0.7754547143109916
Melody-MT-50k,GSM5652359_Gastric-fundus-Epithelial-Z000000RX,SAMPLE_VALID,Spearman,0.7259418889224224
Melody-MT-50k,GSM5652359_Gastric-fundus-Epithelial-Z000000RX,SAMPLE_VALID,AUC,0.9064391403119847
Melody-MT-50k,GSM5652359_Gastric-fundus-Epithelial-Z000000RX,SAMPLE_TEST,Pearson,0.7926610254841328
Melody-MT-50k,GSM5652359_Gastric-fundus-Epithelial-Z000000RX,SAMPLE_TEST,Spearman,0.7585107271812966
Melody-MT-50k,GSM5652359_Gastric-fundus-Epithelial-Z000000RX,SAMPLE_TEST,AUC,0.9169176234685275
Melody-MT-50k,GSM5652359_Gastric-fundus-Epithelial-Z000000RX,VALID,Pearson,0.7818149539101485
Melody-MT-50k,GSM5652359_Gastric-fundus-Epithelial-Z000000RX,VALID,Spearman,0.6876916150934588
Melody-MT-50k,GSM5652359_Gastric-fundus-Epithelial-Z000000RX,VALID,AUC,0.9062421605885536
Melody-MT-50k,GSM5652359_Gastric-fundus-Epithelial-Z000000RX,TEST,Pearson,0.7767033449313914
Melody-MT-50k,GSM5652359_Gastric-fundus-Epithelial-Z000000RX,TEST,Spearman,0.6761458706460032
Melody-MT-50k,GSM5652359_Gastric-fundus-Epithelial-Z000000RX,TEST,AUC,0.9045221048394945
Melody-MT-50k,GSM5652370_Colon-Right-Epithelial-Z000000V0,SAMPLE_VALID,Pearson,0.7256025441619335
Melody-MT-50k,GSM5652370_Colon-Right-Epithelial-Z000000V0,SAMPLE_VALID,Spearman,0.6736028707091494
Melody-MT-50k,GSM5652370_Colon-Right-Epithelial-Z000000V0,SAMPLE_VALID,AUC,0.8947544102891659
Melody-MT-50k,GSM5652370_Colon-Right-Epithelial-Z000000V0,SAMPLE_TEST,Pearson,0.7604273294835573
Melody-MT-50k,GSM5652370_Colon-Right-Epithelial-Z000000V0,SAMPLE_TEST,Spearman,0.7159818718735343
Melody-MT-50k,GSM5652370_Colon-Right-Epithelial-Z000000V0,SAMPLE_TEST,AUC,0.9077454753747225
Melody-MT-50k,GSM5652370_Colon-Right-Epithelial-Z000000V0,VALID,Pearson,0.7579491064180635
Melody-MT-50k,GSM5652370_Colon-Right-Epithelial-Z000000V0,VALID,Spearman,0.6363983449321323
Melody-MT-50k,GSM5652370_Colon-Right-Epithelial-Z000000V0,VALID,AUC,0.9032381576905714
Melody-MT-50k,GSM5652370_Colon-Right-Epithelial-Z000000V0,TEST,Pearson,0.7555065383799321
Melody-MT-50k,GSM5652370_Colon-Right-Epithelial-Z000000V0,TEST,Spearman,0.6412447666071579
Melody-MT-50k,GSM5652370_Colon-Right-Epithelial-Z000000V0,TEST,AUC,0.901249793917702
Melody-MT-50k,GSM5652378_Small-int-Epithelial-Z0000042V,SAMPLE_VALID,Pearson,0.7374016128390889
Melody-MT-50k,GSM5652378_Small-int-Epithelial-Z0000042V,SAMPLE_VALID,Spearman,0.6710598469949464
Melody-MT-50k,GSM5652378_Small-int-Epithelial-Z0000042V,SAMPLE_VALID,AUC,0.9026758921466199
Melody-MT-50k,GSM5652378_Small-int-Epithelial-Z0000042V,SAMPLE_TEST,Pearson,0.7698846722273315
Melody-MT-50k,GSM5652378_Small-int-Epithelial-Z0000042V,SAMPLE_TEST,Spearman,0.7270666357835128
Melody-MT-50k,GSM5652378_Small-int-Epithelial-Z0000042V,SAMPLE_TEST,AUC,0.9135160667380823
Melody-MT-50k,GSM5652378_Small-int-Epithelial-Z0000042V,VALID,Pearson,0.7514943116506385
Melody-MT-50k,GSM5652378_Small-int-Epithelial-Z0000042V,VALID,Spearman,0.6395571282399731
Melody-MT-50k,GSM5652378_Small-int-Epithelial-Z0000042V,VALID,AUC,0.9046276128573981
Melody-MT-50k,GSM5652378_Small-int-Epithelial-Z0000042V,TEST,Pearson,0.7532878957941421
Melody-MT-50k,GSM5652378_Small-int-Epithelial-Z0000042V,TEST,Spearman,0.6301544863342157
Melody-MT-50k,GSM5652378_Small-int-Epithelial-Z0000042V,TEST,AUC,0.9029371313880843
