alpha_beta,track,split,metric,value
"a=1,b=1",GSM5652176_Adipocytes-Z000000T7,VALID,Pearson,0.8225373591737711
"a=1,b=1",GSM5652176_Adipocytes-Z000000T7,VALID,Spearman,0.7038022514463533
"a=1,b=1",GSM5652176_Adipocytes-Z000000T7,VALID,AUC,0.9111983882846572
"a=1,b=1",GSM5652176_Adipocytes-Z000000T7,VALID,Accuracy,0.9095414837446607
"a=1,b=1",GSM5652176_Adipocytes-Z000000T7,VALID,MAE,0.1048850298226955
"a=1,b=1",GSM5652179_Aorta-Endothel-Z00000422,VALID,Pearson,0.794102631229597
"a=1,b=1",GSM5652179_Aorta-Endothel-Z00000422,VALID,Spearman,0.7149172569731792
"a=1,b=1",GSM5652179_Aorta-Endothel-Z00000422,VALID,AUC,0.9004581247100397
"a=1,b=1",GSM5652179_Aorta-Endothel-Z00000422,VALID,Accuracy,0.8864964458673988
"a=1,b=1",GSM5652179_Aorta-Endothel-Z00000422,VALID,MAE,0.1199172399701267
"a=1,b=1",GSM5652189_Kidney-Tubular-Endothel-Z0000042R,VALID,Pearson,0.8060267921111418
"a=1,b=1",GSM5652189_Kidney-Tubular-Endothel-Z0000042R,VALID,Spearman,0.6396607649516771
"a=1,b=1",GSM5652189_Kidney-Tubular-Endothel-Z0000042R,VALID,AUC,0.9104375755116316
"a=1,b=1",GSM5652189_Kidney-Tubular-Endothel-Z0000042R,VALID,Accuracy,0.9199273969614173
"a=1,b=1",GSM5652189_Kidney-Tubular-Endothel-Z0000042R,VALID,MAE,0.1076488148696438
"a=1,b=1",GSM5652198_Colon-Fibroblasts-Z0000042A,VALID,Pearson,0.8211437507468275
"a=1,b=1",GSM5652198_Colon-Fibroblasts-Z0000042A,VALID,Spearman,0.7448981584140117
"a=1,b=1",GSM5652198_Colon-Fibroblasts-Z0000042A,VALID,AUC,0.9071596479283972
"a=1,b=1",GSM5652198_Colon-Fibroblasts-Z0000042A,VALID,Accuracy,0.9105750229341326
"a=1,b=1",GSM5652198_Colon-Fibroblasts-Z0000042A,VALID,MAE,0.1008230527387237
"a=1,b=1",GSM5652200_Heart-Fibroblasts-Z0000043R,VALID,Pearson,0.7371806709625297
"a=1,b=1",GSM5652200_Heart-Fibroblasts-Z0000043R,VALID,Spearman,0.7032191664925288
"a=1,b=1",GSM5652200_Heart-Fibroblasts-Z0000043R,VALID,AUC,0.8657737012630801
"a=1,b=1",GSM5652200_Heart-Fibroblasts-Z0000043R,VALID,Accuracy,0.7873692931726131
"a=1,b=1",GSM5652200_Heart-Fibroblasts-Z0000043R,VALID,MAE,0.1658498546952555
"a=1,b=1",GSM5652204_Dermal-Fibroblasts-Z00000423,VALID,Pearson,0.7941736623975375
"a=1,b=1",GSM5652204_Dermal-Fibroblasts-Z00000423,VALID,Spearman,0.711062940447387
"a=1,b=1",GSM5652204_Dermal-Fibroblasts-Z00000423,VALID,AUC,0.8985766188163946
"a=1,b=1",GSM5652204_Dermal-Fibroblasts-Z00000423,VALID,Accuracy,0.8883840767110379
"a=1,b=1",GSM5652204_Dermal-Fibroblasts-Z00000423,VALID,MAE,0.1177118156667256
"a=1,b=1",GSM5652205_Skeletal-Muscle-Z00000427,VALID,Pearson,0.8063227688646644
"a=1,b=1",GSM5652205_Skeletal-Muscle-Z00000427,VALID,Spearman,0.6938956643051919
"a=1,b=1",GSM5652205_Skeletal-Muscle-Z00000427,VALID,AUC,0.8980733162507064
"a=1,b=1",GSM5652205_Skeletal-Muscle-Z00000427,VALID,Accuracy,0.9024481080544244
"a=1,b=1",GSM5652205_Skeletal-Muscle-Z00000427,VALID,MAE,0.1089972922982271
"a=1,b=1",GSM5652207_Aorta-Smooth-Muscle-Z0000041U,VALID,Pearson,0.7743391339951258
"a=1,b=1",GSM5652207_Aorta-Smooth-Muscle-Z0000041U,VALID,Spearman,0.7347770988654748
"a=1,b=1",GSM5652207_Aorta-Smooth-Muscle-Z0000041U,VALID,AUC,0.8837241409145572
"a=1,b=1",GSM5652207_Aorta-Smooth-Muscle-Z0000041U,VALID,Accuracy,0.8220560410181122
"a=1,b=1",GSM5652207_Aorta-Smooth-Muscle-Z0000041U,VALID,MAE,0.1362450974701545
"a=1,b=1",GSM5652215_Heart-Cardiomyocyte-Z0000044P,VALID,Pearson,0.7189609846182059
"a=1,b=1",GSM5652215_Heart-Cardiomyocyte-Z0000044P,VALID,Spearman,0.5280136850238365
"a=1,b=1",GSM5652215_Heart-Cardiomyocyte-Z0000044P,VALID,AUC,0.8680086707390967
"a=1,b=1",GSM5652215_Heart-Cardiomyocyte-Z0000044P,VALID,Accuracy,0.8885721149270035
"a=1,b=1",GSM5652215_Heart-Cardiomyocyte-Z0000044P,VALID,MAE,0.1557559155700024
"a=1,b=1",GSM5652218_Bone-Osteoblasts-Z0000042Z,VALID,Pearson,0.7808014387651709
"a=1,b=1",GSM5652218_Bone-Osteoblasts-Z0000042Z,VALID,Spearman,0.7326295286076193
"a=1,b=1",GSM5652218_Bone-Osteoblasts-Z0000042Z,VALID,AUC,0.8894992823111184
"a=1,b=1",GSM5652218_Bone-Osteoblasts-Z0000042Z,VALID,Accuracy,0.8396598720075847
"a=1,b=1",GSM5652218_Bone-Osteoblasts-Z0000042Z,VALID,MAE,0.1371825564260399
"a=1,b=1",GSM5652219_Oligodendrocytes-Z000000TK,VALID,Pearson,0.8092548854388609
"a=1,b=1",GSM5652219_Oligodendrocytes-Z000000TK,VALID,Spearman,0.5988114490410598
"a=1,b=1",GSM5652219_Oligodendrocytes-Z000000TK,VALID,AUC,0.9131665279296777
"a=1,b=1",GSM5652219_Oligodendrocytes-Z000000TK,VALID,Accuracy,0.9249638884527142
"a=1,b=1",GSM5652219_Oligodendrocytes-Z000000TK,VALID,MAE,0.1009796439977266
"a=1,b=1",GSM5652223_Cortex-Neuron-Z000000TF,VALID,Pearson,0.8310052811705674
"a=1,b=1",GSM5652223_Cortex-Neuron-Z000000TF,VALID,Spearman,0.6278226071859209
"a=1,b=1",GSM5652223_Cortex-Neuron-Z000000TF,VALID,AUC,0.9176025446265579
"a=1,b=1",GSM5652223_Cortex-Neuron-Z000000TF,VALID,Accuracy,0.9420074966345513
"a=1,b=1",GSM5652223_Cortex-Neuron-Z000000TF,VALID,MAE,0.09149429195028891
"a=1,b=1",GSM5652233_Liver-Hepatocytes-Z000000R3,VALID,Pearson,0.8003275729305049
"a=1,b=1",GSM5652233_Liver-Hepatocytes-Z000000R3,VALID,Spearman,0.6642102605542887
"a=1,b=1",GSM5652233_Liver-Hepatocytes-Z000000R3,VALID,AUC,0.9038690481499645
"a=1,b=1",GSM5652233_Liver-Hepatocytes-Z000000R3,VALID,Accuracy,0.9123885827480908
"a=1,b=1",GSM5652233_Liver-Hepatocytes-Z000000R3,VALID,MAE,0.1101760750520553
"a=1,b=1",GSM5652239_Pancreas-Duct-Z0000043T,VALID,Pearson,0.7969824764869322
"a=1,b=1",GSM5652239_Pancreas-Duct-Z0000043T,VALID,Spearman,0.6025387402882514
"a=1,b=1",GSM5652239_Pancreas-Duct-Z0000043T,VALID,AUC,0.9080125692125238
"a=1,b=1",GSM5652239_Pancreas-Duct-Z0000043T,VALID,Accuracy,0.9212956448452226
"a=1,b=1",GSM5652239_Pancreas-Duct-Z0000043T,VALID,MAE,0.1057659232371269
"a=1,b=1",GSM5652243_Pancreas-Acinar-Z000000QX,VALID,Pearson,0.7662223811283156
"a=1,b=1",GSM5652243_Pancreas-Acinar-Z000000QX,VALID,Spearman,0.717090635242948
"a=1,b=1",GSM5652243_Pancreas-Acinar-Z000000QX,VALID,AUC,0.8874592170984069
"a=1,b=1",GSM5652243_Pancreas-Acinar-Z000000QX,VALID,Accuracy,0.8536333157732416
"a=1,b=1",GSM5652243_Pancreas-Acinar-Z000000QX,VALID,MAE,0.1395562773856007
"a=1,b=1",GSM5652247_Pancreas-Delta-Z00000451,VALID,Pearson,0.7941059862704212
"a=1,b=1",GSM5652247_Pancreas-Delta-Z00000451,VALID,Spearman,0.6347229636874065
"a=1,b=1",GSM5652247_Pancreas-Delta-Z00000451,VALID,AUC,0.9063456219686516
"a=1,b=1",GSM5652247_Pancreas-Delta-Z00000451,VALID,Accuracy,0.9185494310927498
"a=1,b=1",GSM5652247_Pancreas-Delta-Z00000451,VALID,MAE,0.1134595130634821
"a=1,b=1",GSM5652250_Pancreas-Beta-Z00000452,VALID,Pearson,0.7930256118068836
"a=1,b=1",GSM5652250_Pancreas-Beta-Z00000452,VALID,Spearman,0.6267528470428878
"a=1,b=1",GSM5652250_Pancreas-Beta-Z00000452,VALID,AUC,0.9038380535708875
"a=1,b=1",GSM5652250_Pancreas-Beta-Z00000452,VALID,Accuracy,0.92286218489388
"a=1,b=1",GSM5652250_Pancreas-Beta-Z00000452,VALID,MAE,0.1083278261206487
"a=1,b=1",GSM5652253_Pancreas-Alpha-Z00000453,VALID,Pearson,0.7946318994916912
"a=1,b=1",GSM5652253_Pancreas-Alpha-Z00000453,VALID,Spearman,0.6484027159671473
"a=1,b=1",GSM5652253_Pancreas-Alpha-Z00000453,VALID,AUC,0.9035438467496854
"a=1,b=1",GSM5652253_Pancreas-Alpha-Z00000453,VALID,Accuracy,0.9179881961621984
"a=1,b=1",GSM5652253_Pancreas-Alpha-Z00000453,VALID,MAE,0.1098531192938014
"a=1,b=1",GSM5652264_Thyroid-Epithelial-Z0000042S,VALID,Pearson,0.8056030527847857
"a=1,b=1",GSM5652264_Thyroid-Epithelial-Z0000042S,VALID,Spearman,0.6069395638471966
"a=1,b=1",GSM5652264_Thyroid-Epithelial-Z0000042S,VALID,AUC,0.9085545883138064
"a=1,b=1",GSM5652264_Thyroid-Epithelial-Z0000042S,VALID,Accuracy,0.9263060323310309
"a=1,b=1",GSM5652264_Thyroid-Epithelial-Z0000042S,VALID,MAE,0.1018790155998004
"a=1,b=1",GSM5652267_Fallopian-Epithelial-Z000000Q7,VALID,Pearson,0.7981482922541601
"a=1,b=1",GSM5652267_Fallopian-Epithelial-Z000000Q7,VALID,Spearman,0.6360814535920029
"a=1,b=1",GSM5652267_Fallopian-Epithelial-Z000000Q7,VALID,AUC,0.9104613302616382
"a=1,b=1",GSM5652267_Fallopian-Epithelial-Z000000Q7,VALID,Accuracy,0.9110591136103459
"a=1,b=1",GSM5652267_Fallopian-Epithelial-Z000000Q7,VALID,MAE,0.1107872459296637
"a=1,b=1",GSM5652270_Ovary-Epithelial-Z000000QT,VALID,Pearson,0.7464859811100655
"a=1,b=1",GSM5652270_Ovary-Epithelial-Z000000QT,VALID,Spearman,0.620633297198888
"a=1,b=1",GSM5652270_Ovary-Epithelial-Z000000QT,VALID,AUC,0.8864140179867496
"a=1,b=1",GSM5652270_Ovary-Epithelial-Z000000QT,VALID,Accuracy,0.8702397051611657
"a=1,b=1",GSM5652270_Ovary-Epithelial-Z000000QT,VALID,MAE,0.1461124829126671
"a=1,b=1",GSM5652274_Bone_marrow-Erythrocyte_progenitors-Z000000RF,VALID,Pearson,0.7901359567190344
"a=1,b=1",GSM5652274_Bone_marrow-Erythrocyte_progenitors-Z000000RF,VALID,Spearman,0.7418483313920375
"a=1,b=1",GSM5652274_Bone_marrow-Erythrocyte_progenitors-Z000000RF,VALID,AUC,0.8812110906391453
"a=1,b=1",GSM5652274_Bone_marrow-Erythrocyte_progenitors-Z000000RF,VALID,Accuracy,0.8246183001658681
"a=1,b=1",GSM5652274_Bone_marrow-Erythrocyte_progenitors-Z000000RF,VALID,MAE,0.1047178858097345
"a=1,b=1",GSM5652277_Blood-T-CD3-Z000000TV,VALID,Pearson,0.8079764313989038
"a=1,b=1",GSM5652277_Blood-T-CD3-Z000000TV,VALID,Spearman,0.6976529138241399
"a=1,b=1",GSM5652277_Blood-T-CD3-Z000000TV,VALID,AUC,0.9037739310341214
"a=1,b=1",GSM5652277_Blood-T-CD3-Z000000TV,VALID,Accuracy,0.9196410879742587
"a=1,b=1",GSM5652277_Blood-T-CD3-Z000000TV,VALID,MAE,0.0999104633036124
"a=1,b=1",GSM5652299_Blood-NK-Z000000TM,VALID,Pearson,0.8101400204153338
"a=1,b=1",GSM5652299_Blood-NK-Z000000TM,VALID,Spearman,0.6186064780862728
"a=1,b=1",GSM5652299_Blood-NK-Z000000TM,VALID,AUC,0.9050480760153177
"a=1,b=1",GSM5652299_Blood-NK-Z000000TM,VALID,Accuracy,0.9368279619587924
"a=1,b=1",GSM5652299_Blood-NK-Z000000TM,VALID,MAE,0.09159880229340135
"a=1,b=1",GSM5652302_Blood-Monocytes-Z000000TP,VALID,Pearson,0.8047539271013331
"a=1,b=1",GSM5652302_Blood-Monocytes-Z000000TP,VALID,Spearman,0.596656758845203
"a=1,b=1",GSM5652302_Blood-Monocytes-Z000000TP,VALID,AUC,0.9109669005799554
"a=1,b=1",GSM5652302_Blood-Monocytes-Z000000TP,VALID,Accuracy,0.9333514260227745
"a=1,b=1",GSM5652302_Blood-Monocytes-Z000000TP,VALID,MAE,0.1002978885180921
"a=1,b=1",GSM5652313_Blood-Granulocytes-Z000000TZ,VALID,Pearson,0.8063553701179877
"a=1,b=1",GSM5652313_Blood-Granulocytes-Z000000TZ,VALID,Spearman,0.6235857715224228
"a=1,b=1",GSM5652313_Blood-Granulocytes-Z000000TZ,VALID,AUC,0.9097717092150215
"a=1,b=1",GSM5652313_Blood-Granulocytes-Z000000TZ,VALID,Accuracy,0.9317126253840174
"a=1,b=1",GSM5652313_Blood-Granulocytes-Z000000TZ,VALID,MAE,0.09740158229305387
"a=1,b=1",GSM5652317_Blood-B-Z000000UB,VALID,Pearson,0.7987089542348847
"a=1,b=1",GSM5652317_Blood-B-Z000000UB,VALID,Spearman,0.6691885327638074
"a=1,b=1",GSM5652317_Blood-B-Z000000UB,VALID,AUC,0.9002920874519726
"a=1,b=1",GSM5652317_Blood-B-Z000000UB,VALID,Accuracy,0.9244209955386814
"a=1,b=1",GSM5652317_Blood-B-Z000000UB,VALID,MAE,0.1027573288175525
"a=1,b=1",GSM5652321_Epidermal-Keratinocytes-Z00000424,VALID,Pearson,0.802326540051009
"a=1,b=1",GSM5652321_Epidermal-Keratinocytes-Z00000424,VALID,Spearman,0.7010518166071443
"a=1,b=1",GSM5652321_Epidermal-Keratinocytes-Z00000424,VALID,AUC,0.9060323449666873
"a=1,b=1",GSM5652321_Epidermal-Keratinocytes-Z00000424,VALID,Accuracy,0.9059874869068002
"a=1,b=1",GSM5652321_Epidermal-Keratinocytes-Z00000424,VALID,MAE,0.1097636991999656
"a=1,b=1",GSM5652322_Tonsil-Palatine-Epithelial-Z000000QF,VALID,Pearson,0.7935527131991774
"a=1,b=1",GSM5652322_Tonsil-Palatine-Epithelial-Z000000QF,VALID,Spearman,0.7166014637498094
"a=1,b=1",GSM5652322_Tonsil-Palatine-Epithelial-Z000000QF,VALID,AUC,0.9024640416016143
"a=1,b=1",GSM5652322_Tonsil-Palatine-Epithelial-Z000000QF,VALID,Accuracy,0.8783654883856856
"a=1,b=1",GSM5652322_Tonsil-Palatine-Epithelial-Z000000QF,VALID,MAE,0.1241596849773797
"a=1,b=1",GSM5652335_Lung-Bronchus-Epithelial-Z000000QD,VALID,Pearson,0.8068396948300123
"a=1,b=1",GSM5652335_Lung-Bronchus-Epithelial-Z000000QD,VALID,Spearman,0.6657884249279449
"a=1,b=1",GSM5652335_Lung-Bronchus-Epithelial-Z000000QD,VALID,AUC,0.9115366651540842
"a=1,b=1",GSM5652335_Lung-Bronchus-Epithelial-Z000000QD,VALID,Accuracy,0.9093279818706356
"a=1,b=1",GSM5652335_Lung-Bronchus-Epithelial-Z000000QD,VALID,MAE,0.1096171308155329
"a=1,b=1",GSM5652338_Prostate-Epithelial-Z000000RV,VALID,Pearson,0.8116615449334357
"a=1,b=1",GSM5652338_Prostate-Epithelial-Z000000RV,VALID,Spearman,0.6890411997762672
"a=1,b=1",GSM5652338_Prostate-Epithelial-Z000000RV,VALID,AUC,0.9149351619902478
"a=1,b=1",GSM5652338_Prostate-Epithelial-Z000000RV,VALID,Accuracy,0.9120362111527686
"a=1,b=1",GSM5652338_Prostate-Epithelial-Z000000RV,VALID,MAE,0.1060342462835005
"a=1,b=1",GSM5652342_Bladder-Epithelial-Z000000QM,VALID,Pearson,0.7889641030609162
"a=1,b=1",GSM5652342_Bladder-Epithelial-Z000000QM,VALID,Spearman,0.6878022146958968
"a=1,b=1",GSM5652342_Bladder-Epithelial-Z000000QM,VALID,AUC,0.90565048197179
"a=1,b=1",GSM5652342_Bladder-Epithelial-Z000000QM,VALID,Accuracy,0.8905735032569349
"a=1,b=1",GSM5652342_Bladder-Epithelial-Z000000QM,VALID,MAE,0.1233488846354627
"a=1,b=1",GSM5652347_Breast-Luminal-Epithelial-Z000000V2,VALID,Pearson,0.8093488751971131
"a=1,b=1",GSM5652347_Breast-Luminal-Epithelial-Z000000V2,VALID,Spearman,0.6280533195104896
"a=1,b=1",GSM5652347_Breast-Luminal-Epithelial-Z000000V2,VALID,AUC,0.9152928074566726
"a=1,b=1",GSM5652347_Breast-Luminal-Epithelial-Z000000V2,VALID,Accuracy,0.91802984672822
"a=1,b=1",GSM5652347_Breast-Luminal-Epithelial-Z000000V2,VALID,MAE,0.1042640106860977
"a=1,b=1",GSM5652350_Breast-Basal-Epithelial-Z000000V6,VALID,Pearson,0.7969908623974281
"a=1,b=1",GSM5652350_Breast-Basal-Epithelial-Z000000V6,VALID,Spearman,0.611173491313964
"a=1,b=1",GSM5652350_Breast-Basal-Epithelial-Z000000V6,VALID,AUC,0.9107213847118161
"a=1,b=1",GSM5652350_Breast-Basal-Epithelial-Z000000V6,VALID,Accuracy,0.9211688680006723
"a=1,b=1",GSM5652350_Breast-Basal-Epithelial-Z000000V6,VALID,MAE,0.1067100671183097
"a=1,b=1",GSM5652354_Lung-Alveolar-Epithelial-Z000000T1,VALID,Pearson,0.8184342997992793
"a=1,b=1",GSM5652354_Lung-Alveolar-Epithelial-Z000000T1,VALID,Spearman,0.714860521318746
"a=1,b=1",GSM5652354_Lung-Alveolar-Epithelial-Z000000T1,VALID,AUC,0.915161713215498
"a=1,b=1",GSM5652354_Lung-Alveolar-Epithelial-Z000000T1,VALID,Accuracy,0.9120189869581096
"a=1,b=1",GSM5652354_Lung-Alveolar-Epithelial-Z000000T1,VALID,MAE,0.1039000117844517
"a=1,b=1",GSM5652358_Gallbladder-Epithelial-Z00000432,VALID,Pearson,0.8004450413109497
"a=1,b=1",GSM5652358_Gallbladder-Epithelial-Z00000432,VALID,Spearman,0.6266511542311722
"a=1,b=1",GSM5652358_Gallbladder-Epithelial-Z00000432,VALID,AUC,0.9113528639691532
"a=1,b=1",GSM5652358_Gallbladder-Epithelial-Z00000432,VALID,Accuracy,0.9135667947345216
"a=1,b=1",GSM5652358_Gallbladder-Epithelial-Z00000432,VALID,MAE,0.1121981711928435
"a=1,b=1",GSM5652359_Gastric-fundus-Epithelial-Z000000RX,VALID,Pearson,0.8016212328754797
"a=1,b=1",GSM5652359_Gastric-fundus-Epithelial-Z000000RX,VALID,Spearman,0.7161222190891542
"a=1,b=1",GSM5652359_Gastric-fundus-Epithelial-Z000000RX,VALID,AUC,0.9077626729497996
"a=1,b=1",GSM5652359_Gastric-fundus-Epithelial-Z000000RX,VALID,Accuracy,0.8970387680304159
"a=1,b=1",GSM5652359_Gastric-fundus-Epithelial-Z000000RX,VALID,MAE,0.1157632938723124
"a=1,b=1",GSM5652370_Colon-Right-Epithelial-Z000000V0,VALID,Pearson,0.7941055501425384
"a=1,b=1",GSM5652370_Colon-Right-Epithelial-Z000000V0,VALID,Spearman,0.6615064584606517
"a=1,b=1",GSM5652370_Colon-Right-Epithelial-Z000000V0,VALID,AUC,0.9091230892327798
"a=1,b=1",GSM5652370_Colon-Right-Epithelial-Z000000V0,VALID,Accuracy,0.9094596856374344
"a=1,b=1",GSM5652370_Colon-Right-Epithelial-Z000000V0,VALID,MAE,0.1119810340425866
"a=1,b=1",GSM5652378_Small-int-Epithelial-Z0000042V,VALID,Pearson,0.7798505545798171
"a=1,b=1",GSM5652378_Small-int-Epithelial-Z0000042V,VALID,Spearman,0.6494860795445031
"a=1,b=1",GSM5652378_Small-int-Epithelial-Z0000042V,VALID,AUC,0.9054717187443926
"a=1,b=1",GSM5652378_Small-int-Epithelial-Z0000042V,VALID,Accuracy,0.9019687827561326
"a=1,b=1",GSM5652378_Small-int-Epithelial-Z0000042V,VALID,MAE,0.1178834585902481
"a=1,b=1",GSM5652176_Adipocytes-Z000000T7,TEST,Pearson,0.8238145644750896
"a=1,b=1",GSM5652176_Adipocytes-Z000000T7,TEST,Spearman,0.7198387727904803
"a=1,b=1",GSM5652176_Adipocytes-Z000000T7,TEST,AUC,0.9121570260886716
"a=1,b=1",GSM5652176_Adipocytes-Z000000T7,TEST,Accuracy,0.910528234796834
"a=1,b=1",GSM5652176_Adipocytes-Z000000T7,TEST,MAE,0.1041867195807247
"a=1,b=1",GSM5652179_Aorta-Endothel-Z00000422,TEST,Pearson,0.794306946766044
"a=1,b=1",GSM5652179_Aorta-Endothel-Z00000422,TEST,Spearman,0.7174659681060588
"a=1,b=1",GSM5652179_Aorta-Endothel-Z00000422,TEST,AUC,0.9011867099194151
"a=1,b=1",GSM5652179_Aorta-Endothel-Z00000422,TEST,Accuracy,0.8846433057536944
"a=1,b=1",GSM5652179_Aorta-Endothel-Z00000422,TEST,MAE,0.1202983873263971
"a=1,b=1",GSM5652189_Kidney-Tubular-Endothel-Z0000042R,TEST,Pearson,0.804105126142574
"a=1,b=1",GSM5652189_Kidney-Tubular-Endothel-Z0000042R,TEST,Spearman,0.6430583180851678
"a=1,b=1",GSM5652189_Kidney-Tubular-Endothel-Z0000042R,TEST,AUC,0.9095319957786772
"a=1,b=1",GSM5652189_Kidney-Tubular-Endothel-Z0000042R,TEST,Accuracy,0.9174465464677259
"a=1,b=1",GSM5652189_Kidney-Tubular-Endothel-Z0000042R,TEST,MAE,0.1082286848438214
"a=1,b=1",GSM5652198_Colon-Fibroblasts-Z0000042A,TEST,Pearson,0.818833414038782
"a=1,b=1",GSM5652198_Colon-Fibroblasts-Z0000042A,TEST,Spearman,0.7299331832576944
"a=1,b=1",GSM5652198_Colon-Fibroblasts-Z0000042A,TEST,AUC,0.9062564101794068
"a=1,b=1",GSM5652198_Colon-Fibroblasts-Z0000042A,TEST,Accuracy,0.9084969935849739
"a=1,b=1",GSM5652198_Colon-Fibroblasts-Z0000042A,TEST,MAE,0.1019812125486202
"a=1,b=1",GSM5652200_Heart-Fibroblasts-Z0000043R,TEST,Pearson,0.737650768116045
"a=1,b=1",GSM5652200_Heart-Fibroblasts-Z0000043R,TEST,Spearman,0.7118741066927605
"a=1,b=1",GSM5652200_Heart-Fibroblasts-Z0000043R,TEST,AUC,0.8663495691362639
"a=1,b=1",GSM5652200_Heart-Fibroblasts-Z0000043R,TEST,Accuracy,0.7813542914381947
"a=1,b=1",GSM5652200_Heart-Fibroblasts-Z0000043R,TEST,MAE,0.1673836165540102
"a=1,b=1",GSM5652204_Dermal-Fibroblasts-Z00000423,TEST,Pearson,0.7941892285817492
"a=1,b=1",GSM5652204_Dermal-Fibroblasts-Z00000423,TEST,Spearman,0.713680116115291
"a=1,b=1",GSM5652204_Dermal-Fibroblasts-Z00000423,TEST,AUC,0.8984188667269807
"a=1,b=1",GSM5652204_Dermal-Fibroblasts-Z00000423,TEST,Accuracy,0.8857190522512619
"a=1,b=1",GSM5652204_Dermal-Fibroblasts-Z00000423,TEST,MAE,0.118448784433386
"a=1,b=1",GSM5652205_Skeletal-Muscle-Z00000427,TEST,Pearson,0.8083983710734949
"a=1,b=1",GSM5652205_Skeletal-Muscle-Z00000427,TEST,Spearman,0.7037910761007031
"a=1,b=1",GSM5652205_Skeletal-Muscle-Z00000427,TEST,AUC,0.8998130578468772
"a=1,b=1",GSM5652205_Skeletal-Muscle-Z00000427,TEST,Accuracy,0.905377363246786
"a=1,b=1",GSM5652205_Skeletal-Muscle-Z00000427,TEST,MAE,0.1076908667471172
"a=1,b=1",GSM5652207_Aorta-Smooth-Muscle-Z0000041U,TEST,Pearson,0.7720917922313211
"a=1,b=1",GSM5652207_Aorta-Smooth-Muscle-Z0000041U,TEST,Spearman,0.7341385350636701
"a=1,b=1",GSM5652207_Aorta-Smooth-Muscle-Z0000041U,TEST,AUC,0.8807901591345129
"a=1,b=1",GSM5652207_Aorta-Smooth-Muscle-Z0000041U,TEST,Accuracy,0.8173030097405446
"a=1,b=1",GSM5652207_Aorta-Smooth-Muscle-Z0000041U,TEST,MAE,0.1368641504799189
"a=1,b=1",GSM5652215_Heart-Cardiomyocyte-Z0000044P,TEST,Pearson,0.7168442561871055
"a=1,b=1",GSM5652215_Heart-Cardiomyocyte-Z0000044P,TEST,Spearman,0.5255346455028639
"a=1,b=1",GSM5652215_Heart-Cardiomyocyte-Z0000044P,TEST,AUC,0.8669708666474043
"a=1,b=1",GSM5652215_Heart-Cardiomyocyte-Z0000044P,TEST,Accuracy,0.8897438343374228
"a=1,b=1",GSM5652215_Heart-Cardiomyocyte-Z0000044P,TEST,MAE,0.1553320004540131
"a=1,b=1",GSM5652218_Bone-Osteoblasts-Z0000042Z,TEST,Pearson,0.7798800043372968
"a=1,b=1",GSM5652218_Bone-Osteoblasts-Z0000042Z,TEST,Spearman,0.7412493396781945
"a=1,b=1",GSM5652218_Bone-Osteoblasts-Z0000042Z,TEST,AUC,0.888922777055123
"a=1,b=1",GSM5652218_Bone-Osteoblasts-Z0000042Z,TEST,Accuracy,0.8389557261956293
"a=1,b=1",GSM5652218_Bone-Osteoblasts-Z0000042Z,TEST,MAE,0.1374233353502629
"a=1,b=1",GSM5652219_Oligodendrocytes-Z000000TK,TEST,Pearson,0.811546147050823
"a=1,b=1",GSM5652219_Oligodendrocytes-Z000000TK,TEST,Spearman,0.5920995845660589
"a=1,b=1",GSM5652219_Oligodendrocytes-Z000000TK,TEST,AUC,0.914287416946508
"a=1,b=1",GSM5652219_Oligodendrocytes-Z000000TK,TEST,Accuracy,0.927996921612508
"a=1,b=1",GSM5652219_Oligodendrocytes-Z000000TK,TEST,MAE,0.09971766487348935
"a=1,b=1",GSM5652223_Cortex-Neuron-Z000000TF,TEST,Pearson,0.8299263474685828
"a=1,b=1",GSM5652223_Cortex-Neuron-Z000000TF,TEST,Spearman,0.62731299276851
"a=1,b=1",GSM5652223_Cortex-Neuron-Z000000TF,TEST,AUC,0.9173305362224948
"a=1,b=1",GSM5652223_Cortex-Neuron-Z000000TF,TEST,Accuracy,0.9428596275145283
"a=1,b=1",GSM5652223_Cortex-Neuron-Z000000TF,TEST,MAE,0.09185080600153768
"a=1,b=1",GSM5652233_Liver-Hepatocytes-Z000000R3,TEST,Pearson,0.7933121575167513
"a=1,b=1",GSM5652233_Liver-Hepatocytes-Z000000R3,TEST,Spearman,0.6764785331327237
"a=1,b=1",GSM5652233_Liver-Hepatocytes-Z000000R3,TEST,AUC,0.9002807933040525
"a=1,b=1",GSM5652233_Liver-Hepatocytes-Z000000R3,TEST,Accuracy,0.9031732137039414
"a=1,b=1",GSM5652233_Liver-Hepatocytes-Z000000R3,TEST,MAE,0.1143323773644797
"a=1,b=1",GSM5652239_Pancreas-Duct-Z0000043T,TEST,Pearson,0.794988324992636
"a=1,b=1",GSM5652239_Pancreas-Duct-Z0000043T,TEST,Spearman,0.6243504418293493
"a=1,b=1",GSM5652239_Pancreas-Duct-Z0000043T,TEST,AUC,0.9070573686560054
"a=1,b=1",GSM5652239_Pancreas-Duct-Z0000043T,TEST,Accuracy,0.9183645063316229
"a=1,b=1",GSM5652239_Pancreas-Duct-Z0000043T,TEST,MAE,0.1073179313402927
"a=1,b=1",GSM5652243_Pancreas-Acinar-Z000000QX,TEST,Pearson,0.7665304718008457
"a=1,b=1",GSM5652243_Pancreas-Acinar-Z000000QX,TEST,Spearman,0.7147733798954646
"a=1,b=1",GSM5652243_Pancreas-Acinar-Z000000QX,TEST,AUC,0.8871064034620366
"a=1,b=1",GSM5652243_Pancreas-Acinar-Z000000QX,TEST,Accuracy,0.8437458954685974
"a=1,b=1",GSM5652243_Pancreas-Acinar-Z000000QX,TEST,MAE,0.1424330212968999
"a=1,b=1",GSM5652247_Pancreas-Delta-Z00000451,TEST,Pearson,0.7893022344387363
"a=1,b=1",GSM5652247_Pancreas-Delta-Z00000451,TEST,Spearman,0.6298264524632647
"a=1,b=1",GSM5652247_Pancreas-Delta-Z00000451,TEST,AUC,0.9036855943300901
"a=1,b=1",GSM5652247_Pancreas-Delta-Z00000451,TEST,Accuracy,0.9149208997277637
"a=1,b=1",GSM5652247_Pancreas-Delta-Z00000451,TEST,MAE,0.1156991835246051
"a=1,b=1",GSM5652250_Pancreas-Beta-Z00000452,TEST,Pearson,0.7893358893707588
"a=1,b=1",GSM5652250_Pancreas-Beta-Z00000452,TEST,Spearman,0.6126962787429356
"a=1,b=1",GSM5652250_Pancreas-Beta-Z00000452,TEST,AUC,0.9020648061226956
"a=1,b=1",GSM5652250_Pancreas-Beta-Z00000452,TEST,Accuracy,0.9207089348989709
"a=1,b=1",GSM5652250_Pancreas-Beta-Z00000452,TEST,MAE,0.1103230338678681
"a=1,b=1",GSM5652253_Pancreas-Alpha-Z00000453,TEST,Pearson,0.7912053293036801
"a=1,b=1",GSM5652253_Pancreas-Alpha-Z00000453,TEST,Spearman,0.6554234477731772
"a=1,b=1",GSM5652253_Pancreas-Alpha-Z00000453,TEST,AUC,0.9020394190559926
"a=1,b=1",GSM5652253_Pancreas-Alpha-Z00000453,TEST,Accuracy,0.9176861963358119
"a=1,b=1",GSM5652253_Pancreas-Alpha-Z00000453,TEST,MAE,0.1118663119873654
"a=1,b=1",GSM5652264_Thyroid-Epithelial-Z0000042S,TEST,Pearson,0.8031543560524076
"a=1,b=1",GSM5652264_Thyroid-Epithelial-Z0000042S,TEST,Spearman,0.6117786282457794
"a=1,b=1",GSM5652264_Thyroid-Epithelial-Z0000042S,TEST,AUC,0.9072742399296709
"a=1,b=1",GSM5652264_Thyroid-Epithelial-Z0000042S,TEST,Accuracy,0.9266594436444999
"a=1,b=1",GSM5652264_Thyroid-Epithelial-Z0000042S,TEST,MAE,0.1021303578479209
"a=1,b=1",GSM5652267_Fallopian-Epithelial-Z000000Q7,TEST,Pearson,0.7981478203357368
"a=1,b=1",GSM5652267_Fallopian-Epithelial-Z000000Q7,TEST,Spearman,0.6434571709294479
"a=1,b=1",GSM5652267_Fallopian-Epithelial-Z000000Q7,TEST,AUC,0.9097921496561138
"a=1,b=1",GSM5652267_Fallopian-Epithelial-Z000000Q7,TEST,Accuracy,0.9097005798252038
"a=1,b=1",GSM5652267_Fallopian-Epithelial-Z000000Q7,TEST,MAE,0.1116289662076538
"a=1,b=1",GSM5652270_Ovary-Epithelial-Z000000QT,TEST,Pearson,0.7414751820806573
"a=1,b=1",GSM5652270_Ovary-Epithelial-Z000000QT,TEST,Spearman,0.6089041061394602
"a=1,b=1",GSM5652270_Ovary-Epithelial-Z000000QT,TEST,AUC,0.8850778304930055
"a=1,b=1",GSM5652270_Ovary-Epithelial-Z000000QT,TEST,Accuracy,0.863599188216994
"a=1,b=1",GSM5652270_Ovary-Epithelial-Z000000QT,TEST,MAE,0.1497647123651712
"a=1,b=1",GSM5652274_Bone_marrow-Erythrocyte_progenitors-Z000000RF,TEST,Pearson,0.7823042626653125
"a=1,b=1",GSM5652274_Bone_marrow-Erythrocyte_progenitors-Z000000RF,TEST,Spearman,0.7366890869434756
"a=1,b=1",GSM5652274_Bone_marrow-Erythrocyte_progenitors-Z000000RF,TEST,AUC,0.8768281102556055
"a=1,b=1",GSM5652274_Bone_marrow-Erythrocyte_progenitors-Z000000RF,TEST,Accuracy,0.8181828586849924
"a=1,b=1",GSM5652274_Bone_marrow-Erythrocyte_progenitors-Z000000RF,TEST,MAE,0.1076304923574295
"a=1,b=1",GSM5652277_Blood-T-CD3-Z000000TV,TEST,Pearson,0.807234992144843
"a=1,b=1",GSM5652277_Blood-T-CD3-Z000000TV,TEST,Spearman,0.7096881338880748
"a=1,b=1",GSM5652277_Blood-T-CD3-Z000000TV,TEST,AUC,0.9033336269330953
"a=1,b=1",GSM5652277_Blood-T-CD3-Z000000TV,TEST,Accuracy,0.9187907000355757
"a=1,b=1",GSM5652277_Blood-T-CD3-Z000000TV,TEST,MAE,0.1005019668101235
"a=1,b=1",GSM5652299_Blood-NK-Z000000TM,TEST,Pearson,0.8104892425376927
"a=1,b=1",GSM5652299_Blood-NK-Z000000TM,TEST,Spearman,0.6263654892358325
"a=1,b=1",GSM5652299_Blood-NK-Z000000TM,TEST,AUC,0.9043891783159516
"a=1,b=1",GSM5652299_Blood-NK-Z000000TM,TEST,Accuracy,0.9379334182545073
"a=1,b=1",GSM5652299_Blood-NK-Z000000TM,TEST,MAE,0.0915795794215726
"a=1,b=1",GSM5652302_Blood-Monocytes-Z000000TP,TEST,Pearson,0.8034193304901783
"a=1,b=1",GSM5652302_Blood-Monocytes-Z000000TP,TEST,Spearman,0.5895062485944069
"a=1,b=1",GSM5652302_Blood-Monocytes-Z000000TP,TEST,AUC,0.9092364529792384
"a=1,b=1",GSM5652302_Blood-Monocytes-Z000000TP,TEST,Accuracy,0.9341886089867839
"a=1,b=1",GSM5652302_Blood-Monocytes-Z000000TP,TEST,MAE,0.1006693484080057
"a=1,b=1",GSM5652313_Blood-Granulocytes-Z000000TZ,TEST,Pearson,0.8053174194031503
"a=1,b=1",GSM5652313_Blood-Granulocytes-Z000000TZ,TEST,Spearman,0.6422798353182527
"a=1,b=1",GSM5652313_Blood-Granulocytes-Z000000TZ,TEST,AUC,0.908693060912422
"a=1,b=1",GSM5652313_Blood-Granulocytes-Z000000TZ,TEST,Accuracy,0.9327014091749962
"a=1,b=1",GSM5652313_Blood-Granulocytes-Z000000TZ,TEST,MAE,0.09768178488384822
"a=1,b=1",GSM5652317_Blood-B-Z000000UB,TEST,Pearson,0.7968096206918873
"a=1,b=1",GSM5652317_Blood-B-Z000000UB,TEST,Spearman,0.6599361783454751
"a=1,b=1",GSM5652317_Blood-B-Z000000UB,TEST,AUC,0.8992149030828387
"a=1,b=1",GSM5652317_Blood-B-Z000000UB,TEST,Accuracy,0.9241325498243222
"a=1,b=1",GSM5652317_Blood-B-Z000000UB,TEST,MAE,0.1035623349484955
"a=1,b=1",GSM5652321_Epidermal-Keratinocytes-Z00000424,TEST,Pearson,0.8022216913619917
"a=1,b=1",GSM5652321_Epidermal-Keratinocytes-Z00000424,TEST,Spearman,0.6940108598270971
"a=1,b=1",GSM5652321_Epidermal-Keratinocytes-Z00000424,TEST,AUC,0.9065564254237058
"a=1,b=1",GSM5652321_Epidermal-Keratinocytes-Z00000424,TEST,Accuracy,0.9056736809000961
"a=1,b=1",GSM5652321_Epidermal-Keratinocytes-Z00000424,TEST,MAE,0.1104524836374272
"a=1,b=1",GSM5652322_Tonsil-Palatine-Epithelial-Z000000QF,TEST,Pearson,0.7952866610540444
"a=1,b=1",GSM5652322_Tonsil-Palatine-Epithelial-Z000000QF,TEST,Spearman,0.7215093277993291
"a=1,b=1",GSM5652322_Tonsil-Palatine-Epithelial-Z000000QF,TEST,AUC,0.9028816003071538
"a=1,b=1",GSM5652322_Tonsil-Palatine-Epithelial-Z000000QF,TEST,Accuracy,0.8803683576241312
"a=1,b=1",GSM5652322_Tonsil-Palatine-Epithelial-Z000000QF,TEST,MAE,0.1244344613410753
"a=1,b=1",GSM5652335_Lung-Bronchus-Epithelial-Z000000QD,TEST,Pearson,0.8061752957193039
"a=1,b=1",GSM5652335_Lung-Bronchus-Epithelial-Z000000QD,TEST,Spearman,0.6819365231869374
"a=1,b=1",GSM5652335_Lung-Bronchus-Epithelial-Z000000QD,TEST,AUC,0.9110489836676903
"a=1,b=1",GSM5652335_Lung-Bronchus-Epithelial-Z000000QD,TEST,Accuracy,0.9086185742746224
"a=1,b=1",GSM5652335_Lung-Bronchus-Epithelial-Z000000QD,TEST,MAE,0.110512990919318
"a=1,b=1",GSM5652338_Prostate-Epithelial-Z000000RV,TEST,Pearson,0.8136947200338068
"a=1,b=1",GSM5652338_Prostate-Epithelial-Z000000RV,TEST,Spearman,0.6885307926518272
"a=1,b=1",GSM5652338_Prostate-Epithelial-Z000000RV,TEST,AUC,0.91597590697481
"a=1,b=1",GSM5652338_Prostate-Epithelial-Z000000RV,TEST,Accuracy,0.9121168989990813
"a=1,b=1",GSM5652338_Prostate-Epithelial-Z000000RV,TEST,MAE,0.1062965975142696
"a=1,b=1",GSM5652342_Bladder-Epithelial-Z000000QM,TEST,Pearson,0.7903665185366375
"a=1,b=1",GSM5652342_Bladder-Epithelial-Z000000QM,TEST,Spearman,0.6980860100904824
"a=1,b=1",GSM5652342_Bladder-Epithelial-Z000000QM,TEST,AUC,0.9056022817653379
"a=1,b=1",GSM5652342_Bladder-Epithelial-Z000000QM,TEST,Accuracy,0.8895209182296708
"a=1,b=1",GSM5652342_Bladder-Epithelial-Z000000QM,TEST,MAE,0.123671929702342
"a=1,b=1",GSM5652347_Breast-Luminal-Epithelial-Z000000V2,TEST,Pearson,0.809024542740344
"a=1,b=1",GSM5652347_Breast-Luminal-Epithelial-Z000000V2,TEST,Spearman,0.6455962772511783
"a=1,b=1",GSM5652347_Breast-Luminal-Epithelial-Z000000V2,TEST,AUC,0.9149258164706946
"a=1,b=1",GSM5652347_Breast-Luminal-Epithelial-Z000000V2,TEST,Accuracy,0.917304468064979
"a=1,b=1",GSM5652347_Breast-Luminal-Epithelial-Z000000V2,TEST,MAE,0.1050120959663889
"a=1,b=1",GSM5652350_Breast-Basal-Epithelial-Z000000V6,TEST,Pearson,0.7963415901573409
"a=1,b=1",GSM5652350_Breast-Basal-Epithelial-Z000000V6,TEST,Spearman,0.6054987994539177
"a=1,b=1",GSM5652350_Breast-Basal-Epithelial-Z000000V6,TEST,AUC,0.9107254316337431
"a=1,b=1",GSM5652350_Breast-Basal-Epithelial-Z000000V6,TEST,Accuracy,0.9200115995945788
"a=1,b=1",GSM5652350_Breast-Basal-Epithelial-Z000000V6,TEST,MAE,0.1077871807335994
"a=1,b=1",GSM5652354_Lung-Alveolar-Epithelial-Z000000T1,TEST,Pearson,0.8171134890016374
"a=1,b=1",GSM5652354_Lung-Alveolar-Epithelial-Z000000T1,TEST,Spearman,0.69820271701012
"a=1,b=1",GSM5652354_Lung-Alveolar-Epithelial-Z000000T1,TEST,AUC,0.9153064249588541
"a=1,b=1",GSM5652354_Lung-Alveolar-Epithelial-Z000000T1,TEST,Accuracy,0.9119043108444606
"a=1,b=1",GSM5652354_Lung-Alveolar-Epithelial-Z000000T1,TEST,MAE,0.1046217075424835
"a=1,b=1",GSM5652358_Gallbladder-Epithelial-Z00000432,TEST,Pearson,0.7983047437766703
"a=1,b=1",GSM5652358_Gallbladder-Epithelial-Z00000432,TEST,Spearman,0.6378731033121063
"a=1,b=1",GSM5652358_Gallbladder-Epithelial-Z00000432,TEST,AUC,0.9106366957917772
"a=1,b=1",GSM5652358_Gallbladder-Epithelial-Z00000432,TEST,Accuracy,0.9113009402429381
"a=1,b=1",GSM5652358_Gallbladder-Epithelial-Z00000432,TEST,MAE,0.1136468777063914
"a=1,b=1",GSM5652359_Gastric-fundus-Epithelial-Z000000RX,TEST,Pearson,0.7974615241901944
"a=1,b=1",GSM5652359_Gastric-fundus-Epithelial-Z000000RX,TEST,Spearman,0.7070561762274649
"a=1,b=1",GSM5652359_Gastric-fundus-Epithelial-Z000000RX,TEST,AUC,0.9061046129250448
"a=1,b=1",GSM5652359_Gastric-fundus-Epithelial-Z000000RX,TEST,Accuracy,0.894025292007134
"a=1,b=1",GSM5652359_Gastric-fundus-Epithelial-Z000000RX,TEST,MAE,0.1181209819179212
"a=1,b=1",GSM5652370_Colon-Right-Epithelial-Z000000V0,TEST,Pearson,0.790649039765167
"a=1,b=1",GSM5652370_Colon-Right-Epithelial-Z000000V0,TEST,Spearman,0.664058361529357
"a=1,b=1",GSM5652370_Colon-Right-Epithelial-Z000000V0,TEST,AUC,0.9075389147512277
"a=1,b=1",GSM5652370_Colon-Right-Epithelial-Z000000V0,TEST,Accuracy,0.9046708671581816
"a=1,b=1",GSM5652370_Colon-Right-Epithelial-Z000000V0,TEST,MAE,0.114976448213963
"a=1,b=1",GSM5652378_Small-int-Epithelial-Z0000042V,TEST,Pearson,0.7785031670466387
"a=1,b=1",GSM5652378_Small-int-Epithelial-Z0000042V,TEST,Spearman,0.6768420512164883
"a=1,b=1",GSM5652378_Small-int-Epithelial-Z0000042V,TEST,AUC,0.9044236444189269
"a=1,b=1",GSM5652378_Small-int-Epithelial-Z0000042V,TEST,Accuracy,0.8950799507499513
"a=1,b=1",GSM5652378_Small-int-Epithelial-Z0000042V,TEST,MAE,0.1204870792198192
"a=1,b=1",Adipocytes,CST,Pearson,0.3115729231864961
"a=1,b=1",Adipocytes,CST,Spearman,0.3331235076263222
"a=1,b=1",Adipocytes,CST,AUC,0.7526548672566372
"a=1,b=1",Adipocytes,CST,Accuracy,0.1640625
"a=1,b=1",Adipocytes,CST,MAE,0.4314560460334178
"a=1,b=1",Aorta-Endothel,CST,Pearson,0.4186416009479744
"a=1,b=1",Aorta-Endothel,CST,Spearman,0.4289833547972132
"a=1,b=1",Aorta-Endothel,CST,AUC,0.7281213777115416
"a=1,b=1",Aorta-Endothel,CST,Accuracy,0.4959839357429719
"a=1,b=1",Aorta-Endothel,CST,MAE,0.336894282128617
"a=1,b=1",Aorta-Smooth-Muscle,CST,Pearson,0.4223355493182675
"a=1,b=1",Aorta-Smooth-Muscle,CST,Spearman,0.4562260842845189
"a=1,b=1",Aorta-Smooth-Muscle,CST,AUC,0.7488348169297951
"a=1,b=1",Aorta-Smooth-Muscle,CST,Accuracy,0.3434163701067616
"a=1,b=1",Aorta-Smooth-Muscle,CST,MAE,0.2565096678590117
"a=1,b=1",Bladder-Epithelial,CST,Pearson,0.2617346583366782
"a=1,b=1",Bladder-Epithelial,CST,Spearman,0.3369866161451538
"a=1,b=1",Bladder-Epithelial,CST,AUC,0.6560517799352751
"a=1,b=1",Bladder-Epithelial,CST,Accuracy,0.1796407185628743
"a=1,b=1",Bladder-Epithelial,CST,MAE,0.5731906109506231
"a=1,b=1",Blood-B,CST,Pearson,0.1569824893961325
"a=1,b=1",Blood-B,CST,Spearman,0.2326498698467353
"a=1,b=1",Blood-B,CST,AUC,0.5232610192837466
"a=1,b=1",Blood-B,CST,Accuracy,0.05613577023498695
"a=1,b=1",Blood-B,CST,MAE,0.724429022671543
"a=1,b=1",Blood-Granulocytes,CST,Pearson,0.3631323483133253
"a=1,b=1",Blood-Granulocytes,CST,Spearman,0.3973374251043575
"a=1,b=1",Blood-Granulocytes,CST,AUC,0.7438766114180478
"a=1,b=1",Blood-Granulocytes,CST,Accuracy,0.171990171990172
"a=1,b=1",Blood-Granulocytes,CST,MAE,0.6033243874353368
"a=1,b=1",Blood-Monocytes,CST,Pearson,0.2944773275934441
"a=1,b=1",Blood-Monocytes,CST,Spearman,0.2958129651641708
"a=1,b=1",Blood-Monocytes,CST,AUC,0.7078769841269841
"a=1,b=1",Blood-Monocytes,CST,Accuracy,0.203971119133574
"a=1,b=1",Blood-Monocytes,CST,MAE,0.5881951356824447
"a=1,b=1",Blood-NK,CST,Pearson,0.2679268600705391
"a=1,b=1",Blood-NK,CST,Spearman,0.3686028592348166
"a=1,b=1",Blood-NK,CST,AUC,0.7282212885154061
"a=1,b=1",Blood-NK,CST,Accuracy,0.1288265306122449
"a=1,b=1",Blood-NK,CST,MAE,0.6563125184299995
"a=1,b=1",Blood-T-CD3,CST,Pearson,0.1381005478893587
"a=1,b=1",Blood-T-CD3,CST,Spearman,0.08521517469211487
"a=1,b=1",Blood-T-CD3,CST,AUC,0.6248376623376624
"a=1,b=1",Blood-T-CD3,CST,Accuracy,0.05263157894736842
"a=1,b=1",Blood-T-CD3,CST,MAE,0.7030798264539225
"a=1,b=1",Bone-Osteoblasts,CST,Pearson,0.3277863820977271
"a=1,b=1",Bone-Osteoblasts,CST,Spearman,0.4025732897193499
"a=1,b=1",Bone-Osteoblasts,CST,AUC,0.637695049771321
"a=1,b=1",Bone-Osteoblasts,CST,Accuracy,0.184
"a=1,b=1",Bone-Osteoblasts,CST,MAE,0.5176297046194474
"a=1,b=1",Bone_marrow-Erythrocyte_progenitors,CST,Pearson,0.3313222323196076
"a=1,b=1",Bone_marrow-Erythrocyte_progenitors,CST,Spearman,0.3787578196129396
"a=1,b=1",Bone_marrow-Erythrocyte_progenitors,CST,AUC,0.7030204643841007
"a=1,b=1",Bone_marrow-Erythrocyte_progenitors,CST,Accuracy,0.1753086419753087
"a=1,b=1",Bone_marrow-Erythrocyte_progenitors,CST,MAE,0.546016668105199
"a=1,b=1",Breast-Basal-Epithelial,CST,Pearson,0.3529657276188321
"a=1,b=1",Breast-Basal-Epithelial,CST,Spearman,0.3602592082087011
"a=1,b=1",Breast-Basal-Epithelial,CST,AUC,0.8085233587362071
"a=1,b=1",Breast-Basal-Epithelial,CST,Accuracy,0.2286773794808405
"a=1,b=1",Breast-Basal-Epithelial,CST,MAE,0.528781567869434
"a=1,b=1",Breast-Luminal-Epithelial,CST,Pearson,0.4618241201460725
"a=1,b=1",Breast-Luminal-Epithelial,CST,Spearman,0.4842470424423455
"a=1,b=1",Breast-Luminal-Epithelial,CST,AUC,0.7823737984808765
"a=1,b=1",Breast-Luminal-Epithelial,CST,Accuracy,0.2610759493670886
"a=1,b=1",Breast-Luminal-Epithelial,CST,MAE,0.4840593740662348
"a=1,b=1",Colon-Fibroblasts,CST,Pearson,0.3753921859206802
"a=1,b=1",Colon-Fibroblasts,CST,Spearman,0.3285134951312684
"a=1,b=1",Colon-Fibroblasts,CST,AUC,0.7083806818181818
"a=1,b=1",Colon-Fibroblasts,CST,Accuracy,0.2611940298507462
"a=1,b=1",Colon-Fibroblasts,CST,MAE,0.2942479486340907
"a=1,b=1",Colon-Right-Epithelial,CST,Pearson,0.3182054752329255
"a=1,b=1",Colon-Right-Epithelial,CST,Spearman,0.3121154367285979
"a=1,b=1",Colon-Right-Epithelial,CST,AUC,0.7794863418580051
"a=1,b=1",Colon-Right-Epithelial,CST,Accuracy,0.5109235352532274
"a=1,b=1",Colon-Right-Epithelial,CST,MAE,0.4226912688787623
"a=1,b=1",Cortex-Neuron,CST,Pearson,0.5003502990034251
"a=1,b=1",Cortex-Neuron,CST,Spearman,0.5165527562154395
"a=1,b=1",Cortex-Neuron,CST,AUC,0.7719913845624072
"a=1,b=1",Cortex-Neuron,CST,Accuracy,0.4833546734955186
"a=1,b=1",Cortex-Neuron,CST,MAE,0.3131219038832814
"a=1,b=1",Dermal-Fibroblasts,CST,Pearson,0.4036752561156371
"a=1,b=1",Dermal-Fibroblasts,CST,Spearman,0.4280094250383668
"a=1,b=1",Dermal-Fibroblasts,CST,AUC,0.8494885766179141
"a=1,b=1",Dermal-Fibroblasts,CST,Accuracy,0.1585714285714286
"a=1,b=1",Dermal-Fibroblasts,CST,MAE,0.4962880384602717
"a=1,b=1",Epidermal-Keratinocytes,CST,Pearson,0.2729288376156652
"a=1,b=1",Epidermal-Keratinocytes,CST,Spearman,0.2660434334559164
"a=1,b=1",Epidermal-Keratinocytes,CST,AUC,0.7455389492753624
"a=1,b=1",Epidermal-Keratinocytes,CST,Accuracy,0.1662049861495845
"a=1,b=1",Epidermal-Keratinocytes,CST,MAE,0.5219053479680311
"a=1,b=1",Fallopian-Epithelial,CST,Pearson,0.2945606884673014
"a=1,b=1",Fallopian-Epithelial,CST,Spearman,0.3543315904110567
"a=1,b=1",Fallopian-Epithelial,CST,AUC,0.7219120644922165
"a=1,b=1",Fallopian-Epithelial,CST,Accuracy,0.2656
"a=1,b=1",Fallopian-Epithelial,CST,MAE,0.5526943463742733
"a=1,b=1",Gallbladder-Epithelial,CST,Pearson,0.2006103033350925
"a=1,b=1",Gallbladder-Epithelial,CST,Spearman,0.2161283471855378
"a=1,b=1",Gallbladder-Epithelial,CST,AUC,0.6876413899194643
"a=1,b=1",Gallbladder-Epithelial,CST,Accuracy,0.1867145421903052
"a=1,b=1",Gallbladder-Epithelial,CST,MAE,0.6361884133860175
"a=1,b=1",Gastric-fundus-Epithelial,CST,Pearson,0.3325977498394457
"a=1,b=1",Gastric-fundus-Epithelial,CST,Spearman,0.3438840445495122
"a=1,b=1",Gastric-fundus-Epithelial,CST,AUC,0.7111422172452407
"a=1,b=1",Gastric-fundus-Epithelial,CST,Accuracy,0.3403547671840355
"a=1,b=1",Gastric-fundus-Epithelial,CST,MAE,0.4561459994482541
"a=1,b=1",Heart-Cardiomyocyte,CST,Pearson,0.200956405407332
"a=1,b=1",Heart-Cardiomyocyte,CST,Spearman,0.1670068702962324
"a=1,b=1",Heart-Cardiomyocyte,CST,AUC,0.6337189791775799
"a=1,b=1",Heart-Cardiomyocyte,CST,Accuracy,0.1957671957671958
"a=1,b=1",Heart-Cardiomyocyte,CST,MAE,0.5552760259341941
"a=1,b=1",Heart-Fibroblasts,CST,Pearson,0.2347700959135125
"a=1,b=1",Heart-Fibroblasts,CST,Spearman,0.2194970842741376
"a=1,b=1",Heart-Fibroblasts,CST,AUC,0.6689861787518038
"a=1,b=1",Heart-Fibroblasts,CST,Accuracy,0.2873183619550859
"a=1,b=1",Heart-Fibroblasts,CST,MAE,0.4080424591618414
"a=1,b=1",Kidney-Tubular-Endothel,CST,Pearson,0.5905259239030987
"a=1,b=1",Kidney-Tubular-Endothel,CST,Spearman,0.4565258423788423
"a=1,b=1",Kidney-Tubular-Endothel,CST,AUC,0.952100646352724
"a=1,b=1",Kidney-Tubular-Endothel,CST,Accuracy,0.9917582417582418
"a=1,b=1",Kidney-Tubular-Endothel,CST,MAE,0.06059303396678233
"a=1,b=1",Liver-Hepatocytes,CST,Pearson,0.3131054970080248
"a=1,b=1",Liver-Hepatocytes,CST,Spearman,0.3741174716112173
"a=1,b=1",Liver-Hepatocytes,CST,AUC,0.7210398766248072
"a=1,b=1",Liver-Hepatocytes,CST,Accuracy,0.2086693548387097
"a=1,b=1",Liver-Hepatocytes,CST,MAE,0.596887028665327
"a=1,b=1",Lung-Alveolar-Epithelial,CST,Pearson,0.4056336969149901
"a=1,b=1",Lung-Alveolar-Epithelial,CST,Spearman,0.4685347201553307
"a=1,b=1",Lung-Alveolar-Epithelial,CST,AUC,0.8144145288290576
"a=1,b=1",Lung-Alveolar-Epithelial,CST,Accuracy,0.2815315315315315
"a=1,b=1",Lung-Alveolar-Epithelial,CST,MAE,0.4706554829238078
"a=1,b=1",Lung-Bronchus-Epithelial,CST,Pearson,0.1709279557849179
"a=1,b=1",Lung-Bronchus-Epithelial,CST,Spearman,0.1371987658478676
"a=1,b=1",Lung-Bronchus-Epithelial,CST,AUC,0.6460842935288641
"a=1,b=1",Lung-Bronchus-Epithelial,CST,Accuracy,0.2129783693843594
"a=1,b=1",Lung-Bronchus-Epithelial,CST,MAE,0.5135296805608341
"a=1,b=1",Oligodendrocytes,CST,Pearson,0.3290869719320969
"a=1,b=1",Oligodendrocytes,CST,Spearman,0.3627989346079686
"a=1,b=1",Oligodendrocytes,CST,AUC,0.7124637058847585
"a=1,b=1",Oligodendrocytes,CST,Accuracy,0.3010335917312661
"a=1,b=1",Oligodendrocytes,CST,MAE,0.477871973717282
"a=1,b=1",Ovary-Epithelial,CST,Pearson,0.4650689196844165
"a=1,b=1",Ovary-Epithelial,CST,Spearman,0.522580349882769
"a=1,b=1",Ovary-Epithelial,CST,AUC,0.8153788114685382
"a=1,b=1",Ovary-Epithelial,CST,Accuracy,0.3893871449925261
"a=1,b=1",Ovary-Epithelial,CST,MAE,0.4342101362376559
"a=1,b=1",Pancreas-Acinar,CST,Pearson,0.3028487786834174
"a=1,b=1",Pancreas-Acinar,CST,Spearman,0.4049512846274663
"a=1,b=1",Pancreas-Acinar,CST,AUC,0.7740636327023761
"a=1,b=1",Pancreas-Acinar,CST,Accuracy,0.03156996587030717
"a=1,b=1",Pancreas-Acinar,CST,MAE,0.7426601442247757
"a=1,b=1",Pancreas-Alpha,CST,Pearson,0.3581203116085458
"a=1,b=1",Pancreas-Alpha,CST,Spearman,0.435248647603883
"a=1,b=1",Pancreas-Alpha,CST,AUC,0.7975907198096371
"a=1,b=1",Pancreas-Alpha,CST,Accuracy,0.3031358885017422
"a=1,b=1",Pancreas-Alpha,CST,MAE,0.5417704413748811
"a=1,b=1",Pancreas-Beta,CST,Pearson,0.3631315971617217
"a=1,b=1",Pancreas-Beta,CST,Spearman,0.3548416045734546
"a=1,b=1",Pancreas-Beta,CST,AUC,0.8033292808379313
"a=1,b=1",Pancreas-Beta,CST,Accuracy,0.4022058823529412
"a=1,b=1",Pancreas-Beta,CST,MAE,0.4805668660028674
"a=1,b=1",Pancreas-Delta,CST,Pearson,0.4084781190236632
"a=1,b=1",Pancreas-Delta,CST,Spearman,0.4450213817648306
"a=1,b=1",Pancreas-Delta,CST,AUC,0.8326957937751559
"a=1,b=1",Pancreas-Delta,CST,Accuracy,0.3407643312101911
"a=1,b=1",Pancreas-Delta,CST,MAE,0.4835441324082767
"a=1,b=1",Pancreas-Duct,CST,Pearson,0.2883520197175658
"a=1,b=1",Pancreas-Duct,CST,Spearman,0.4220753623329078
"a=1,b=1",Pancreas-Duct,CST,AUC,0.779432893847194
"a=1,b=1",Pancreas-Duct,CST,Accuracy,0.09863013698630137
"a=1,b=1",Pancreas-Duct,CST,MAE,0.6899848349086226
"a=1,b=1",Prostate-Epithelial,CST,Pearson,0.3533476194492363
"a=1,b=1",Prostate-Epithelial,CST,Spearman,0.3288163001391713
"a=1,b=1",Prostate-Epithelial,CST,AUC,0.74933598937583
"a=1,b=1",Prostate-Epithelial,CST,Accuracy,0.2140287769784173
"a=1,b=1",Prostate-Epithelial,CST,MAE,0.4713614229581875
"a=1,b=1",Skeletal-Muscle,CST,Pearson,0.08313377605486871
"a=1,b=1",Skeletal-Muscle,CST,Spearman,0.1484036550477542
"a=1,b=1",Skeletal-Muscle,CST,AUC,0.5165828173374613
"a=1,b=1",Skeletal-Muscle,CST,Accuracy,0.06559766763848396
"a=1,b=1",Skeletal-Muscle,CST,MAE,0.4263336660432746
"a=1,b=1",Small-int-Epithelial,CST,Pearson,0.3010291498602023
"a=1,b=1",Small-int-Epithelial,CST,Spearman,0.3259253617368464
"a=1,b=1",Small-int-Epithelial,CST,AUC,0.6876005747126437
"a=1,b=1",Small-int-Epithelial,CST,Accuracy,0.4626334519572954
"a=1,b=1",Small-int-Epithelial,CST,MAE,0.4315156338656871
"a=1,b=1",Thyroid-Epithelial,CST,Pearson,0.2229597651461543
"a=1,b=1",Thyroid-Epithelial,CST,Spearman,0.213878145007884
"a=1,b=1",Thyroid-Epithelial,CST,AUC,0.7170366933181039
"a=1,b=1",Thyroid-Epithelial,CST,Accuracy,0.1515151515151515
"a=1,b=1",Thyroid-Epithelial,CST,MAE,0.6370958500782719
"a=1,b=8",GSM5652176_Adipocytes-Z000000T7,VALID,Pearson,0.8154868616090454
"a=1,b=8",GSM5652176_Adipocytes-Z000000T7,VALID,Spearman,0.6926242949625602
"a=1,b=8",GSM5652176_Adipocytes-Z000000T7,VALID,AUC,0.9123787778162967
"a=1,b=8",GSM5652176_Adipocytes-Z000000T7,VALID,Accuracy,0.900672979947793
"a=1,b=8",GSM5652176_Adipocytes-Z000000T7,VALID,MAE,0.1197300791213934
"a=1,b=8",GSM5652179_Aorta-Endothel-Z00000422,VALID,Pearson,0.7853732310512898
"a=1,b=8",GSM5652179_Aorta-Endothel-Z00000422,VALID,Spearman,0.6949454829940039
"a=1,b=8",GSM5652179_Aorta-Endothel-Z00000422,VALID,AUC,0.9031776354121105
"a=1,b=8",GSM5652179_Aorta-Endothel-Z00000422,VALID,Accuracy,0.8728399628463602
"a=1,b=8",GSM5652179_Aorta-Endothel-Z00000422,VALID,MAE,0.1363679720516104
"a=1,b=8",GSM5652189_Kidney-Tubular-Endothel-Z0000042R,VALID,Pearson,0.7975800101587298
"a=1,b=8",GSM5652189_Kidney-Tubular-Endothel-Z0000042R,VALID,Spearman,0.6271944227940855
"a=1,b=8",GSM5652189_Kidney-Tubular-Endothel-Z0000042R,VALID,AUC,0.9130221985066387
"a=1,b=8",GSM5652189_Kidney-Tubular-Endothel-Z0000042R,VALID,Accuracy,0.9102613382883077
"a=1,b=8",GSM5652189_Kidney-Tubular-Endothel-Z0000042R,VALID,MAE,0.1266259989229903
"a=1,b=8",GSM5652198_Colon-Fibroblasts-Z0000042A,VALID,Pearson,0.8134818427192594
"a=1,b=8",GSM5652198_Colon-Fibroblasts-Z0000042A,VALID,Spearman,0.7219672666534138
"a=1,b=8",GSM5652198_Colon-Fibroblasts-Z0000042A,VALID,AUC,0.9097367285301737
"a=1,b=8",GSM5652198_Colon-Fibroblasts-Z0000042A,VALID,Accuracy,0.8993448871507403
"a=1,b=8",GSM5652198_Colon-Fibroblasts-Z0000042A,VALID,MAE,0.11755880974765
"a=1,b=8",GSM5652200_Heart-Fibroblasts-Z0000043R,VALID,Pearson,0.7225906460217661
"a=1,b=8",GSM5652200_Heart-Fibroblasts-Z0000043R,VALID,Spearman,0.6876020435420914
"a=1,b=8",GSM5652200_Heart-Fibroblasts-Z0000043R,VALID,AUC,0.8626620024393041
"a=1,b=8",GSM5652200_Heart-Fibroblasts-Z0000043R,VALID,Accuracy,0.7686075084358802
"a=1,b=8",GSM5652200_Heart-Fibroblasts-Z0000043R,VALID,MAE,0.1801768873251572
"a=1,b=8",GSM5652204_Dermal-Fibroblasts-Z00000423,VALID,Pearson,0.7831559459319942
"a=1,b=8",GSM5652204_Dermal-Fibroblasts-Z00000423,VALID,Spearman,0.6949722432903473
"a=1,b=8",GSM5652204_Dermal-Fibroblasts-Z00000423,VALID,AUC,0.8994780794821816
"a=1,b=8",GSM5652204_Dermal-Fibroblasts-Z00000423,VALID,Accuracy,0.872982160861162
"a=1,b=8",GSM5652204_Dermal-Fibroblasts-Z00000423,VALID,MAE,0.134789274711008
"a=1,b=8",GSM5652205_Skeletal-Muscle-Z00000427,VALID,Pearson,0.7984940930887874
"a=1,b=8",GSM5652205_Skeletal-Muscle-Z00000427,VALID,Spearman,0.6787551539219678
"a=1,b=8",GSM5652205_Skeletal-Muscle-Z00000427,VALID,AUC,0.8998367805257375
"a=1,b=8",GSM5652205_Skeletal-Muscle-Z00000427,VALID,Accuracy,0.8920545252681868
"a=1,b=8",GSM5652205_Skeletal-Muscle-Z00000427,VALID,MAE,0.128390503890384
"a=1,b=8",GSM5652207_Aorta-Smooth-Muscle-Z0000041U,VALID,Pearson,0.7615534201271306
"a=1,b=8",GSM5652207_Aorta-Smooth-Muscle-Z0000041U,VALID,Spearman,0.7299225499654882
"a=1,b=8",GSM5652207_Aorta-Smooth-Muscle-Z0000041U,VALID,AUC,0.8815187214203704
"a=1,b=8",GSM5652207_Aorta-Smooth-Muscle-Z0000041U,VALID,Accuracy,0.803846446988796
"a=1,b=8",GSM5652207_Aorta-Smooth-Muscle-Z0000041U,VALID,MAE,0.1490456663789573
"a=1,b=8",GSM5652215_Heart-Cardiomyocyte-Z0000044P,VALID,Pearson,0.705526349664912
"a=1,b=8",GSM5652215_Heart-Cardiomyocyte-Z0000044P,VALID,Spearman,0.5148500145304239
"a=1,b=8",GSM5652215_Heart-Cardiomyocyte-Z0000044P,VALID,AUC,0.8695792465755272
"a=1,b=8",GSM5652215_Heart-Cardiomyocyte-Z0000044P,VALID,Accuracy,0.8735478885177245
"a=1,b=8",GSM5652215_Heart-Cardiomyocyte-Z0000044P,VALID,MAE,0.1868335685461463
"a=1,b=8",GSM5652218_Bone-Osteoblasts-Z0000042Z,VALID,Pearson,0.7684717745673598
"a=1,b=8",GSM5652218_Bone-Osteoblasts-Z0000042Z,VALID,Spearman,0.7213867610420385
"a=1,b=8",GSM5652218_Bone-Osteoblasts-Z0000042Z,VALID,AUC,0.8887882461688023
"a=1,b=8",GSM5652218_Bone-Osteoblasts-Z0000042Z,VALID,Accuracy,0.8167297493481868
"a=1,b=8",GSM5652218_Bone-Osteoblasts-Z0000042Z,VALID,MAE,0.1545845492186332
"a=1,b=8",GSM5652219_Oligodendrocytes-Z000000TK,VALID,Pearson,0.7974984875712313
"a=1,b=8",GSM5652219_Oligodendrocytes-Z000000TK,VALID,Spearman,0.5851159655199448
"a=1,b=8",GSM5652219_Oligodendrocytes-Z000000TK,VALID,AUC,0.9151454836645958
"a=1,b=8",GSM5652219_Oligodendrocytes-Z000000TK,VALID,Accuracy,0.9141676334862137
"a=1,b=8",GSM5652219_Oligodendrocytes-Z000000TK,VALID,MAE,0.1270930806812635
"a=1,b=8",GSM5652223_Cortex-Neuron-Z000000TF,VALID,Pearson,0.823203605327887
"a=1,b=8",GSM5652223_Cortex-Neuron-Z000000TF,VALID,Spearman,0.612792678565792
"a=1,b=8",GSM5652223_Cortex-Neuron-Z000000TF,VALID,AUC,0.9200322975970786
"a=1,b=8",GSM5652223_Cortex-Neuron-Z000000TF,VALID,Accuracy,0.9362518166725331
"a=1,b=8",GSM5652223_Cortex-Neuron-Z000000TF,VALID,MAE,0.1078967868925334
"a=1,b=8",GSM5652233_Liver-Hepatocytes-Z000000R3,VALID,Pearson,0.7892726193180286
"a=1,b=8",GSM5652233_Liver-Hepatocytes-Z000000R3,VALID,Spearman,0.6533306620637053
"a=1,b=8",GSM5652233_Liver-Hepatocytes-Z000000R3,VALID,AUC,0.9070569635465787
"a=1,b=8",GSM5652233_Liver-Hepatocytes-Z000000R3,VALID,Accuracy,0.9007607102532414
"a=1,b=8",GSM5652233_Liver-Hepatocytes-Z000000R3,VALID,MAE,0.1293669406966455
"a=1,b=8",GSM5652239_Pancreas-Duct-Z0000043T,VALID,Pearson,0.7888096168149242
"a=1,b=8",GSM5652239_Pancreas-Duct-Z0000043T,VALID,Spearman,0.5988248523350954
"a=1,b=8",GSM5652239_Pancreas-Duct-Z0000043T,VALID,AUC,0.9100342228959786
"a=1,b=8",GSM5652239_Pancreas-Duct-Z0000043T,VALID,Accuracy,0.9129865166908349
"a=1,b=8",GSM5652239_Pancreas-Duct-Z0000043T,VALID,MAE,0.1268617423169529
"a=1,b=8",GSM5652243_Pancreas-Acinar-Z000000QX,VALID,Pearson,0.7509793400192649
"a=1,b=8",GSM5652243_Pancreas-Acinar-Z000000QX,VALID,Spearman,0.7014244100777398
"a=1,b=8",GSM5652243_Pancreas-Acinar-Z000000QX,VALID,AUC,0.8870071718567399
"a=1,b=8",GSM5652243_Pancreas-Acinar-Z000000QX,VALID,Accuracy,0.8295652918147838
"a=1,b=8",GSM5652243_Pancreas-Acinar-Z000000QX,VALID,MAE,0.1617677265188482
"a=1,b=8",GSM5652247_Pancreas-Delta-Z00000451,VALID,Pearson,0.7811737619870067
"a=1,b=8",GSM5652247_Pancreas-Delta-Z00000451,VALID,Spearman,0.6225762664584135
"a=1,b=8",GSM5652247_Pancreas-Delta-Z00000451,VALID,AUC,0.9081554912952082
"a=1,b=8",GSM5652247_Pancreas-Delta-Z00000451,VALID,Accuracy,0.9028902089824027
"a=1,b=8",GSM5652247_Pancreas-Delta-Z00000451,VALID,MAE,0.1358937645928577
"a=1,b=8",GSM5652250_Pancreas-Beta-Z00000452,VALID,Pearson,0.780159858532665
"a=1,b=8",GSM5652250_Pancreas-Beta-Z00000452,VALID,Spearman,0.6084237193899689
"a=1,b=8",GSM5652250_Pancreas-Beta-Z00000452,VALID,AUC,0.9062921133917793
"a=1,b=8",GSM5652250_Pancreas-Beta-Z00000452,VALID,Accuracy,0.90840058166596
"a=1,b=8",GSM5652250_Pancreas-Beta-Z00000452,VALID,MAE,0.1333257752711503
"a=1,b=8",GSM5652253_Pancreas-Alpha-Z00000453,VALID,Pearson,0.7812972921587661
"a=1,b=8",GSM5652253_Pancreas-Alpha-Z00000453,VALID,Spearman,0.6240507933196501
"a=1,b=8",GSM5652253_Pancreas-Alpha-Z00000453,VALID,AUC,0.9054589128853364
"a=1,b=8",GSM5652253_Pancreas-Alpha-Z00000453,VALID,Accuracy,0.9031445814700174
"a=1,b=8",GSM5652253_Pancreas-Alpha-Z00000453,VALID,MAE,0.1310337916902332
"a=1,b=8",GSM5652264_Thyroid-Epithelial-Z0000042S,VALID,Pearson,0.798561501465724
"a=1,b=8",GSM5652264_Thyroid-Epithelial-Z0000042S,VALID,Spearman,0.5943493123268448
"a=1,b=8",GSM5652264_Thyroid-Epithelial-Z0000042S,VALID,AUC,0.9120791514604326
"a=1,b=8",GSM5652264_Thyroid-Epithelial-Z0000042S,VALID,Accuracy,0.9194405395516673
"a=1,b=8",GSM5652264_Thyroid-Epithelial-Z0000042S,VALID,MAE,0.1225806433313728
"a=1,b=8",GSM5652267_Fallopian-Epithelial-Z000000Q7,VALID,Pearson,0.796294036684518
"a=1,b=8",GSM5652267_Fallopian-Epithelial-Z000000Q7,VALID,Spearman,0.628184844676952
"a=1,b=8",GSM5652267_Fallopian-Epithelial-Z000000Q7,VALID,AUC,0.9133627799227012
"a=1,b=8",GSM5652267_Fallopian-Epithelial-Z000000Q7,VALID,Accuracy,0.9048841637270072
"a=1,b=8",GSM5652267_Fallopian-Epithelial-Z000000Q7,VALID,MAE,0.1298021155953324
"a=1,b=8",GSM5652270_Ovary-Epithelial-Z000000QT,VALID,Pearson,0.7401908429786566
"a=1,b=8",GSM5652270_Ovary-Epithelial-Z000000QT,VALID,Spearman,0.6077114817629549
"a=1,b=8",GSM5652270_Ovary-Epithelial-Z000000QT,VALID,AUC,0.8869694828337654
"a=1,b=8",GSM5652270_Ovary-Epithelial-Z000000QT,VALID,Accuracy,0.859146839844853
"a=1,b=8",GSM5652270_Ovary-Epithelial-Z000000QT,VALID,MAE,0.1653360598604076
"a=1,b=8",GSM5652274_Bone_marrow-Erythrocyte_progenitors-Z000000RF,VALID,Pearson,0.7840590701667617
"a=1,b=8",GSM5652274_Bone_marrow-Erythrocyte_progenitors-Z000000RF,VALID,Spearman,0.7243297400408901
"a=1,b=8",GSM5652274_Bone_marrow-Erythrocyte_progenitors-Z000000RF,VALID,AUC,0.8808189075580812
"a=1,b=8",GSM5652274_Bone_marrow-Erythrocyte_progenitors-Z000000RF,VALID,Accuracy,0.8056664831896918
"a=1,b=8",GSM5652274_Bone_marrow-Erythrocyte_progenitors-Z000000RF,VALID,MAE,0.1126427623446897
"a=1,b=8",GSM5652277_Blood-T-CD3-Z000000TV,VALID,Pearson,0.8025013611444985
"a=1,b=8",GSM5652277_Blood-T-CD3-Z000000TV,VALID,Spearman,0.6809732026623714
"a=1,b=8",GSM5652277_Blood-T-CD3-Z000000TV,VALID,AUC,0.9089737847948545
"a=1,b=8",GSM5652277_Blood-T-CD3-Z000000TV,VALID,Accuracy,0.9114738135585702
"a=1,b=8",GSM5652277_Blood-T-CD3-Z000000TV,VALID,MAE,0.1159648896044384
"a=1,b=8",GSM5652299_Blood-NK-Z000000TM,VALID,Pearson,0.8057825938751971
"a=1,b=8",GSM5652299_Blood-NK-Z000000TM,VALID,Spearman,0.5972415787822796
"a=1,b=8",GSM5652299_Blood-NK-Z000000TM,VALID,AUC,0.9107005647099401
"a=1,b=8",GSM5652299_Blood-NK-Z000000TM,VALID,Accuracy,0.9318195431121116
"a=1,b=8",GSM5652299_Blood-NK-Z000000TM,VALID,MAE,0.1109419765633818
"a=1,b=8",GSM5652302_Blood-Monocytes-Z000000TP,VALID,Pearson,0.8002960731691767
"a=1,b=8",GSM5652302_Blood-Monocytes-Z000000TP,VALID,Spearman,0.5908038771800125
"a=1,b=8",GSM5652302_Blood-Monocytes-Z000000TP,VALID,AUC,0.9152086318941696
"a=1,b=8",GSM5652302_Blood-Monocytes-Z000000TP,VALID,Accuracy,0.928012970382119
"a=1,b=8",GSM5652302_Blood-Monocytes-Z000000TP,VALID,MAE,0.1182216092807719
"a=1,b=8",GSM5652313_Blood-Granulocytes-Z000000TZ,VALID,Pearson,0.8027753772545255
"a=1,b=8",GSM5652313_Blood-Granulocytes-Z000000TZ,VALID,Spearman,0.6002900810584726
"a=1,b=8",GSM5652313_Blood-Granulocytes-Z000000TZ,VALID,AUC,0.9151079222399942
"a=1,b=8",GSM5652313_Blood-Granulocytes-Z000000TZ,VALID,Accuracy,0.9260039974830662
"a=1,b=8",GSM5652313_Blood-Granulocytes-Z000000TZ,VALID,MAE,0.116019338232969
"a=1,b=8",GSM5652317_Blood-B-Z000000UB,VALID,Pearson,0.792380457729954
"a=1,b=8",GSM5652317_Blood-B-Z000000UB,VALID,Spearman,0.6502651953925027
"a=1,b=8",GSM5652317_Blood-B-Z000000UB,VALID,AUC,0.9053454043790318
"a=1,b=8",GSM5652317_Blood-B-Z000000UB,VALID,Accuracy,0.9162815528441369
"a=1,b=8",GSM5652317_Blood-B-Z000000UB,VALID,MAE,0.1221887901201144
"a=1,b=8",GSM5652321_Epidermal-Keratinocytes-Z00000424,VALID,Pearson,0.7908898809556487
"a=1,b=8",GSM5652321_Epidermal-Keratinocytes-Z00000424,VALID,Spearman,0.674513244981836
"a=1,b=8",GSM5652321_Epidermal-Keratinocytes-Z00000424,VALID,AUC,0.9092168438643027
"a=1,b=8",GSM5652321_Epidermal-Keratinocytes-Z00000424,VALID,Accuracy,0.8910419516508559
"a=1,b=8",GSM5652321_Epidermal-Keratinocytes-Z00000424,VALID,MAE,0.1301501764535381
"a=1,b=8",GSM5652322_Tonsil-Palatine-Epithelial-Z000000QF,VALID,Pearson,0.7846199486967439
"a=1,b=8",GSM5652322_Tonsil-Palatine-Epithelial-Z000000QF,VALID,Spearman,0.7078824796532823
"a=1,b=8",GSM5652322_Tonsil-Palatine-Epithelial-Z000000QF,VALID,AUC,0.9038114542343929
"a=1,b=8",GSM5652322_Tonsil-Palatine-Epithelial-Z000000QF,VALID,Accuracy,0.8615019800371901
"a=1,b=8",GSM5652322_Tonsil-Palatine-Epithelial-Z000000QF,VALID,MAE,0.1437861396441584
"a=1,b=8",GSM5652335_Lung-Bronchus-Epithelial-Z000000QD,VALID,Pearson,0.8000979035240087
"a=1,b=8",GSM5652335_Lung-Bronchus-Epithelial-Z000000QD,VALID,Spearman,0.6577080770343058
"a=1,b=8",GSM5652335_Lung-Bronchus-Epithelial-Z000000QD,VALID,AUC,0.9140072431934402
"a=1,b=8",GSM5652335_Lung-Bronchus-Epithelial-Z000000QD,VALID,Accuracy,0.8997578947290414
"a=1,b=8",GSM5652335_Lung-Bronchus-Epithelial-Z000000QD,VALID,MAE,0.129255118496636
"a=1,b=8",GSM5652338_Prostate-Epithelial-Z000000RV,VALID,Pearson,0.8029627794536041
"a=1,b=8",GSM5652338_Prostate-Epithelial-Z000000RV,VALID,Spearman,0.6686910662808456
"a=1,b=8",GSM5652338_Prostate-Epithelial-Z000000RV,VALID,AUC,0.9159668280833044
"a=1,b=8",GSM5652338_Prostate-Epithelial-Z000000RV,VALID,Accuracy,0.9018283227174649
"a=1,b=8",GSM5652338_Prostate-Epithelial-Z000000RV,VALID,MAE,0.1253557972582153
"a=1,b=8",GSM5652342_Bladder-Epithelial-Z000000QM,VALID,Pearson,0.779308471647112
"a=1,b=8",GSM5652342_Bladder-Epithelial-Z000000QM,VALID,Spearman,0.6714504053488768
"a=1,b=8",GSM5652342_Bladder-Epithelial-Z000000QM,VALID,AUC,0.9060459799179822
"a=1,b=8",GSM5652342_Bladder-Epithelial-Z000000QM,VALID,Accuracy,0.8760629168310369
"a=1,b=8",GSM5652342_Bladder-Epithelial-Z000000QM,VALID,MAE,0.1433583910184357
"a=1,b=8",GSM5652347_Breast-Luminal-Epithelial-Z000000V2,VALID,Pearson,0.8014495822504487
"a=1,b=8",GSM5652347_Breast-Luminal-Epithelial-Z000000V2,VALID,Spearman,0.6181845009115565
"a=1,b=8",GSM5652347_Breast-Luminal-Epithelial-Z000000V2,VALID,AUC,0.9163247808305462
"a=1,b=8",GSM5652347_Breast-Luminal-Epithelial-Z000000V2,VALID,Accuracy,0.9103152262984909
"a=1,b=8",GSM5652347_Breast-Luminal-Epithelial-Z000000V2,VALID,MAE,0.1251651496197158
"a=1,b=8",GSM5652350_Breast-Basal-Epithelial-Z000000V6,VALID,Pearson,0.7828760977327027
"a=1,b=8",GSM5652350_Breast-Basal-Epithelial-Z000000V6,VALID,Spearman,0.6004031914610891
"a=1,b=8",GSM5652350_Breast-Basal-Epithelial-Z000000V6,VALID,AUC,0.9132991054170516
"a=1,b=8",GSM5652350_Breast-Basal-Epithelial-Z000000V6,VALID,Accuracy,0.9075236084649111
"a=1,b=8",GSM5652350_Breast-Basal-Epithelial-Z000000V6,VALID,MAE,0.1335472716190227
"a=1,b=8",GSM5652354_Lung-Alveolar-Epithelial-Z000000T1,VALID,Pearson,0.8107813546543597
"a=1,b=8",GSM5652354_Lung-Alveolar-Epithelial-Z000000T1,VALID,Spearman,0.7026494103694533
"a=1,b=8",GSM5652354_Lung-Alveolar-Epithelial-Z000000T1,VALID,AUC,0.9159512337791176
"a=1,b=8",GSM5652354_Lung-Alveolar-Epithelial-Z000000T1,VALID,Accuracy,0.9045314692345338
"a=1,b=8",GSM5652354_Lung-Alveolar-Epithelial-Z000000T1,VALID,MAE,0.1212143756871518
"a=1,b=8",GSM5652358_Gallbladder-Epithelial-Z00000432,VALID,Pearson,0.7917674513744339
"a=1,b=8",GSM5652358_Gallbladder-Epithelial-Z00000432,VALID,Spearman,0.6171351581672117
"a=1,b=8",GSM5652358_Gallbladder-Epithelial-Z00000432,VALID,AUC,0.9126609732155705
"a=1,b=8",GSM5652358_Gallbladder-Epithelial-Z00000432,VALID,Accuracy,0.9038527800110407
"a=1,b=8",GSM5652358_Gallbladder-Epithelial-Z00000432,VALID,MAE,0.1339039625330865
"a=1,b=8",GSM5652359_Gastric-fundus-Epithelial-Z000000RX,VALID,Pearson,0.7930864244146282
"a=1,b=8",GSM5652359_Gastric-fundus-Epithelial-Z000000RX,VALID,Spearman,0.7105481044121384
"a=1,b=8",GSM5652359_Gastric-fundus-Epithelial-Z000000RX,VALID,AUC,0.9091633533817023
"a=1,b=8",GSM5652359_Gastric-fundus-Epithelial-Z000000RX,VALID,Accuracy,0.88482030077024
"a=1,b=8",GSM5652359_Gastric-fundus-Epithelial-Z000000RX,VALID,MAE,0.1335451224185154
"a=1,b=8",GSM5652370_Colon-Right-Epithelial-Z000000V0,VALID,Pearson,0.7770081159097154
"a=1,b=8",GSM5652370_Colon-Right-Epithelial-Z000000V0,VALID,Spearman,0.6345789899222042
"a=1,b=8",GSM5652370_Colon-Right-Epithelial-Z000000V0,VALID,AUC,0.9108129440940891
"a=1,b=8",GSM5652370_Colon-Right-Epithelial-Z000000V0,VALID,Accuracy,0.8887233686443189
"a=1,b=8",GSM5652370_Colon-Right-Epithelial-Z000000V0,VALID,MAE,0.1414751770531034
"a=1,b=8",GSM5652378_Small-int-Epithelial-Z0000042V,VALID,Pearson,0.7651905942872024
"a=1,b=8",GSM5652378_Small-int-Epithelial-Z0000042V,VALID,Spearman,0.6349933033819404
"a=1,b=8",GSM5652378_Small-int-Epithelial-Z0000042V,VALID,AUC,0.907680228007127
"a=1,b=8",GSM5652378_Small-int-Epithelial-Z0000042V,VALID,Accuracy,0.8806422206319465
"a=1,b=8",GSM5652378_Small-int-Epithelial-Z0000042V,VALID,MAE,0.1446613345719316
"a=1,b=8",GSM5652176_Adipocytes-Z000000T7,TEST,Pearson,0.8177809328025211
"a=1,b=8",GSM5652176_Adipocytes-Z000000T7,TEST,Spearman,0.7013742778630122
"a=1,b=8",GSM5652176_Adipocytes-Z000000T7,TEST,AUC,0.9134858709961905
"a=1,b=8",GSM5652176_Adipocytes-Z000000T7,TEST,Accuracy,0.9029331051016556
"a=1,b=8",GSM5652176_Adipocytes-Z000000T7,TEST,MAE,0.1184413467901969
"a=1,b=8",GSM5652179_Aorta-Endothel-Z00000422,TEST,Pearson,0.7869016990253225
"a=1,b=8",GSM5652179_Aorta-Endothel-Z00000422,TEST,Spearman,0.70228949479119
"a=1,b=8",GSM5652179_Aorta-Endothel-Z00000422,TEST,AUC,0.9040807233892431
"a=1,b=8",GSM5652179_Aorta-Endothel-Z00000422,TEST,Accuracy,0.873154810967076
"a=1,b=8",GSM5652179_Aorta-Endothel-Z00000422,TEST,MAE,0.1355968141978941
"a=1,b=8",GSM5652189_Kidney-Tubular-Endothel-Z0000042R,TEST,Pearson,0.7972361409509758
"a=1,b=8",GSM5652189_Kidney-Tubular-Endothel-Z0000042R,TEST,Spearman,0.6310628085925526
"a=1,b=8",GSM5652189_Kidney-Tubular-Endothel-Z0000042R,TEST,AUC,0.9113703144912437
"a=1,b=8",GSM5652189_Kidney-Tubular-Endothel-Z0000042R,TEST,Accuracy,0.9099907125118617
"a=1,b=8",GSM5652189_Kidney-Tubular-Endothel-Z0000042R,TEST,MAE,0.1257362038026504
"a=1,b=8",GSM5652198_Colon-Fibroblasts-Z0000042A,TEST,Pearson,0.8134636729748341
"a=1,b=8",GSM5652198_Colon-Fibroblasts-Z0000042A,TEST,Spearman,0.7097031442995753
"a=1,b=8",GSM5652198_Colon-Fibroblasts-Z0000042A,TEST,AUC,0.9094484143001699
"a=1,b=8",GSM5652198_Colon-Fibroblasts-Z0000042A,TEST,Accuracy,0.8996842761477668
"a=1,b=8",GSM5652198_Colon-Fibroblasts-Z0000042A,TEST,MAE,0.1169886462225799
"a=1,b=8",GSM5652200_Heart-Fibroblasts-Z0000043R,TEST,Pearson,0.7257045744820891
"a=1,b=8",GSM5652200_Heart-Fibroblasts-Z0000043R,TEST,Spearman,0.6971229458779893
"a=1,b=8",GSM5652200_Heart-Fibroblasts-Z0000043R,TEST,AUC,0.8632449231873512
"a=1,b=8",GSM5652200_Heart-Fibroblasts-Z0000043R,TEST,Accuracy,0.7720429249174583
"a=1,b=8",GSM5652200_Heart-Fibroblasts-Z0000043R,TEST,MAE,0.1777430592920101
"a=1,b=8",GSM5652204_Dermal-Fibroblasts-Z00000423,TEST,Pearson,0.7858101075837064
"a=1,b=8",GSM5652204_Dermal-Fibroblasts-Z00000423,TEST,Spearman,0.7005354618350785
"a=1,b=8",GSM5652204_Dermal-Fibroblasts-Z00000423,TEST,AUC,0.8996996823279035
"a=1,b=8",GSM5652204_Dermal-Fibroblasts-Z00000423,TEST,Accuracy,0.8740307609730229
"a=1,b=8",GSM5652204_Dermal-Fibroblasts-Z00000423,TEST,MAE,0.133575739375078
"a=1,b=8",GSM5652205_Skeletal-Muscle-Z00000427,TEST,Pearson,0.8007830852953548
"a=1,b=8",GSM5652205_Skeletal-Muscle-Z00000427,TEST,Spearman,0.6829458085879891
"a=1,b=8",GSM5652205_Skeletal-Muscle-Z00000427,TEST,AUC,0.9014301226011231
"a=1,b=8",GSM5652205_Skeletal-Muscle-Z00000427,TEST,Accuracy,0.8951856818754726
"a=1,b=8",GSM5652205_Skeletal-Muscle-Z00000427,TEST,MAE,0.1271418869888563
"a=1,b=8",GSM5652207_Aorta-Smooth-Muscle-Z0000041U,TEST,Pearson,0.7619014174976219
"a=1,b=8",GSM5652207_Aorta-Smooth-Muscle-Z0000041U,TEST,Spearman,0.7121200644011463
"a=1,b=8",GSM5652207_Aorta-Smooth-Muscle-Z0000041U,TEST,AUC,0.8798285739232194
"a=1,b=8",GSM5652207_Aorta-Smooth-Muscle-Z0000041U,TEST,Accuracy,0.8022877119097698
"a=1,b=8",GSM5652207_Aorta-Smooth-Muscle-Z0000041U,TEST,MAE,0.1479603829190857
"a=1,b=8",GSM5652215_Heart-Cardiomyocyte-Z0000044P,TEST,Pearson,0.7021144404351987
"a=1,b=8",GSM5652215_Heart-Cardiomyocyte-Z0000044P,TEST,Spearman,0.5172510182265392
"a=1,b=8",GSM5652215_Heart-Cardiomyocyte-Z0000044P,TEST,AUC,0.8680754345788633
"a=1,b=8",GSM5652215_Heart-Cardiomyocyte-Z0000044P,TEST,Accuracy,0.8746502824375815
"a=1,b=8",GSM5652215_Heart-Cardiomyocyte-Z0000044P,TEST,MAE,0.1868039656272328
"a=1,b=8",GSM5652218_Bone-Osteoblasts-Z0000042Z,TEST,Pearson,0.7678449498271048
"a=1,b=8",GSM5652218_Bone-Osteoblasts-Z0000042Z,TEST,Spearman,0.7350013522620986
"a=1,b=8",GSM5652218_Bone-Osteoblasts-Z0000042Z,TEST,AUC,0.8889516345955585
"a=1,b=8",GSM5652218_Bone-Osteoblasts-Z0000042Z,TEST,Accuracy,0.8151240001222945
"a=1,b=8",GSM5652218_Bone-Osteoblasts-Z0000042Z,TEST,MAE,0.1551593654385872
"a=1,b=8",GSM5652219_Oligodendrocytes-Z000000TK,TEST,Pearson,0.7983306603726269
"a=1,b=8",GSM5652219_Oligodendrocytes-Z000000TK,TEST,Spearman,0.5730387589790547
"a=1,b=8",GSM5652219_Oligodendrocytes-Z000000TK,TEST,AUC,0.915979540616774
"a=1,b=8",GSM5652219_Oligodendrocytes-Z000000TK,TEST,Accuracy,0.9168379694794082
"a=1,b=8",GSM5652219_Oligodendrocytes-Z000000TK,TEST,MAE,0.1266761116995204
"a=1,b=8",GSM5652223_Cortex-Neuron-Z000000TF,TEST,Pearson,0.8226338964718302
"a=1,b=8",GSM5652223_Cortex-Neuron-Z000000TF,TEST,Spearman,0.6076473920916409
"a=1,b=8",GSM5652223_Cortex-Neuron-Z000000TF,TEST,AUC,0.919715908719446
"a=1,b=8",GSM5652223_Cortex-Neuron-Z000000TF,TEST,Accuracy,0.9373724441186654
"a=1,b=8",GSM5652223_Cortex-Neuron-Z000000TF,TEST,MAE,0.108282151276605
"a=1,b=8",GSM5652233_Liver-Hepatocytes-Z000000R3,TEST,Pearson,0.78589620950156
"a=1,b=8",GSM5652233_Liver-Hepatocytes-Z000000R3,TEST,Spearman,0.6651699943673898
"a=1,b=8",GSM5652233_Liver-Hepatocytes-Z000000R3,TEST,AUC,0.9035766319647297
"a=1,b=8",GSM5652233_Liver-Hepatocytes-Z000000R3,TEST,Accuracy,0.8954884553228413
"a=1,b=8",GSM5652233_Liver-Hepatocytes-Z000000R3,TEST,MAE,0.1293982756715211
"a=1,b=8",GSM5652239_Pancreas-Duct-Z0000043T,TEST,Pearson,0.7902464895825237
"a=1,b=8",GSM5652239_Pancreas-Duct-Z0000043T,TEST,Spearman,0.6059258801008902
"a=1,b=8",GSM5652239_Pancreas-Duct-Z0000043T,TEST,AUC,0.9094563147425484
"a=1,b=8",GSM5652239_Pancreas-Duct-Z0000043T,TEST,Accuracy,0.912532637075718
"a=1,b=8",GSM5652239_Pancreas-Duct-Z0000043T,TEST,MAE,0.1243635727028809
"a=1,b=8",GSM5652243_Pancreas-Acinar-Z000000QX,TEST,Pearson,0.7563517198899077
"a=1,b=8",GSM5652243_Pancreas-Acinar-Z000000QX,TEST,Spearman,0.6965728603433662
"a=1,b=8",GSM5652243_Pancreas-Acinar-Z000000QX,TEST,AUC,0.8868066650245349
"a=1,b=8",GSM5652243_Pancreas-Acinar-Z000000QX,TEST,Accuracy,0.8305513286668482
"a=1,b=8",GSM5652243_Pancreas-Acinar-Z000000QX,TEST,MAE,0.1591298147591196
"a=1,b=8",GSM5652247_Pancreas-Delta-Z00000451,TEST,Pearson,0.779669557988231
"a=1,b=8",GSM5652247_Pancreas-Delta-Z00000451,TEST,Spearman,0.6207450114341423
"a=1,b=8",GSM5652247_Pancreas-Delta-Z00000451,TEST,AUC,0.9056694078043114
"a=1,b=8",GSM5652247_Pancreas-Delta-Z00000451,TEST,Accuracy,0.9025498043982351
"a=1,b=8",GSM5652247_Pancreas-Delta-Z00000451,TEST,MAE,0.1353310264524096
"a=1,b=8",GSM5652250_Pancreas-Beta-Z00000452,TEST,Pearson,0.7791821908388235
"a=1,b=8",GSM5652250_Pancreas-Beta-Z00000452,TEST,Spearman,0.5961627503574745
"a=1,b=8",GSM5652250_Pancreas-Beta-Z00000452,TEST,AUC,0.90528278186284
"a=1,b=8",GSM5652250_Pancreas-Beta-Z00000452,TEST,Accuracy,0.9085946383020618
"a=1,b=8",GSM5652250_Pancreas-Beta-Z00000452,TEST,MAE,0.1325202961401559
"a=1,b=8",GSM5652253_Pancreas-Alpha-Z00000453,TEST,Pearson,0.7793529695635344
"a=1,b=8",GSM5652253_Pancreas-Alpha-Z00000453,TEST,Spearman,0.6360321635724422
"a=1,b=8",GSM5652253_Pancreas-Alpha-Z00000453,TEST,AUC,0.9046587041264137
"a=1,b=8",GSM5652253_Pancreas-Alpha-Z00000453,TEST,Accuracy,0.9043126185515218
"a=1,b=8",GSM5652253_Pancreas-Alpha-Z00000453,TEST,MAE,0.1328464372551441
"a=1,b=8",GSM5652264_Thyroid-Epithelial-Z0000042S,TEST,Pearson,0.7975019882673972
"a=1,b=8",GSM5652264_Thyroid-Epithelial-Z0000042S,TEST,Spearman,0.5920058842244811
"a=1,b=8",GSM5652264_Thyroid-Epithelial-Z0000042S,TEST,AUC,0.9101829202956657
"a=1,b=8",GSM5652264_Thyroid-Epithelial-Z0000042S,TEST,Accuracy,0.9215004397118909
"a=1,b=8",GSM5652264_Thyroid-Epithelial-Z0000042S,TEST,MAE,0.12239531287448
"a=1,b=8",GSM5652267_Fallopian-Epithelial-Z000000Q7,TEST,Pearson,0.7951846468400817
"a=1,b=8",GSM5652267_Fallopian-Epithelial-Z000000Q7,TEST,Spearman,0.632785937637084
"a=1,b=8",GSM5652267_Fallopian-Epithelial-Z000000Q7,TEST,AUC,0.9117790513702814
"a=1,b=8",GSM5652267_Fallopian-Epithelial-Z000000Q7,TEST,Accuracy,0.9049650926485628
"a=1,b=8",GSM5652267_Fallopian-Epithelial-Z000000Q7,TEST,MAE,0.129794508483249
"a=1,b=8",GSM5652270_Ovary-Epithelial-Z000000QT,TEST,Pearson,0.7349258865345913
"a=1,b=8",GSM5652270_Ovary-Epithelial-Z000000QT,TEST,Spearman,0.6003397427740615
"a=1,b=8",GSM5652270_Ovary-Epithelial-Z000000QT,TEST,AUC,0.8843766836252835
"a=1,b=8",GSM5652270_Ovary-Epithelial-Z000000QT,TEST,Accuracy,0.8538300440728498
"a=1,b=8",GSM5652270_Ovary-Epithelial-Z000000QT,TEST,MAE,0.1684927581531945
"a=1,b=8",GSM5652274_Bone_marrow-Erythrocyte_progenitors-Z000000RF,TEST,Pearson,0.7783795704063838
"a=1,b=8",GSM5652274_Bone_marrow-Erythrocyte_progenitors-Z000000RF,TEST,Spearman,0.737460485424708
"a=1,b=8",GSM5652274_Bone_marrow-Erythrocyte_progenitors-Z000000RF,TEST,AUC,0.8783266748774957
"a=1,b=8",GSM5652274_Bone_marrow-Erythrocyte_progenitors-Z000000RF,TEST,Accuracy,0.8019042960514109
"a=1,b=8",GSM5652274_Bone_marrow-Erythrocyte_progenitors-Z000000RF,TEST,MAE,0.1145819243423109
"a=1,b=8",GSM5652277_Blood-T-CD3-Z000000TV,TEST,Pearson,0.8020346289551661
"a=1,b=8",GSM5652277_Blood-T-CD3-Z000000TV,TEST,Spearman,0.6943976834171396
"a=1,b=8",GSM5652277_Blood-T-CD3-Z000000TV,TEST,AUC,0.9082367668111814
"a=1,b=8",GSM5652277_Blood-T-CD3-Z000000TV,TEST,Accuracy,0.9114946590111083
"a=1,b=8",GSM5652277_Blood-T-CD3-Z000000TV,TEST,MAE,0.1160500910148576
"a=1,b=8",GSM5652299_Blood-NK-Z000000TM,TEST,Pearson,0.8053369096633117
"a=1,b=8",GSM5652299_Blood-NK-Z000000TM,TEST,Spearman,0.599884899886716
"a=1,b=8",GSM5652299_Blood-NK-Z000000TM,TEST,AUC,0.9096562460497603
"a=1,b=8",GSM5652299_Blood-NK-Z000000TM,TEST,Accuracy,0.9333670923199514
"a=1,b=8",GSM5652299_Blood-NK-Z000000TM,TEST,MAE,0.1107362248283636
"a=1,b=8",GSM5652302_Blood-Monocytes-Z000000TP,TEST,Pearson,0.7998891145381454
"a=1,b=8",GSM5652302_Blood-Monocytes-Z000000TP,TEST,Spearman,0.5783690715224508
"a=1,b=8",GSM5652302_Blood-Monocytes-Z000000TP,TEST,AUC,0.9138855292393031
"a=1,b=8",GSM5652302_Blood-Monocytes-Z000000TP,TEST,Accuracy,0.9296923053903475
"a=1,b=8",GSM5652302_Blood-Monocytes-Z000000TP,TEST,MAE,0.117984730137319
"a=1,b=8",GSM5652313_Blood-Granulocytes-Z000000TZ,TEST,Pearson,0.8026335678661484
"a=1,b=8",GSM5652313_Blood-Granulocytes-Z000000TZ,TEST,Spearman,0.6242605991298066
"a=1,b=8",GSM5652313_Blood-Granulocytes-Z000000TZ,TEST,AUC,0.9143034771771875
"a=1,b=8",GSM5652313_Blood-Granulocytes-Z000000TZ,TEST,Accuracy,0.9280366528390369
"a=1,b=8",GSM5652313_Blood-Granulocytes-Z000000TZ,TEST,MAE,0.115612570212508
"a=1,b=8",GSM5652317_Blood-B-Z000000UB,TEST,Pearson,0.7917445127973949
"a=1,b=8",GSM5652317_Blood-B-Z000000UB,TEST,Spearman,0.6470171731253328
"a=1,b=8",GSM5652317_Blood-B-Z000000UB,TEST,AUC,0.9047822190277898
"a=1,b=8",GSM5652317_Blood-B-Z000000UB,TEST,Accuracy,0.9168925111667745
"a=1,b=8",GSM5652317_Blood-B-Z000000UB,TEST,MAE,0.1224069941613797
"a=1,b=8",GSM5652321_Epidermal-Keratinocytes-Z00000424,TEST,Pearson,0.7921264696410073
"a=1,b=8",GSM5652321_Epidermal-Keratinocytes-Z00000424,TEST,Spearman,0.6620494720272686
"a=1,b=8",GSM5652321_Epidermal-Keratinocytes-Z00000424,TEST,AUC,0.9103954073839032
"a=1,b=8",GSM5652321_Epidermal-Keratinocytes-Z00000424,TEST,Accuracy,0.8921431243479147
"a=1,b=8",GSM5652321_Epidermal-Keratinocytes-Z00000424,TEST,MAE,0.1301212859297134
"a=1,b=8",GSM5652322_Tonsil-Palatine-Epithelial-Z000000QF,TEST,Pearson,0.7850891230969689
"a=1,b=8",GSM5652322_Tonsil-Palatine-Epithelial-Z000000QF,TEST,Spearman,0.7061693930161844
"a=1,b=8",GSM5652322_Tonsil-Palatine-Epithelial-Z000000QF,TEST,AUC,0.9038419917613929
"a=1,b=8",GSM5652322_Tonsil-Palatine-Epithelial-Z000000QF,TEST,Accuracy,0.8614774019855834
"a=1,b=8",GSM5652322_Tonsil-Palatine-Epithelial-Z000000QF,TEST,MAE,0.1461212668060415
"a=1,b=8",GSM5652335_Lung-Bronchus-Epithelial-Z000000QD,TEST,Pearson,0.799876164980189
"a=1,b=8",GSM5652335_Lung-Bronchus-Epithelial-Z000000QD,TEST,Spearman,0.6590327688033187
"a=1,b=8",GSM5652335_Lung-Bronchus-Epithelial-Z000000QD,TEST,AUC,0.9131908370631526
"a=1,b=8",GSM5652335_Lung-Bronchus-Epithelial-Z000000QD,TEST,Accuracy,0.9000148229423701
"a=1,b=8",GSM5652335_Lung-Bronchus-Epithelial-Z000000QD,TEST,MAE,0.1302996256343217
"a=1,b=8",GSM5652338_Prostate-Epithelial-Z000000RV,TEST,Pearson,0.805916741391431
"a=1,b=8",GSM5652338_Prostate-Epithelial-Z000000RV,TEST,Spearman,0.661415208950775
"a=1,b=8",GSM5652338_Prostate-Epithelial-Z000000RV,TEST,AUC,0.9164731031420923
"a=1,b=8",GSM5652338_Prostate-Epithelial-Z000000RV,TEST,Accuracy,0.9030535807199709
"a=1,b=8",GSM5652338_Prostate-Epithelial-Z000000RV,TEST,MAE,0.1250655460421741
"a=1,b=8",GSM5652342_Bladder-Epithelial-Z000000QM,TEST,Pearson,0.7815576263870782
"a=1,b=8",GSM5652342_Bladder-Epithelial-Z000000QM,TEST,Spearman,0.6875906887214073
"a=1,b=8",GSM5652342_Bladder-Epithelial-Z000000QM,TEST,AUC,0.906375604667386
"a=1,b=8",GSM5652342_Bladder-Epithelial-Z000000QM,TEST,Accuracy,0.8765593009923949
"a=1,b=8",GSM5652342_Bladder-Epithelial-Z000000QM,TEST,MAE,0.142847378914796
"a=1,b=8",GSM5652347_Breast-Luminal-Epithelial-Z000000V2,TEST,Pearson,0.8028544719207887
"a=1,b=8",GSM5652347_Breast-Luminal-Epithelial-Z000000V2,TEST,Spearman,0.6304894855103994
"a=1,b=8",GSM5652347_Breast-Luminal-Epithelial-Z000000V2,TEST,AUC,0.9161697727849484
"a=1,b=8",GSM5652347_Breast-Luminal-Epithelial-Z000000V2,TEST,Accuracy,0.9114518443674686
"a=1,b=8",GSM5652347_Breast-Luminal-Epithelial-Z000000V2,TEST,MAE,0.1243205423639745
"a=1,b=8",GSM5652350_Breast-Basal-Epithelial-Z000000V6,TEST,Pearson,0.7836863032784287
"a=1,b=8",GSM5652350_Breast-Basal-Epithelial-Z000000V6,TEST,Spearman,0.5896930522179124
"a=1,b=8",GSM5652350_Breast-Basal-Epithelial-Z000000V6,TEST,AUC,0.9133624413529938
"a=1,b=8",GSM5652350_Breast-Basal-Epithelial-Z000000V6,TEST,Accuracy,0.9078872806573534
"a=1,b=8",GSM5652350_Breast-Basal-Epithelial-Z000000V6,TEST,MAE,0.1336087219502121
"a=1,b=8",GSM5652354_Lung-Alveolar-Epithelial-Z000000T1,TEST,Pearson,0.8112436247722796
"a=1,b=8",GSM5652354_Lung-Alveolar-Epithelial-Z000000T1,TEST,Spearman,0.6802168781301519
"a=1,b=8",GSM5652354_Lung-Alveolar-Epithelial-Z000000T1,TEST,AUC,0.9163455839285554
"a=1,b=8",GSM5652354_Lung-Alveolar-Epithelial-Z000000T1,TEST,Accuracy,0.9058992552229916
"a=1,b=8",GSM5652354_Lung-Alveolar-Epithelial-Z000000T1,TEST,MAE,0.1212751750461974
"a=1,b=8",GSM5652358_Gallbladder-Epithelial-Z00000432,TEST,Pearson,0.7927311819898889
"a=1,b=8",GSM5652358_Gallbladder-Epithelial-Z00000432,TEST,Spearman,0.6224691410225048
"a=1,b=8",GSM5652358_Gallbladder-Epithelial-Z00000432,TEST,AUC,0.9123177853674658
"a=1,b=8",GSM5652358_Gallbladder-Epithelial-Z00000432,TEST,Accuracy,0.9038975906602347
"a=1,b=8",GSM5652358_Gallbladder-Epithelial-Z00000432,TEST,MAE,0.1329365213535534
"a=1,b=8",GSM5652359_Gastric-fundus-Epithelial-Z000000RX,TEST,Pearson,0.7909143532057283
"a=1,b=8",GSM5652359_Gastric-fundus-Epithelial-Z000000RX,TEST,Spearman,0.6969078819619712
"a=1,b=8",GSM5652359_Gastric-fundus-Epithelial-Z000000RX,TEST,AUC,0.9083034391895722
"a=1,b=8",GSM5652359_Gastric-fundus-Epithelial-Z000000RX,TEST,Accuracy,0.8836647277253598
"a=1,b=8",GSM5652359_Gastric-fundus-Epithelial-Z000000RX,TEST,MAE,0.1351269201927383
"a=1,b=8",GSM5652370_Colon-Right-Epithelial-Z000000V0,TEST,Pearson,0.7769552548318148
"a=1,b=8",GSM5652370_Colon-Right-Epithelial-Z000000V0,TEST,Spearman,0.6430445437778168
"a=1,b=8",GSM5652370_Colon-Right-Epithelial-Z000000V0,TEST,AUC,0.9090873005461985
"a=1,b=8",GSM5652370_Colon-Right-Epithelial-Z000000V0,TEST,Accuracy,0.8867480904235071
"a=1,b=8",GSM5652370_Colon-Right-Epithelial-Z000000V0,TEST,MAE,0.1422845542027418
"a=1,b=8",GSM5652378_Small-int-Epithelial-Z0000042V,TEST,Pearson,0.7701225669939048
"a=1,b=8",GSM5652378_Small-int-Epithelial-Z0000042V,TEST,Spearman,0.6666307150374267
"a=1,b=8",GSM5652378_Small-int-Epithelial-Z0000042V,TEST,AUC,0.907300763281315
"a=1,b=8",GSM5652378_Small-int-Epithelial-Z0000042V,TEST,Accuracy,0.8797598173751464
"a=1,b=8",GSM5652378_Small-int-Epithelial-Z0000042V,TEST,MAE,0.1435027191721429
"a=1,b=8",Adipocytes,CST,Pearson,0.3480957832908713
"a=1,b=8",Adipocytes,CST,Spearman,0.3413861437366758
"a=1,b=8",Adipocytes,CST,AUC,0.7462389380530974
"a=1,b=8",Adipocytes,CST,Accuracy,0.28515625
"a=1,b=8",Adipocytes,CST,MAE,0.3419833673106041
"a=1,b=8",Aorta-Endothel,CST,Pearson,0.5030365749370305
"a=1,b=8",Aorta-Endothel,CST,Spearman,0.5188663914935049
"a=1,b=8",Aorta-Endothel,CST,AUC,0.7734206822321577
"a=1,b=8",Aorta-Endothel,CST,Accuracy,0.6827309236947792
"a=1,b=8",Aorta-Endothel,CST,MAE,0.243273596784257
"a=1,b=8",Aorta-Smooth-Muscle,CST,Pearson,0.4987581742590126
"a=1,b=8",Aorta-Smooth-Muscle,CST,Spearman,0.5023956645838485
"a=1,b=8",Aorta-Smooth-Muscle,CST,AUC,0.7632264024185421
"a=1,b=8",Aorta-Smooth-Muscle,CST,Accuracy,0.701067615658363
"a=1,b=8",Aorta-Smooth-Muscle,CST,MAE,0.151353735284502
"a=1,b=8",Bladder-Epithelial,CST,Pearson,0.3035070681042716
"a=1,b=8",Bladder-Epithelial,CST,Spearman,0.3210299669505802
"a=1,b=8",Bladder-Epithelial,CST,AUC,0.6557605177993527
"a=1,b=8",Bladder-Epithelial,CST,Accuracy,0.3637724550898204
"a=1,b=8",Bladder-Epithelial,CST,MAE,0.4313937134003479
"a=1,b=8",Blood-B,CST,Pearson,0.2137099550780615
"a=1,b=8",Blood-B,CST,Spearman,0.2894463050835317
"a=1,b=8",Blood-B,CST,AUC,0.5954201101928375
"a=1,b=8",Blood-B,CST,Accuracy,0.118798955613577
"a=1,b=8",Blood-B,CST,MAE,0.6294477703609059
"a=1,b=8",Blood-Granulocytes,CST,Pearson,0.4268112309540829
"a=1,b=8",Blood-Granulocytes,CST,Spearman,0.4311807246555857
"a=1,b=8",Blood-Granulocytes,CST,AUC,0.8080417434008594
"a=1,b=8",Blood-Granulocytes,CST,Accuracy,0.3316953316953317
"a=1,b=8",Blood-Granulocytes,CST,MAE,0.483357872376882
"a=1,b=8",Blood-Monocytes,CST,Pearson,0.2965950440525813
"a=1,b=8",Blood-Monocytes,CST,Spearman,0.303386826535762
"a=1,b=8",Blood-Monocytes,CST,AUC,0.6429365079365079
"a=1,b=8",Blood-Monocytes,CST,Accuracy,0.4259927797833935
"a=1,b=8",Blood-Monocytes,CST,MAE,0.4137518173453502
"a=1,b=8",Blood-NK,CST,Pearson,0.2981553014739752
"a=1,b=8",Blood-NK,CST,Spearman,0.3992290994529249
"a=1,b=8",Blood-NK,CST,AUC,0.7340036014405762
"a=1,b=8",Blood-NK,CST,Accuracy,0.2104591836734694
"a=1,b=8",Blood-NK,CST,MAE,0.5617443108646085
"a=1,b=8",Blood-T-CD3,CST,Pearson,0.2199133612966419
"a=1,b=8",Blood-T-CD3,CST,Spearman,0.1702532307494596
"a=1,b=8",Blood-T-CD3,CST,AUC,0.6998376623376623
"a=1,b=8",Blood-T-CD3,CST,Accuracy,0.1246537396121884
"a=1,b=8",Blood-T-CD3,CST,MAE,0.6125375026904067
"a=1,b=8",Bone-Osteoblasts,CST,Pearson,0.3784991404262293
"a=1,b=8",Bone-Osteoblasts,CST,Spearman,0.4226127665334248
"a=1,b=8",Bone-Osteoblasts,CST,AUC,0.7680421038471886
"a=1,b=8",Bone-Osteoblasts,CST,Accuracy,0.4586666666666667
"a=1,b=8",Bone-Osteoblasts,CST,MAE,0.4019895914246638
"a=1,b=8",Bone_marrow-Erythrocyte_progenitors,CST,Pearson,0.3990842550538871
"a=1,b=8",Bone_marrow-Erythrocyte_progenitors,CST,Spearman,0.4255365848512487
"a=1,b=8",Bone_marrow-Erythrocyte_progenitors,CST,AUC,0.7834349993440902
"a=1,b=8",Bone_marrow-Erythrocyte_progenitors,CST,Accuracy,0.3790123456790123
"a=1,b=8",Bone_marrow-Erythrocyte_progenitors,CST,MAE,0.4277812846188928
"a=1,b=8",Breast-Basal-Epithelial,CST,Pearson,0.3504313679741691
"a=1,b=8",Breast-Basal-Epithelial,CST,Spearman,0.3964472722253769
"a=1,b=8",Breast-Basal-Epithelial,CST,AUC,0.791004306580932
"a=1,b=8",Breast-Basal-Epithelial,CST,Accuracy,0.4264524103831891
"a=1,b=8",Breast-Basal-Epithelial,CST,MAE,0.4076943916622066
"a=1,b=8",Breast-Luminal-Epithelial,CST,Pearson,0.4214616167173195
"a=1,b=8",Breast-Luminal-Epithelial,CST,Spearman,0.4110564640839041
"a=1,b=8",Breast-Luminal-Epithelial,CST,AUC,0.7447205977907733
"a=1,b=8",Breast-Luminal-Epithelial,CST,Accuracy,0.4224683544303797
"a=1,b=8",Breast-Luminal-Epithelial,CST,MAE,0.3767250706618534
"a=1,b=8",Colon-Fibroblasts,CST,Pearson,0.3258367022108037
"a=1,b=8",Colon-Fibroblasts,CST,Spearman,0.3142968226773243
"a=1,b=8",Colon-Fibroblasts,CST,AUC,0.6406723484848484
"a=1,b=8",Colon-Fibroblasts,CST,Accuracy,0.376865671641791
"a=1,b=8",Colon-Fibroblasts,CST,MAE,0.2250685935367399
"a=1,b=8",Colon-Right-Epithelial,CST,Pearson,0.3540356128672322
"a=1,b=8",Colon-Right-Epithelial,CST,Spearman,0.3422518632017509
"a=1,b=8",Colon-Right-Epithelial,CST,AUC,0.7944784083131106
"a=1,b=8",Colon-Right-Epithelial,CST,Accuracy,0.7318768619662364
"a=1,b=8",Colon-Right-Epithelial,CST,MAE,0.264005605398669
"a=1,b=8",Cortex-Neuron,CST,Pearson,0.5186153713292085
"a=1,b=8",Cortex-Neuron,CST,Spearman,0.5447214763339959
"a=1,b=8",Cortex-Neuron,CST,AUC,0.7875725127145582
"a=1,b=8",Cortex-Neuron,CST,Accuracy,0.5256081946222791
"a=1,b=8",Cortex-Neuron,CST,MAE,0.2595050739894756
"a=1,b=8",Dermal-Fibroblasts,CST,Pearson,0.3935291200279498
"a=1,b=8",Dermal-Fibroblasts,CST,Spearman,0.4100797931737247
"a=1,b=8",Dermal-Fibroblasts,CST,AUC,0.7974859000095593
"a=1,b=8",Dermal-Fibroblasts,CST,Accuracy,0.2642857142857143
"a=1,b=8",Dermal-Fibroblasts,CST,MAE,0.4119894999584982
"a=1,b=8",Epidermal-Keratinocytes,CST,Pearson,0.2423407849913231
"a=1,b=8",Epidermal-Keratinocytes,CST,Spearman,0.229783107536843
"a=1,b=8",Epidermal-Keratinocytes,CST,AUC,0.7277853260869566
"a=1,b=8",Epidermal-Keratinocytes,CST,Accuracy,0.4307479224376731
"a=1,b=8",Epidermal-Keratinocytes,CST,MAE,0.3736963592046598
"a=1,b=8",Fallopian-Epithelial,CST,Pearson,0.2956910199829468
"a=1,b=8",Fallopian-Epithelial,CST,Spearman,0.3161315213504739
"a=1,b=8",Fallopian-Epithelial,CST,AUC,0.7403246231776625
"a=1,b=8",Fallopian-Epithelial,CST,Accuracy,0.3512
"a=1,b=8",Fallopian-Epithelial,CST,MAE,0.4703631965994835
"a=1,b=8",Gallbladder-Epithelial,CST,Pearson,0.04686405828616085
"a=1,b=8",Gallbladder-Epithelial,CST,Spearman,0.0909141372265684
"a=1,b=8",Gallbladder-Epithelial,CST,AUC,0.5638234096461858
"a=1,b=8",Gallbladder-Epithelial,CST,Accuracy,0.3563734290843806
"a=1,b=8",Gallbladder-Epithelial,CST,MAE,0.5073925255993431
"a=1,b=8",Gastric-fundus-Epithelial,CST,Pearson,0.3853773951209585
"a=1,b=8",Gastric-fundus-Epithelial,CST,Spearman,0.3872661818101416
"a=1,b=8",Gastric-fundus-Epithelial,CST,AUC,0.7734664675874082
"a=1,b=8",Gastric-fundus-Epithelial,CST,Accuracy,0.5232815964523282
"a=1,b=8",Gastric-fundus-Epithelial,CST,MAE,0.3409002362399418
"a=1,b=8",Heart-Cardiomyocyte,CST,Pearson,0.1925548907216927
"a=1,b=8",Heart-Cardiomyocyte,CST,Spearman,0.1570381800716584
"a=1,b=8",Heart-Cardiomyocyte,CST,AUC,0.650211580015715
"a=1,b=8",Heart-Cardiomyocyte,CST,Accuracy,0.3935185185185185
"a=1,b=8",Heart-Cardiomyocyte,CST,MAE,0.4093910957878781
"a=1,b=8",Heart-Fibroblasts,CST,Pearson,0.3178480196371306
"a=1,b=8",Heart-Fibroblasts,CST,Spearman,0.3095077108648168
"a=1,b=8",Heart-Fibroblasts,CST,AUC,0.7181243235930735
"a=1,b=8",Heart-Fibroblasts,CST,Accuracy,0.5904887714663144
"a=1,b=8",Heart-Fibroblasts,CST,MAE,0.2751337726732108
"a=1,b=8",Kidney-Tubular-Endothel,CST,Pearson,0.498325466410593
"a=1,b=8",Kidney-Tubular-Endothel,CST,Spearman,0.4125726417283736
"a=1,b=8",Kidney-Tubular-Endothel,CST,AUC,0.9722991689750693
"a=1,b=8",Kidney-Tubular-Endothel,CST,Accuracy,0.989010989010989
"a=1,b=8",Kidney-Tubular-Endothel,CST,MAE,0.0726384498833955
"a=1,b=8",Liver-Hepatocytes,CST,Pearson,0.2856298836646434
"a=1,b=8",Liver-Hepatocytes,CST,Spearman,0.3420484781191785
"a=1,b=8",Liver-Hepatocytes,CST,AUC,0.6745538664904164
"a=1,b=8",Liver-Hepatocytes,CST,Accuracy,0.3346774193548387
"a=1,b=8",Liver-Hepatocytes,CST,MAE,0.4899050143524824
"a=1,b=8",Lung-Alveolar-Epithelial,CST,Pearson,0.4828001102013357
"a=1,b=8",Lung-Alveolar-Epithelial,CST,Spearman,0.5407547840212024
"a=1,b=8",Lung-Alveolar-Epithelial,CST,AUC,0.8266383032766066
"a=1,b=8",Lung-Alveolar-Epithelial,CST,Accuracy,0.4106606606606606
"a=1,b=8",Lung-Alveolar-Epithelial,CST,MAE,0.3848580120050267
"a=1,b=8",Lung-Bronchus-Epithelial,CST,Pearson,0.2285570953376818
"a=1,b=8",Lung-Bronchus-Epithelial,CST,Spearman,0.2104433917081154
"a=1,b=8",Lung-Bronchus-Epithelial,CST,AUC,0.6590723929236499
"a=1,b=8",Lung-Bronchus-Epithelial,CST,Accuracy,0.2920133111480865
"a=1,b=8",Lung-Bronchus-Epithelial,CST,MAE,0.4282383966893454
"a=1,b=8",Oligodendrocytes,CST,Pearson,0.293967206354403
"a=1,b=8",Oligodendrocytes,CST,Spearman,0.3259355294363313
"a=1,b=8",Oligodendrocytes,CST,AUC,0.7007729112992271
"a=1,b=8",Oligodendrocytes,CST,Accuracy,0.58656330749354
"a=1,b=8",Oligodendrocytes,CST,MAE,0.3153491290406509
"a=1,b=8",Ovary-Epithelial,CST,Pearson,0.4287178737848364
"a=1,b=8",Ovary-Epithelial,CST,Spearman,0.4373241513112102
"a=1,b=8",Ovary-Epithelial,CST,AUC,0.7560989484778079
"a=1,b=8",Ovary-Epithelial,CST,Accuracy,0.5052316890881914
"a=1,b=8",Ovary-Epithelial,CST,MAE,0.3511575022670587
"a=1,b=8",Pancreas-Acinar,CST,Pearson,0.3250631280559374
"a=1,b=8",Pancreas-Acinar,CST,Spearman,0.3972643729490638
"a=1,b=8",Pancreas-Acinar,CST,AUC,0.8017183514565713
"a=1,b=8",Pancreas-Acinar,CST,Accuracy,0.0537542662116041
"a=1,b=8",Pancreas-Acinar,CST,MAE,0.687339398070674
"a=1,b=8",Pancreas-Alpha,CST,Pearson,0.4220573708891965
"a=1,b=8",Pancreas-Alpha,CST,Spearman,0.4938408699038114
"a=1,b=8",Pancreas-Alpha,CST,AUC,0.8390609984899099
"a=1,b=8",Pancreas-Alpha,CST,Accuracy,0.4407665505226481
"a=1,b=8",Pancreas-Alpha,CST,MAE,0.4389608854294887
"a=1,b=8",Pancreas-Beta,CST,Pearson,0.3658166618599191
"a=1,b=8",Pancreas-Beta,CST,Spearman,0.368937651395551
"a=1,b=8",Pancreas-Beta,CST,AUC,0.7877661398422644
"a=1,b=8",Pancreas-Beta,CST,Accuracy,0.5705882352941176
"a=1,b=8",Pancreas-Beta,CST,MAE,0.3677279343801167
"a=1,b=8",Pancreas-Delta,CST,Pearson,0.4706360389728861
"a=1,b=8",Pancreas-Delta,CST,Spearman,0.4428501311287565
"a=1,b=8",Pancreas-Delta,CST,AUC,0.8641157403140074
"a=1,b=8",Pancreas-Delta,CST,Accuracy,0.5613057324840764
"a=1,b=8",Pancreas-Delta,CST,MAE,0.3527828504177178
"a=1,b=8",Pancreas-Duct,CST,Pearson,0.287502036701953
"a=1,b=8",Pancreas-Duct,CST,Spearman,0.3405974767473366
"a=1,b=8",Pancreas-Duct,CST,AUC,0.7636282961460447
"a=1,b=8",Pancreas-Duct,CST,Accuracy,0.1547945205479452
"a=1,b=8",Pancreas-Duct,CST,MAE,0.617741835484766
"a=1,b=8",Prostate-Epithelial,CST,Pearson,0.3956102288375678
"a=1,b=8",Prostate-Epithelial,CST,Spearman,0.3732099193542053
"a=1,b=8",Prostate-Epithelial,CST,AUC,0.7413863066253504
"a=1,b=8",Prostate-Epithelial,CST,Accuracy,0.3830935251798561
"a=1,b=8",Prostate-Epithelial,CST,MAE,0.3595567437880438
"a=1,b=8",Skeletal-Muscle,CST,Pearson,0.1919122310781548
"a=1,b=8",Skeletal-Muscle,CST,Spearman,0.2357576380418641
"a=1,b=8",Skeletal-Muscle,CST,AUC,0.628734520123839
"a=1,b=8",Skeletal-Muscle,CST,Accuracy,0.1807580174927114
"a=1,b=8",Skeletal-Muscle,CST,MAE,0.3111132255839537
"a=1,b=8",Small-int-Epithelial,CST,Pearson,0.3537546586747021
"a=1,b=8",Small-int-Epithelial,CST,Spearman,0.3615330991797669
"a=1,b=8",Small-int-Epithelial,CST,AUC,0.7044923371647509
"a=1,b=8",Small-int-Epithelial,CST,Accuracy,0.698932384341637
"a=1,b=8",Small-int-Epithelial,CST,MAE,0.2740756428028288
"a=1,b=8",Thyroid-Epithelial,CST,Pearson,0.2558197480827463
"a=1,b=8",Thyroid-Epithelial,CST,Spearman,0.2151369193642843
"a=1,b=8",Thyroid-Epithelial,CST,AUC,0.7754854368932039
"a=1,b=8",Thyroid-Epithelial,CST,Accuracy,0.2797202797202797
"a=1,b=8",Thyroid-Epithelial,CST,MAE,0.5555788648503643
"a=8,b=8",GSM5652176_Adipocytes-Z000000T7,VALID,Pearson,0.8201900127977865
"a=8,b=8",GSM5652176_Adipocytes-Z000000T7,VALID,Spearman,0.6986882372552007
"a=8,b=8",GSM5652176_Adipocytes-Z000000T7,VALID,AUC,0.9111003077871409
"a=8,b=8",GSM5652176_Adipocytes-Z000000T7,VALID,Accuracy,0.9093190110346464
"a=8,b=8",GSM5652176_Adipocytes-Z000000T7,VALID,MAE,0.1065995341939704
"a=8,b=8",GSM5652179_Aorta-Endothel-Z00000422,VALID,Pearson,0.7879009140858052
"a=8,b=8",GSM5652179_Aorta-Endothel-Z00000422,VALID,Spearman,0.6962908292482062
"a=8,b=8",GSM5652179_Aorta-Endothel-Z00000422,VALID,AUC,0.898647573915446
"a=8,b=8",GSM5652179_Aorta-Endothel-Z00000422,VALID,Accuracy,0.8855079307305523
"a=8,b=8",GSM5652179_Aorta-Endothel-Z00000422,VALID,MAE,0.1235546724189785
"a=8,b=8",GSM5652189_Kidney-Tubular-Endothel-Z0000042R,VALID,Pearson,0.8046083686941473
"a=8,b=8",GSM5652189_Kidney-Tubular-Endothel-Z0000042R,VALID,Spearman,0.6325925728110717
"a=8,b=8",GSM5652189_Kidney-Tubular-Endothel-Z0000042R,VALID,AUC,0.9114612312079186
"a=8,b=8",GSM5652189_Kidney-Tubular-Endothel-Z0000042R,VALID,Accuracy,0.919758578571418
"a=8,b=8",GSM5652189_Kidney-Tubular-Endothel-Z0000042R,VALID,MAE,0.1095580157594981
"a=8,b=8",GSM5652198_Colon-Fibroblasts-Z0000042A,VALID,Pearson,0.8213998589675249
"a=8,b=8",GSM5652198_Colon-Fibroblasts-Z0000042A,VALID,Spearman,0.7319071119376357
"a=8,b=8",GSM5652198_Colon-Fibroblasts-Z0000042A,VALID,AUC,0.9092115709530788
"a=8,b=8",GSM5652198_Colon-Fibroblasts-Z0000042A,VALID,Accuracy,0.9110759088321029
"a=8,b=8",GSM5652198_Colon-Fibroblasts-Z0000042A,VALID,MAE,0.1025508520687168
"a=8,b=8",GSM5652200_Heart-Fibroblasts-Z0000043R,VALID,Pearson,0.7210440706207144
"a=8,b=8",GSM5652200_Heart-Fibroblasts-Z0000043R,VALID,Spearman,0.6843909975064164
"a=8,b=8",GSM5652200_Heart-Fibroblasts-Z0000043R,VALID,AUC,0.8565069390794496
"a=8,b=8",GSM5652200_Heart-Fibroblasts-Z0000043R,VALID,Accuracy,0.7869896506469928
"a=8,b=8",GSM5652200_Heart-Fibroblasts-Z0000043R,VALID,MAE,0.1690843103583149
"a=8,b=8",GSM5652204_Dermal-Fibroblasts-Z00000423,VALID,Pearson,0.7884621509840505
"a=8,b=8",GSM5652204_Dermal-Fibroblasts-Z00000423,VALID,Spearman,0.6972787364203219
"a=8,b=8",GSM5652204_Dermal-Fibroblasts-Z00000423,VALID,AUC,0.8970075343542538
"a=8,b=8",GSM5652204_Dermal-Fibroblasts-Z00000423,VALID,Accuracy,0.88750030557887
"a=8,b=8",GSM5652204_Dermal-Fibroblasts-Z00000423,VALID,MAE,0.120733255476921
"a=8,b=8",GSM5652205_Skeletal-Muscle-Z00000427,VALID,Pearson,0.8035550094433171
"a=8,b=8",GSM5652205_Skeletal-Muscle-Z00000427,VALID,Spearman,0.6871365649336362
"a=8,b=8",GSM5652205_Skeletal-Muscle-Z00000427,VALID,AUC,0.8975213544993702
"a=8,b=8",GSM5652205_Skeletal-Muscle-Z00000427,VALID,Accuracy,0.9024959125318882
"a=8,b=8",GSM5652205_Skeletal-Muscle-Z00000427,VALID,MAE,0.1109908608251228
"a=8,b=8",GSM5652207_Aorta-Smooth-Muscle-Z0000041U,VALID,Pearson,0.7628277304242274
"a=8,b=8",GSM5652207_Aorta-Smooth-Muscle-Z0000041U,VALID,Spearman,0.7259568015736245
"a=8,b=8",GSM5652207_Aorta-Smooth-Muscle-Z0000041U,VALID,AUC,0.8766061851101538
"a=8,b=8",GSM5652207_Aorta-Smooth-Muscle-Z0000041U,VALID,Accuracy,0.8215850490194265
"a=8,b=8",GSM5652207_Aorta-Smooth-Muscle-Z0000041U,VALID,MAE,0.1393483048924916
"a=8,b=8",GSM5652215_Heart-Cardiomyocyte-Z0000044P,VALID,Pearson,0.7183935453693724
"a=8,b=8",GSM5652215_Heart-Cardiomyocyte-Z0000044P,VALID,Spearman,0.5234667706554391
"a=8,b=8",GSM5652215_Heart-Cardiomyocyte-Z0000044P,VALID,AUC,0.8680048832145959
"a=8,b=8",GSM5652215_Heart-Cardiomyocyte-Z0000044P,VALID,Accuracy,0.889294299126278
"a=8,b=8",GSM5652215_Heart-Cardiomyocyte-Z0000044P,VALID,MAE,0.1568695686425569
"a=8,b=8",GSM5652218_Bone-Osteoblasts-Z0000042Z,VALID,Pearson,0.770571230345719
"a=8,b=8",GSM5652218_Bone-Osteoblasts-Z0000042Z,VALID,Spearman,0.7187692196046553
"a=8,b=8",GSM5652218_Bone-Osteoblasts-Z0000042Z,VALID,AUC,0.8843599159504145
"a=8,b=8",GSM5652218_Bone-Osteoblasts-Z0000042Z,VALID,Accuracy,0.8382088468831477
"a=8,b=8",GSM5652218_Bone-Osteoblasts-Z0000042Z,VALID,MAE,0.1407580446155777
"a=8,b=8",GSM5652219_Oligodendrocytes-Z000000TK,VALID,Pearson,0.8092831516730811
"a=8,b=8",GSM5652219_Oligodendrocytes-Z000000TK,VALID,Spearman,0.5845640114518794
"a=8,b=8",GSM5652219_Oligodendrocytes-Z000000TK,VALID,AUC,0.9136575580632978
"a=8,b=8",GSM5652219_Oligodendrocytes-Z000000TK,VALID,Accuracy,0.9253940270272885
"a=8,b=8",GSM5652219_Oligodendrocytes-Z000000TK,VALID,MAE,0.1023832551560735
"a=8,b=8",GSM5652223_Cortex-Neuron-Z000000TF,VALID,Pearson,0.8306329380730162
"a=8,b=8",GSM5652223_Cortex-Neuron-Z000000TF,VALID,Spearman,0.6283195749986256
"a=8,b=8",GSM5652223_Cortex-Neuron-Z000000TF,VALID,AUC,0.918925960876932
"a=8,b=8",GSM5652223_Cortex-Neuron-Z000000TF,VALID,Accuracy,0.9422180929794025
"a=8,b=8",GSM5652223_Cortex-Neuron-Z000000TF,VALID,MAE,0.09219446472480618
"a=8,b=8",GSM5652233_Liver-Hepatocytes-Z000000R3,VALID,Pearson,0.7978621701002278
"a=8,b=8",GSM5652233_Liver-Hepatocytes-Z000000R3,VALID,Spearman,0.6474265604356071
"a=8,b=8",GSM5652233_Liver-Hepatocytes-Z000000R3,VALID,AUC,0.9048684046028636
"a=8,b=8",GSM5652233_Liver-Hepatocytes-Z000000R3,VALID,Accuracy,0.9121543127548891
"a=8,b=8",GSM5652233_Liver-Hepatocytes-Z000000R3,VALID,MAE,0.1128954931072423
"a=8,b=8",GSM5652239_Pancreas-Duct-Z0000043T,VALID,Pearson,0.7958420128469494
"a=8,b=8",GSM5652239_Pancreas-Duct-Z0000043T,VALID,Spearman,0.5981101403465959
"a=8,b=8",GSM5652239_Pancreas-Duct-Z0000043T,VALID,AUC,0.9089997016359831
"a=8,b=8",GSM5652239_Pancreas-Duct-Z0000043T,VALID,Accuracy,0.9214248790234784
"a=8,b=8",GSM5652239_Pancreas-Duct-Z0000043T,VALID,MAE,0.1076472869556069
"a=8,b=8",GSM5652243_Pancreas-Acinar-Z000000QX,VALID,Pearson,0.762085309894705
"a=8,b=8",GSM5652243_Pancreas-Acinar-Z000000QX,VALID,Spearman,0.7134204340853759
"a=8,b=8",GSM5652243_Pancreas-Acinar-Z000000QX,VALID,AUC,0.8864456017627972
"a=8,b=8",GSM5652243_Pancreas-Acinar-Z000000QX,VALID,Accuracy,0.8536078610185148
"a=8,b=8",GSM5652243_Pancreas-Acinar-Z000000QX,VALID,MAE,0.1431302758226001
"a=8,b=8",GSM5652247_Pancreas-Delta-Z00000451,VALID,Pearson,0.7910126014217109
"a=8,b=8",GSM5652247_Pancreas-Delta-Z00000451,VALID,Spearman,0.6405525459430372
"a=8,b=8",GSM5652247_Pancreas-Delta-Z00000451,VALID,AUC,0.9062793979287345
"a=8,b=8",GSM5652247_Pancreas-Delta-Z00000451,VALID,Accuracy,0.9178595207625566
"a=8,b=8",GSM5652247_Pancreas-Delta-Z00000451,VALID,MAE,0.1157785060247392
"a=8,b=8",GSM5652250_Pancreas-Beta-Z00000452,VALID,Pearson,0.7905405737625305
"a=8,b=8",GSM5652250_Pancreas-Beta-Z00000452,VALID,Spearman,0.6141922476128004
"a=8,b=8",GSM5652250_Pancreas-Beta-Z00000452,VALID,AUC,0.9034532613484284
"a=8,b=8",GSM5652250_Pancreas-Beta-Z00000452,VALID,Accuracy,0.9227258106116979
"a=8,b=8",GSM5652250_Pancreas-Beta-Z00000452,VALID,MAE,0.1106589229879404
"a=8,b=8",GSM5652253_Pancreas-Alpha-Z00000453,VALID,Pearson,0.7914226827068859
"a=8,b=8",GSM5652253_Pancreas-Alpha-Z00000453,VALID,Spearman,0.6335603002230742
"a=8,b=8",GSM5652253_Pancreas-Alpha-Z00000453,VALID,AUC,0.9029547792750376
"a=8,b=8",GSM5652253_Pancreas-Alpha-Z00000453,VALID,Accuracy,0.9175226447465225
"a=8,b=8",GSM5652253_Pancreas-Alpha-Z00000453,VALID,MAE,0.1124584740775022
"a=8,b=8",GSM5652264_Thyroid-Epithelial-Z0000042S,VALID,Pearson,0.804914190276781
"a=8,b=8",GSM5652264_Thyroid-Epithelial-Z0000042S,VALID,Spearman,0.597940745354294
"a=8,b=8",GSM5652264_Thyroid-Epithelial-Z0000042S,VALID,AUC,0.9102237473259098
"a=8,b=8",GSM5652264_Thyroid-Epithelial-Z0000042S,VALID,Accuracy,0.9260749482653141
"a=8,b=8",GSM5652264_Thyroid-Epithelial-Z0000042S,VALID,MAE,0.1042766413351223
"a=8,b=8",GSM5652267_Fallopian-Epithelial-Z000000Q7,VALID,Pearson,0.799337812161571
"a=8,b=8",GSM5652267_Fallopian-Epithelial-Z000000Q7,VALID,Spearman,0.6278567978844412
"a=8,b=8",GSM5652267_Fallopian-Epithelial-Z000000Q7,VALID,AUC,0.9115567476119814
"a=8,b=8",GSM5652267_Fallopian-Epithelial-Z000000Q7,VALID,Accuracy,0.911939716445887
"a=8,b=8",GSM5652267_Fallopian-Epithelial-Z000000Q7,VALID,MAE,0.1126239671511134
"a=8,b=8",GSM5652270_Ovary-Epithelial-Z000000QT,VALID,Pearson,0.7424712446082211
"a=8,b=8",GSM5652270_Ovary-Epithelial-Z000000QT,VALID,Spearman,0.6006980469571076
"a=8,b=8",GSM5652270_Ovary-Epithelial-Z000000QT,VALID,AUC,0.8822680403948678
"a=8,b=8",GSM5652270_Ovary-Epithelial-Z000000QT,VALID,Accuracy,0.8711621910805308
"a=8,b=8",GSM5652270_Ovary-Epithelial-Z000000QT,VALID,MAE,0.1487884031925138
"a=8,b=8",GSM5652274_Bone_marrow-Erythrocyte_progenitors-Z000000RF,VALID,Pearson,0.7905947857434822
"a=8,b=8",GSM5652274_Bone_marrow-Erythrocyte_progenitors-Z000000RF,VALID,Spearman,0.7373316948404648
"a=8,b=8",GSM5652274_Bone_marrow-Erythrocyte_progenitors-Z000000RF,VALID,AUC,0.8831465398439778
"a=8,b=8",GSM5652274_Bone_marrow-Erythrocyte_progenitors-Z000000RF,VALID,Accuracy,0.8314200009604835
"a=8,b=8",GSM5652274_Bone_marrow-Erythrocyte_progenitors-Z000000RF,VALID,MAE,0.1034914327967335
"a=8,b=8",GSM5652277_Blood-T-CD3-Z000000TV,VALID,Pearson,0.80880333161037
"a=8,b=8",GSM5652277_Blood-T-CD3-Z000000TV,VALID,Spearman,0.6971026134225919
"a=8,b=8",GSM5652277_Blood-T-CD3-Z000000TV,VALID,AUC,0.9069668803861053
"a=8,b=8",GSM5652277_Blood-T-CD3-Z000000TV,VALID,Accuracy,0.9201867312566357
"a=8,b=8",GSM5652277_Blood-T-CD3-Z000000TV,VALID,MAE,0.1017936339792256
"a=8,b=8",GSM5652299_Blood-NK-Z000000TM,VALID,Pearson,0.811489226434261
"a=8,b=8",GSM5652299_Blood-NK-Z000000TM,VALID,Spearman,0.6174937485950529
"a=8,b=8",GSM5652299_Blood-NK-Z000000TM,VALID,AUC,0.9086568673083253
"a=8,b=8",GSM5652299_Blood-NK-Z000000TM,VALID,Accuracy,0.9371477820017851
"a=8,b=8",GSM5652299_Blood-NK-Z000000TM,VALID,MAE,0.09372167080490144
"a=8,b=8",GSM5652302_Blood-Monocytes-Z000000TP,VALID,Pearson,0.80625545831297
"a=8,b=8",GSM5652302_Blood-Monocytes-Z000000TP,VALID,Spearman,0.5938061051510226
"a=8,b=8",GSM5652302_Blood-Monocytes-Z000000TP,VALID,AUC,0.913479468240408
"a=8,b=8",GSM5652302_Blood-Monocytes-Z000000TP,VALID,Accuracy,0.9340803241260823
"a=8,b=8",GSM5652302_Blood-Monocytes-Z000000TP,VALID,MAE,0.1018074599381412
"a=8,b=8",GSM5652313_Blood-Granulocytes-Z000000TZ,VALID,Pearson,0.8075692675287846
"a=8,b=8",GSM5652313_Blood-Granulocytes-Z000000TZ,VALID,Spearman,0.6180901030341172
"a=8,b=8",GSM5652313_Blood-Granulocytes-Z000000TZ,VALID,AUC,0.9124575592754399
"a=8,b=8",GSM5652313_Blood-Granulocytes-Z000000TZ,VALID,Accuracy,0.9324258800014805
"a=8,b=8",GSM5652313_Blood-Granulocytes-Z000000TZ,VALID,MAE,0.09893836956443067
"a=8,b=8",GSM5652317_Blood-B-Z000000UB,VALID,Pearson,0.7997984120494421
"a=8,b=8",GSM5652317_Blood-B-Z000000UB,VALID,Spearman,0.669999180656011
"a=8,b=8",GSM5652317_Blood-B-Z000000UB,VALID,AUC,0.9030935967595576
"a=8,b=8",GSM5652317_Blood-B-Z000000UB,VALID,Accuracy,0.9246944096810835
"a=8,b=8",GSM5652317_Blood-B-Z000000UB,VALID,MAE,0.1048638114714513
"a=8,b=8",GSM5652321_Epidermal-Keratinocytes-Z00000424,VALID,Pearson,0.7998892594862955
"a=8,b=8",GSM5652321_Epidermal-Keratinocytes-Z00000424,VALID,Spearman,0.6972457157971425
"a=8,b=8",GSM5652321_Epidermal-Keratinocytes-Z00000424,VALID,AUC,0.9055559062944412
"a=8,b=8",GSM5652321_Epidermal-Keratinocytes-Z00000424,VALID,Accuracy,0.9054507769868282
"a=8,b=8",GSM5652321_Epidermal-Keratinocytes-Z00000424,VALID,MAE,0.1111703790428538
"a=8,b=8",GSM5652322_Tonsil-Palatine-Epithelial-Z000000QF,VALID,Pearson,0.7921559173524692
"a=8,b=8",GSM5652322_Tonsil-Palatine-Epithelial-Z000000QF,VALID,Spearman,0.7191918642610772
"a=8,b=8",GSM5652322_Tonsil-Palatine-Epithelial-Z000000QF,VALID,AUC,0.9023355104251756
"a=8,b=8",GSM5652322_Tonsil-Palatine-Epithelial-Z000000QF,VALID,Accuracy,0.8783892236132879
"a=8,b=8",GSM5652322_Tonsil-Palatine-Epithelial-Z000000QF,VALID,MAE,0.1260311412840796
"a=8,b=8",GSM5652335_Lung-Bronchus-Epithelial-Z000000QD,VALID,Pearson,0.8063259492180981
"a=8,b=8",GSM5652335_Lung-Bronchus-Epithelial-Z000000QD,VALID,Spearman,0.6627041190622471
"a=8,b=8",GSM5652335_Lung-Bronchus-Epithelial-Z000000QD,VALID,AUC,0.9128234238580839
"a=8,b=8",GSM5652335_Lung-Bronchus-Epithelial-Z000000QD,VALID,Accuracy,0.9091138146734914
"a=8,b=8",GSM5652335_Lung-Bronchus-Epithelial-Z000000QD,VALID,MAE,0.1113509455094734
"a=8,b=8",GSM5652338_Prostate-Epithelial-Z000000RV,VALID,Pearson,0.8108302521240316
"a=8,b=8",GSM5652338_Prostate-Epithelial-Z000000RV,VALID,Spearman,0.6801488844685795
"a=8,b=8",GSM5652338_Prostate-Epithelial-Z000000RV,VALID,AUC,0.9157180442269688
"a=8,b=8",GSM5652338_Prostate-Epithelial-Z000000RV,VALID,Accuracy,0.9123234132638521
"a=8,b=8",GSM5652338_Prostate-Epithelial-Z000000RV,VALID,MAE,0.106775934778584
"a=8,b=8",GSM5652342_Bladder-Epithelial-Z000000QM,VALID,Pearson,0.7877498384398787
"a=8,b=8",GSM5652342_Bladder-Epithelial-Z000000QM,VALID,Spearman,0.6868568440768361
"a=8,b=8",GSM5652342_Bladder-Epithelial-Z000000QM,VALID,AUC,0.905412918105914
"a=8,b=8",GSM5652342_Bladder-Epithelial-Z000000QM,VALID,Accuracy,0.8909931560331192
"a=8,b=8",GSM5652342_Bladder-Epithelial-Z000000QM,VALID,MAE,0.1245808183714406
"a=8,b=8",GSM5652347_Breast-Luminal-Epithelial-Z000000V2,VALID,Pearson,0.8086578466111396
"a=8,b=8",GSM5652347_Breast-Luminal-Epithelial-Z000000V2,VALID,Spearman,0.6324718277702737
"a=8,b=8",GSM5652347_Breast-Luminal-Epithelial-Z000000V2,VALID,AUC,0.9159147936567954
"a=8,b=8",GSM5652347_Breast-Luminal-Epithelial-Z000000V2,VALID,Accuracy,0.9185579110544424
"a=8,b=8",GSM5652347_Breast-Luminal-Epithelial-Z000000V2,VALID,MAE,0.1054453087708945
"a=8,b=8",GSM5652350_Breast-Basal-Epithelial-Z000000V6,VALID,Pearson,0.7939561640836847
"a=8,b=8",GSM5652350_Breast-Basal-Epithelial-Z000000V6,VALID,Spearman,0.6039463156269841
"a=8,b=8",GSM5652350_Breast-Basal-Epithelial-Z000000V6,VALID,AUC,0.9112911762205532
"a=8,b=8",GSM5652350_Breast-Basal-Epithelial-Z000000V6,VALID,Accuracy,0.9204257928171621
"a=8,b=8",GSM5652350_Breast-Basal-Epithelial-Z000000V6,VALID,MAE,0.1083858360097139
"a=8,b=8",GSM5652354_Lung-Alveolar-Epithelial-Z000000T1,VALID,Pearson,0.8178773358354221
"a=8,b=8",GSM5652354_Lung-Alveolar-Epithelial-Z000000T1,VALID,Spearman,0.710696370883786
"a=8,b=8",GSM5652354_Lung-Alveolar-Epithelial-Z000000T1,VALID,AUC,0.9160832127870094
"a=8,b=8",GSM5652354_Lung-Alveolar-Epithelial-Z000000T1,VALID,Accuracy,0.9121339407030882
"a=8,b=8",GSM5652354_Lung-Alveolar-Epithelial-Z000000T1,VALID,MAE,0.1058276142215403
"a=8,b=8",GSM5652358_Gallbladder-Epithelial-Z00000432,VALID,Pearson,0.8004832063492553
"a=8,b=8",GSM5652358_Gallbladder-Epithelial-Z00000432,VALID,Spearman,0.6282029409157457
"a=8,b=8",GSM5652358_Gallbladder-Epithelial-Z00000432,VALID,AUC,0.912623171210411
"a=8,b=8",GSM5652358_Gallbladder-Epithelial-Z00000432,VALID,Accuracy,0.9140258383381066
"a=8,b=8",GSM5652358_Gallbladder-Epithelial-Z00000432,VALID,MAE,0.1140837246687384
"a=8,b=8",GSM5652359_Gastric-fundus-Epithelial-Z000000RX,VALID,Pearson,0.7987434031095518
"a=8,b=8",GSM5652359_Gastric-fundus-Epithelial-Z000000RX,VALID,Spearman,0.7024378778783742
"a=8,b=8",GSM5652359_Gastric-fundus-Epithelial-Z000000RX,VALID,AUC,0.9074369599928382
"a=8,b=8",GSM5652359_Gastric-fundus-Epithelial-Z000000RX,VALID,Accuracy,0.896770157104093
"a=8,b=8",GSM5652359_Gastric-fundus-Epithelial-Z000000RX,VALID,MAE,0.1182233542391873
"a=8,b=8",GSM5652370_Colon-Right-Epithelial-Z000000V0,VALID,Pearson,0.7926603709565252
"a=8,b=8",GSM5652370_Colon-Right-Epithelial-Z000000V0,VALID,Spearman,0.658360884132798
"a=8,b=8",GSM5652370_Colon-Right-Epithelial-Z000000V0,VALID,AUC,0.9100049800593512
"a=8,b=8",GSM5652370_Colon-Right-Epithelial-Z000000V0,VALID,Accuracy,0.9089286878058607
"a=8,b=8",GSM5652370_Colon-Right-Epithelial-Z000000V0,VALID,MAE,0.1150415483873932
"a=8,b=8",GSM5652378_Small-int-Epithelial-Z0000042V,VALID,Pearson,0.7787935277566382
"a=8,b=8",GSM5652378_Small-int-Epithelial-Z0000042V,VALID,Spearman,0.6512169737930701
"a=8,b=8",GSM5652378_Small-int-Epithelial-Z0000042V,VALID,AUC,0.9069166010264222
"a=8,b=8",GSM5652378_Small-int-Epithelial-Z0000042V,VALID,Accuracy,0.9013678515540325
"a=8,b=8",GSM5652378_Small-int-Epithelial-Z0000042V,VALID,MAE,0.1203887229879012
"a=8,b=8",GSM5652176_Adipocytes-Z000000T7,TEST,Pearson,0.8203958400014774
"a=8,b=8",GSM5652176_Adipocytes-Z000000T7,TEST,Spearman,0.713129451138231
"a=8,b=8",GSM5652176_Adipocytes-Z000000T7,TEST,AUC,0.9122520512772372
"a=8,b=8",GSM5652176_Adipocytes-Z000000T7,TEST,Accuracy,0.9100448423620365
"a=8,b=8",GSM5652176_Adipocytes-Z000000T7,TEST,MAE,0.1062424755279126
"a=8,b=8",GSM5652179_Aorta-Endothel-Z00000422,TEST,Pearson,0.7871035089027706
"a=8,b=8",GSM5652179_Aorta-Endothel-Z00000422,TEST,Spearman,0.6997586690994929
"a=8,b=8",GSM5652179_Aorta-Endothel-Z00000422,TEST,AUC,0.8994153115133225
"a=8,b=8",GSM5652179_Aorta-Endothel-Z00000422,TEST,Accuracy,0.884016862012371
"a=8,b=8",GSM5652179_Aorta-Endothel-Z00000422,TEST,MAE,0.1239084581851708
"a=8,b=8",GSM5652189_Kidney-Tubular-Endothel-Z0000042R,TEST,Pearson,0.801887993221421
"a=8,b=8",GSM5652189_Kidney-Tubular-Endothel-Z0000042R,TEST,Spearman,0.6352896454266801
"a=8,b=8",GSM5652189_Kidney-Tubular-Endothel-Z0000042R,TEST,AUC,0.9102626077964198
"a=8,b=8",GSM5652189_Kidney-Tubular-Endothel-Z0000042R,TEST,Accuracy,0.9174869268509358
"a=8,b=8",GSM5652189_Kidney-Tubular-Endothel-Z0000042R,TEST,MAE,0.1102367116820131
"a=8,b=8",GSM5652198_Colon-Fibroblasts-Z0000042A,TEST,Pearson,0.8177130719007067
"a=8,b=8",GSM5652198_Colon-Fibroblasts-Z0000042A,TEST,Spearman,0.7157277504552404
"a=8,b=8",GSM5652198_Colon-Fibroblasts-Z0000042A,TEST,AUC,0.9080269681543414
"a=8,b=8",GSM5652198_Colon-Fibroblasts-Z0000042A,TEST,Accuracy,0.9088356426086432
"a=8,b=8",GSM5652198_Colon-Fibroblasts-Z0000042A,TEST,MAE,0.1037073039383096
"a=8,b=8",GSM5652200_Heart-Fibroblasts-Z0000043R,TEST,Pearson,0.7220698077980975
"a=8,b=8",GSM5652200_Heart-Fibroblasts-Z0000043R,TEST,Spearman,0.6882818648877518
"a=8,b=8",GSM5652200_Heart-Fibroblasts-Z0000043R,TEST,AUC,0.8570315771077694
"a=8,b=8",GSM5652200_Heart-Fibroblasts-Z0000043R,TEST,Accuracy,0.7842853924316123
"a=8,b=8",GSM5652200_Heart-Fibroblasts-Z0000043R,TEST,MAE,0.1690402732762802
"a=8,b=8",GSM5652204_Dermal-Fibroblasts-Z00000423,TEST,Pearson,0.7893776056559285
"a=8,b=8",GSM5652204_Dermal-Fibroblasts-Z00000423,TEST,Spearman,0.7041801201965079
"a=8,b=8",GSM5652204_Dermal-Fibroblasts-Z00000423,TEST,AUC,0.8971453930513033
"a=8,b=8",GSM5652204_Dermal-Fibroblasts-Z00000423,TEST,Accuracy,0.8858798365239005
"a=8,b=8",GSM5652204_Dermal-Fibroblasts-Z00000423,TEST,MAE,0.1209478434964694
"a=8,b=8",GSM5652205_Skeletal-Muscle-Z00000427,TEST,Pearson,0.8055121772527775
"a=8,b=8",GSM5652205_Skeletal-Muscle-Z00000427,TEST,Spearman,0.6874622160005776
"a=8,b=8",GSM5652205_Skeletal-Muscle-Z00000427,TEST,AUC,0.9000436634188623
"a=8,b=8",GSM5652205_Skeletal-Muscle-Z00000427,TEST,Accuracy,0.9050085202924124
"a=8,b=8",GSM5652205_Skeletal-Muscle-Z00000427,TEST,MAE,0.1099435466308983
"a=8,b=8",GSM5652207_Aorta-Smooth-Muscle-Z0000041U,TEST,Pearson,0.7608493411062489
"a=8,b=8",GSM5652207_Aorta-Smooth-Muscle-Z0000041U,TEST,Spearman,0.7130042052807084
"a=8,b=8",GSM5652207_Aorta-Smooth-Muscle-Z0000041U,TEST,AUC,0.8745475856952694
"a=8,b=8",GSM5652207_Aorta-Smooth-Muscle-Z0000041U,TEST,Accuracy,0.8177414992598603
"a=8,b=8",GSM5652207_Aorta-Smooth-Muscle-Z0000041U,TEST,MAE,0.1393559346454814
"a=8,b=8",GSM5652215_Heart-Cardiomyocyte-Z0000044P,TEST,Pearson,0.7160690655393811
"a=8,b=8",GSM5652215_Heart-Cardiomyocyte-Z0000044P,TEST,Spearman,0.5157948166939234
"a=8,b=8",GSM5652215_Heart-Cardiomyocyte-Z0000044P,TEST,AUC,0.8673434925766286
"a=8,b=8",GSM5652215_Heart-Cardiomyocyte-Z0000044P,TEST,Accuracy,0.8903675962598235
"a=8,b=8",GSM5652215_Heart-Cardiomyocyte-Z0000044P,TEST,MAE,0.1567278090918896
"a=8,b=8",GSM5652218_Bone-Osteoblasts-Z0000042Z,TEST,Pearson,0.7697585069703935
"a=8,b=8",GSM5652218_Bone-Osteoblasts-Z0000042Z,TEST,Spearman,0.7269794375846099
"a=8,b=8",GSM5652218_Bone-Osteoblasts-Z0000042Z,TEST,AUC,0.8848187163054944
"a=8,b=8",GSM5652218_Bone-Osteoblasts-Z0000042Z,TEST,Accuracy,0.8369400805534145
"a=8,b=8",GSM5652218_Bone-Osteoblasts-Z0000042Z,TEST,MAE,0.1411781543326648
"a=8,b=8",GSM5652219_Oligodendrocytes-Z000000TK,TEST,Pearson,0.8101705000102726
"a=8,b=8",GSM5652219_Oligodendrocytes-Z000000TK,TEST,Spearman,0.5919862019645787
"a=8,b=8",GSM5652219_Oligodendrocytes-Z000000TK,TEST,AUC,0.9148225052182649
"a=8,b=8",GSM5652219_Oligodendrocytes-Z000000TK,TEST,Accuracy,0.9278875578463439
"a=8,b=8",GSM5652219_Oligodendrocytes-Z000000TK,TEST,MAE,0.101664067987499
"a=8,b=8",GSM5652223_Cortex-Neuron-Z000000TF,TEST,Pearson,0.8285849282801193
"a=8,b=8",GSM5652223_Cortex-Neuron-Z000000TF,TEST,Spearman,0.6182070105165777
"a=8,b=8",GSM5652223_Cortex-Neuron-Z000000TF,TEST,AUC,0.9190020991884827
"a=8,b=8",GSM5652223_Cortex-Neuron-Z000000TF,TEST,Accuracy,0.9426915801158372
"a=8,b=8",GSM5652223_Cortex-Neuron-Z000000TF,TEST,MAE,0.09292645608022226
"a=8,b=8",GSM5652233_Liver-Hepatocytes-Z000000R3,TEST,Pearson,0.791547613157664
"a=8,b=8",GSM5652233_Liver-Hepatocytes-Z000000R3,TEST,Spearman,0.67144431976645
"a=8,b=8",GSM5652233_Liver-Hepatocytes-Z000000R3,TEST,AUC,0.9020002772098733
"a=8,b=8",GSM5652233_Liver-Hepatocytes-Z000000R3,TEST,Accuracy,0.9038221784247757
"a=8,b=8",GSM5652233_Liver-Hepatocytes-Z000000R3,TEST,MAE,0.1161174135348319
"a=8,b=8",GSM5652239_Pancreas-Duct-Z0000043T,TEST,Pearson,0.793130840897072
"a=8,b=8",GSM5652239_Pancreas-Duct-Z0000043T,TEST,Spearman,0.612893320585141
"a=8,b=8",GSM5652239_Pancreas-Duct-Z0000043T,TEST,AUC,0.9078853994609698
"a=8,b=8",GSM5652239_Pancreas-Duct-Z0000043T,TEST,Accuracy,0.9183417444766244
"a=8,b=8",GSM5652239_Pancreas-Duct-Z0000043T,TEST,MAE,0.1091314985808921
"a=8,b=8",GSM5652243_Pancreas-Acinar-Z000000QX,TEST,Pearson,0.7641740529112767
"a=8,b=8",GSM5652243_Pancreas-Acinar-Z000000QX,TEST,Spearman,0.6976163385020184
"a=8,b=8",GSM5652243_Pancreas-Acinar-Z000000QX,TEST,AUC,0.8863609934635877
"a=8,b=8",GSM5652243_Pancreas-Acinar-Z000000QX,TEST,Accuracy,0.8474003299642806
"a=8,b=8",GSM5652243_Pancreas-Acinar-Z000000QX,TEST,MAE,0.144087558383302
"a=8,b=8",GSM5652247_Pancreas-Delta-Z00000451,TEST,Pearson,0.7865358030773189
"a=8,b=8",GSM5652247_Pancreas-Delta-Z00000451,TEST,Spearman,0.6262636373843465
"a=8,b=8",GSM5652247_Pancreas-Delta-Z00000451,TEST,AUC,0.9033397638110656
"a=8,b=8",GSM5652247_Pancreas-Delta-Z00000451,TEST,Accuracy,0.9145393410960639
"a=8,b=8",GSM5652247_Pancreas-Delta-Z00000451,TEST,MAE,0.1177473587590588
"a=8,b=8",GSM5652250_Pancreas-Beta-Z00000452,TEST,Pearson,0.7866334777156134
"a=8,b=8",GSM5652250_Pancreas-Beta-Z00000452,TEST,Spearman,0.6100936671838653
"a=8,b=8",GSM5652250_Pancreas-Beta-Z00000452,TEST,AUC,0.9019061759972226
"a=8,b=8",GSM5652250_Pancreas-Beta-Z00000452,TEST,Accuracy,0.9202826507811107
"a=8,b=8",GSM5652250_Pancreas-Beta-Z00000452,TEST,MAE,0.112511267980118
"a=8,b=8",GSM5652253_Pancreas-Alpha-Z00000453,TEST,Pearson,0.7876932850340121
"a=8,b=8",GSM5652253_Pancreas-Alpha-Z00000453,TEST,Spearman,0.6458108355977134
"a=8,b=8",GSM5652253_Pancreas-Alpha-Z00000453,TEST,AUC,0.9014097977120508
"a=8,b=8",GSM5652253_Pancreas-Alpha-Z00000453,TEST,Accuracy,0.916855933131306
"a=8,b=8",GSM5652253_Pancreas-Alpha-Z00000453,TEST,MAE,0.1146919281815898
"a=8,b=8",GSM5652264_Thyroid-Epithelial-Z0000042S,TEST,Pearson,0.8024486908574288
"a=8,b=8",GSM5652264_Thyroid-Epithelial-Z0000042S,TEST,Spearman,0.6075061088659316
"a=8,b=8",GSM5652264_Thyroid-Epithelial-Z0000042S,TEST,AUC,0.9089959112014726
"a=8,b=8",GSM5652264_Thyroid-Epithelial-Z0000042S,TEST,Accuracy,0.9263820279810793
"a=8,b=8",GSM5652264_Thyroid-Epithelial-Z0000042S,TEST,MAE,0.1048110516419832
"a=8,b=8",GSM5652267_Fallopian-Epithelial-Z000000Q7,TEST,Pearson,0.7965269246779387
"a=8,b=8",GSM5652267_Fallopian-Epithelial-Z000000Q7,TEST,Spearman,0.6272813338012926
"a=8,b=8",GSM5652267_Fallopian-Epithelial-Z000000Q7,TEST,AUC,0.9104404993613618
"a=8,b=8",GSM5652267_Fallopian-Epithelial-Z000000Q7,TEST,Accuracy,0.9096933405565147
"a=8,b=8",GSM5652267_Fallopian-Epithelial-Z000000Q7,TEST,MAE,0.1139327241395067
"a=8,b=8",GSM5652270_Ovary-Epithelial-Z000000QT,TEST,Pearson,0.7351093896988184
"a=8,b=8",GSM5652270_Ovary-Epithelial-Z000000QT,TEST,Spearman,0.6001764570186993
"a=8,b=8",GSM5652270_Ovary-Epithelial-Z000000QT,TEST,AUC,0.8801983483104696
"a=8,b=8",GSM5652270_Ovary-Epithelial-Z000000QT,TEST,Accuracy,0.8639931298204679
"a=8,b=8",GSM5652270_Ovary-Epithelial-Z000000QT,TEST,MAE,0.1528446910761836
"a=8,b=8",GSM5652274_Bone_marrow-Erythrocyte_progenitors-Z000000RF,TEST,Pearson,0.7821323453175135
"a=8,b=8",GSM5652274_Bone_marrow-Erythrocyte_progenitors-Z000000RF,TEST,Spearman,0.7432940787324189
"a=8,b=8",GSM5652274_Bone_marrow-Erythrocyte_progenitors-Z000000RF,TEST,AUC,0.8789936923056678
"a=8,b=8",GSM5652274_Bone_marrow-Erythrocyte_progenitors-Z000000RF,TEST,Accuracy,0.8255248681353898
"a=8,b=8",GSM5652274_Bone_marrow-Erythrocyte_progenitors-Z000000RF,TEST,MAE,0.1061795207908584
"a=8,b=8",GSM5652277_Blood-T-CD3-Z000000TV,TEST,Pearson,0.8068285157137551
"a=8,b=8",GSM5652277_Blood-T-CD3-Z000000TV,TEST,Spearman,0.7084860115999251
"a=8,b=8",GSM5652277_Blood-T-CD3-Z000000TV,TEST,AUC,0.9060424661712891
"a=8,b=8",GSM5652277_Blood-T-CD3-Z000000TV,TEST,Accuracy,0.9191114051355523
"a=8,b=8",GSM5652277_Blood-T-CD3-Z000000TV,TEST,MAE,0.1025491318841498
"a=8,b=8",GSM5652299_Blood-NK-Z000000TM,TEST,Pearson,0.8103820433746627
"a=8,b=8",GSM5652299_Blood-NK-Z000000TM,TEST,Spearman,0.6252664760609521
"a=8,b=8",GSM5652299_Blood-NK-Z000000TM,TEST,AUC,0.9080408452949559
"a=8,b=8",GSM5652299_Blood-NK-Z000000TM,TEST,Accuracy,0.9377757017478131
"a=8,b=8",GSM5652299_Blood-NK-Z000000TM,TEST,MAE,0.09403129820355999
"a=8,b=8",GSM5652302_Blood-Monocytes-Z000000TP,TEST,Pearson,0.8043759086409831
"a=8,b=8",GSM5652302_Blood-Monocytes-Z000000TP,TEST,Spearman,0.5833219407385418
"a=8,b=8",GSM5652302_Blood-Monocytes-Z000000TP,TEST,AUC,0.9121613362232297
"a=8,b=8",GSM5652302_Blood-Monocytes-Z000000TP,TEST,Accuracy,0.934415880886878
"a=8,b=8",GSM5652302_Blood-Monocytes-Z000000TP,TEST,MAE,0.1023081644201602
"a=8,b=8",GSM5652313_Blood-Granulocytes-Z000000TZ,TEST,Pearson,0.8058522268368807
"a=8,b=8",GSM5652313_Blood-Granulocytes-Z000000TZ,TEST,Spearman,0.6255658602792479
"a=8,b=8",GSM5652313_Blood-Granulocytes-Z000000TZ,TEST,AUC,0.911406080109571
"a=8,b=8",GSM5652313_Blood-Granulocytes-Z000000TZ,TEST,Accuracy,0.9328769959881441
"a=8,b=8",GSM5652313_Blood-Granulocytes-Z000000TZ,TEST,MAE,0.09942971080228902
"a=8,b=8",GSM5652317_Blood-B-Z000000UB,TEST,Pearson,0.7967296145245374
"a=8,b=8",GSM5652317_Blood-B-Z000000UB,TEST,Spearman,0.6621547307966061
"a=8,b=8",GSM5652317_Blood-B-Z000000UB,TEST,AUC,0.9021603249544595
"a=8,b=8",GSM5652317_Blood-B-Z000000UB,TEST,Accuracy,0.9241601221069732
"a=8,b=8",GSM5652317_Blood-B-Z000000UB,TEST,MAE,0.1059908696210963
"a=8,b=8",GSM5652321_Epidermal-Keratinocytes-Z00000424,TEST,Pearson,0.8002320806175258
"a=8,b=8",GSM5652321_Epidermal-Keratinocytes-Z00000424,TEST,Spearman,0.687853191759364
"a=8,b=8",GSM5652321_Epidermal-Keratinocytes-Z00000424,TEST,AUC,0.906519761923394
"a=8,b=8",GSM5652321_Epidermal-Keratinocytes-Z00000424,TEST,Accuracy,0.9054880467298789
"a=8,b=8",GSM5652321_Epidermal-Keratinocytes-Z00000424,TEST,MAE,0.1118077864470071
"a=8,b=8",GSM5652322_Tonsil-Palatine-Epithelial-Z000000QF,TEST,Pearson,0.7931246655625508
"a=8,b=8",GSM5652322_Tonsil-Palatine-Epithelial-Z000000QF,TEST,Spearman,0.7141102673293278
"a=8,b=8",GSM5652322_Tonsil-Palatine-Epithelial-Z000000QF,TEST,AUC,0.9024854913503672
"a=8,b=8",GSM5652322_Tonsil-Palatine-Epithelial-Z000000QF,TEST,Accuracy,0.8797196676516175
"a=8,b=8",GSM5652322_Tonsil-Palatine-Epithelial-Z000000QF,TEST,MAE,0.1269972447054576
"a=8,b=8",GSM5652335_Lung-Bronchus-Epithelial-Z000000QD,TEST,Pearson,0.8045000728856179
"a=8,b=8",GSM5652335_Lung-Bronchus-Epithelial-Z000000QD,TEST,Spearman,0.6740258006842843
"a=8,b=8",GSM5652335_Lung-Bronchus-Epithelial-Z000000QD,TEST,AUC,0.9120164250327544
"a=8,b=8",GSM5652335_Lung-Bronchus-Epithelial-Z000000QD,TEST,Accuracy,0.9079251586417352
"a=8,b=8",GSM5652335_Lung-Bronchus-Epithelial-Z000000QD,TEST,MAE,0.1127706269800824
"a=8,b=8",GSM5652338_Prostate-Epithelial-Z000000RV,TEST,Pearson,0.8117811800419231
"a=8,b=8",GSM5652338_Prostate-Epithelial-Z000000RV,TEST,Spearman,0.68138166315889
"a=8,b=8",GSM5652338_Prostate-Epithelial-Z000000RV,TEST,AUC,0.9164228207517982
"a=8,b=8",GSM5652338_Prostate-Epithelial-Z000000RV,TEST,Accuracy,0.911805432316962
"a=8,b=8",GSM5652338_Prostate-Epithelial-Z000000RV,TEST,MAE,0.1075402937989035
"a=8,b=8",GSM5652342_Bladder-Epithelial-Z000000QM,TEST,Pearson,0.7899509388141863
"a=8,b=8",GSM5652342_Bladder-Epithelial-Z000000QM,TEST,Spearman,0.6924625425021722
"a=8,b=8",GSM5652342_Bladder-Epithelial-Z000000QM,TEST,AUC,0.9063693432869729
"a=8,b=8",GSM5652342_Bladder-Epithelial-Z000000QM,TEST,Accuracy,0.8905508340468211
"a=8,b=8",GSM5652342_Bladder-Epithelial-Z000000QM,TEST,MAE,0.1247488614547796
"a=8,b=8",GSM5652347_Breast-Luminal-Epithelial-Z000000V2,TEST,Pearson,0.8077597680903226
"a=8,b=8",GSM5652347_Breast-Luminal-Epithelial-Z000000V2,TEST,Spearman,0.6412081152383494
"a=8,b=8",GSM5652347_Breast-Luminal-Epithelial-Z000000V2,TEST,AUC,0.9152596314134238
"a=8,b=8",GSM5652347_Breast-Luminal-Epithelial-Z000000V2,TEST,Accuracy,0.9176200645282054
"a=8,b=8",GSM5652347_Breast-Luminal-Epithelial-Z000000V2,TEST,MAE,0.1063813399115972
"a=8,b=8",GSM5652350_Breast-Basal-Epithelial-Z000000V6,TEST,Pearson,0.7941858516651082
"a=8,b=8",GSM5652350_Breast-Basal-Epithelial-Z000000V6,TEST,Spearman,0.6006387572645211
"a=8,b=8",GSM5652350_Breast-Basal-Epithelial-Z000000V6,TEST,AUC,0.9115088468835365
"a=8,b=8",GSM5652350_Breast-Basal-Epithelial-Z000000V6,TEST,Accuracy,0.9195026048672318
"a=8,b=8",GSM5652350_Breast-Basal-Epithelial-Z000000V6,TEST,MAE,0.1094671633904729
"a=8,b=8",GSM5652354_Lung-Alveolar-Epithelial-Z000000T1,TEST,Pearson,0.8157846214184494
"a=8,b=8",GSM5652354_Lung-Alveolar-Epithelial-Z000000T1,TEST,Spearman,0.694416536974157
"a=8,b=8",GSM5652354_Lung-Alveolar-Epithelial-Z000000T1,TEST,AUC,0.916239607566203
"a=8,b=8",GSM5652354_Lung-Alveolar-Epithelial-Z000000T1,TEST,Accuracy,0.9112589123590599
"a=8,b=8",GSM5652354_Lung-Alveolar-Epithelial-Z000000T1,TEST,MAE,0.1069690892322344
"a=8,b=8",GSM5652358_Gallbladder-Epithelial-Z00000432,TEST,Pearson,0.7979632395356384
"a=8,b=8",GSM5652358_Gallbladder-Epithelial-Z00000432,TEST,Spearman,0.6276121590622882
"a=8,b=8",GSM5652358_Gallbladder-Epithelial-Z00000432,TEST,AUC,0.9120459857611087
"a=8,b=8",GSM5652358_Gallbladder-Epithelial-Z00000432,TEST,Accuracy,0.9111928709769905
"a=8,b=8",GSM5652358_Gallbladder-Epithelial-Z00000432,TEST,MAE,0.1155737790210199
"a=8,b=8",GSM5652359_Gastric-fundus-Epithelial-Z000000RX,TEST,Pearson,0.7957045650762747
"a=8,b=8",GSM5652359_Gastric-fundus-Epithelial-Z000000RX,TEST,Spearman,0.693007985216311
"a=8,b=8",GSM5652359_Gastric-fundus-Epithelial-Z000000RX,TEST,AUC,0.9065970008855296
"a=8,b=8",GSM5652359_Gastric-fundus-Epithelial-Z000000RX,TEST,Accuracy,0.8941105260872572
"a=8,b=8",GSM5652359_Gastric-fundus-Epithelial-Z000000RX,TEST,MAE,0.1204587159234653
"a=8,b=8",GSM5652370_Colon-Right-Epithelial-Z000000V0,TEST,Pearson,0.7899219952333102
"a=8,b=8",GSM5652370_Colon-Right-Epithelial-Z000000V0,TEST,Spearman,0.6499630508702862
"a=8,b=8",GSM5652370_Colon-Right-Epithelial-Z000000V0,TEST,AUC,0.9086704849544847
"a=8,b=8",GSM5652370_Colon-Right-Epithelial-Z000000V0,TEST,Accuracy,0.9043056915882058
"a=8,b=8",GSM5652370_Colon-Right-Epithelial-Z000000V0,TEST,MAE,0.1178800236125103
"a=8,b=8",GSM5652378_Small-int-Epithelial-Z0000042V,TEST,Pearson,0.7793136197598179
"a=8,b=8",GSM5652378_Small-int-Epithelial-Z0000042V,TEST,Spearman,0.6698624498719543
"a=8,b=8",GSM5652378_Small-int-Epithelial-Z0000042V,TEST,AUC,0.9062489820218154
"a=8,b=8",GSM5652378_Small-int-Epithelial-Z0000042V,TEST,Accuracy,0.895696583600185
"a=8,b=8",GSM5652378_Small-int-Epithelial-Z0000042V,TEST,MAE,0.1223822178155685
"a=8,b=8",Adipocytes,CST,Pearson,0.2426328738108999
"a=8,b=8",Adipocytes,CST,Spearman,0.2338338179632953
"a=8,b=8",Adipocytes,CST,AUC,0.7585545722713865
"a=8,b=8",Adipocytes,CST,Accuracy,0.29296875
"a=8,b=8",Adipocytes,CST,MAE,0.3946011605148669
"a=8,b=8",Aorta-Endothel,CST,Pearson,0.4148079673962932
"a=8,b=8",Aorta-Endothel,CST,Spearman,0.4190836230282783
"a=8,b=8",Aorta-Endothel,CST,AUC,0.7246646795827124
"a=8,b=8",Aorta-Endothel,CST,Accuracy,0.5481927710843374
"a=8,b=8",Aorta-Endothel,CST,MAE,0.3002653410920058
"a=8,b=8",Aorta-Smooth-Muscle,CST,Pearson,0.3464299253973689
"a=8,b=8",Aorta-Smooth-Muscle,CST,Spearman,0.3426390974321233
"a=8,b=8",Aorta-Smooth-Muscle,CST,AUC,0.6901137890493786
"a=8,b=8",Aorta-Smooth-Muscle,CST,Accuracy,0.4768683274021353
"a=8,b=8",Aorta-Smooth-Muscle,CST,MAE,0.2237874432085778
"a=8,b=8",Bladder-Epithelial,CST,Pearson,0.2789027827136461
"a=8,b=8",Bladder-Epithelial,CST,Spearman,0.3027491922458784
"a=8,b=8",Bladder-Epithelial,CST,AUC,0.6612783171521036
"a=8,b=8",Bladder-Epithelial,CST,Accuracy,0.1781437125748503
"a=8,b=8",Bladder-Epithelial,CST,MAE,0.556891614766401
"a=8,b=8",Blood-B,CST,Pearson,0.2010592558526554
"a=8,b=8",Blood-B,CST,Spearman,0.2656578750510525
"a=8,b=8",Blood-B,CST,AUC,0.6204545454545455
"a=8,b=8",Blood-B,CST,Accuracy,0.06266318537859007
"a=8,b=8",Blood-B,CST,MAE,0.6988302916337009
"a=8,b=8",Blood-Granulocytes,CST,Pearson,0.3654968153246944
"a=8,b=8",Blood-Granulocytes,CST,Spearman,0.4173817653383196
"a=8,b=8",Blood-Granulocytes,CST,AUC,0.8216543891958257
"a=8,b=8",Blood-Granulocytes,CST,Accuracy,0.1781326781326781
"a=8,b=8",Blood-Granulocytes,CST,MAE,0.6091413110293247
"a=8,b=8",Blood-Monocytes,CST,Pearson,0.2832255768159939
"a=8,b=8",Blood-Monocytes,CST,Spearman,0.3024217010903031
"a=8,b=8",Blood-Monocytes,CST,AUC,0.6834325396825397
"a=8,b=8",Blood-Monocytes,CST,Accuracy,0.2220216606498195
"a=8,b=8",Blood-Monocytes,CST,MAE,0.5523343383391734
"a=8,b=8",Blood-NK,CST,Pearson,0.2833672924468537
"a=8,b=8",Blood-NK,CST,Spearman,0.3909191652515889
"a=8,b=8",Blood-NK,CST,AUC,0.7362044817927171
"a=8,b=8",Blood-NK,CST,Accuracy,0.1275510204081633
"a=8,b=8",Blood-NK,CST,MAE,0.6333131591922471
"a=8,b=8",Blood-T-CD3,CST,Pearson,0.1715548532175234
"a=8,b=8",Blood-T-CD3,CST,Spearman,0.1521057778896051
"a=8,b=8",Blood-T-CD3,CST,AUC,0.5601948051948052
"a=8,b=8",Blood-T-CD3,CST,Accuracy,0.06925207756232687
"a=8,b=8",Blood-T-CD3,CST,MAE,0.6767948963769668
"a=8,b=8",Bone-Osteoblasts,CST,Pearson,0.289732565675981
"a=8,b=8",Bone-Osteoblasts,CST,Spearman,0.3621950810571331
"a=8,b=8",Bone-Osteoblasts,CST,AUC,0.6184086629001884
"a=8,b=8",Bone-Osteoblasts,CST,Accuracy,0.2666666666666667
"a=8,b=8",Bone-Osteoblasts,CST,MAE,0.474631944283843
"a=8,b=8",Bone_marrow-Erythrocyte_progenitors,CST,Pearson,0.2850282483958175
"a=8,b=8",Bone_marrow-Erythrocyte_progenitors,CST,Spearman,0.3449402055366048
"a=8,b=8",Bone_marrow-Erythrocyte_progenitors,CST,AUC,0.7042584940312213
"a=8,b=8",Bone_marrow-Erythrocyte_progenitors,CST,Accuracy,0.2024691358024691
"a=8,b=8",Bone_marrow-Erythrocyte_progenitors,CST,MAE,0.5169799123741227
"a=8,b=8",Breast-Basal-Epithelial,CST,Pearson,0.3030166511047649
"a=8,b=8",Breast-Basal-Epithelial,CST,Spearman,0.3697341321951257
"a=8,b=8",Breast-Basal-Epithelial,CST,AUC,0.7608731245534651
"a=8,b=8",Breast-Basal-Epithelial,CST,Accuracy,0.2546353522867738
"a=8,b=8",Breast-Basal-Epithelial,CST,MAE,0.5157016923165292
"a=8,b=8",Breast-Luminal-Epithelial,CST,Pearson,0.4012564006742043
"a=8,b=8",Breast-Luminal-Epithelial,CST,Spearman,0.4170622477161598
"a=8,b=8",Breast-Luminal-Epithelial,CST,AUC,0.7336072460845601
"a=8,b=8",Breast-Luminal-Epithelial,CST,Accuracy,0.2713607594936709
"a=8,b=8",Breast-Luminal-Epithelial,CST,MAE,0.4678172380545566
"a=8,b=8",Colon-Fibroblasts,CST,Pearson,0.3644901575638824
"a=8,b=8",Colon-Fibroblasts,CST,Spearman,0.3002329036990057
"a=8,b=8",Colon-Fibroblasts,CST,AUC,0.6467329545454545
"a=8,b=8",Colon-Fibroblasts,CST,Accuracy,0.2835820895522388
"a=8,b=8",Colon-Fibroblasts,CST,MAE,0.2793188770093135
"a=8,b=8",Colon-Right-Epithelial,CST,Pearson,0.3152072535770846
"a=8,b=8",Colon-Right-Epithelial,CST,Spearman,0.3284759102735596
"a=8,b=8",Colon-Right-Epithelial,CST,AUC,0.7769779416339991
"a=8,b=8",Colon-Right-Epithelial,CST,Accuracy,0.5645481628599801
"a=8,b=8",Colon-Right-Epithelial,CST,MAE,0.3935489376152329
"a=8,b=8",Cortex-Neuron,CST,Pearson,0.4694720353195024
"a=8,b=8",Cortex-Neuron,CST,Spearman,0.4896042831803457
"a=8,b=8",Cortex-Neuron,CST,AUC,0.755846544553931
"a=8,b=8",Cortex-Neuron,CST,Accuracy,0.4884763124199744
"a=8,b=8",Cortex-Neuron,CST,MAE,0.312557614500254
"a=8,b=8",Dermal-Fibroblasts,CST,Pearson,0.4104642244292054
"a=8,b=8",Dermal-Fibroblasts,CST,Spearman,0.4392188823966052
"a=8,b=8",Dermal-Fibroblasts,CST,AUC,0.8380771436765128
"a=8,b=8",Dermal-Fibroblasts,CST,Accuracy,0.1728571428571428
"a=8,b=8",Dermal-Fibroblasts,CST,MAE,0.4738392388182027
"a=8,b=8",Epidermal-Keratinocytes,CST,Pearson,0.2668494069720124
"a=8,b=8",Epidermal-Keratinocytes,CST,Spearman,0.3102043141331556
"a=8,b=8",Epidermal-Keratinocytes,CST,AUC,0.6176856884057971
"a=8,b=8",Epidermal-Keratinocytes,CST,Accuracy,0.1786703601108033
"a=8,b=8",Epidermal-Keratinocytes,CST,MAE,0.5348586705861577
"a=8,b=8",Fallopian-Epithelial,CST,Pearson,0.3022965468061679
"a=8,b=8",Fallopian-Epithelial,CST,Spearman,0.3052636535569895
"a=8,b=8",Fallopian-Epithelial,CST,AUC,0.7328152026192242
"a=8,b=8",Fallopian-Epithelial,CST,Accuracy,0.3472
"a=8,b=8",Fallopian-Epithelial,CST,MAE,0.502699357548356
"a=8,b=8",Gallbladder-Epithelial,CST,Pearson,0.00512891836879549
"a=8,b=8",Gallbladder-Epithelial,CST,Spearman,0.1421583002621367
"a=8,b=8",Gallbladder-Epithelial,CST,AUC,0.6178626368654421
"a=8,b=8",Gallbladder-Epithelial,CST,Accuracy,0.1992818671454219
"a=8,b=8",Gallbladder-Epithelial,CST,MAE,0.6175498489751957
"a=8,b=8",Gastric-fundus-Epithelial,CST,Pearson,0.3119730127421247
"a=8,b=8",Gastric-fundus-Epithelial,CST,Spearman,0.3003499085066441
"a=8,b=8",Gastric-fundus-Epithelial,CST,AUC,0.7629650367052383
"a=8,b=8",Gastric-fundus-Epithelial,CST,Accuracy,0.3847006651884701
"a=8,b=8",Gastric-fundus-Epithelial,CST,MAE,0.4262648165926023
"a=8,b=8",Heart-Cardiomyocyte,CST,Pearson,0.2007264444533226
"a=8,b=8",Heart-Cardiomyocyte,CST,Spearman,0.1843223527225637
"a=8,b=8",Heart-Cardiomyocyte,CST,AUC,0.6613082765845992
"a=8,b=8",Heart-Cardiomyocyte,CST,Accuracy,0.2175925925925926
"a=8,b=8",Heart-Cardiomyocyte,CST,MAE,0.5403133679831785
"a=8,b=8",Heart-Fibroblasts,CST,Pearson,0.3053998269367631
"a=8,b=8",Heart-Fibroblasts,CST,Spearman,0.2759396986624483
"a=8,b=8",Heart-Fibroblasts,CST,AUC,0.7232565611471862
"a=8,b=8",Heart-Fibroblasts,CST,Accuracy,0.3758256274768824
"a=8,b=8",Heart-Fibroblasts,CST,MAE,0.3633606675741616
"a=8,b=8",Kidney-Tubular-Endothel,CST,Pearson,0.4886283605347973
"a=8,b=8",Kidney-Tubular-Endothel,CST,Spearman,0.418894390983084
"a=8,b=8",Kidney-Tubular-Endothel,CST,AUC,0.9379039704524469
"a=8,b=8",Kidney-Tubular-Endothel,CST,Accuracy,0.9917582417582418
"a=8,b=8",Kidney-Tubular-Endothel,CST,MAE,0.06384354698788988
"a=8,b=8",Liver-Hepatocytes,CST,Pearson,0.3263332954477341
"a=8,b=8",Liver-Hepatocytes,CST,Spearman,0.3853491701254167
"a=8,b=8",Liver-Hepatocytes,CST,AUC,0.7284699272967614
"a=8,b=8",Liver-Hepatocytes,CST,Accuracy,0.2207661290322581
"a=8,b=8",Liver-Hepatocytes,CST,MAE,0.5809953210052974
"a=8,b=8",Lung-Alveolar-Epithelial,CST,Pearson,0.4195397883877398
"a=8,b=8",Lung-Alveolar-Epithelial,CST,Spearman,0.4989671137758941
"a=8,b=8",Lung-Alveolar-Epithelial,CST,AUC,0.8207264414528829
"a=8,b=8",Lung-Alveolar-Epithelial,CST,Accuracy,0.2815315315315315
"a=8,b=8",Lung-Alveolar-Epithelial,CST,MAE,0.4521231831627543
"a=8,b=8",Lung-Bronchus-Epithelial,CST,Pearson,0.2293020119322161
"a=8,b=8",Lung-Bronchus-Epithelial,CST,Spearman,0.2076693757025969
"a=8,b=8",Lung-Bronchus-Epithelial,CST,AUC,0.6895040444599627
"a=8,b=8",Lung-Bronchus-Epithelial,CST,Accuracy,0.2204658901830283
"a=8,b=8",Lung-Bronchus-Epithelial,CST,MAE,0.4912615420076742
"a=8,b=8",Oligodendrocytes,CST,Pearson,0.3094833244687913
"a=8,b=8",Oligodendrocytes,CST,Spearman,0.335040428738089
"a=8,b=8",Oligodendrocytes,CST,AUC,0.7154796957428536
"a=8,b=8",Oligodendrocytes,CST,Accuracy,0.3656330749354005
"a=8,b=8",Oligodendrocytes,CST,MAE,0.4397756244712906
"a=8,b=8",Ovary-Epithelial,CST,Pearson,0.460116892039618
"a=8,b=8",Ovary-Epithelial,CST,Spearman,0.4861243730313176
"a=8,b=8",Ovary-Epithelial,CST,AUC,0.7928303671944238
"a=8,b=8",Ovary-Epithelial,CST,Accuracy,0.4289985052316891
"a=8,b=8",Ovary-Epithelial,CST,MAE,0.405719647217425
"a=8,b=8",Pancreas-Acinar,CST,Pearson,0.2794993618363822
"a=8,b=8",Pancreas-Acinar,CST,Spearman,0.3546051902213924
"a=8,b=8",Pancreas-Acinar,CST,AUC,0.7950396026312256
"a=8,b=8",Pancreas-Acinar,CST,Accuracy,0.03327645051194539
"a=8,b=8",Pancreas-Acinar,CST,MAE,0.7318152342096556
"a=8,b=8",Pancreas-Alpha,CST,Pearson,0.3198346117261044
"a=8,b=8",Pancreas-Alpha,CST,Spearman,0.4155189433636052
"a=8,b=8",Pancreas-Alpha,CST,AUC,0.7414943028417151
"a=8,b=8",Pancreas-Alpha,CST,Accuracy,0.3005226480836237
"a=8,b=8",Pancreas-Alpha,CST,MAE,0.5411890725481879
"a=8,b=8",Pancreas-Beta,CST,Pearson,0.3164054294847996
"a=8,b=8",Pancreas-Beta,CST,Spearman,0.3437687410928997
"a=8,b=8",Pancreas-Beta,CST,AUC,0.7847189750303937
"a=8,b=8",Pancreas-Beta,CST,Accuracy,0.3963235294117647
"a=8,b=8",Pancreas-Beta,CST,MAE,0.4891155267572578
"a=8,b=8",Pancreas-Delta,CST,Pearson,0.3947908095733588
"a=8,b=8",Pancreas-Delta,CST,Spearman,0.42150463553761
"a=8,b=8",Pancreas-Delta,CST,AUC,0.8571565735705288
"a=8,b=8",Pancreas-Delta,CST,Accuracy,0.3686305732484076
"a=8,b=8",Pancreas-Delta,CST,MAE,0.4800009168832782
"a=8,b=8",Pancreas-Duct,CST,Pearson,0.2851066880393284
"a=8,b=8",Pancreas-Duct,CST,Spearman,0.3699756362219792
"a=8,b=8",Pancreas-Duct,CST,AUC,0.7379563894523327
"a=8,b=8",Pancreas-Duct,CST,Accuracy,0.1095890410958904
"a=8,b=8",Pancreas-Duct,CST,MAE,0.6765879842210306
"a=8,b=8",Prostate-Epithelial,CST,Pearson,0.4184956326773372
"a=8,b=8",Prostate-Epithelial,CST,Spearman,0.4547695458844921
"a=8,b=8",Prostate-Epithelial,CST,AUC,0.7853585657370518
"a=8,b=8",Prostate-Epithelial,CST,Accuracy,0.2392086330935252
"a=8,b=8",Prostate-Epithelial,CST,MAE,0.4400075696904561
"a=8,b=8",Skeletal-Muscle,CST,Pearson,0.1220456301036947
"a=8,b=8",Skeletal-Muscle,CST,Spearman,0.1656610973945525
"a=8,b=8",Skeletal-Muscle,CST,AUC,0.5382546439628483
"a=8,b=8",Skeletal-Muscle,CST,Accuracy,0.0728862973760933
"a=8,b=8",Skeletal-Muscle,CST,MAE,0.403560882255044
"a=8,b=8",Small-int-Epithelial,CST,Pearson,0.3320458536395501
"a=8,b=8",Small-int-Epithelial,CST,Spearman,0.3561966495637379
"a=8,b=8",Small-int-Epithelial,CST,AUC,0.6988965517241379
"a=8,b=8",Small-int-Epithelial,CST,Accuracy,0.5291814946619217
"a=8,b=8",Small-int-Epithelial,CST,MAE,0.3815297977365819
"a=8,b=8",Thyroid-Epithelial,CST,Pearson,0.2095531574028871
"a=8,b=8",Thyroid-Epithelial,CST,Spearman,0.1654454155670358
"a=8,b=8",Thyroid-Epithelial,CST,AUC,0.7604761564820103
"a=8,b=8",Thyroid-Epithelial,CST,Accuracy,0.1841491841491842
"a=8,b=8",Thyroid-Epithelial,CST,MAE,0.6212691317392743
"a=8,b=32",GSM5652176_Adipocytes-Z000000T7,VALID,Pearson,0.8106209737039858
"a=8,b=32",GSM5652176_Adipocytes-Z000000T7,VALID,Spearman,0.6836713555394857
"a=8,b=32",GSM5652176_Adipocytes-Z000000T7,VALID,AUC,0.91058035127675
"a=8,b=32",GSM5652176_Adipocytes-Z000000T7,VALID,Accuracy,0.8982869601328903
"a=8,b=32",GSM5652176_Adipocytes-Z000000T7,VALID,MAE,0.120778997663617
"a=8,b=32",GSM5652179_Aorta-Endothel-Z00000422,VALID,Pearson,0.7775981509368055
"a=8,b=32",GSM5652179_Aorta-Endothel-Z00000422,VALID,Spearman,0.6861803049294077
"a=8,b=32",GSM5652179_Aorta-Endothel-Z00000422,VALID,AUC,0.8994162732586956
"a=8,b=32",GSM5652179_Aorta-Endothel-Z00000422,VALID,Accuracy,0.8709329848264594
"a=8,b=32",GSM5652179_Aorta-Endothel-Z00000422,VALID,MAE,0.1363992299839575
"a=8,b=32",GSM5652189_Kidney-Tubular-Endothel-Z0000042R,VALID,Pearson,0.7934902783169931
"a=8,b=32",GSM5652189_Kidney-Tubular-Endothel-Z0000042R,VALID,Spearman,0.6204351962291945
"a=8,b=32",GSM5652189_Kidney-Tubular-Endothel-Z0000042R,VALID,AUC,0.9119491453996541
"a=8,b=32",GSM5652189_Kidney-Tubular-Endothel-Z0000042R,VALID,Accuracy,0.909038796321169
"a=8,b=32",GSM5652189_Kidney-Tubular-Endothel-Z0000042R,VALID,MAE,0.1263027826736569
"a=8,b=32",GSM5652198_Colon-Fibroblasts-Z0000042A,VALID,Pearson,0.8104546991543599
"a=8,b=32",GSM5652198_Colon-Fibroblasts-Z0000042A,VALID,Spearman,0.7165486336442686
"a=8,b=32",GSM5652198_Colon-Fibroblasts-Z0000042A,VALID,AUC,0.9081622814522795
"a=8,b=32",GSM5652198_Colon-Fibroblasts-Z0000042A,VALID,Accuracy,0.8982972100692503
"a=8,b=32",GSM5652198_Colon-Fibroblasts-Z0000042A,VALID,MAE,0.116650574172991
"a=8,b=32",GSM5652200_Heart-Fibroblasts-Z0000043R,VALID,Pearson,0.7160159100862985
"a=8,b=32",GSM5652200_Heart-Fibroblasts-Z0000043R,VALID,Spearman,0.6826159440038682
"a=8,b=32",GSM5652200_Heart-Fibroblasts-Z0000043R,VALID,AUC,0.8569218494368227
"a=8,b=32",GSM5652200_Heart-Fibroblasts-Z0000043R,VALID,Accuracy,0.771668841546887
"a=8,b=32",GSM5652200_Heart-Fibroblasts-Z0000043R,VALID,MAE,0.1775773122158331
"a=8,b=32",GSM5652204_Dermal-Fibroblasts-Z00000423,VALID,Pearson,0.7792621935055867
"a=8,b=32",GSM5652204_Dermal-Fibroblasts-Z00000423,VALID,Spearman,0.6890534058628126
"a=8,b=32",GSM5652204_Dermal-Fibroblasts-Z00000423,VALID,AUC,0.8971472783387159
"a=8,b=32",GSM5652204_Dermal-Fibroblasts-Z00000423,VALID,Accuracy,0.8738288921302885
"a=8,b=32",GSM5652204_Dermal-Fibroblasts-Z00000423,VALID,MAE,0.1328785110816854
"a=8,b=32",GSM5652205_Skeletal-Muscle-Z00000427,VALID,Pearson,0.7948576771712609
"a=8,b=32",GSM5652205_Skeletal-Muscle-Z00000427,VALID,Spearman,0.6754794537542048
"a=8,b=32",GSM5652205_Skeletal-Muscle-Z00000427,VALID,AUC,0.8983832954821981
"a=8,b=32",GSM5652205_Skeletal-Muscle-Z00000427,VALID,Accuracy,0.8925699983546366
"a=8,b=32",GSM5652205_Skeletal-Muscle-Z00000427,VALID,MAE,0.1270891033043664
"a=8,b=32",GSM5652207_Aorta-Smooth-Muscle-Z0000041U,VALID,Pearson,0.7556910368226425
"a=8,b=32",GSM5652207_Aorta-Smooth-Muscle-Z0000041U,VALID,Spearman,0.7157511720099203
"a=8,b=32",GSM5652207_Aorta-Smooth-Muscle-Z0000041U,VALID,AUC,0.8768578887179428
"a=8,b=32",GSM5652207_Aorta-Smooth-Muscle-Z0000041U,VALID,Accuracy,0.8052694126030503
"a=8,b=32",GSM5652207_Aorta-Smooth-Muscle-Z0000041U,VALID,MAE,0.1478749907982858
"a=8,b=32",GSM5652215_Heart-Cardiomyocyte-Z0000044P,VALID,Pearson,0.7029098132589275
"a=8,b=32",GSM5652215_Heart-Cardiomyocyte-Z0000044P,VALID,Spearman,0.5196806429186119
"a=8,b=32",GSM5652215_Heart-Cardiomyocyte-Z0000044P,VALID,AUC,0.8680790112763191
"a=8,b=32",GSM5652215_Heart-Cardiomyocyte-Z0000044P,VALID,Accuracy,0.8738107756530252
"a=8,b=32",GSM5652215_Heart-Cardiomyocyte-Z0000044P,VALID,MAE,0.1848619915877484
"a=8,b=32",GSM5652218_Bone-Osteoblasts-Z0000042Z,VALID,Pearson,0.7626342168418149
"a=8,b=32",GSM5652218_Bone-Osteoblasts-Z0000042Z,VALID,Spearman,0.7157327084403217
"a=8,b=32",GSM5652218_Bone-Osteoblasts-Z0000042Z,VALID,AUC,0.8842915280495877
"a=8,b=32",GSM5652218_Bone-Osteoblasts-Z0000042Z,VALID,Accuracy,0.8228364245081773
"a=8,b=32",GSM5652218_Bone-Osteoblasts-Z0000042Z,VALID,MAE,0.1518673972836839
"a=8,b=32",GSM5652219_Oligodendrocytes-Z000000TK,VALID,Pearson,0.7972554596581364
"a=8,b=32",GSM5652219_Oligodendrocytes-Z000000TK,VALID,Spearman,0.5795017768359432
"a=8,b=32",GSM5652219_Oligodendrocytes-Z000000TK,VALID,AUC,0.9138093347900567
"a=8,b=32",GSM5652219_Oligodendrocytes-Z000000TK,VALID,Accuracy,0.9173795332922048
"a=8,b=32",GSM5652219_Oligodendrocytes-Z000000TK,VALID,MAE,0.120563349354482
"a=8,b=32",GSM5652223_Cortex-Neuron-Z000000TF,VALID,Pearson,0.8215487393785905
"a=8,b=32",GSM5652223_Cortex-Neuron-Z000000TF,VALID,Spearman,0.604464235513619
"a=8,b=32",GSM5652223_Cortex-Neuron-Z000000TF,VALID,AUC,0.9189456309347568
"a=8,b=32",GSM5652223_Cortex-Neuron-Z000000TF,VALID,Accuracy,0.9373635867757402
"a=8,b=32",GSM5652223_Cortex-Neuron-Z000000TF,VALID,MAE,0.1043782861125237
"a=8,b=32",GSM5652233_Liver-Hepatocytes-Z000000R3,VALID,Pearson,0.7841647779996348
"a=8,b=32",GSM5652233_Liver-Hepatocytes-Z000000R3,VALID,Spearman,0.6412136185854178
"a=8,b=32",GSM5652233_Liver-Hepatocytes-Z000000R3,VALID,AUC,0.9056341597373064
"a=8,b=32",GSM5652233_Liver-Hepatocytes-Z000000R3,VALID,Accuracy,0.9001146143700918
"a=8,b=32",GSM5652233_Liver-Hepatocytes-Z000000R3,VALID,MAE,0.1276412966056054
"a=8,b=32",GSM5652239_Pancreas-Duct-Z0000043T,VALID,Pearson,0.7864604343904467
"a=8,b=32",GSM5652239_Pancreas-Duct-Z0000043T,VALID,Spearman,0.5898231308860019
"a=8,b=32",GSM5652239_Pancreas-Duct-Z0000043T,VALID,AUC,0.9097014790796171
"a=8,b=32",GSM5652239_Pancreas-Duct-Z0000043T,VALID,Accuracy,0.9132786822113041
"a=8,b=32",GSM5652239_Pancreas-Duct-Z0000043T,VALID,MAE,0.1237029238194988
"a=8,b=32",GSM5652243_Pancreas-Acinar-Z000000QX,VALID,Pearson,0.7498059706589162
"a=8,b=32",GSM5652243_Pancreas-Acinar-Z000000QX,VALID,Spearman,0.6988145538251558
"a=8,b=32",GSM5652243_Pancreas-Acinar-Z000000QX,VALID,AUC,0.8855758260206824
"a=8,b=32",GSM5652243_Pancreas-Acinar-Z000000QX,VALID,Accuracy,0.8336767880674012
"a=8,b=32",GSM5652243_Pancreas-Acinar-Z000000QX,VALID,MAE,0.1589535461217636
"a=8,b=32",GSM5652247_Pancreas-Delta-Z00000451,VALID,Pearson,0.7770209518361729
"a=8,b=32",GSM5652247_Pancreas-Delta-Z00000451,VALID,Spearman,0.6188103829607836
"a=8,b=32",GSM5652247_Pancreas-Delta-Z00000451,VALID,AUC,0.9070326403564128
"a=8,b=32",GSM5652247_Pancreas-Delta-Z00000451,VALID,Accuracy,0.9037276659603211
"a=8,b=32",GSM5652247_Pancreas-Delta-Z00000451,VALID,MAE,0.133669343412682
"a=8,b=32",GSM5652250_Pancreas-Beta-Z00000452,VALID,Pearson,0.7766027856143289
"a=8,b=32",GSM5652250_Pancreas-Beta-Z00000452,VALID,Spearman,0.5970574204753378
"a=8,b=32",GSM5652250_Pancreas-Beta-Z00000452,VALID,AUC,0.9061009885943052
"a=8,b=32",GSM5652250_Pancreas-Beta-Z00000452,VALID,Accuracy,0.9091813985479104
"a=8,b=32",GSM5652250_Pancreas-Beta-Z00000452,VALID,MAE,0.1304566991295985
"a=8,b=32",GSM5652253_Pancreas-Alpha-Z00000453,VALID,Pearson,0.7767624964817644
"a=8,b=32",GSM5652253_Pancreas-Alpha-Z00000453,VALID,Spearman,0.6165492860033924
"a=8,b=32",GSM5652253_Pancreas-Alpha-Z00000453,VALID,AUC,0.9044130513615486
"a=8,b=32",GSM5652253_Pancreas-Alpha-Z00000453,VALID,Accuracy,0.9035301971895201
"a=8,b=32",GSM5652253_Pancreas-Alpha-Z00000453,VALID,MAE,0.1295481655476873
"a=8,b=32",GSM5652264_Thyroid-Epithelial-Z0000042S,VALID,Pearson,0.789653184946482
"a=8,b=32",GSM5652264_Thyroid-Epithelial-Z0000042S,VALID,Spearman,0.5926605980661954
"a=8,b=32",GSM5652264_Thyroid-Epithelial-Z0000042S,VALID,AUC,0.9103981746823656
"a=8,b=32",GSM5652264_Thyroid-Epithelial-Z0000042S,VALID,Accuracy,0.9143555791248136
"a=8,b=32",GSM5652264_Thyroid-Epithelial-Z0000042S,VALID,MAE,0.1253248157598702
"a=8,b=32",GSM5652267_Fallopian-Epithelial-Z000000Q7,VALID,Pearson,0.7885648260915089
"a=8,b=32",GSM5652267_Fallopian-Epithelial-Z000000Q7,VALID,Spearman,0.6156580720385124
"a=8,b=32",GSM5652267_Fallopian-Epithelial-Z000000Q7,VALID,AUC,0.9114264898007418
"a=8,b=32",GSM5652267_Fallopian-Epithelial-Z000000Q7,VALID,Accuracy,0.9013532423574404
"a=8,b=32",GSM5652267_Fallopian-Epithelial-Z000000Q7,VALID,MAE,0.1309325184150548
"a=8,b=32",GSM5652270_Ovary-Epithelial-Z000000QT,VALID,Pearson,0.7316685416669589
"a=8,b=32",GSM5652270_Ovary-Epithelial-Z000000QT,VALID,Spearman,0.5922416544028161
"a=8,b=32",GSM5652270_Ovary-Epithelial-Z000000QT,VALID,AUC,0.8817453690650835
"a=8,b=32",GSM5652270_Ovary-Epithelial-Z000000QT,VALID,Accuracy,0.8582499888543788
"a=8,b=32",GSM5652270_Ovary-Epithelial-Z000000QT,VALID,MAE,0.1635819924335823
"a=8,b=32",GSM5652274_Bone_marrow-Erythrocyte_progenitors-Z000000RF,VALID,Pearson,0.7792883363171053
"a=8,b=32",GSM5652274_Bone_marrow-Erythrocyte_progenitors-Z000000RF,VALID,Spearman,0.7214116727607159
"a=8,b=32",GSM5652274_Bone_marrow-Erythrocyte_progenitors-Z000000RF,VALID,AUC,0.8781972620839743
"a=8,b=32",GSM5652274_Bone_marrow-Erythrocyte_progenitors-Z000000RF,VALID,Accuracy,0.8038866333945334
"a=8,b=32",GSM5652274_Bone_marrow-Erythrocyte_progenitors-Z000000RF,VALID,MAE,0.1123621427436621
"a=8,b=32",GSM5652277_Blood-T-CD3-Z000000TV,VALID,Pearson,0.7966168614153076
"a=8,b=32",GSM5652277_Blood-T-CD3-Z000000TV,VALID,Spearman,0.6782079266245541
"a=8,b=32",GSM5652277_Blood-T-CD3-Z000000TV,VALID,AUC,0.9085989446912622
"a=8,b=32",GSM5652277_Blood-T-CD3-Z000000TV,VALID,Accuracy,0.9089038189114934
"a=8,b=32",GSM5652277_Blood-T-CD3-Z000000TV,VALID,MAE,0.1174404377460004
"a=8,b=32",GSM5652299_Blood-NK-Z000000TM,VALID,Pearson,0.7986816520845823
"a=8,b=32",GSM5652299_Blood-NK-Z000000TM,VALID,Spearman,0.5900254041489259
"a=8,b=32",GSM5652299_Blood-NK-Z000000TM,VALID,AUC,0.910506756396797
"a=8,b=32",GSM5652299_Blood-NK-Z000000TM,VALID,Accuracy,0.9287241287769268
"a=8,b=32",GSM5652299_Blood-NK-Z000000TM,VALID,MAE,0.1118036704287454
"a=8,b=32",GSM5652302_Blood-Monocytes-Z000000TP,VALID,Pearson,0.7922770661774748
"a=8,b=32",GSM5652302_Blood-Monocytes-Z000000TP,VALID,Spearman,0.5784890995243264
"a=8,b=32",GSM5652302_Blood-Monocytes-Z000000TP,VALID,AUC,0.9147024969848999
"a=8,b=32",GSM5652302_Blood-Monocytes-Z000000TP,VALID,Accuracy,0.9240785519323215
"a=8,b=32",GSM5652302_Blood-Monocytes-Z000000TP,VALID,MAE,0.1201507029263379
"a=8,b=32",GSM5652313_Blood-Granulocytes-Z000000TZ,VALID,Pearson,0.794088147438708
"a=8,b=32",GSM5652313_Blood-Granulocytes-Z000000TZ,VALID,Spearman,0.5940201626192985
"a=8,b=32",GSM5652313_Blood-Granulocytes-Z000000TZ,VALID,AUC,0.9146111400392567
"a=8,b=32",GSM5652313_Blood-Granulocytes-Z000000TZ,VALID,Accuracy,0.9217037420883147
"a=8,b=32",GSM5652313_Blood-Granulocytes-Z000000TZ,VALID,MAE,0.1182055801833006
"a=8,b=32",GSM5652317_Blood-B-Z000000UB,VALID,Pearson,0.7864196850701892
"a=8,b=32",GSM5652317_Blood-B-Z000000UB,VALID,Spearman,0.6466477284174034
"a=8,b=32",GSM5652317_Blood-B-Z000000UB,VALID,AUC,0.9057279839299898
"a=8,b=32",GSM5652317_Blood-B-Z000000UB,VALID,Accuracy,0.9129824296217919
"a=8,b=32",GSM5652317_Blood-B-Z000000UB,VALID,MAE,0.1239528243406043
"a=8,b=32",GSM5652321_Epidermal-Keratinocytes-Z00000424,VALID,Pearson,0.7857588384000426
"a=8,b=32",GSM5652321_Epidermal-Keratinocytes-Z00000424,VALID,Spearman,0.6780698190188339
"a=8,b=32",GSM5652321_Epidermal-Keratinocytes-Z00000424,VALID,AUC,0.9079971078250687
"a=8,b=32",GSM5652321_Epidermal-Keratinocytes-Z00000424,VALID,Accuracy,0.8886202660478862
"a=8,b=32",GSM5652321_Epidermal-Keratinocytes-Z00000424,VALID,MAE,0.130465224551563
"a=8,b=32",GSM5652322_Tonsil-Palatine-Epithelial-Z000000QF,VALID,Pearson,0.7787386128420625
"a=8,b=32",GSM5652322_Tonsil-Palatine-Epithelial-Z000000QF,VALID,Spearman,0.6987882105769475
"a=8,b=32",GSM5652322_Tonsil-Palatine-Epithelial-Z000000QF,VALID,AUC,0.901045651673719
"a=8,b=32",GSM5652322_Tonsil-Palatine-Epithelial-Z000000QF,VALID,Accuracy,0.8603204107381136
"a=8,b=32",GSM5652322_Tonsil-Palatine-Epithelial-Z000000QF,VALID,MAE,0.1444766395178289
"a=8,b=32",GSM5652335_Lung-Bronchus-Epithelial-Z000000QD,VALID,Pearson,0.7915700114109236
"a=8,b=32",GSM5652335_Lung-Bronchus-Epithelial-Z000000QD,VALID,Spearman,0.6529480777141268
"a=8,b=32",GSM5652335_Lung-Bronchus-Epithelial-Z000000QD,VALID,AUC,0.9122600482810219
"a=8,b=32",GSM5652335_Lung-Bronchus-Epithelial-Z000000QD,VALID,Accuracy,0.8933536285777594
"a=8,b=32",GSM5652335_Lung-Bronchus-Epithelial-Z000000QD,VALID,MAE,0.1336269258037594
"a=8,b=32",GSM5652338_Prostate-Epithelial-Z000000RV,VALID,Pearson,0.7996028620989097
"a=8,b=32",GSM5652338_Prostate-Epithelial-Z000000RV,VALID,Spearman,0.6680888909547149
"a=8,b=32",GSM5652338_Prostate-Epithelial-Z000000RV,VALID,AUC,0.9143974333037189
"a=8,b=32",GSM5652338_Prostate-Epithelial-Z000000RV,VALID,Accuracy,0.9014541457402672
"a=8,b=32",GSM5652338_Prostate-Epithelial-Z000000RV,VALID,MAE,0.1240133002736967
"a=8,b=32",GSM5652342_Bladder-Epithelial-Z000000QM,VALID,Pearson,0.7750631446239706
"a=8,b=32",GSM5652342_Bladder-Epithelial-Z000000QM,VALID,Spearman,0.6610426758171513
"a=8,b=32",GSM5652342_Bladder-Epithelial-Z000000QM,VALID,AUC,0.904764263742949
"a=8,b=32",GSM5652342_Bladder-Epithelial-Z000000QM,VALID,Accuracy,0.8753164973869768
"a=8,b=32",GSM5652342_Bladder-Epithelial-Z000000QM,VALID,MAE,0.1422436753712004
"a=8,b=32",GSM5652347_Breast-Luminal-Epithelial-Z000000V2,VALID,Pearson,0.7960386076858714
"a=8,b=32",GSM5652347_Breast-Luminal-Epithelial-Z000000V2,VALID,Spearman,0.6109450569301322
"a=8,b=32",GSM5652347_Breast-Luminal-Epithelial-Z000000V2,VALID,AUC,0.9152656375073728
"a=8,b=32",GSM5652347_Breast-Luminal-Epithelial-Z000000V2,VALID,Accuracy,0.9092905300464164
"a=8,b=32",GSM5652347_Breast-Luminal-Epithelial-Z000000V2,VALID,MAE,0.1241102245708364
"a=8,b=32",GSM5652350_Breast-Basal-Epithelial-Z000000V6,VALID,Pearson,0.7771520387961608
"a=8,b=32",GSM5652350_Breast-Basal-Epithelial-Z000000V6,VALID,Spearman,0.5936574426670553
"a=8,b=32",GSM5652350_Breast-Basal-Epithelial-Z000000V6,VALID,AUC,0.9106557004212641
"a=8,b=32",GSM5652350_Breast-Basal-Epithelial-Z000000V6,VALID,Accuracy,0.9070419239538264
"a=8,b=32",GSM5652350_Breast-Basal-Epithelial-Z000000V6,VALID,MAE,0.131513713674124
"a=8,b=32",GSM5652354_Lung-Alveolar-Epithelial-Z000000T1,VALID,Pearson,0.8036163650586414
"a=8,b=32",GSM5652354_Lung-Alveolar-Epithelial-Z000000T1,VALID,Spearman,0.6961623776039414
"a=8,b=32",GSM5652354_Lung-Alveolar-Epithelial-Z000000T1,VALID,AUC,0.9147888050293533
"a=8,b=32",GSM5652354_Lung-Alveolar-Epithelial-Z000000T1,VALID,Accuracy,0.8975917375240072
"a=8,b=32",GSM5652354_Lung-Alveolar-Epithelial-Z000000T1,VALID,MAE,0.1251552574367226
"a=8,b=32",GSM5652358_Gallbladder-Epithelial-Z00000432,VALID,Pearson,0.7867469542183906
"a=8,b=32",GSM5652358_Gallbladder-Epithelial-Z00000432,VALID,Spearman,0.609120434450523
"a=8,b=32",GSM5652358_Gallbladder-Epithelial-Z00000432,VALID,AUC,0.9127817837736678
"a=8,b=32",GSM5652358_Gallbladder-Epithelial-Z00000432,VALID,Accuracy,0.9005060964991904
"a=8,b=32",GSM5652358_Gallbladder-Epithelial-Z00000432,VALID,MAE,0.1344264472563962
"a=8,b=32",GSM5652359_Gastric-fundus-Epithelial-Z000000RX,VALID,Pearson,0.7848432635864389
"a=8,b=32",GSM5652359_Gastric-fundus-Epithelial-Z000000RX,VALID,Spearman,0.6972154758328207
"a=8,b=32",GSM5652359_Gastric-fundus-Epithelial-Z000000RX,VALID,AUC,0.9072183189726226
"a=8,b=32",GSM5652359_Gastric-fundus-Epithelial-Z000000RX,VALID,Accuracy,0.8807796672628398
"a=8,b=32",GSM5652359_Gastric-fundus-Epithelial-Z000000RX,VALID,MAE,0.1348866209928882
"a=8,b=32",GSM5652370_Colon-Right-Epithelial-Z000000V0,VALID,Pearson,0.7757967796769407
"a=8,b=32",GSM5652370_Colon-Right-Epithelial-Z000000V0,VALID,Spearman,0.6436533966267403
"a=8,b=32",GSM5652370_Colon-Right-Epithelial-Z000000V0,VALID,AUC,0.9096872635749335
"a=8,b=32",GSM5652370_Colon-Right-Epithelial-Z000000V0,VALID,Accuracy,0.8907085007050348
"a=8,b=32",GSM5652370_Colon-Right-Epithelial-Z000000V0,VALID,MAE,0.138009771583534
"a=8,b=32",GSM5652378_Small-int-Epithelial-Z0000042V,VALID,Pearson,0.7611763313391756
"a=8,b=32",GSM5652378_Small-int-Epithelial-Z0000042V,VALID,Spearman,0.6372025682063024
"a=8,b=32",GSM5652378_Small-int-Epithelial-Z0000042V,VALID,AUC,0.9059702530482326
"a=8,b=32",GSM5652378_Small-int-Epithelial-Z0000042V,VALID,Accuracy,0.8811266031018294
"a=8,b=32",GSM5652378_Small-int-Epithelial-Z0000042V,VALID,MAE,0.1435293708467938
"a=8,b=32",GSM5652176_Adipocytes-Z000000T7,TEST,Pearson,0.8110498052403096
"a=8,b=32",GSM5652176_Adipocytes-Z000000T7,TEST,Spearman,0.69892696259822
"a=8,b=32",GSM5652176_Adipocytes-Z000000T7,TEST,AUC,0.9113777847088732
"a=8,b=32",GSM5652176_Adipocytes-Z000000T7,TEST,Accuracy,0.899928892710676
"a=8,b=32",GSM5652176_Adipocytes-Z000000T7,TEST,MAE,0.1200675803542126
"a=8,b=32",GSM5652179_Aorta-Endothel-Z00000422,TEST,Pearson,0.7774040526773404
"a=8,b=32",GSM5652179_Aorta-Endothel-Z00000422,TEST,Spearman,0.689780344020156
"a=8,b=32",GSM5652179_Aorta-Endothel-Z00000422,TEST,AUC,0.8999236984589686
"a=8,b=32",GSM5652179_Aorta-Endothel-Z00000422,TEST,Accuracy,0.8698413062903009
"a=8,b=32",GSM5652179_Aorta-Endothel-Z00000422,TEST,MAE,0.1363025901606968
"a=8,b=32",GSM5652189_Kidney-Tubular-Endothel-Z0000042R,TEST,Pearson,0.791927353759831
"a=8,b=32",GSM5652189_Kidney-Tubular-Endothel-Z0000042R,TEST,Spearman,0.6181970587186479
"a=8,b=32",GSM5652189_Kidney-Tubular-Endothel-Z0000042R,TEST,AUC,0.9101780859110721
"a=8,b=32",GSM5652189_Kidney-Tubular-Endothel-Z0000042R,TEST,Accuracy,0.9079359567122292
"a=8,b=32",GSM5652189_Kidney-Tubular-Endothel-Z0000042R,TEST,MAE,0.126078960536283
"a=8,b=32",GSM5652198_Colon-Fibroblasts-Z0000042A,TEST,Pearson,0.8079961330222025
"a=8,b=32",GSM5652198_Colon-Fibroblasts-Z0000042A,TEST,Spearman,0.709388143339094
"a=8,b=32",GSM5652198_Colon-Fibroblasts-Z0000042A,TEST,AUC,0.907351607495919
"a=8,b=32",GSM5652198_Colon-Fibroblasts-Z0000042A,TEST,Accuracy,0.8979154181832807
"a=8,b=32",GSM5652198_Colon-Fibroblasts-Z0000042A,TEST,MAE,0.1169409907922925
"a=8,b=32",GSM5652200_Heart-Fibroblasts-Z0000043R,TEST,Pearson,0.7165406659270649
"a=8,b=32",GSM5652200_Heart-Fibroblasts-Z0000043R,TEST,Spearman,0.6900862604372171
"a=8,b=32",GSM5652200_Heart-Fibroblasts-Z0000043R,TEST,AUC,0.856498284574134
"a=8,b=32",GSM5652200_Heart-Fibroblasts-Z0000043R,TEST,Accuracy,0.7721415940391694
"a=8,b=32",GSM5652200_Heart-Fibroblasts-Z0000043R,TEST,MAE,0.1765594834555874
"a=8,b=32",GSM5652204_Dermal-Fibroblasts-Z00000423,TEST,Pearson,0.7795331569229227
"a=8,b=32",GSM5652204_Dermal-Fibroblasts-Z00000423,TEST,Spearman,0.6884100772975704
"a=8,b=32",GSM5652204_Dermal-Fibroblasts-Z00000423,TEST,AUC,0.8965626775582946
"a=8,b=32",GSM5652204_Dermal-Fibroblasts-Z00000423,TEST,Accuracy,0.8733721096105475
"a=8,b=32",GSM5652204_Dermal-Fibroblasts-Z00000423,TEST,MAE,0.1327779976503045
"a=8,b=32",GSM5652205_Skeletal-Muscle-Z00000427,TEST,Pearson,0.7947410859531866
"a=8,b=32",GSM5652205_Skeletal-Muscle-Z00000427,TEST,Spearman,0.6798520181608794
"a=8,b=32",GSM5652205_Skeletal-Muscle-Z00000427,TEST,AUC,0.8996020140346882
"a=8,b=32",GSM5652205_Skeletal-Muscle-Z00000427,TEST,Accuracy,0.894527451474666
"a=8,b=32",GSM5652205_Skeletal-Muscle-Z00000427,TEST,MAE,0.1268205705132743
"a=8,b=32",GSM5652207_Aorta-Smooth-Muscle-Z0000041U,TEST,Pearson,0.753509677299041
"a=8,b=32",GSM5652207_Aorta-Smooth-Muscle-Z0000041U,TEST,Spearman,0.7074255178457443
"a=8,b=32",GSM5652207_Aorta-Smooth-Muscle-Z0000041U,TEST,AUC,0.8740003462247654
"a=8,b=32",GSM5652207_Aorta-Smooth-Muscle-Z0000041U,TEST,Accuracy,0.801411537808301
"a=8,b=32",GSM5652207_Aorta-Smooth-Muscle-Z0000041U,TEST,MAE,0.1477706058343428
"a=8,b=32",GSM5652215_Heart-Cardiomyocyte-Z0000044P,TEST,Pearson,0.6969838687232469
"a=8,b=32",GSM5652215_Heart-Cardiomyocyte-Z0000044P,TEST,Spearman,0.5130968350535019
"a=8,b=32",GSM5652215_Heart-Cardiomyocyte-Z0000044P,TEST,AUC,0.8659522166383551
"a=8,b=32",GSM5652215_Heart-Cardiomyocyte-Z0000044P,TEST,Accuracy,0.8736592009322773
"a=8,b=32",GSM5652215_Heart-Cardiomyocyte-Z0000044P,TEST,MAE,0.1857495872634225
"a=8,b=32",GSM5652218_Bone-Osteoblasts-Z0000042Z,TEST,Pearson,0.7596610325692003
"a=8,b=32",GSM5652218_Bone-Osteoblasts-Z0000042Z,TEST,Spearman,0.7223166268209732
"a=8,b=32",GSM5652218_Bone-Osteoblasts-Z0000042Z,TEST,AUC,0.8833632588796827
"a=8,b=32",GSM5652218_Bone-Osteoblasts-Z0000042Z,TEST,Accuracy,0.8194817451416121
"a=8,b=32",GSM5652218_Bone-Osteoblasts-Z0000042Z,TEST,MAE,0.1532787389166047
"a=8,b=32",GSM5652219_Oligodendrocytes-Z000000TK,TEST,Pearson,0.7964998443492725
"a=8,b=32",GSM5652219_Oligodendrocytes-Z000000TK,TEST,Spearman,0.5734905235437745
"a=8,b=32",GSM5652219_Oligodendrocytes-Z000000TK,TEST,AUC,0.9137233111224564
"a=8,b=32",GSM5652219_Oligodendrocytes-Z000000TK,TEST,Accuracy,0.919194556114751
"a=8,b=32",GSM5652219_Oligodendrocytes-Z000000TK,TEST,MAE,0.1206232002439952
"a=8,b=32",GSM5652223_Cortex-Neuron-Z000000TF,TEST,Pearson,0.8187986405470662
"a=8,b=32",GSM5652223_Cortex-Neuron-Z000000TF,TEST,Spearman,0.6106504638660579
"a=8,b=32",GSM5652223_Cortex-Neuron-Z000000TF,TEST,AUC,0.9180418697685798
"a=8,b=32",GSM5652223_Cortex-Neuron-Z000000TF,TEST,Accuracy,0.9378169892879412
"a=8,b=32",GSM5652223_Cortex-Neuron-Z000000TF,TEST,MAE,0.1054639759355824
"a=8,b=32",GSM5652233_Liver-Hepatocytes-Z000000R3,TEST,Pearson,0.7771663532444025
"a=8,b=32",GSM5652233_Liver-Hepatocytes-Z000000R3,TEST,Spearman,0.6465509405040837
"a=8,b=32",GSM5652233_Liver-Hepatocytes-Z000000R3,TEST,AUC,0.9010782601072616
"a=8,b=32",GSM5652233_Liver-Hepatocytes-Z000000R3,TEST,Accuracy,0.8929153777422237
"a=8,b=32",GSM5652233_Liver-Hepatocytes-Z000000R3,TEST,MAE,0.129297746845978
"a=8,b=32",GSM5652239_Pancreas-Duct-Z0000043T,TEST,Pearson,0.7831963391778011
"a=8,b=32",GSM5652239_Pancreas-Duct-Z0000043T,TEST,Spearman,0.5991123382306218
"a=8,b=32",GSM5652239_Pancreas-Duct-Z0000043T,TEST,AUC,0.9073287306991819
"a=8,b=32",GSM5652239_Pancreas-Duct-Z0000043T,TEST,Accuracy,0.9109300413379459
"a=8,b=32",GSM5652239_Pancreas-Duct-Z0000043T,TEST,MAE,0.1231205147142442
"a=8,b=32",GSM5652243_Pancreas-Acinar-Z000000QX,TEST,Pearson,0.752518246834121
"a=8,b=32",GSM5652243_Pancreas-Acinar-Z000000QX,TEST,Spearman,0.6891629442959842
"a=8,b=32",GSM5652243_Pancreas-Acinar-Z000000QX,TEST,AUC,0.8846340678581391
"a=8,b=32",GSM5652243_Pancreas-Acinar-Z000000QX,TEST,Accuracy,0.8320672021912191
"a=8,b=32",GSM5652243_Pancreas-Acinar-Z000000QX,TEST,MAE,0.1576110821942379
"a=8,b=32",GSM5652247_Pancreas-Delta-Z00000451,TEST,Pearson,0.7739368780538232
"a=8,b=32",GSM5652247_Pancreas-Delta-Z00000451,TEST,Spearman,0.6171682917154425
"a=8,b=32",GSM5652247_Pancreas-Delta-Z00000451,TEST,AUC,0.9039783670962206
"a=8,b=32",GSM5652247_Pancreas-Delta-Z00000451,TEST,Accuracy,0.9023926208053773
"a=8,b=32",GSM5652247_Pancreas-Delta-Z00000451,TEST,MAE,0.1338632115941852
"a=8,b=32",GSM5652250_Pancreas-Beta-Z00000452,TEST,Pearson,0.7731925762288449
"a=8,b=32",GSM5652250_Pancreas-Beta-Z00000452,TEST,Spearman,0.5824959574126126
"a=8,b=32",GSM5652250_Pancreas-Beta-Z00000452,TEST,AUC,0.9038564605385759
"a=8,b=32",GSM5652250_Pancreas-Beta-Z00000452,TEST,Accuracy,0.9083164339487587
"a=8,b=32",GSM5652250_Pancreas-Beta-Z00000452,TEST,MAE,0.1306120216104528
"a=8,b=32",GSM5652253_Pancreas-Alpha-Z00000453,TEST,Pearson,0.7737789071844733
"a=8,b=32",GSM5652253_Pancreas-Alpha-Z00000453,TEST,Spearman,0.623483467489592
"a=8,b=32",GSM5652253_Pancreas-Alpha-Z00000453,TEST,AUC,0.9032151319846213
"a=8,b=32",GSM5652253_Pancreas-Alpha-Z00000453,TEST,Accuracy,0.9038830957203907
"a=8,b=32",GSM5652253_Pancreas-Alpha-Z00000453,TEST,MAE,0.1315550741195831
"a=8,b=32",GSM5652264_Thyroid-Epithelial-Z0000042S,TEST,Pearson,0.7872421882180968
"a=8,b=32",GSM5652264_Thyroid-Epithelial-Z0000042S,TEST,Spearman,0.5897865017012945
"a=8,b=32",GSM5652264_Thyroid-Epithelial-Z0000042S,TEST,AUC,0.9091509962376336
"a=8,b=32",GSM5652264_Thyroid-Epithelial-Z0000042S,TEST,Accuracy,0.9154839875114565
"a=8,b=32",GSM5652264_Thyroid-Epithelial-Z0000042S,TEST,MAE,0.1254373073230262
"a=8,b=32",GSM5652267_Fallopian-Epithelial-Z000000Q7,TEST,Pearson,0.7876003784531285
"a=8,b=32",GSM5652267_Fallopian-Epithelial-Z000000Q7,TEST,Spearman,0.608851194473745
"a=8,b=32",GSM5652267_Fallopian-Epithelial-Z000000Q7,TEST,AUC,0.9098021176596803
"a=8,b=32",GSM5652267_Fallopian-Epithelial-Z000000Q7,TEST,Accuracy,0.9011670907671574
"a=8,b=32",GSM5652267_Fallopian-Epithelial-Z000000Q7,TEST,MAE,0.1312030436109777
"a=8,b=32",GSM5652270_Ovary-Epithelial-Z000000QT,TEST,Pearson,0.7245592946509438
"a=8,b=32",GSM5652270_Ovary-Epithelial-Z000000QT,TEST,Spearman,0.5982505154391219
"a=8,b=32",GSM5652270_Ovary-Epithelial-Z000000QT,TEST,AUC,0.8776954822739642
"a=8,b=32",GSM5652270_Ovary-Epithelial-Z000000QT,TEST,Accuracy,0.8521532098645408
"a=8,b=32",GSM5652270_Ovary-Epithelial-Z000000QT,TEST,MAE,0.1672473371977161
"a=8,b=32",GSM5652274_Bone_marrow-Erythrocyte_progenitors-Z000000RF,TEST,Pearson,0.7719982937065726
"a=8,b=32",GSM5652274_Bone_marrow-Erythrocyte_progenitors-Z000000RF,TEST,Spearman,0.7263360861563953
"a=8,b=32",GSM5652274_Bone_marrow-Erythrocyte_progenitors-Z000000RF,TEST,AUC,0.8751506637732579
"a=8,b=32",GSM5652274_Bone_marrow-Erythrocyte_progenitors-Z000000RF,TEST,Accuracy,0.7999906829329806
"a=8,b=32",GSM5652274_Bone_marrow-Erythrocyte_progenitors-Z000000RF,TEST,MAE,0.1147632682640789
"a=8,b=32",GSM5652277_Blood-T-CD3-Z000000TV,TEST,Pearson,0.7937280475195564
"a=8,b=32",GSM5652277_Blood-T-CD3-Z000000TV,TEST,Spearman,0.6844816563083306
"a=8,b=32",GSM5652277_Blood-T-CD3-Z000000TV,TEST,AUC,0.90769002747357
"a=8,b=32",GSM5652277_Blood-T-CD3-Z000000TV,TEST,Accuracy,0.9075956343816818
"a=8,b=32",GSM5652277_Blood-T-CD3-Z000000TV,TEST,MAE,0.1183521876433626
"a=8,b=32",GSM5652299_Blood-NK-Z000000TM,TEST,Pearson,0.7962446158077198
"a=8,b=32",GSM5652299_Blood-NK-Z000000TM,TEST,Spearman,0.5989442535560918
"a=8,b=32",GSM5652299_Blood-NK-Z000000TM,TEST,AUC,0.9100047852872155
"a=8,b=32",GSM5652299_Blood-NK-Z000000TM,TEST,Accuracy,0.9292821743687916
"a=8,b=32",GSM5652299_Blood-NK-Z000000TM,TEST,MAE,0.1123105660875431
"a=8,b=32",GSM5652302_Blood-Monocytes-Z000000TP,TEST,Pearson,0.7903913368960077
"a=8,b=32",GSM5652302_Blood-Monocytes-Z000000TP,TEST,Spearman,0.5725753756092006
"a=8,b=32",GSM5652302_Blood-Monocytes-Z000000TP,TEST,AUC,0.9135978230342774
"a=8,b=32",GSM5652302_Blood-Monocytes-Z000000TP,TEST,Accuracy,0.9249717628818077
"a=8,b=32",GSM5652302_Blood-Monocytes-Z000000TP,TEST,MAE,0.1203705661460705
"a=8,b=32",GSM5652313_Blood-Granulocytes-Z000000TZ,TEST,Pearson,0.7925416883553499
"a=8,b=32",GSM5652313_Blood-Granulocytes-Z000000TZ,TEST,Spearman,0.6153464714575753
"a=8,b=32",GSM5652313_Blood-Granulocytes-Z000000TZ,TEST,AUC,0.913874032357074
"a=8,b=32",GSM5652313_Blood-Granulocytes-Z000000TZ,TEST,Accuracy,0.9228314120368595
"a=8,b=32",GSM5652313_Blood-Granulocytes-Z000000TZ,TEST,MAE,0.1182365052284273
"a=8,b=32",GSM5652317_Blood-B-Z000000UB,TEST,Pearson,0.7844578381702837
"a=8,b=32",GSM5652317_Blood-B-Z000000UB,TEST,Spearman,0.6412918541538344
"a=8,b=32",GSM5652317_Blood-B-Z000000UB,TEST,AUC,0.9054949489127168
"a=8,b=32",GSM5652317_Blood-B-Z000000UB,TEST,Accuracy,0.912704140551824
"a=8,b=32",GSM5652317_Blood-B-Z000000UB,TEST,MAE,0.1249278602404699
"a=8,b=32",GSM5652321_Epidermal-Keratinocytes-Z00000424,TEST,Pearson,0.7864494662422093
"a=8,b=32",GSM5652321_Epidermal-Keratinocytes-Z00000424,TEST,Spearman,0.6594055627392713
"a=8,b=32",GSM5652321_Epidermal-Keratinocytes-Z00000424,TEST,AUC,0.9085823487676942
"a=8,b=32",GSM5652321_Epidermal-Keratinocytes-Z00000424,TEST,Accuracy,0.8895988087198934
"a=8,b=32",GSM5652321_Epidermal-Keratinocytes-Z00000424,TEST,MAE,0.1307815001706537
"a=8,b=32",GSM5652322_Tonsil-Palatine-Epithelial-Z000000QF,TEST,Pearson,0.7791525527997347
"a=8,b=32",GSM5652322_Tonsil-Palatine-Epithelial-Z000000QF,TEST,Spearman,0.7003791845606006
"a=8,b=32",GSM5652322_Tonsil-Palatine-Epithelial-Z000000QF,TEST,AUC,0.9014347732084427
"a=8,b=32",GSM5652322_Tonsil-Palatine-Epithelial-Z000000QF,TEST,Accuracy,0.8600879849969549
"a=8,b=32",GSM5652322_Tonsil-Palatine-Epithelial-Z000000QF,TEST,MAE,0.1467264150550908
"a=8,b=32",GSM5652335_Lung-Bronchus-Epithelial-Z000000QD,TEST,Pearson,0.790640646466397
"a=8,b=32",GSM5652335_Lung-Bronchus-Epithelial-Z000000QD,TEST,Spearman,0.6510167036675415
"a=8,b=32",GSM5652335_Lung-Bronchus-Epithelial-Z000000QD,TEST,AUC,0.9113947412493616
"a=8,b=32",GSM5652335_Lung-Bronchus-Epithelial-Z000000QD,TEST,Accuracy,0.8930796596201299
"a=8,b=32",GSM5652335_Lung-Bronchus-Epithelial-Z000000QD,TEST,MAE,0.1349646249179433
"a=8,b=32",GSM5652338_Prostate-Epithelial-Z000000RV,TEST,Pearson,0.8002031212777254
"a=8,b=32",GSM5652338_Prostate-Epithelial-Z000000RV,TEST,Spearman,0.6605090317971387
"a=8,b=32",GSM5652338_Prostate-Epithelial-Z000000RV,TEST,AUC,0.9145212436213501
"a=8,b=32",GSM5652338_Prostate-Epithelial-Z000000RV,TEST,Accuracy,0.9016783386190115
"a=8,b=32",GSM5652338_Prostate-Epithelial-Z000000RV,TEST,MAE,0.1245870709398962
"a=8,b=32",GSM5652342_Bladder-Epithelial-Z000000QM,TEST,Pearson,0.7763065549914159
"a=8,b=32",GSM5652342_Bladder-Epithelial-Z000000QM,TEST,Spearman,0.6841399829477856
"a=8,b=32",GSM5652342_Bladder-Epithelial-Z000000QM,TEST,AUC,0.9050658211645309
"a=8,b=32",GSM5652342_Bladder-Epithelial-Z000000QM,TEST,Accuracy,0.8750439855691139
"a=8,b=32",GSM5652342_Bladder-Epithelial-Z000000QM,TEST,MAE,0.1422621075042921
"a=8,b=32",GSM5652347_Breast-Luminal-Epithelial-Z000000V2,TEST,Pearson,0.7955443814263262
"a=8,b=32",GSM5652347_Breast-Luminal-Epithelial-Z000000V2,TEST,Spearman,0.6312797657900212
"a=8,b=32",GSM5652347_Breast-Luminal-Epithelial-Z000000V2,TEST,AUC,0.9143502932738734
"a=8,b=32",GSM5652347_Breast-Luminal-Epithelial-Z000000V2,TEST,Accuracy,0.9093090892989049
"a=8,b=32",GSM5652347_Breast-Luminal-Epithelial-Z000000V2,TEST,MAE,0.1239618882750975
"a=8,b=32",GSM5652350_Breast-Basal-Epithelial-Z000000V6,TEST,Pearson,0.7763398247598357
"a=8,b=32",GSM5652350_Breast-Basal-Epithelial-Z000000V6,TEST,Spearman,0.5766512911675801
"a=8,b=32",GSM5652350_Breast-Basal-Epithelial-Z000000V6,TEST,AUC,0.9105647327561587
"a=8,b=32",GSM5652350_Breast-Basal-Epithelial-Z000000V6,TEST,Accuracy,0.9067123982161792
"a=8,b=32",GSM5652350_Breast-Basal-Epithelial-Z000000V6,TEST,MAE,0.1321363075211598
"a=8,b=32",GSM5652354_Lung-Alveolar-Epithelial-Z000000T1,TEST,Pearson,0.8016640516663273
"a=8,b=32",GSM5652354_Lung-Alveolar-Epithelial-Z000000T1,TEST,Spearman,0.6742244660331971
"a=8,b=32",GSM5652354_Lung-Alveolar-Epithelial-Z000000T1,TEST,AUC,0.914612082788407
"a=8,b=32",GSM5652354_Lung-Alveolar-Epithelial-Z000000T1,TEST,Accuracy,0.8981637048441812
"a=8,b=32",GSM5652354_Lung-Alveolar-Epithelial-Z000000T1,TEST,MAE,0.125935562950053
"a=8,b=32",GSM5652358_Gallbladder-Epithelial-Z00000432,TEST,Pearson,0.7824830612269181
"a=8,b=32",GSM5652358_Gallbladder-Epithelial-Z00000432,TEST,Spearman,0.6198548925030676
"a=8,b=32",GSM5652358_Gallbladder-Epithelial-Z00000432,TEST,AUC,0.9103564324174543
"a=8,b=32",GSM5652358_Gallbladder-Epithelial-Z00000432,TEST,Accuracy,0.8985802198564372
"a=8,b=32",GSM5652358_Gallbladder-Epithelial-Z00000432,TEST,MAE,0.1349667779873464
"a=8,b=32",GSM5652359_Gastric-fundus-Epithelial-Z000000RX,TEST,Pearson,0.7798486666212471
"a=8,b=32",GSM5652359_Gastric-fundus-Epithelial-Z000000RX,TEST,Spearman,0.6847174961884107
"a=8,b=32",GSM5652359_Gastric-fundus-Epithelial-Z000000RX,TEST,AUC,0.9051984753651489
"a=8,b=32",GSM5652359_Gastric-fundus-Epithelial-Z000000RX,TEST,Accuracy,0.8782421114250656
"a=8,b=32",GSM5652359_Gastric-fundus-Epithelial-Z000000RX,TEST,MAE,0.1374214433605987
"a=8,b=32",GSM5652370_Colon-Right-Epithelial-Z000000V0,TEST,Pearson,0.7727514614793849
"a=8,b=32",GSM5652370_Colon-Right-Epithelial-Z000000V0,TEST,Spearman,0.6462741895463947
"a=8,b=32",GSM5652370_Colon-Right-Epithelial-Z000000V0,TEST,AUC,0.9069324287537253
"a=8,b=32",GSM5652370_Colon-Right-Epithelial-Z000000V0,TEST,Accuracy,0.8869086469550997
"a=8,b=32",GSM5652370_Colon-Right-Epithelial-Z000000V0,TEST,MAE,0.1399947373454592
"a=8,b=32",GSM5652378_Small-int-Epithelial-Z0000042V,TEST,Pearson,0.7639132402001471
"a=8,b=32",GSM5652378_Small-int-Epithelial-Z0000042V,TEST,Spearman,0.6547858593581346
"a=8,b=32",GSM5652378_Small-int-Epithelial-Z0000042V,TEST,AUC,0.9047064961314916
"a=8,b=32",GSM5652378_Small-int-Epithelial-Z0000042V,TEST,Accuracy,0.8782680936717877
"a=8,b=32",GSM5652378_Small-int-Epithelial-Z0000042V,TEST,MAE,0.1434610614053257
"a=8,b=32",Adipocytes,CST,Pearson,0.3126211177203424
"a=8,b=32",Adipocytes,CST,Spearman,0.2812837100717007
"a=8,b=32",Adipocytes,CST,AUC,0.799188790560472
"a=8,b=32",Adipocytes,CST,Accuracy,0.30078125
"a=8,b=32",Adipocytes,CST,MAE,0.3591967281827237
"a=8,b=32",Aorta-Endothel,CST,Pearson,0.4789979129019662
"a=8,b=32",Aorta-Endothel,CST,Spearman,0.4651654106224603
"a=8,b=32",Aorta-Endothel,CST,AUC,0.7642097201523431
"a=8,b=32",Aorta-Endothel,CST,Accuracy,0.6706827309236948
"a=8,b=32",Aorta-Endothel,CST,MAE,0.2477353405147552
"a=8,b=32",Aorta-Smooth-Muscle,CST,Pearson,0.4704106129140537
"a=8,b=32",Aorta-Smooth-Muscle,CST,Spearman,0.4724949548091442
"a=8,b=32",Aorta-Smooth-Muscle,CST,AUC,0.7821737487403426
"a=8,b=32",Aorta-Smooth-Muscle,CST,Accuracy,0.697508896797153
"a=8,b=32",Aorta-Smooth-Muscle,CST,MAE,0.1623513087749587
"a=8,b=32",Bladder-Epithelial,CST,Pearson,0.2939293562360074
"a=8,b=32",Bladder-Epithelial,CST,Spearman,0.2763176208277642
"a=8,b=32",Bladder-Epithelial,CST,AUC,0.6781067961165048
"a=8,b=32",Bladder-Epithelial,CST,Accuracy,0.3263473053892216
"a=8,b=32",Bladder-Epithelial,CST,MAE,0.4500894917532088
"a=8,b=32",Blood-B,CST,Pearson,0.2866265848645114
"a=8,b=32",Blood-B,CST,Spearman,0.3301906525278818
"a=8,b=32",Blood-B,CST,AUC,0.6146866391184573
"a=8,b=32",Blood-B,CST,Accuracy,0.1436031331592689
"a=8,b=32",Blood-B,CST,MAE,0.5906263530186278
"a=8,b=32",Blood-Granulocytes,CST,Pearson,0.4651643608507048
"a=8,b=32",Blood-Granulocytes,CST,Spearman,0.499977986158823
"a=8,b=32",Blood-Granulocytes,CST,AUC,0.8387430939226519
"a=8,b=32",Blood-Granulocytes,CST,Accuracy,0.3673218673218673
"a=8,b=32",Blood-Granulocytes,CST,MAE,0.4576259922368923
"a=8,b=32",Blood-Monocytes,CST,Pearson,0.2891901121009386
"a=8,b=32",Blood-Monocytes,CST,Spearman,0.2845887040830895
"a=8,b=32",Blood-Monocytes,CST,AUC,0.6834523809523809
"a=8,b=32",Blood-Monocytes,CST,Accuracy,0.4025270758122744
"a=8,b=32",Blood-Monocytes,CST,MAE,0.4122373869151738
"a=8,b=32",Blood-NK,CST,Pearson,0.4238831907930297
"a=8,b=32",Blood-NK,CST,Spearman,0.5056654078215639
"a=8,b=32",Blood-NK,CST,AUC,0.7453881552621049
"a=8,b=32",Blood-NK,CST,Accuracy,0.3813775510204082
"a=8,b=32",Blood-NK,CST,MAE,0.4687643003868585
"a=8,b=32",Blood-T-CD3,CST,Pearson,0.1591003409777979
"a=8,b=32",Blood-T-CD3,CST,Spearman,0.1329565874432548
"a=8,b=32",Blood-T-CD3,CST,AUC,0.6772402597402597
"a=8,b=32",Blood-T-CD3,CST,Accuracy,0.1786703601108033
"a=8,b=32",Blood-T-CD3,CST,MAE,0.5833060047808529
"a=8,b=32",Bone-Osteoblasts,CST,Pearson,0.3697692590878271
"a=8,b=32",Bone-Osteoblasts,CST,Spearman,0.3908345843136322
"a=8,b=32",Bone-Osteoblasts,CST,AUC,0.7518159806295399
"a=8,b=32",Bone-Osteoblasts,CST,Accuracy,0.4626666666666667
"a=8,b=32",Bone-Osteoblasts,CST,MAE,0.3832241415778796
"a=8,b=32",Bone_marrow-Erythrocyte_progenitors,CST,Pearson,0.4116276827576673
"a=8,b=32",Bone_marrow-Erythrocyte_progenitors,CST,Spearman,0.4455830463854323
"a=8,b=32",Bone_marrow-Erythrocyte_progenitors,CST,AUC,0.7731864095500459
"a=8,b=32",Bone_marrow-Erythrocyte_progenitors,CST,Accuracy,0.3876543209876543
"a=8,b=32",Bone_marrow-Erythrocyte_progenitors,CST,MAE,0.4258754194610649
"a=8,b=32",Breast-Basal-Epithelial,CST,Pearson,0.35036517661653
"a=8,b=32",Breast-Basal-Epithelial,CST,Spearman,0.361304394528465
"a=8,b=32",Breast-Basal-Epithelial,CST,AUC,0.7847156068905294
"a=8,b=32",Breast-Basal-Epithelial,CST,Accuracy,0.4283065512978986
"a=8,b=32",Breast-Basal-Epithelial,CST,MAE,0.4069806299458991
"a=8,b=32",Breast-Luminal-Epithelial,CST,Pearson,0.4136146622353645
"a=8,b=32",Breast-Luminal-Epithelial,CST,Spearman,0.3985597174088445
"a=8,b=32",Breast-Luminal-Epithelial,CST,AUC,0.77217629002263
"a=8,b=32",Breast-Luminal-Epithelial,CST,Accuracy,0.3971518987341772
"a=8,b=32",Breast-Luminal-Epithelial,CST,MAE,0.3960092628457218
"a=8,b=32",Colon-Fibroblasts,CST,Pearson,0.3564377591665721
"a=8,b=32",Colon-Fibroblasts,CST,Spearman,0.3305491690003206
"a=8,b=32",Colon-Fibroblasts,CST,AUC,0.6594696969696969
"a=8,b=32",Colon-Fibroblasts,CST,Accuracy,0.3656716417910448
"a=8,b=32",Colon-Fibroblasts,CST,MAE,0.2142151309483087
"a=8,b=32",Colon-Right-Epithelial,CST,Pearson,0.3404434252562596
"a=8,b=32",Colon-Right-Epithelial,CST,Spearman,0.3400453667662872
"a=8,b=32",Colon-Right-Epithelial,CST,AUC,0.8008913571028561
"a=8,b=32",Colon-Right-Epithelial,CST,Accuracy,0.7140019860973188
"a=8,b=32",Colon-Right-Epithelial,CST,MAE,0.27737033106604
"a=8,b=32",Cortex-Neuron,CST,Pearson,0.4894450750534183
"a=8,b=32",Cortex-Neuron,CST,Spearman,0.5047325126537365
"a=8,b=32",Cortex-Neuron,CST,AUC,0.7699186466942148
"a=8,b=32",Cortex-Neuron,CST,Accuracy,0.5243277848911652
"a=8,b=32",Cortex-Neuron,CST,MAE,0.2665311111931459
"a=8,b=32",Dermal-Fibroblasts,CST,Pearson,0.4379393855622487
"a=8,b=32",Dermal-Fibroblasts,CST,Spearman,0.4417626950561059
"a=8,b=32",Dermal-Fibroblasts,CST,AUC,0.8571121307714368
"a=8,b=32",Dermal-Fibroblasts,CST,Accuracy,0.2742857142857143
"a=8,b=32",Dermal-Fibroblasts,CST,MAE,0.4165641128910439
"a=8,b=32",Epidermal-Keratinocytes,CST,Pearson,0.2421209062477428
"a=8,b=32",Epidermal-Keratinocytes,CST,Spearman,0.2144300417270174
"a=8,b=32",Epidermal-Keratinocytes,CST,AUC,0.7199954710144928
"a=8,b=32",Epidermal-Keratinocytes,CST,Accuracy,0.4099722991689751
"a=8,b=32",Epidermal-Keratinocytes,CST,MAE,0.3833231067186908
"a=8,b=32",Fallopian-Epithelial,CST,Pearson,0.3104801149386425
"a=8,b=32",Fallopian-Epithelial,CST,Spearman,0.3335947039497278
"a=8,b=32",Fallopian-Epithelial,CST,AUC,0.718456572769953
"a=8,b=32",Fallopian-Epithelial,CST,Accuracy,0.4592
"a=8,b=32",Fallopian-Epithelial,CST,MAE,0.4235156361728907
"a=8,b=32",Gallbladder-Epithelial,CST,Pearson,0.291196989163957
"a=8,b=32",Gallbladder-Epithelial,CST,Spearman,0.2337360778864462
"a=8,b=32",Gallbladder-Epithelial,CST,AUC,0.8076305311736495
"a=8,b=32",Gallbladder-Epithelial,CST,Accuracy,0.4236983842010772
"a=8,b=32",Gallbladder-Epithelial,CST,MAE,0.4682880278034687
"a=8,b=32",Gastric-fundus-Epithelial,CST,Pearson,0.3498462297588799
"a=8,b=32",Gastric-fundus-Epithelial,CST,Spearman,0.3232563357445363
"a=8,b=32",Gastric-fundus-Epithelial,CST,AUC,0.7475737215378873
"a=8,b=32",Gastric-fundus-Epithelial,CST,Accuracy,0.6086474501108647
"a=8,b=32",Gastric-fundus-Epithelial,CST,MAE,0.2991298471211958
"a=8,b=32",Heart-Cardiomyocyte,CST,Pearson,0.2314073417304415
"a=8,b=32",Heart-Cardiomyocyte,CST,Spearman,0.2014576630915732
"a=8,b=32",Heart-Cardiomyocyte,CST,AUC,0.6704119466998428
"a=8,b=32",Heart-Cardiomyocyte,CST,Accuracy,0.3452380952380952
"a=8,b=32",Heart-Cardiomyocyte,CST,MAE,0.4327762647674828
"a=8,b=32",Heart-Fibroblasts,CST,Pearson,0.2922607749898181
"a=8,b=32",Heart-Fibroblasts,CST,Spearman,0.2675396530694634
"a=8,b=32",Heart-Fibroblasts,CST,AUC,0.7272529987373737
"a=8,b=32",Heart-Fibroblasts,CST,Accuracy,0.5145310435931307
"a=8,b=32",Heart-Fibroblasts,CST,MAE,0.3055511829215674
"a=8,b=32",Kidney-Tubular-Endothel,CST,Pearson,0.4841612746693805
"a=8,b=32",Kidney-Tubular-Endothel,CST,Spearman,0.3869621548135885
"a=8,b=32",Kidney-Tubular-Endothel,CST,AUC,0.969067405355494
"a=8,b=32",Kidney-Tubular-Endothel,CST,Accuracy,0.9917582417582418
"a=8,b=32",Kidney-Tubular-Endothel,CST,MAE,0.07744053558825137
"a=8,b=32",Liver-Hepatocytes,CST,Pearson,0.2776507616699115
"a=8,b=32",Liver-Hepatocytes,CST,Spearman,0.3710203552171112
"a=8,b=32",Liver-Hepatocytes,CST,AUC,0.6603381802159066
"a=8,b=32",Liver-Hepatocytes,CST,Accuracy,0.4173387096774194
"a=8,b=32",Liver-Hepatocytes,CST,MAE,0.4470517340871025
"a=8,b=32",Lung-Alveolar-Epithelial,CST,Pearson,0.4372276609530149
"a=8,b=32",Lung-Alveolar-Epithelial,CST,Spearman,0.4847831596769666
"a=8,b=32",Lung-Alveolar-Epithelial,CST,AUC,0.8251524003048006
"a=8,b=32",Lung-Alveolar-Epithelial,CST,Accuracy,0.509009009009009
"a=8,b=32",Lung-Alveolar-Epithelial,CST,MAE,0.3385655658400699
"a=8,b=32",Lung-Bronchus-Epithelial,CST,Pearson,0.2610674064825634
"a=8,b=32",Lung-Bronchus-Epithelial,CST,Spearman,0.2427322526331738
"a=8,b=32",Lung-Bronchus-Epithelial,CST,AUC,0.6847830831005587
"a=8,b=32",Lung-Bronchus-Epithelial,CST,Accuracy,0.4176372712146423
"a=8,b=32",Lung-Bronchus-Epithelial,CST,MAE,0.3772576714458313
"a=8,b=32",Oligodendrocytes,CST,Pearson,0.2667221394243572
"a=8,b=32",Oligodendrocytes,CST,Spearman,0.2900482397337211
"a=8,b=32",Oligodendrocytes,CST,AUC,0.7054553633501002
"a=8,b=32",Oligodendrocytes,CST,Accuracy,0.5523255813953488
"a=8,b=32",Oligodendrocytes,CST,MAE,0.3332061839918065
"a=8,b=32",Ovary-Epithelial,CST,Pearson,0.4773831750879643
"a=8,b=32",Ovary-Epithelial,CST,Spearman,0.4751280561161845
"a=8,b=32",Ovary-Epithelial,CST,AUC,0.7678492299216748
"a=8,b=32",Ovary-Epithelial,CST,Accuracy,0.5343796711509716
"a=8,b=32",Ovary-Epithelial,CST,MAE,0.3267017259180368
"a=8,b=32",Pancreas-Acinar,CST,Pearson,0.3261100863983271
"a=8,b=32",Pancreas-Acinar,CST,Spearman,0.4195293675917374
"a=8,b=32",Pancreas-Acinar,CST,AUC,0.7860786682776212
"a=8,b=32",Pancreas-Acinar,CST,Accuracy,0.06228668941979522
"a=8,b=32",Pancreas-Acinar,CST,MAE,0.6739306922369468
"a=8,b=32",Pancreas-Alpha,CST,Pearson,0.3663073199788197
"a=8,b=32",Pancreas-Alpha,CST,Spearman,0.402146805271325
"a=8,b=32",Pancreas-Alpha,CST,AUC,0.783113302521393
"a=8,b=32",Pancreas-Alpha,CST,Accuracy,0.4538327526132404
"a=8,b=32",Pancreas-Alpha,CST,MAE,0.4299767102140816
"a=8,b=32",Pancreas-Beta,CST,Pearson,0.3380804466683235
"a=8,b=32",Pancreas-Beta,CST,Spearman,0.3168366881093868
"a=8,b=32",Pancreas-Beta,CST,AUC,0.7959646497708781
"a=8,b=32",Pancreas-Beta,CST,Accuracy,0.5948529411764706
"a=8,b=32",Pancreas-Beta,CST,MAE,0.3696677814539084
"a=8,b=32",Pancreas-Delta,CST,Pearson,0.4562027914517957
"a=8,b=32",Pancreas-Delta,CST,Spearman,0.4142620048542422
"a=8,b=32",Pancreas-Delta,CST,AUC,0.8282752634651427
"a=8,b=32",Pancreas-Delta,CST,Accuracy,0.571656050955414
"a=8,b=32",Pancreas-Delta,CST,MAE,0.340016077272594
"a=8,b=32",Pancreas-Duct,CST,Pearson,0.3041563513523712
"a=8,b=32",Pancreas-Duct,CST,Spearman,0.3796770097908713
"a=8,b=32",Pancreas-Duct,CST,AUC,0.80901369168357
"a=8,b=32",Pancreas-Duct,CST,Accuracy,0.152054794520548
"a=8,b=32",Pancreas-Duct,CST,MAE,0.6157795712913144
"a=8,b=32",Prostate-Epithelial,CST,Pearson,0.4579767782611165
"a=8,b=32",Prostate-Epithelial,CST,Spearman,0.4748531034013144
"a=8,b=32",Prostate-Epithelial,CST,AUC,0.8042275343072156
"a=8,b=32",Prostate-Epithelial,CST,Accuracy,0.3992805755395684
"a=8,b=32",Prostate-Epithelial,CST,MAE,0.3390735226395212
"a=8,b=32",Skeletal-Muscle,CST,Pearson,0.1831862335833879
"a=8,b=32",Skeletal-Muscle,CST,Spearman,0.2453227811906618
"a=8,b=32",Skeletal-Muscle,CST,AUC,0.6199883900928792
"a=8,b=32",Skeletal-Muscle,CST,Accuracy,0.1895043731778426
"a=8,b=32",Skeletal-Muscle,CST,MAE,0.3295317444048887
"a=8,b=32",Small-int-Epithelial,CST,Pearson,0.3321148341036977
"a=8,b=32",Small-int-Epithelial,CST,Spearman,0.3282896656072549
"a=8,b=32",Small-int-Epithelial,CST,AUC,0.6958582375478927
"a=8,b=32",Small-int-Epithelial,CST,Accuracy,0.694306049822064
"a=8,b=32",Small-int-Epithelial,CST,MAE,0.2770642048506948
"a=8,b=32",Thyroid-Epithelial,CST,Pearson,0.2703019028085981
"a=8,b=32",Thyroid-Epithelial,CST,Spearman,0.2402760094367916
"a=8,b=32",Thyroid-Epithelial,CST,AUC,0.7546402055968018
"a=8,b=32",Thyroid-Epithelial,CST,Accuracy,0.4568764568764569
"a=8,b=32",Thyroid-Epithelial,CST,MAE,0.451050202907139
"a=32,b=32",GSM5652176_Adipocytes-Z000000T7,VALID,Pearson,0.8190018496184174
"a=32,b=32",GSM5652176_Adipocytes-Z000000T7,VALID,Spearman,0.6991218354427012
"a=32,b=32",GSM5652176_Adipocytes-Z000000T7,VALID,AUC,0.9089774646294464
"a=32,b=32",GSM5652176_Adipocytes-Z000000T7,VALID,Accuracy,0.9092960221879449
"a=32,b=32",GSM5652176_Adipocytes-Z000000T7,VALID,MAE,0.1074322417899218
"a=32,b=32",GSM5652179_Aorta-Endothel-Z00000422,VALID,Pearson,0.7860898642594043
"a=32,b=32",GSM5652179_Aorta-Endothel-Z00000422,VALID,Spearman,0.6964029899588352
"a=32,b=32",GSM5652179_Aorta-Endothel-Z00000422,VALID,AUC,0.8964360383614063
"a=32,b=32",GSM5652179_Aorta-Endothel-Z00000422,VALID,Accuracy,0.8854230526029416
"a=32,b=32",GSM5652179_Aorta-Endothel-Z00000422,VALID,MAE,0.1237746982059151
"a=32,b=32",GSM5652189_Kidney-Tubular-Endothel-Z0000042R,VALID,Pearson,0.8032556460718987
"a=32,b=32",GSM5652189_Kidney-Tubular-Endothel-Z0000042R,VALID,Spearman,0.6322622167872239
"a=32,b=32",GSM5652189_Kidney-Tubular-Endothel-Z0000042R,VALID,AUC,0.909121746863977
"a=32,b=32",GSM5652189_Kidney-Tubular-Endothel-Z0000042R,VALID,Accuracy,0.9197622888657037
"a=32,b=32",GSM5652189_Kidney-Tubular-Endothel-Z0000042R,VALID,MAE,0.1101564996946234
"a=32,b=32",GSM5652198_Colon-Fibroblasts-Z0000042A,VALID,Pearson,0.8193244505755317
"a=32,b=32",GSM5652198_Colon-Fibroblasts-Z0000042A,VALID,Spearman,0.7332509759957718
"a=32,b=32",GSM5652198_Colon-Fibroblasts-Z0000042A,VALID,AUC,0.9063026393125625
"a=32,b=32",GSM5652198_Colon-Fibroblasts-Z0000042A,VALID,Accuracy,0.9106283322979963
"a=32,b=32",GSM5652198_Colon-Fibroblasts-Z0000042A,VALID,MAE,0.1030661694336051
"a=32,b=32",GSM5652200_Heart-Fibroblasts-Z0000043R,VALID,Pearson,0.7218296236361809
"a=32,b=32",GSM5652200_Heart-Fibroblasts-Z0000043R,VALID,Spearman,0.6844522191034714
"a=32,b=32",GSM5652200_Heart-Fibroblasts-Z0000043R,VALID,AUC,0.8556085387694041
"a=32,b=32",GSM5652200_Heart-Fibroblasts-Z0000043R,VALID,Accuracy,0.7875081232334527
"a=32,b=32",GSM5652200_Heart-Fibroblasts-Z0000043R,VALID,MAE,0.169155070125235
"a=32,b=32",GSM5652204_Dermal-Fibroblasts-Z00000423,VALID,Pearson,0.7863353165156586
"a=32,b=32",GSM5652204_Dermal-Fibroblasts-Z00000423,VALID,Spearman,0.6982009303810064
"a=32,b=32",GSM5652204_Dermal-Fibroblasts-Z00000423,VALID,AUC,0.8936685547419457
"a=32,b=32",GSM5652204_Dermal-Fibroblasts-Z00000423,VALID,Accuracy,0.8871869483375399
"a=32,b=32",GSM5652204_Dermal-Fibroblasts-Z00000423,VALID,MAE,0.1218010965411163
"a=32,b=32",GSM5652205_Skeletal-Muscle-Z00000427,VALID,Pearson,0.803349159584731
"a=32,b=32",GSM5652205_Skeletal-Muscle-Z00000427,VALID,Spearman,0.6896252848115596
"a=32,b=32",GSM5652205_Skeletal-Muscle-Z00000427,VALID,AUC,0.8956769715727829
"a=32,b=32",GSM5652205_Skeletal-Muscle-Z00000427,VALID,Accuracy,0.9026067151579474
"a=32,b=32",GSM5652205_Skeletal-Muscle-Z00000427,VALID,MAE,0.1116305147658811
"a=32,b=32",GSM5652207_Aorta-Smooth-Muscle-Z0000041U,VALID,Pearson,0.7621083164058013
"a=32,b=32",GSM5652207_Aorta-Smooth-Muscle-Z0000041U,VALID,Spearman,0.7221113763226302
"a=32,b=32",GSM5652207_Aorta-Smooth-Muscle-Z0000041U,VALID,AUC,0.8753269480750717
"a=32,b=32",GSM5652207_Aorta-Smooth-Muscle-Z0000041U,VALID,Accuracy,0.821007131107449
"a=32,b=32",GSM5652207_Aorta-Smooth-Muscle-Z0000041U,VALID,MAE,0.1398764239653822
"a=32,b=32",GSM5652215_Heart-Cardiomyocyte-Z0000044P,VALID,Pearson,0.716886254518518
"a=32,b=32",GSM5652215_Heart-Cardiomyocyte-Z0000044P,VALID,Spearman,0.5230812344751319
"a=32,b=32",GSM5652215_Heart-Cardiomyocyte-Z0000044P,VALID,AUC,0.8661687331968659
"a=32,b=32",GSM5652215_Heart-Cardiomyocyte-Z0000044P,VALID,Accuracy,0.8890231023401488
"a=32,b=32",GSM5652215_Heart-Cardiomyocyte-Z0000044P,VALID,MAE,0.1585844210352657
"a=32,b=32",GSM5652218_Bone-Osteoblasts-Z0000042Z,VALID,Pearson,0.7692979765704031
"a=32,b=32",GSM5652218_Bone-Osteoblasts-Z0000042Z,VALID,Spearman,0.7154122709614849
"a=32,b=32",GSM5652218_Bone-Osteoblasts-Z0000042Z,VALID,AUC,0.8826368568847812
"a=32,b=32",GSM5652218_Bone-Osteoblasts-Z0000042Z,VALID,Accuracy,0.8374359297226831
"a=32,b=32",GSM5652218_Bone-Osteoblasts-Z0000042Z,VALID,MAE,0.1419952808667944
"a=32,b=32",GSM5652219_Oligodendrocytes-Z000000TK,VALID,Pearson,0.8069015315609458
"a=32,b=32",GSM5652219_Oligodendrocytes-Z000000TK,VALID,Spearman,0.6000613219369831
"a=32,b=32",GSM5652219_Oligodendrocytes-Z000000TK,VALID,AUC,0.9118928301734398
"a=32,b=32",GSM5652219_Oligodendrocytes-Z000000TK,VALID,Accuracy,0.9248102143771958
"a=32,b=32",GSM5652219_Oligodendrocytes-Z000000TK,VALID,MAE,0.1030715634215214
"a=32,b=32",GSM5652223_Cortex-Neuron-Z000000TF,VALID,Pearson,0.8292842920514822
"a=32,b=32",GSM5652223_Cortex-Neuron-Z000000TF,VALID,Spearman,0.6253100087564781
"a=32,b=32",GSM5652223_Cortex-Neuron-Z000000TF,VALID,AUC,0.9172335026169494
"a=32,b=32",GSM5652223_Cortex-Neuron-Z000000TF,VALID,Accuracy,0.9420469369394174
"a=32,b=32",GSM5652223_Cortex-Neuron-Z000000TF,VALID,MAE,0.0928068706951326
"a=32,b=32",GSM5652233_Liver-Hepatocytes-Z000000R3,VALID,Pearson,0.7965891920244765
"a=32,b=32",GSM5652233_Liver-Hepatocytes-Z000000R3,VALID,Spearman,0.6535787162782493
"a=32,b=32",GSM5652233_Liver-Hepatocytes-Z000000R3,VALID,AUC,0.9028029699054899
"a=32,b=32",GSM5652233_Liver-Hepatocytes-Z000000R3,VALID,Accuracy,0.9122147336550345
"a=32,b=32",GSM5652233_Liver-Hepatocytes-Z000000R3,VALID,MAE,0.1129733451597116
"a=32,b=32",GSM5652239_Pancreas-Duct-Z0000043T,VALID,Pearson,0.793384289501612
"a=32,b=32",GSM5652239_Pancreas-Duct-Z0000043T,VALID,Spearman,0.6004457285904566
"a=32,b=32",GSM5652239_Pancreas-Duct-Z0000043T,VALID,AUC,0.9072533439912102
"a=32,b=32",GSM5652239_Pancreas-Duct-Z0000043T,VALID,Accuracy,0.921119753055333
"a=32,b=32",GSM5652239_Pancreas-Duct-Z0000043T,VALID,MAE,0.1090936365063574
"a=32,b=32",GSM5652243_Pancreas-Acinar-Z000000QX,VALID,Pearson,0.7599365855479435
"a=32,b=32",GSM5652243_Pancreas-Acinar-Z000000QX,VALID,Spearman,0.7033762294641667
"a=32,b=32",GSM5652243_Pancreas-Acinar-Z000000QX,VALID,AUC,0.8842498289182817
"a=32,b=32",GSM5652243_Pancreas-Acinar-Z000000QX,VALID,Accuracy,0.8530829028159599
"a=32,b=32",GSM5652243_Pancreas-Acinar-Z000000QX,VALID,MAE,0.1438708867515278
"a=32,b=32",GSM5652247_Pancreas-Delta-Z00000451,VALID,Pearson,0.7895953109690051
"a=32,b=32",GSM5652247_Pancreas-Delta-Z00000451,VALID,Spearman,0.6264488510648333
"a=32,b=32",GSM5652247_Pancreas-Delta-Z00000451,VALID,AUC,0.905071587184749
"a=32,b=32",GSM5652247_Pancreas-Delta-Z00000451,VALID,Accuracy,0.9175592373840202
"a=32,b=32",GSM5652247_Pancreas-Delta-Z00000451,VALID,MAE,0.1170283124320407
"a=32,b=32",GSM5652250_Pancreas-Beta-Z00000452,VALID,Pearson,0.7894273960782724
"a=32,b=32",GSM5652250_Pancreas-Beta-Z00000452,VALID,Spearman,0.6145277532741892
"a=32,b=32",GSM5652250_Pancreas-Beta-Z00000452,VALID,AUC,0.9027017385426135
"a=32,b=32",GSM5652250_Pancreas-Beta-Z00000452,VALID,Accuracy,0.9223507813356971
"a=32,b=32",GSM5652250_Pancreas-Beta-Z00000452,VALID,MAE,0.1117736583928704
"a=32,b=32",GSM5652253_Pancreas-Alpha-Z00000453,VALID,Pearson,0.7902885147510286
"a=32,b=32",GSM5652253_Pancreas-Alpha-Z00000453,VALID,Spearman,0.6457405465199374
"a=32,b=32",GSM5652253_Pancreas-Alpha-Z00000453,VALID,AUC,0.9018201786914622
"a=32,b=32",GSM5652253_Pancreas-Alpha-Z00000453,VALID,Accuracy,0.9171373990996872
"a=32,b=32",GSM5652253_Pancreas-Alpha-Z00000453,VALID,MAE,0.1134059971406923
"a=32,b=32",GSM5652264_Thyroid-Epithelial-Z0000042S,VALID,Pearson,0.8017535320086899
"a=32,b=32",GSM5652264_Thyroid-Epithelial-Z0000042S,VALID,Spearman,0.6015183077771882
"a=32,b=32",GSM5652264_Thyroid-Epithelial-Z0000042S,VALID,AUC,0.9076140713595603
"a=32,b=32",GSM5652264_Thyroid-Epithelial-Z0000042S,VALID,Accuracy,0.925445021990019
"a=32,b=32",GSM5652264_Thyroid-Epithelial-Z0000042S,VALID,MAE,0.105083632625432
"a=32,b=32",GSM5652267_Fallopian-Epithelial-Z000000Q7,VALID,Pearson,0.7970188531911758
"a=32,b=32",GSM5652267_Fallopian-Epithelial-Z000000Q7,VALID,Spearman,0.6305767912773593
"a=32,b=32",GSM5652267_Fallopian-Epithelial-Z000000Q7,VALID,AUC,0.909819528540001
"a=32,b=32",GSM5652267_Fallopian-Epithelial-Z000000Q7,VALID,Accuracy,0.9111701139677669
"a=32,b=32",GSM5652267_Fallopian-Epithelial-Z000000Q7,VALID,MAE,0.1142531957021703
"a=32,b=32",GSM5652270_Ovary-Epithelial-Z000000QT,VALID,Pearson,0.7407848014075556
"a=32,b=32",GSM5652270_Ovary-Epithelial-Z000000QT,VALID,Spearman,0.599936883927308
"a=32,b=32",GSM5652270_Ovary-Epithelial-Z000000QT,VALID,AUC,0.8813826551324067
"a=32,b=32",GSM5652270_Ovary-Epithelial-Z000000QT,VALID,Accuracy,0.8704652182312642
"a=32,b=32",GSM5652270_Ovary-Epithelial-Z000000QT,VALID,MAE,0.1497928036318103
"a=32,b=32",GSM5652274_Bone_marrow-Erythrocyte_progenitors-Z000000RF,VALID,Pearson,0.7902186970865509
"a=32,b=32",GSM5652274_Bone_marrow-Erythrocyte_progenitors-Z000000RF,VALID,Spearman,0.732473602343342
"a=32,b=32",GSM5652274_Bone_marrow-Erythrocyte_progenitors-Z000000RF,VALID,AUC,0.8825361520833135
"a=32,b=32",GSM5652274_Bone_marrow-Erythrocyte_progenitors-Z000000RF,VALID,Accuracy,0.8301355389974768
"a=32,b=32",GSM5652274_Bone_marrow-Erythrocyte_progenitors-Z000000RF,VALID,MAE,0.1036882930384172
"a=32,b=32",GSM5652277_Blood-T-CD3-Z000000TV,VALID,Pearson,0.8095540416486963
"a=32,b=32",GSM5652277_Blood-T-CD3-Z000000TV,VALID,Spearman,0.6973155727188849
"a=32,b=32",GSM5652277_Blood-T-CD3-Z000000TV,VALID,AUC,0.9066158920733968
"a=32,b=32",GSM5652277_Blood-T-CD3-Z000000TV,VALID,Accuracy,0.920559365693381
"a=32,b=32",GSM5652277_Blood-T-CD3-Z000000TV,VALID,MAE,0.102502869151985
"a=32,b=32",GSM5652299_Blood-NK-Z000000TM,VALID,Pearson,0.8119070473704718
"a=32,b=32",GSM5652299_Blood-NK-Z000000TM,VALID,Spearman,0.6131449798546048
"a=32,b=32",GSM5652299_Blood-NK-Z000000TM,VALID,AUC,0.9078531798295714
"a=32,b=32",GSM5652299_Blood-NK-Z000000TM,VALID,Accuracy,0.9372986335365145
"a=32,b=32",GSM5652299_Blood-NK-Z000000TM,VALID,MAE,0.09451599526907319
"a=32,b=32",GSM5652302_Blood-Monocytes-Z000000TP,VALID,Pearson,0.8060768658104088
"a=32,b=32",GSM5652302_Blood-Monocytes-Z000000TP,VALID,Spearman,0.591366093619377
"a=32,b=32",GSM5652302_Blood-Monocytes-Z000000TP,VALID,AUC,0.9127942663035932
"a=32,b=32",GSM5652302_Blood-Monocytes-Z000000TP,VALID,Accuracy,0.9338267298724391
"a=32,b=32",GSM5652302_Blood-Monocytes-Z000000TP,VALID,MAE,0.1026658975697338
"a=32,b=32",GSM5652313_Blood-Granulocytes-Z000000TZ,VALID,Pearson,0.8079345477976141
"a=32,b=32",GSM5652313_Blood-Granulocytes-Z000000TZ,VALID,Spearman,0.6177938041115802
"a=32,b=32",GSM5652313_Blood-Granulocytes-Z000000TZ,VALID,AUC,0.912346877219221
"a=32,b=32",GSM5652313_Blood-Granulocytes-Z000000TZ,VALID,Accuracy,0.9322093496687271
"a=32,b=32",GSM5652313_Blood-Granulocytes-Z000000TZ,VALID,MAE,0.09985079481599711
"a=32,b=32",GSM5652317_Blood-B-Z000000UB,VALID,Pearson,0.799571803750634
"a=32,b=32",GSM5652317_Blood-B-Z000000UB,VALID,Spearman,0.6700682492837546
"a=32,b=32",GSM5652317_Blood-B-Z000000UB,VALID,AUC,0.9026809182052653
"a=32,b=32",GSM5652317_Blood-B-Z000000UB,VALID,Accuracy,0.9244869409551416
"a=32,b=32",GSM5652317_Blood-B-Z000000UB,VALID,MAE,0.1061813269814878
"a=32,b=32",GSM5652321_Epidermal-Keratinocytes-Z00000424,VALID,Pearson,0.7965332307108686
"a=32,b=32",GSM5652321_Epidermal-Keratinocytes-Z00000424,VALID,Spearman,0.6968246914950825
"a=32,b=32",GSM5652321_Epidermal-Keratinocytes-Z00000424,VALID,AUC,0.9044696590131736
"a=32,b=32",GSM5652321_Epidermal-Keratinocytes-Z00000424,VALID,Accuracy,0.9037149079989436
"a=32,b=32",GSM5652321_Epidermal-Keratinocytes-Z00000424,VALID,MAE,0.1133414967619866
"a=32,b=32",GSM5652322_Tonsil-Palatine-Epithelial-Z000000QF,VALID,Pearson,0.7897093759912139
"a=32,b=32",GSM5652322_Tonsil-Palatine-Epithelial-Z000000QF,VALID,Spearman,0.717629823979129
"a=32,b=32",GSM5652322_Tonsil-Palatine-Epithelial-Z000000QF,VALID,AUC,0.9003894077269277
"a=32,b=32",GSM5652322_Tonsil-Palatine-Epithelial-Z000000QF,VALID,Accuracy,0.8777075775455846
"a=32,b=32",GSM5652322_Tonsil-Palatine-Epithelial-Z000000QF,VALID,MAE,0.127383050585834
"a=32,b=32",GSM5652335_Lung-Bronchus-Epithelial-Z000000QD,VALID,Pearson,0.8031694464049461
"a=32,b=32",GSM5652335_Lung-Bronchus-Epithelial-Z000000QD,VALID,Spearman,0.6661201679927742
"a=32,b=32",GSM5652335_Lung-Bronchus-Epithelial-Z000000QD,VALID,AUC,0.9101485929090618
"a=32,b=32",GSM5652335_Lung-Bronchus-Epithelial-Z000000QD,VALID,Accuracy,0.9081993429735744
"a=32,b=32",GSM5652335_Lung-Bronchus-Epithelial-Z000000QD,VALID,MAE,0.1129229147056795
"a=32,b=32",GSM5652338_Prostate-Epithelial-Z000000RV,VALID,Pearson,0.8084720072380824
"a=32,b=32",GSM5652338_Prostate-Epithelial-Z000000RV,VALID,Spearman,0.6860756010200493
"a=32,b=32",GSM5652338_Prostate-Epithelial-Z000000RV,VALID,AUC,0.9136898226003877
"a=32,b=32",GSM5652338_Prostate-Epithelial-Z000000RV,VALID,Accuracy,0.9115088103688844
"a=32,b=32",GSM5652338_Prostate-Epithelial-Z000000RV,VALID,MAE,0.1089259559730401
"a=32,b=32",GSM5652342_Bladder-Epithelial-Z000000QM,VALID,Pearson,0.7848951483521145
"a=32,b=32",GSM5652342_Bladder-Epithelial-Z000000QM,VALID,Spearman,0.6799004965638329
"a=32,b=32",GSM5652342_Bladder-Epithelial-Z000000QM,VALID,AUC,0.9034848094746525
"a=32,b=32",GSM5652342_Bladder-Epithelial-Z000000QM,VALID,Accuracy,0.889640571467904
"a=32,b=32",GSM5652342_Bladder-Epithelial-Z000000QM,VALID,MAE,0.1265997268423361
"a=32,b=32",GSM5652347_Breast-Luminal-Epithelial-Z000000V2,VALID,Pearson,0.8058212285313748
"a=32,b=32",GSM5652347_Breast-Luminal-Epithelial-Z000000V2,VALID,Spearman,0.6304987074920986
"a=32,b=32",GSM5652347_Breast-Luminal-Epithelial-Z000000V2,VALID,AUC,0.9139950224552248
"a=32,b=32",GSM5652347_Breast-Luminal-Epithelial-Z000000V2,VALID,Accuracy,0.917551334656699
"a=32,b=32",GSM5652347_Breast-Luminal-Epithelial-Z000000V2,VALID,MAE,0.1081583227371072
"a=32,b=32",GSM5652350_Breast-Basal-Epithelial-Z000000V6,VALID,Pearson,0.7933936540320781
"a=32,b=32",GSM5652350_Breast-Basal-Epithelial-Z000000V6,VALID,Spearman,0.6048332865308801
"a=32,b=32",GSM5652350_Breast-Basal-Epithelial-Z000000V6,VALID,AUC,0.9098421083800332
"a=32,b=32",GSM5652350_Breast-Basal-Epithelial-Z000000V6,VALID,Accuracy,0.920350633742796
"a=32,b=32",GSM5652350_Breast-Basal-Epithelial-Z000000V6,VALID,MAE,0.111248771232242
"a=32,b=32",GSM5652354_Lung-Alveolar-Epithelial-Z000000T1,VALID,Pearson,0.8146260545458224
"a=32,b=32",GSM5652354_Lung-Alveolar-Epithelial-Z000000T1,VALID,Spearman,0.7100712915058476
"a=32,b=32",GSM5652354_Lung-Alveolar-Epithelial-Z000000T1,VALID,AUC,0.9133905917967562
"a=32,b=32",GSM5652354_Lung-Alveolar-Epithelial-Z000000T1,VALID,Accuracy,0.911082354193557
"a=32,b=32",GSM5652354_Lung-Alveolar-Epithelial-Z000000T1,VALID,MAE,0.1071797805413618
"a=32,b=32",GSM5652358_Gallbladder-Epithelial-Z00000432,VALID,Pearson,0.7976150930312307
"a=32,b=32",GSM5652358_Gallbladder-Epithelial-Z00000432,VALID,Spearman,0.6201563948084156
"a=32,b=32",GSM5652358_Gallbladder-Epithelial-Z00000432,VALID,AUC,0.9103037975027584
"a=32,b=32",GSM5652358_Gallbladder-Epithelial-Z00000432,VALID,Accuracy,0.9131033051880448
"a=32,b=32",GSM5652358_Gallbladder-Epithelial-Z00000432,VALID,MAE,0.1150136765440743
"a=32,b=32",GSM5652359_Gastric-fundus-Epithelial-Z000000RX,VALID,Pearson,0.7966166373045698
"a=32,b=32",GSM5652359_Gastric-fundus-Epithelial-Z000000RX,VALID,Spearman,0.7101511708226005
"a=32,b=32",GSM5652359_Gastric-fundus-Epithelial-Z000000RX,VALID,AUC,0.9053646625447632
"a=32,b=32",GSM5652359_Gastric-fundus-Epithelial-Z000000RX,VALID,Accuracy,0.8961263788509224
"a=32,b=32",GSM5652359_Gastric-fundus-Epithelial-Z000000RX,VALID,MAE,0.1188357608138268
"a=32,b=32",GSM5652370_Colon-Right-Epithelial-Z000000V0,VALID,Pearson,0.7913085895340091
"a=32,b=32",GSM5652370_Colon-Right-Epithelial-Z000000V0,VALID,Spearman,0.6585943121870872
"a=32,b=32",GSM5652370_Colon-Right-Epithelial-Z000000V0,VALID,AUC,0.9081111241607424
"a=32,b=32",GSM5652370_Colon-Right-Epithelial-Z000000V0,VALID,Accuracy,0.9087579834820424
"a=32,b=32",GSM5652370_Colon-Right-Epithelial-Z000000V0,VALID,MAE,0.1154618346303253
"a=32,b=32",GSM5652378_Small-int-Epithelial-Z0000042V,VALID,Pearson,0.7780406897917066
"a=32,b=32",GSM5652378_Small-int-Epithelial-Z0000042V,VALID,Spearman,0.6459621674559612
"a=32,b=32",GSM5652378_Small-int-Epithelial-Z0000042V,VALID,AUC,0.9056995474244974
"a=32,b=32",GSM5652378_Small-int-Epithelial-Z0000042V,VALID,Accuracy,0.9011109989339874
"a=32,b=32",GSM5652378_Small-int-Epithelial-Z0000042V,VALID,MAE,0.1211566295810928
"a=32,b=32",GSM5652176_Adipocytes-Z000000T7,TEST,Pearson,0.8204536480522991
"a=32,b=32",GSM5652176_Adipocytes-Z000000T7,TEST,Spearman,0.7094966949345329
"a=32,b=32",GSM5652176_Adipocytes-Z000000T7,TEST,AUC,0.9106310594407936
"a=32,b=32",GSM5652176_Adipocytes-Z000000T7,TEST,Accuracy,0.9102902693929704
"a=32,b=32",GSM5652176_Adipocytes-Z000000T7,TEST,MAE,0.1068087839352867
"a=32,b=32",GSM5652179_Aorta-Endothel-Z00000422,TEST,Pearson,0.7862188608126846
"a=32,b=32",GSM5652179_Aorta-Endothel-Z00000422,TEST,Spearman,0.698725385747442
"a=32,b=32",GSM5652179_Aorta-Endothel-Z00000422,TEST,AUC,0.8977575171422899
"a=32,b=32",GSM5652179_Aorta-Endothel-Z00000422,TEST,Accuracy,0.8839584476442089
"a=32,b=32",GSM5652179_Aorta-Endothel-Z00000422,TEST,MAE,0.1240496558289056
"a=32,b=32",GSM5652189_Kidney-Tubular-Endothel-Z0000042R,TEST,Pearson,0.8010809065310959
"a=32,b=32",GSM5652189_Kidney-Tubular-Endothel-Z0000042R,TEST,Spearman,0.6389386636474833
"a=32,b=32",GSM5652189_Kidney-Tubular-Endothel-Z0000042R,TEST,AUC,0.908175670241177
"a=32,b=32",GSM5652189_Kidney-Tubular-Endothel-Z0000042R,TEST,Accuracy,0.9174473540753901
"a=32,b=32",GSM5652189_Kidney-Tubular-Endothel-Z0000042R,TEST,MAE,0.1108161198970733
"a=32,b=32",GSM5652198_Colon-Fibroblasts-Z0000042A,TEST,Pearson,0.8173319040147752
"a=32,b=32",GSM5652198_Colon-Fibroblasts-Z0000042A,TEST,Spearman,0.7182827802877366
"a=32,b=32",GSM5652198_Colon-Fibroblasts-Z0000042A,TEST,AUC,0.9060010502960588
"a=32,b=32",GSM5652198_Colon-Fibroblasts-Z0000042A,TEST,Accuracy,0.9088123152412171
"a=32,b=32",GSM5652198_Colon-Fibroblasts-Z0000042A,TEST,MAE,0.1039400720975838
"a=32,b=32",GSM5652200_Heart-Fibroblasts-Z0000043R,TEST,Pearson,0.7225243341942671
"a=32,b=32",GSM5652200_Heart-Fibroblasts-Z0000043R,TEST,Spearman,0.6862533700679003
"a=32,b=32",GSM5652200_Heart-Fibroblasts-Z0000043R,TEST,AUC,0.8563317571236575
"a=32,b=32",GSM5652200_Heart-Fibroblasts-Z0000043R,TEST,Accuracy,0.7846954669744117
"a=32,b=32",GSM5652200_Heart-Fibroblasts-Z0000043R,TEST,MAE,0.1693586807653711
"a=32,b=32",GSM5652204_Dermal-Fibroblasts-Z00000423,TEST,Pearson,0.7880642649581844
"a=32,b=32",GSM5652204_Dermal-Fibroblasts-Z00000423,TEST,Spearman,0.6977861291147723
"a=32,b=32",GSM5652204_Dermal-Fibroblasts-Z00000423,TEST,AUC,0.894637922884946
"a=32,b=32",GSM5652204_Dermal-Fibroblasts-Z00000423,TEST,Accuracy,0.8855316720839012
"a=32,b=32",GSM5652204_Dermal-Fibroblasts-Z00000423,TEST,MAE,0.1218643961812328
"a=32,b=32",GSM5652205_Skeletal-Muscle-Z00000427,TEST,Pearson,0.805637374907478
"a=32,b=32",GSM5652205_Skeletal-Muscle-Z00000427,TEST,Spearman,0.6946374855601118
"a=32,b=32",GSM5652205_Skeletal-Muscle-Z00000427,TEST,AUC,0.8982450456970882
"a=32,b=32",GSM5652205_Skeletal-Muscle-Z00000427,TEST,Accuracy,0.9052349886564154
"a=32,b=32",GSM5652205_Skeletal-Muscle-Z00000427,TEST,MAE,0.1106500339801443
"a=32,b=32",GSM5652207_Aorta-Smooth-Muscle-Z0000041U,TEST,Pearson,0.7613694439851918
"a=32,b=32",GSM5652207_Aorta-Smooth-Muscle-Z0000041U,TEST,Spearman,0.711667755565064
"a=32,b=32",GSM5652207_Aorta-Smooth-Muscle-Z0000041U,TEST,AUC,0.8740469453210662
"a=32,b=32",GSM5652207_Aorta-Smooth-Muscle-Z0000041U,TEST,Accuracy,0.8178157547131083
"a=32,b=32",GSM5652207_Aorta-Smooth-Muscle-Z0000041U,TEST,MAE,0.1396347638888479
"a=32,b=32",GSM5652215_Heart-Cardiomyocyte-Z0000044P,TEST,Pearson,0.7147249602134076
"a=32,b=32",GSM5652215_Heart-Cardiomyocyte-Z0000044P,TEST,Spearman,0.5228192023581588
"a=32,b=32",GSM5652215_Heart-Cardiomyocyte-Z0000044P,TEST,AUC,0.8653576786717653
"a=32,b=32",GSM5652215_Heart-Cardiomyocyte-Z0000044P,TEST,Accuracy,0.8901074373646812
"a=32,b=32",GSM5652215_Heart-Cardiomyocyte-Z0000044P,TEST,MAE,0.1583470724216482
"a=32,b=32",GSM5652218_Bone-Osteoblasts-Z0000042Z,TEST,Pearson,0.7683974247661585
"a=32,b=32",GSM5652218_Bone-Osteoblasts-Z0000042Z,TEST,Spearman,0.7298144713755522
"a=32,b=32",GSM5652218_Bone-Osteoblasts-Z0000042Z,TEST,AUC,0.8828861395725214
"a=32,b=32",GSM5652218_Bone-Osteoblasts-Z0000042Z,TEST,Accuracy,0.8363042701677204
"a=32,b=32",GSM5652218_Bone-Osteoblasts-Z0000042Z,TEST,MAE,0.142600214201575
"a=32,b=32",GSM5652219_Oligodendrocytes-Z000000TK,TEST,Pearson,0.8084514418492347
"a=32,b=32",GSM5652219_Oligodendrocytes-Z000000TK,TEST,Spearman,0.5981749238186733
"a=32,b=32",GSM5652219_Oligodendrocytes-Z000000TK,TEST,AUC,0.913041054072845
"a=32,b=32",GSM5652219_Oligodendrocytes-Z000000TK,TEST,Accuracy,0.9277382965580793
"a=32,b=32",GSM5652219_Oligodendrocytes-Z000000TK,TEST,MAE,0.1023025260057414
"a=32,b=32",GSM5652223_Cortex-Neuron-Z000000TF,TEST,Pearson,0.8282764113727956
"a=32,b=32",GSM5652223_Cortex-Neuron-Z000000TF,TEST,Spearman,0.6218498655745163
"a=32,b=32",GSM5652223_Cortex-Neuron-Z000000TF,TEST,AUC,0.9177063962515434
"a=32,b=32",GSM5652223_Cortex-Neuron-Z000000TF,TEST,Accuracy,0.9427503662987328
"a=32,b=32",GSM5652223_Cortex-Neuron-Z000000TF,TEST,MAE,0.09335136712946165
"a=32,b=32",GSM5652233_Liver-Hepatocytes-Z000000R3,TEST,Pearson,0.7900311216032269
"a=32,b=32",GSM5652233_Liver-Hepatocytes-Z000000R3,TEST,Spearman,0.6699567378672919
"a=32,b=32",GSM5652233_Liver-Hepatocytes-Z000000R3,TEST,AUC,0.8994382574018562
"a=32,b=32",GSM5652233_Liver-Hepatocytes-Z000000R3,TEST,Accuracy,0.9036485969943195
"a=32,b=32",GSM5652233_Liver-Hepatocytes-Z000000R3,TEST,MAE,0.1162788436833319
"a=32,b=32",GSM5652239_Pancreas-Duct-Z0000043T,TEST,Pearson,0.7920098764050704
"a=32,b=32",GSM5652239_Pancreas-Duct-Z0000043T,TEST,Spearman,0.6068686748332571
"a=32,b=32",GSM5652239_Pancreas-Duct-Z0000043T,TEST,AUC,0.9064405913408665
"a=32,b=32",GSM5652239_Pancreas-Duct-Z0000043T,TEST,Accuracy,0.9183238169979088
"a=32,b=32",GSM5652239_Pancreas-Duct-Z0000043T,TEST,MAE,0.1100294710258504
"a=32,b=32",GSM5652243_Pancreas-Acinar-Z000000QX,TEST,Pearson,0.7620093248424246
"a=32,b=32",GSM5652243_Pancreas-Acinar-Z000000QX,TEST,Spearman,0.7017723508112477
"a=32,b=32",GSM5652243_Pancreas-Acinar-Z000000QX,TEST,AUC,0.8849420690808576
"a=32,b=32",GSM5652243_Pancreas-Acinar-Z000000QX,TEST,Accuracy,0.8461960003844244
"a=32,b=32",GSM5652243_Pancreas-Acinar-Z000000QX,TEST,MAE,0.1449269577570239
"a=32,b=32",GSM5652247_Pancreas-Delta-Z00000451,TEST,Pearson,0.7859176885636944
"a=32,b=32",GSM5652247_Pancreas-Delta-Z00000451,TEST,Spearman,0.6273719908371671
"a=32,b=32",GSM5652247_Pancreas-Delta-Z00000451,TEST,AUC,0.9026950528316771
"a=32,b=32",GSM5652247_Pancreas-Delta-Z00000451,TEST,Accuracy,0.9144897041720036
"a=32,b=32",GSM5652247_Pancreas-Delta-Z00000451,TEST,MAE,0.1187237916457641
"a=32,b=32",GSM5652250_Pancreas-Beta-Z00000452,TEST,Pearson,0.7860752719118039
"a=32,b=32",GSM5652250_Pancreas-Beta-Z00000452,TEST,Spearman,0.6069507016654139
"a=32,b=32",GSM5652250_Pancreas-Beta-Z00000452,TEST,AUC,0.9012891667710795
"a=32,b=32",GSM5652250_Pancreas-Beta-Z00000452,TEST,Accuracy,0.9202421003278736
"a=32,b=32",GSM5652250_Pancreas-Beta-Z00000452,TEST,MAE,0.1134347729305456
"a=32,b=32",GSM5652253_Pancreas-Alpha-Z00000453,TEST,Pearson,0.7877392966690713
"a=32,b=32",GSM5652253_Pancreas-Alpha-Z00000453,TEST,Spearman,0.6460968901785981
"a=32,b=32",GSM5652253_Pancreas-Alpha-Z00000453,TEST,AUC,0.9009371842919559
"a=32,b=32",GSM5652253_Pancreas-Alpha-Z00000453,TEST,Accuracy,0.9170173564258548
"a=32,b=32",GSM5652253_Pancreas-Alpha-Z00000453,TEST,MAE,0.1153814429317402
"a=32,b=32",GSM5652264_Thyroid-Epithelial-Z0000042S,TEST,Pearson,0.8004849976788448
"a=32,b=32",GSM5652264_Thyroid-Epithelial-Z0000042S,TEST,Spearman,0.5997173448219286
"a=32,b=32",GSM5652264_Thyroid-Epithelial-Z0000042S,TEST,AUC,0.9068296977962769
"a=32,b=32",GSM5652264_Thyroid-Epithelial-Z0000042S,TEST,Accuracy,0.926211667344749
"a=32,b=32",GSM5652264_Thyroid-Epithelial-Z0000042S,TEST,MAE,0.1052024808201352
"a=32,b=32",GSM5652267_Fallopian-Epithelial-Z000000Q7,TEST,Pearson,0.7968518796659827
"a=32,b=32",GSM5652267_Fallopian-Epithelial-Z000000Q7,TEST,Spearman,0.6275181312110752
"a=32,b=32",GSM5652267_Fallopian-Epithelial-Z000000Q7,TEST,AUC,0.9093662021325669
"a=32,b=32",GSM5652267_Fallopian-Epithelial-Z000000Q7,TEST,Accuracy,0.9099461116882417
"a=32,b=32",GSM5652267_Fallopian-Epithelial-Z000000Q7,TEST,MAE,0.1150220004483867
"a=32,b=32",GSM5652270_Ovary-Epithelial-Z000000QT,TEST,Pearson,0.7343548115864703
"a=32,b=32",GSM5652270_Ovary-Epithelial-Z000000QT,TEST,Spearman,0.594004906570572
"a=32,b=32",GSM5652270_Ovary-Epithelial-Z000000QT,TEST,AUC,0.8785486919745675
"a=32,b=32",GSM5652270_Ovary-Epithelial-Z000000QT,TEST,Accuracy,0.8638772765571326
"a=32,b=32",GSM5652270_Ovary-Epithelial-Z000000QT,TEST,MAE,0.1536614126540712
"a=32,b=32",GSM5652274_Bone_marrow-Erythrocyte_progenitors-Z000000RF,TEST,Pearson,0.7836574896307555
"a=32,b=32",GSM5652274_Bone_marrow-Erythrocyte_progenitors-Z000000RF,TEST,Spearman,0.7337464868189927
"a=32,b=32",GSM5652274_Bone_marrow-Erythrocyte_progenitors-Z000000RF,TEST,AUC,0.8792339483879178
"a=32,b=32",GSM5652274_Bone_marrow-Erythrocyte_progenitors-Z000000RF,TEST,Accuracy,0.8248556055410846
"a=32,b=32",GSM5652274_Bone_marrow-Erythrocyte_progenitors-Z000000RF,TEST,MAE,0.1062740686143375
"a=32,b=32",GSM5652277_Blood-T-CD3-Z000000TV,TEST,Pearson,0.808048306189773
"a=32,b=32",GSM5652277_Blood-T-CD3-Z000000TV,TEST,Spearman,0.706049263377405
"a=32,b=32",GSM5652277_Blood-T-CD3-Z000000TV,TEST,AUC,0.9064019030279687
"a=32,b=32",GSM5652277_Blood-T-CD3-Z000000TV,TEST,Accuracy,0.919359186085911
"a=32,b=32",GSM5652277_Blood-T-CD3-Z000000TV,TEST,MAE,0.1031598576966585
"a=32,b=32",GSM5652299_Blood-NK-Z000000TM,TEST,Pearson,0.8109810753723065
"a=32,b=32",GSM5652299_Blood-NK-Z000000TM,TEST,Spearman,0.6143504354808565
"a=32,b=32",GSM5652299_Blood-NK-Z000000TM,TEST,AUC,0.9078607206878688
"a=32,b=32",GSM5652299_Blood-NK-Z000000TM,TEST,Accuracy,0.9378691633814097
"a=32,b=32",GSM5652299_Blood-NK-Z000000TM,TEST,MAE,0.09479686797497001
"a=32,b=32",GSM5652302_Blood-Monocytes-Z000000TP,TEST,Pearson,0.8050599012589551
"a=32,b=32",GSM5652302_Blood-Monocytes-Z000000TP,TEST,Spearman,0.5797197993429857
"a=32,b=32",GSM5652302_Blood-Monocytes-Z000000TP,TEST,AUC,0.9121982852417145
"a=32,b=32",GSM5652302_Blood-Monocytes-Z000000TP,TEST,Accuracy,0.9344389315956064
"a=32,b=32",GSM5652302_Blood-Monocytes-Z000000TP,TEST,MAE,0.1029864523162331
"a=32,b=32",GSM5652313_Blood-Granulocytes-Z000000TZ,TEST,Pearson,0.8067707205767906
"a=32,b=32",GSM5652313_Blood-Granulocytes-Z000000TZ,TEST,Spearman,0.6353122780639553
"a=32,b=32",GSM5652313_Blood-Granulocytes-Z000000TZ,TEST,AUC,0.9120029521996655
"a=32,b=32",GSM5652313_Blood-Granulocytes-Z000000TZ,TEST,Accuracy,0.9327797168571818
"a=32,b=32",GSM5652313_Blood-Granulocytes-Z000000TZ,TEST,MAE,0.1001826513740207
"a=32,b=32",GSM5652317_Blood-B-Z000000UB,TEST,Pearson,0.7976647110070975
"a=32,b=32",GSM5652317_Blood-B-Z000000UB,TEST,Spearman,0.6551021915532139
"a=32,b=32",GSM5652317_Blood-B-Z000000UB,TEST,AUC,0.9022825073111306
"a=32,b=32",GSM5652317_Blood-B-Z000000UB,TEST,Accuracy,0.9241073926321226
"a=32,b=32",GSM5652317_Blood-B-Z000000UB,TEST,MAE,0.1071020350527965
"a=32,b=32",GSM5652321_Epidermal-Keratinocytes-Z00000424,TEST,Pearson,0.7973757645819719
"a=32,b=32",GSM5652321_Epidermal-Keratinocytes-Z00000424,TEST,Spearman,0.6728023949473511
"a=32,b=32",GSM5652321_Epidermal-Keratinocytes-Z00000424,TEST,AUC,0.905879639133596
"a=32,b=32",GSM5652321_Epidermal-Keratinocytes-Z00000424,TEST,Accuracy,0.9041425010036728
"a=32,b=32",GSM5652321_Epidermal-Keratinocytes-Z00000424,TEST,MAE,0.1137222737721253
"a=32,b=32",GSM5652322_Tonsil-Palatine-Epithelial-Z000000QF,TEST,Pearson,0.7906004296335641
"a=32,b=32",GSM5652322_Tonsil-Palatine-Epithelial-Z000000QF,TEST,Spearman,0.7148250489923831
"a=32,b=32",GSM5652322_Tonsil-Palatine-Epithelial-Z000000QF,TEST,AUC,0.9008204902945732
"a=32,b=32",GSM5652322_Tonsil-Palatine-Epithelial-Z000000QF,TEST,Accuracy,0.8787030308986682
"a=32,b=32",GSM5652322_Tonsil-Palatine-Epithelial-Z000000QF,TEST,MAE,0.1285331903065972
"a=32,b=32",GSM5652335_Lung-Bronchus-Epithelial-Z000000QD,TEST,Pearson,0.8030053381546489
"a=32,b=32",GSM5652335_Lung-Bronchus-Epithelial-Z000000QD,TEST,Spearman,0.6687621411008349
"a=32,b=32",GSM5652335_Lung-Bronchus-Epithelial-Z000000QD,TEST,AUC,0.9101502325387208
"a=32,b=32",GSM5652335_Lung-Bronchus-Epithelial-Z000000QD,TEST,Accuracy,0.9077398718621079
"a=32,b=32",GSM5652335_Lung-Bronchus-Epithelial-Z000000QD,TEST,MAE,0.1140435081610129
"a=32,b=32",GSM5652338_Prostate-Epithelial-Z000000RV,TEST,Pearson,0.8097216561216649
"a=32,b=32",GSM5652338_Prostate-Epithelial-Z000000RV,TEST,Spearman,0.6805487984093976
"a=32,b=32",GSM5652338_Prostate-Epithelial-Z000000RV,TEST,AUC,0.9146070304249536
"a=32,b=32",GSM5652338_Prostate-Epithelial-Z000000RV,TEST,Accuracy,0.911142861396924
"a=32,b=32",GSM5652338_Prostate-Epithelial-Z000000RV,TEST,MAE,0.1095036990649941
"a=32,b=32",GSM5652342_Bladder-Epithelial-Z000000QM,TEST,Pearson,0.7866113839114247
"a=32,b=32",GSM5652342_Bladder-Epithelial-Z000000QM,TEST,Spearman,0.6945701719866878
"a=32,b=32",GSM5652342_Bladder-Epithelial-Z000000QM,TEST,AUC,0.9041674915555945
"a=32,b=32",GSM5652342_Bladder-Epithelial-Z000000QM,TEST,Accuracy,0.8891742616758311
"a=32,b=32",GSM5652342_Bladder-Epithelial-Z000000QM,TEST,MAE,0.1265961075702105
"a=32,b=32",GSM5652347_Breast-Luminal-Epithelial-Z000000V2,TEST,Pearson,0.8054503309455288
"a=32,b=32",GSM5652347_Breast-Luminal-Epithelial-Z000000V2,TEST,Spearman,0.645191273489195
"a=32,b=32",GSM5652347_Breast-Luminal-Epithelial-Z000000V2,TEST,AUC,0.9136219834634138
"a=32,b=32",GSM5652347_Breast-Luminal-Epithelial-Z000000V2,TEST,Accuracy,0.9168045053005311
"a=32,b=32",GSM5652347_Breast-Luminal-Epithelial-Z000000V2,TEST,MAE,0.108683379862234
"a=32,b=32",GSM5652350_Breast-Basal-Epithelial-Z000000V6,TEST,Pearson,0.791730718878092
"a=32,b=32",GSM5652350_Breast-Basal-Epithelial-Z000000V6,TEST,Spearman,0.5957844425805925
"a=32,b=32",GSM5652350_Breast-Basal-Epithelial-Z000000V6,TEST,AUC,0.9096681229926565
"a=32,b=32",GSM5652350_Breast-Basal-Epithelial-Z000000V6,TEST,Accuracy,0.9188250207610964
"a=32,b=32",GSM5652350_Breast-Basal-Epithelial-Z000000V6,TEST,MAE,0.1126129299893204
"a=32,b=32",GSM5652354_Lung-Alveolar-Epithelial-Z000000T1,TEST,Pearson,0.8133678217530402
"a=32,b=32",GSM5652354_Lung-Alveolar-Epithelial-Z000000T1,TEST,Spearman,0.6879166931911348
"a=32,b=32",GSM5652354_Lung-Alveolar-Epithelial-Z000000T1,TEST,AUC,0.9137028280915849
"a=32,b=32",GSM5652354_Lung-Alveolar-Epithelial-Z000000T1,TEST,Accuracy,0.9106078947326172
"a=32,b=32",GSM5652354_Lung-Alveolar-Epithelial-Z000000T1,TEST,MAE,0.1079359906777417
"a=32,b=32",GSM5652358_Gallbladder-Epithelial-Z00000432,TEST,Pearson,0.7950229889541358
"a=32,b=32",GSM5652358_Gallbladder-Epithelial-Z00000432,TEST,Spearman,0.6269495632580128
"a=32,b=32",GSM5652358_Gallbladder-Epithelial-Z00000432,TEST,AUC,0.9094418145978271
"a=32,b=32",GSM5652358_Gallbladder-Epithelial-Z00000432,TEST,Accuracy,0.9106111921854629
"a=32,b=32",GSM5652358_Gallbladder-Epithelial-Z00000432,TEST,MAE,0.1163992634868297
"a=32,b=32",GSM5652359_Gastric-fundus-Epithelial-Z000000RX,TEST,Pearson,0.7930095355383578
"a=32,b=32",GSM5652359_Gastric-fundus-Epithelial-Z000000RX,TEST,Spearman,0.6928017889406635
"a=32,b=32",GSM5652359_Gastric-fundus-Epithelial-Z000000RX,TEST,AUC,0.9043438966075964
"a=32,b=32",GSM5652359_Gastric-fundus-Epithelial-Z000000RX,TEST,Accuracy,0.8936369140760063
"a=32,b=32",GSM5652359_Gastric-fundus-Epithelial-Z000000RX,TEST,MAE,0.1212810567753607
"a=32,b=32",GSM5652370_Colon-Right-Epithelial-Z000000V0,TEST,Pearson,0.787800885019718
"a=32,b=32",GSM5652370_Colon-Right-Epithelial-Z000000V0,TEST,Spearman,0.6624013060283951
"a=32,b=32",GSM5652370_Colon-Right-Epithelial-Z000000V0,TEST,AUC,0.9066287465404484
"a=32,b=32",GSM5652370_Colon-Right-Epithelial-Z000000V0,TEST,Accuracy,0.9041010725498229
"a=32,b=32",GSM5652370_Colon-Right-Epithelial-Z000000V0,TEST,MAE,0.1183612183421864
"a=32,b=32",GSM5652378_Small-int-Epithelial-Z0000042V,TEST,Pearson,0.7772583184694878
"a=32,b=32",GSM5652378_Small-int-Epithelial-Z0000042V,TEST,Spearman,0.6694731013974787
"a=32,b=32",GSM5652378_Small-int-Epithelial-Z0000042V,TEST,AUC,0.9047652117380144
"a=32,b=32",GSM5652378_Small-int-Epithelial-Z0000042V,TEST,Accuracy,0.895206258752923
"a=32,b=32",GSM5652378_Small-int-Epithelial-Z0000042V,TEST,MAE,0.1232982777195318
"a=32,b=32",Adipocytes,CST,Pearson,0.2203018709156545
"a=32,b=32",Adipocytes,CST,Spearman,0.2239931907474582
"a=32,b=32",Adipocytes,CST,AUC,0.784070796460177
"a=32,b=32",Adipocytes,CST,Accuracy,0.1796875
"a=32,b=32",Adipocytes,CST,MAE,0.431119831133401
"a=32,b=32",Aorta-Endothel,CST,Pearson,0.5280883176479627
"a=32,b=32",Aorta-Endothel,CST,Spearman,0.5356998817080325
"a=32,b=32",Aorta-Endothel,CST,AUC,0.7893380526577248
"a=32,b=32",Aorta-Endothel,CST,Accuracy,0.3895582329317269
"a=32,b=32",Aorta-Endothel,CST,MAE,0.3646784308609594
"a=32,b=32",Aorta-Smooth-Muscle,CST,Pearson,0.3304348576517365
"a=32,b=32",Aorta-Smooth-Muscle,CST,Spearman,0.3322795297041393
"a=32,b=32",Aorta-Smooth-Muscle,CST,AUC,0.6929900067181727
"a=32,b=32",Aorta-Smooth-Muscle,CST,Accuracy,0.5213523131672598
"a=32,b=32",Aorta-Smooth-Muscle,CST,MAE,0.2032299720586089
"a=32,b=32",Bladder-Epithelial,CST,Pearson,0.2792404757270724
"a=32,b=32",Bladder-Epithelial,CST,Spearman,0.319471502604229
"a=32,b=32",Bladder-Epithelial,CST,AUC,0.6270873786407767
"a=32,b=32",Bladder-Epithelial,CST,Accuracy,0.2065868263473054
"a=32,b=32",Bladder-Epithelial,CST,MAE,0.5324502606669853
"a=32,b=32",Blood-B,CST,Pearson,0.2052777719294003
"a=32,b=32",Blood-B,CST,Spearman,0.2627990703019363
"a=32,b=32",Blood-B,CST,AUC,0.575
"a=32,b=32",Blood-B,CST,Accuracy,0.06527415143603134
"a=32,b=32",Blood-B,CST,MAE,0.694827572527699
"a=32,b=32",Blood-Granulocytes,CST,Pearson,0.3681660838215621
"a=32,b=32",Blood-Granulocytes,CST,Spearman,0.3740587893427855
"a=32,b=32",Blood-Granulocytes,CST,AUC,0.8225138121546961
"a=32,b=32",Blood-Granulocytes,CST,Accuracy,0.2371007371007371
"a=32,b=32",Blood-Granulocytes,CST,MAE,0.5717973610985777
"a=32,b=32",Blood-Monocytes,CST,Pearson,0.3028061277984721
"a=32,b=32",Blood-Monocytes,CST,Spearman,0.3277813749296282
"a=32,b=32",Blood-Monocytes,CST,AUC,0.6556547619047619
"a=32,b=32",Blood-Monocytes,CST,Accuracy,0.2671480144404332
"a=32,b=32",Blood-Monocytes,CST,MAE,0.5272384693153498
"a=32,b=32",Blood-NK,CST,Pearson,0.3442916790351036
"a=32,b=32",Blood-NK,CST,Spearman,0.4937289928936475
"a=32,b=32",Blood-NK,CST,AUC,0.7402761104441776
"a=32,b=32",Blood-NK,CST,Accuracy,0.1556122448979592
"a=32,b=32",Blood-NK,CST,MAE,0.5988098600195074
"a=32,b=32",Blood-T-CD3,CST,Pearson,0.08749772322591437
"a=32,b=32",Blood-T-CD3,CST,Spearman,0.05689089454961169
"a=32,b=32",Blood-T-CD3,CST,AUC,0.5806168831168831
"a=32,b=32",Blood-T-CD3,CST,Accuracy,0.07617728531855955
"a=32,b=32",Blood-T-CD3,CST,MAE,0.6697494376946107
"a=32,b=32",Bone-Osteoblasts,CST,Pearson,0.2771274242155327
"a=32,b=32",Bone-Osteoblasts,CST,Spearman,0.3671876051316574
"a=32,b=32",Bone-Osteoblasts,CST,AUC,0.6104889695991391
"a=32,b=32",Bone-Osteoblasts,CST,Accuracy,0.18
"a=32,b=32",Bone-Osteoblasts,CST,MAE,0.5205588227957487
"a=32,b=32",Bone_marrow-Erythrocyte_progenitors,CST,Pearson,0.3858592080399288
"a=32,b=32",Bone_marrow-Erythrocyte_progenitors,CST,Spearman,0.4420369700895118
"a=32,b=32",Bone_marrow-Erythrocyte_progenitors,CST,AUC,0.764725173816083
"a=32,b=32",Bone_marrow-Erythrocyte_progenitors,CST,Accuracy,0.2345679012345679
"a=32,b=32",Bone_marrow-Erythrocyte_progenitors,CST,MAE,0.4973376434434343
"a=32,b=32",Breast-Basal-Epithelial,CST,Pearson,0.2780447453922202
"a=32,b=32",Breast-Basal-Epithelial,CST,Spearman,0.3105090012605046
"a=32,b=32",Breast-Basal-Epithelial,CST,AUC,0.7550210367547829
"a=32,b=32",Breast-Basal-Epithelial,CST,Accuracy,0.173053152039555
"a=32,b=32",Breast-Basal-Epithelial,CST,MAE,0.5455179388355118
"a=32,b=32",Breast-Luminal-Epithelial,CST,Pearson,0.4309095998710529
"a=32,b=32",Breast-Luminal-Epithelial,CST,Spearman,0.4557549149847589
"a=32,b=32",Breast-Luminal-Epithelial,CST,AUC,0.7654573054603303
"a=32,b=32",Breast-Luminal-Epithelial,CST,Accuracy,0.2492088607594937
"a=32,b=32",Breast-Luminal-Epithelial,CST,MAE,0.4857572836718888
"a=32,b=32",Colon-Fibroblasts,CST,Pearson,0.2286509630452506
"a=32,b=32",Colon-Fibroblasts,CST,Spearman,0.2286638477251527
"a=32,b=32",Colon-Fibroblasts,CST,AUC,0.6151041666666667
"a=32,b=32",Colon-Fibroblasts,CST,Accuracy,0.2052238805970149
"a=32,b=32",Colon-Fibroblasts,CST,MAE,0.3054529271686255
"a=32,b=32",Colon-Right-Epithelial,CST,Pearson,0.279618810552656
"a=32,b=32",Colon-Right-Epithelial,CST,Spearman,0.2946677185005774
"a=32,b=32",Colon-Right-Epithelial,CST,AUC,0.7603641652666293
"a=32,b=32",Colon-Right-Epithelial,CST,Accuracy,0.4463753723932473
"a=32,b=32",Colon-Right-Epithelial,CST,MAE,0.4523993183885514
"a=32,b=32",Cortex-Neuron,CST,Pearson,0.4683628877994939
"a=32,b=32",Cortex-Neuron,CST,Spearman,0.4779028576371588
"a=32,b=32",Cortex-Neuron,CST,AUC,0.7559930599703327
"a=32,b=32",Cortex-Neuron,CST,Accuracy,0.4724711907810499
"a=32,b=32",Cortex-Neuron,CST,MAE,0.3296128731511924
"a=32,b=32",Dermal-Fibroblasts,CST,Pearson,0.3318601339317004
"a=32,b=32",Dermal-Fibroblasts,CST,Spearman,0.3398049567200204
"a=32,b=32",Dermal-Fibroblasts,CST,AUC,0.738373482458656
"a=32,b=32",Dermal-Fibroblasts,CST,Accuracy,0.1357142857142857
"a=32,b=32",Dermal-Fibroblasts,CST,MAE,0.5063707758379834
"a=32,b=32",Epidermal-Keratinocytes,CST,Pearson,0.2659046527245021
"a=32,b=32",Epidermal-Keratinocytes,CST,Spearman,0.3633049238729822
"a=32,b=32",Epidermal-Keratinocytes,CST,AUC,0.6254076086956522
"a=32,b=32",Epidermal-Keratinocytes,CST,Accuracy,0.1634349030470914
"a=32,b=32",Epidermal-Keratinocytes,CST,MAE,0.5264917959580379
"a=32,b=32",Fallopian-Epithelial,CST,Pearson,0.2332982628342428
"a=32,b=32",Fallopian-Epithelial,CST,Spearman,0.2594332996583604
"a=32,b=32",Fallopian-Epithelial,CST,AUC,0.6774732826785274
"a=32,b=32",Fallopian-Epithelial,CST,Accuracy,0.2928
"a=32,b=32",Fallopian-Epithelial,CST,MAE,0.5333085895270109
"a=32,b=32",Gallbladder-Epithelial,CST,Pearson,0.008870434177313442
"a=32,b=32",Gallbladder-Epithelial,CST,Spearman,0.08315754783269741
"a=32,b=32",Gallbladder-Epithelial,CST,AUC,0.5807053660302235
"a=32,b=32",Gallbladder-Epithelial,CST,Accuracy,0.2028725314183124
"a=32,b=32",Gallbladder-Epithelial,CST,MAE,0.6180099139936416
"a=32,b=32",Gastric-fundus-Epithelial,CST,Pearson,0.2886986087346696
"a=32,b=32",Gastric-fundus-Epithelial,CST,Spearman,0.2774833181673393
"a=32,b=32",Gastric-fundus-Epithelial,CST,AUC,0.6958784372278213
"a=32,b=32",Gastric-fundus-Epithelial,CST,Accuracy,0.3409090909090909
"a=32,b=32",Gastric-fundus-Epithelial,CST,MAE,0.4576425999619826
"a=32,b=32",Heart-Cardiomyocyte,CST,Pearson,0.1909405928979999
"a=32,b=32",Heart-Cardiomyocyte,CST,Spearman,0.2037801915362356
"a=32,b=32",Heart-Cardiomyocyte,CST,AUC,0.6662458256940806
"a=32,b=32",Heart-Cardiomyocyte,CST,Accuracy,0.1845238095238095
"a=32,b=32",Heart-Cardiomyocyte,CST,MAE,0.5571066218886583
"a=32,b=32",Heart-Fibroblasts,CST,Pearson,0.342699087303457
"a=32,b=32",Heart-Fibroblasts,CST,Spearman,0.3263689571903826
"a=32,b=32",Heart-Fibroblasts,CST,AUC,0.7509216044372294
"a=32,b=32",Heart-Fibroblasts,CST,Accuracy,0.3130779392338177
"a=32,b=32",Heart-Fibroblasts,CST,MAE,0.38175708755526
"a=32,b=32",Kidney-Tubular-Endothel,CST,Pearson,0.6169330363274214
"a=32,b=32",Kidney-Tubular-Endothel,CST,Spearman,0.4849122193579712
"a=32,b=32",Kidney-Tubular-Endothel,CST,AUC,0.9215143120960295
"a=32,b=32",Kidney-Tubular-Endothel,CST,Accuracy,0.9917582417582418
"a=32,b=32",Kidney-Tubular-Endothel,CST,MAE,0.05875680014327332
"a=32,b=32",Liver-Hepatocytes,CST,Pearson,0.3306095558461599
"a=32,b=32",Liver-Hepatocytes,CST,Spearman,0.4518749443789851
"a=32,b=32",Liver-Hepatocytes,CST,AUC,0.756730557391496
"a=32,b=32",Liver-Hepatocytes,CST,Accuracy,0.1723790322580645
"a=32,b=32",Liver-Hepatocytes,CST,MAE,0.6320138576613259
"a=32,b=32",Lung-Alveolar-Epithelial,CST,Pearson,0.4090575744845039
"a=32,b=32",Lung-Alveolar-Epithelial,CST,Spearman,0.4782106845438477
"a=32,b=32",Lung-Alveolar-Epithelial,CST,AUC,0.7779781559563119
"a=32,b=32",Lung-Alveolar-Epithelial,CST,Accuracy,0.3145645645645646
"a=32,b=32",Lung-Alveolar-Epithelial,CST,MAE,0.4492641350788599
"a=32,b=32",Lung-Bronchus-Epithelial,CST,Pearson,0.1755443818951269
"a=32,b=32",Lung-Bronchus-Epithelial,CST,Spearman,0.1042035322947938
"a=32,b=32",Lung-Bronchus-Epithelial,CST,AUC,0.6343982774674115
"a=32,b=32",Lung-Bronchus-Epithelial,CST,Accuracy,0.2113144758735441
"a=32,b=32",Lung-Bronchus-Epithelial,CST,MAE,0.5139402932767909
"a=32,b=32",Oligodendrocytes,CST,Pearson,0.2585953070455991
"a=32,b=32",Oligodendrocytes,CST,Spearman,0.2913921451199399
"a=32,b=32",Oligodendrocytes,CST,AUC,0.6741504109925163
"a=32,b=32",Oligodendrocytes,CST,Accuracy,0.3145994832041344
"a=32,b=32",Oligodendrocytes,CST,MAE,0.4614121448850254
"a=32,b=32",Ovary-Epithelial,CST,Pearson,0.4231493208892264
"a=32,b=32",Ovary-Epithelial,CST,Spearman,0.4444582028493532
"a=32,b=32",Ovary-Epithelial,CST,AUC,0.7793554935447555
"a=32,b=32",Ovary-Epithelial,CST,Accuracy,0.3998505231689088
"a=32,b=32",Ovary-Epithelial,CST,MAE,0.4183731845904403
"a=32,b=32",Pancreas-Acinar,CST,Pearson,0.298922681377583
"a=32,b=32",Pancreas-Acinar,CST,Spearman,0.3607511368812901
"a=32,b=32",Pancreas-Acinar,CST,AUC,0.786900926298832
"a=32,b=32",Pancreas-Acinar,CST,Accuracy,0.03242320819112628
"a=32,b=32",Pancreas-Acinar,CST,MAE,0.7340144009151378
"a=32,b=32",Pancreas-Alpha,CST,Pearson,0.3667431042636625
"a=32,b=32",Pancreas-Alpha,CST,Spearman,0.4824067619599329
"a=32,b=32",Pancreas-Alpha,CST,AUC,0.8223584862490276
"a=32,b=32",Pancreas-Alpha,CST,Accuracy,0.2378048780487805
"a=32,b=32",Pancreas-Alpha,CST,MAE,0.57375767613349
"a=32,b=32",Pancreas-Beta,CST,Pearson,0.3423263414789895
"a=32,b=32",Pancreas-Beta,CST,Spearman,0.3695845488639403
"a=32,b=32",Pancreas-Beta,CST,AUC,0.8187053835842764
"a=32,b=32",Pancreas-Beta,CST,Accuracy,0.3205882352941177
"a=32,b=32",Pancreas-Beta,CST,MAE,0.531896261884557
"a=32,b=32",Pancreas-Delta,CST,Pearson,0.4029284860744289
"a=32,b=32",Pancreas-Delta,CST,Spearman,0.4335981099392814
"a=32,b=32",Pancreas-Delta,CST,AUC,0.8432689648815559
"a=32,b=32",Pancreas-Delta,CST,Accuracy,0.3224522292993631
"a=32,b=32",Pancreas-Delta,CST,MAE,0.5070440774030129
"a=32,b=32",Pancreas-Duct,CST,Pearson,0.2862051742796926
"a=32,b=32",Pancreas-Duct,CST,Spearman,0.4487787859944344
"a=32,b=32",Pancreas-Duct,CST,AUC,0.7898073022312373
"a=32,b=32",Pancreas-Duct,CST,Accuracy,0.09041095890410959
"a=32,b=32",Pancreas-Duct,CST,MAE,0.6876401684821061
"a=32,b=32",Prostate-Epithelial,CST,Pearson,0.3612732588940824
"a=32,b=32",Prostate-Epithelial,CST,Spearman,0.3162004626889724
"a=32,b=32",Prostate-Epithelial,CST,AUC,0.7352257636122178
"a=32,b=32",Prostate-Epithelial,CST,Accuracy,0.2284172661870504
"a=32,b=32",Prostate-Epithelial,CST,MAE,0.4445942222281433
"a=32,b=32",Skeletal-Muscle,CST,Pearson,0.07061274382645182
"a=32,b=32",Skeletal-Muscle,CST,Spearman,0.1508091597430971
"a=32,b=32",Skeletal-Muscle,CST,AUC,0.5575657894736842
"a=32,b=32",Skeletal-Muscle,CST,Accuracy,0.07871720116618076
"a=32,b=32",Skeletal-Muscle,CST,MAE,0.4105246605096336
"a=32,b=32",Small-int-Epithelial,CST,Pearson,0.3309631784933555
"a=32,b=32",Small-int-Epithelial,CST,Spearman,0.3561804023972617
"a=32,b=32",Small-int-Epithelial,CST,AUC,0.7152749042145594
"a=32,b=32",Small-int-Epithelial,CST,Accuracy,0.4903914590747331
"a=32,b=32",Small-int-Epithelial,CST,MAE,0.4098313575451432
"a=32,b=32",Thyroid-Epithelial,CST,Pearson,0.2299505458219167
"a=32,b=32",Thyroid-Epithelial,CST,Spearman,0.1941497410237041
"a=32,b=32",Thyroid-Epithelial,CST,AUC,0.7142704169046259
"a=32,b=32",Thyroid-Epithelial,CST,Accuracy,0.1375291375291375
"a=32,b=32",Thyroid-Epithelial,CST,MAE,0.6385454227865646
