cell_type,HD/1,HD/2,HD/3,HD/4,HD/5,HD/6,HD/7,HD/8,HD/9,HD/10,HD/11,HD/12,NFY,CUX/1,CUX/3,CUX/2,CUX/4,HD/13,HD/14,HD/15,HD/16,HD/17,CPEB1,HD/18,HD/19,HD/20,HD/21,HD/22,TCF/LEF,NR/1,NR/2,NR/3,NR/4,NR/5,NR/6,NR/7,NR/8,NR/9,NR/10,NR/11,NR/12,NR/13,NR/14,NR/15,NR/16,NR/17,NR/18,NR/19,CREB/ATF/1,CREB/ATF/2,CREB/ATF/3,CCAAT/CEBP,AP1/2,AP1/1,MAF,ZNF317,ZNF547,Ebox/CACGTG/1,Ebox/CACGTG/2,HIF,CREB3/XBP1,Ebox/CATATG,Ebox/CAGATGG,HEN1,Ebox/CAGCTG,SCRT1,SNAI2,Ebox/CACCTG,MIES,TBX/1,TBX/2,TBX/3,TBX/4,SREBF1,ZNF257,FOX/1,FOX/2,FOX/3,FOX/4,FOX/5,ZNF435,POU/2,POU/3,OCT4+SOX2,POU/1,ARI5B,FOX/6,ARI5A,SOX/1,DMRT1,SOX/2,SOX/3,SOX/4,SOX/5,SPI,ETS/2,MECP2,ETS/1,NFAT/2,NFAT/1,NFAC/2,NFAT/3,IRF/3,IRF/1,PRDM1,IRF/2,ZNF28,ZIM3,KLF/SP/2,ZIC/2,EGR,KLF/SP/1,GC-tract,MZF1,ZNF324,PRDM5,EWSR1/FLI1,ZNF436,ZNF528,LEF1,ZNF354,FEZF1,ZNF274,ZNF41,SMARCA5,ZNF418,ZNF85,NFI/3,SMAD,OSR2,PRDM9,THAP1,ZSCAN3,ZNF549,ZNF134,ZNF708,ZNF768,BATF,AIRE,ZNF563,ZNF667,ZNF554,ZNF140,ZFX,YY1,ZBTB6,HAND1,PRDM14,SPZ1,REST/NRSF,ZNF332,ZNF335,ZNF382,KAISO,E2F/2,E2F/3,E2F/4,NFKB/3,NFKB/1,NFKB/2,REL-halfsite,ZNF282,FOX/7,RBPJ,TEAD,STAT/1,NFAT/4,BCL6/1,BCL6/2,STAT/2,ZNF143,EBF1,ZBTB48,PRDM16,ZNF423,RUNX/2,RUNX/1,SIX/1,GFI,TATA,MEF2,SRF,HLTF,E2F/1,HIC/1,NFI/2,NFI/1,SOX/6,SOX/7,NRF1,ZNF384/1,ZNF384/2,HOMEZ,IRF/4,ZNF586,ZNF24,MFZ1,CENBP,GCM,SOX/8,FOX/8,HD/23,HD/24,MTF1,ZNF146,HSFY2,HD/25,SPDEF/1,SPDEF/2,ZNF524,DMRT3,DDIT3+CEBPA,NR2E3,ZBTB14,ZNF57,ZNF250,ZNF490,ZNF53,ZNF784,GMEB2/1,LIN54,PRDM4,ZBTB49,ZNF136,ZNF431,ZNF306,ZNF713,ZNF652,P53-like/2,P53-like/3,ZNF232,ZNF410,ZBED1,PROX1,MBD2,OVOL1,EVI1/MECOM,GATA,HIC/2,ZFN121,RFX/2,RFX/3,RFX/1,NR/20,HSF,SMARCA1,ZNF680,MYB/5,MYB/1,MYB/2,MYB/3,MYB/4,P53-like/1,GRHL,TFCP2,ZNF329,GLIS,GLI,TFAP2/2,TFAP2/1,CTCF,INSM1,ZBTB7A,PLAG1,ZNF320,ZNF331,ZNF449,ZKSCAN1,ZIC,HINFP1/1,HINFP1/2,HINFP1/3,GMEB2/2,GMEB2/3,FOX/9,SIX/2,PAX/1,PAX/2,PAX-halfsite,AHR,KLF/SP/3,ZSCAN4
Adipocytes,-0.0007305369,-0.007926977,-0.008325812,-0.012690272,-0.0027688327,-0.0011002618,-0.0063283225,0.003792699,-0.0012754941,-0.017841334,0.0041052625,0.0038433021,0.011367815,0.00605935,0.032057118,0.014086466,0.010784152,-0.0054293745,-0.01587328,0.010685962,-0.0043650237,-0.012617609,-0.0005169966,-0.0143913245,-0.0040512555,0.004958771,0.0063797184,-0.0073905173,0.0033626466,-0.0074268016,0.004797197,-0.013988631,0.004301525,-0.00067663036,-0.0035582846,0.0006399309,0.010068774,0.0013785915,-0.0010503437,0.0077417227,-0.0029810467,-0.0019597816,0.0036195337,0.015456837,-0.0032682875,0.0034352199,0.0077789202,-0.012485307,-0.011760132,-0.016322251,-0.03218671,-0.03741773,-0.05063256,-0.042541895,-0.037636254,-0.0050838375,0.0038244424,-0.018584322,0.0067902575,0.011740987,0.011757003,-0.005004792,-0.0025107642,-0.01161565,0.014236954,0.021525966,0.037100006,0.022612931,-0.014613626,-0.005567466,0.03662964,0.014825165,0.0077650603,0.0052864477,-0.0010759669,0.0052859406,-0.0030905083,-0.0044058,-0.006581154,-0.02682402,0.021154132,-0.003968161,0.011775035,-0.023820102,-0.009240305,0.000707415,-0.009532535,-0.0048963507,-0.022152808,0.014365371,-0.0017100385,-0.002014593,-0.0064807185,0.011177419,-0.10787629,-0.026989074,-0.008037234,-0.011627008,0.0037121107,-0.016044322,-0.0056222756,0.0096397605,-0.06151887,-0.058879398,-0.13897352,-0.09562817,0.0064904285,0.0047791325,-0.03478207,0.011569705,-0.0042786608,-0.034380272,-0.037820835,-0.0050930753,0.0069289315,0.0036252092,-0.044331472,0.0005500926,0.010116829,-0.0007980209,0.012697379,-0.016597165,0.020771643,0.024198087,-0.003925332,-0.010003961,0.045266174,-0.07363331,0.0055698347,-0.016717222,0.03583284,8.5529624e-05,-0.0029352242,0.010344855,0.03152404,0.033282857,0.0021728012,-0.02628343,0.022304999,-0.007451589,0.00035990847,0.015271153,0.003395456,0.010753087,0.09997212,0.0015353231,0.004003938,0.01553606,-0.0007477671,-0.2475509,0.00069626543,-0.0039104214,0.022924026,0.002049829,-0.027979063,-0.016747585,-0.0012247245,-0.026667083,-0.041901752,-0.030041065,0.0018349639,-0.003692581,-0.007416818,-0.011822651,-0.017363273,-0.021420864,0.0015880157,-0.008295554,-0.0060255006,-0.0055599366,0.0040246085,-0.023667965,0.0027190878,-0.029840065,0.014614425,-0.018853366,-0.01132154,-0.027972281,-0.012924294,-0.0062041446,-0.10998048,0.0139199775,0.012401259,-0.015707843,0.025948586,-0.012453854,-0.009115266,-0.008247268,0.012207977,0.005420551,-0.007354333,-0.024811743,-0.0030106613,-0.0006836254,0.03103471,0.00827259,-0.0047793537,0.008870588,0.021543825,0.0055490783,0.0119992895,0.0097076,-0.008943963,-0.00092637364,0.168063,0.0066189626,-0.0013930411,0.0076133255,0.011060282,0.020920144,0.015361162,-0.0018122912,-0.002178205,-0.0040471847,0.00033230105,0.0088090105,0.027097402,0.009352237,0.042055465,0.0072293854,-0.0014169873,0.009223508,-0.0019701442,0.020200675,0.028147575,0.01547407,0.0024524496,-0.04002228,0.020054927,0.037633855,-0.0014993306,0.011947357,0.014098557,0.0031977869,-0.0025741346,-0.0011749014,-0.020096837,-0.008115554,0.008782342,0.031782143,-0.046499584,-0.03383966,-0.04827659,-0.008007153,0.022073528,0.0021194604,0.013712793,0.003967291,0.006558488,0.0025006745,-0.0068601845,0.0008330585,0.053082705,0.022422414,0.0010524744,0.008935366,0.008467043,0.016837357,0.0066371034,0.023698244,-0.16742252,0.0068555227,0.013132081,0.00253652,0.01308756,-0.009054391,0.011776747,0.024415068,-0.0027123129,0.00084710115,-0.015642308,0.003039638,-0.015036065,0.011142218,-0.0069418177,0.021504821,-0.0016121449,0.0041528586,1.373369e-05,0.0062306365,-0.0024115678,-0.0020274844
Aorta-Endothel,-0.0012217405,-0.0033261862,-0.0032949126,-0.014245177,0.0052520735,0.0029585098,0.0050738393,0.008134002,-0.0021696298,-0.020040857,0.0032962025,0.00024549908,0.013453671,0.0025935445,0.0346789,0.019087004,0.009506169,-0.004905796,-0.017355092,0.009689445,-0.013879231,0.0006871542,0.007888359,-0.0020395261,0.00068142335,0.006316656,0.007459876,-0.0070498926,0.002453861,0.024845066,0.0067019165,-0.003031233,0.015641129,0.00110392,0.0010928254,0.0008656134,0.010340034,0.005807713,0.0004903443,0.01804194,0.004660763,0.01322543,0.0033538805,0.021405293,-0.0011806266,0.0030159084,0.021215778,-0.01658615,-0.013387398,-0.014139548,-0.02402951,-0.03269483,-0.06697386,-0.057994194,-0.0470468,-0.007004171,0.0090101175,-0.016437344,0.007635903,0.012288991,0.014066091,0.00015073414,0.007970054,-0.00057526695,0.020707501,0.030114185,0.039433673,0.02678373,-0.011756978,-0.006372161,0.038665157,0.01504961,0.006689419,0.0038623735,0.0007590522,0.007682046,-0.00844158,-0.0030556498,-0.014623153,-0.0339988,0.01940299,-0.009427757,0.015066877,-0.03205674,-0.009661214,-0.0007799834,-0.056844577,0.0014414057,-0.04133145,0.0132548,-0.0066438154,-0.0005774779,-0.010859605,0.011034636,-0.114687,-0.044867557,-0.00615364,-0.020228025,0.0061364425,-0.015038012,-0.0036749681,0.015344617,-0.06558357,-0.065570846,-0.15424599,-0.10329837,0.006204721,0.0091954805,-0.034907337,0.015945608,-0.009961299,-0.03632072,-0.037109926,-0.0018548653,0.005493242,0.005052951,-0.06671321,-0.0030556635,0.014636445,-0.0037679346,0.020037213,-0.012962207,0.02374563,0.025761047,-0.0018534748,-0.0076541915,0.04657767,-0.08170294,0.005644815,-0.012043609,0.049150337,0.0008588777,-0.0004124485,0.0137710525,0.027881913,0.037056033,0.00649798,-0.028521158,0.030540623,0.0015273183,0.0039673704,0.0224891,0.008473557,0.00941904,0.10834486,0.005247341,0.0075452495,0.016472291,0.0021024393,-0.21881534,0.0037095037,-0.0032194552,0.030595554,0.008116086,-0.025915302,-0.012646343,0.0030800623,-0.032866225,-0.047916286,-0.027746266,0.0052120443,-0.0012641988,-0.005230817,-0.009667651,-0.021845045,-0.028272377,0.00713052,-0.0095366705,-0.0064336713,-0.0060007595,0.0070008608,-0.015702495,0.007918609,-0.021932244,0.01938906,-0.00789545,-0.0076384093,-0.039231118,-0.011437142,-0.0020287556,-0.104610495,0.016412443,0.013694603,-0.014120941,0.030811647,-0.015436363,-0.01037025,-0.015492266,0.012092472,0.01063225,-0.002199829,-0.025584696,0.0012911849,0.00581491,0.027056923,0.009268734,-0.0029028303,0.011497951,0.024363669,0.0048735305,0.009633655,0.010443797,-0.0019337422,0.0014737803,0.18149534,0.01178935,-0.00028218748,0.013840055,0.012993872,0.028400367,0.014560969,0.0057826545,-0.0030787573,0.002178248,0.0032298865,0.010641834,0.029212495,0.012100516,0.04496214,0.0106852,-0.00020724814,0.011257154,-0.002979032,0.023745619,0.025674433,0.019883232,0.0047274088,-0.038539667,0.022217788,0.042429972,-0.0059164898,0.02241358,0.019043919,0.0043656845,-4.7234702e-05,0.00020723461,-0.08550215,-0.033499654,0.011514231,0.038336746,-0.038253974,-0.023946872,-0.034657184,-0.007673947,0.02508235,0.0007447945,0.013305376,0.00644089,0.011674408,0.008301219,-0.00037303878,0.0009496935,0.057210766,0.0077867573,-0.013436208,0.010296282,0.015137503,0.022032391,0.012680981,0.030837957,-0.12612332,0.009403323,0.020753736,0.0070888917,0.017305944,-0.005874194,0.0140793165,0.028920423,-0.0005401683,0.0070991996,-0.0038009854,0.012281884,-0.013628745,0.014098015,-0.0065833586,0.015329773,-0.002241045,0.0014155805,-0.0009703963,0.0097122025,-0.00056606653,-0.0014032839
Kidney-Tubular,-0.0018322633,-0.0067745703,-0.008205903,-0.01648294,-0.0044576824,5.4209966e-05,-0.002967306,0.0047394345,-0.009558392,-0.010299276,-0.0018495,-0.002990456,0.011752781,0.0037682091,0.03181328,0.0131281465,0.008283312,-0.0077706417,-0.0278191,0.0027286278,-0.021162182,-0.009318639,0.004631636,-0.010000623,-0.0038117322,0.005934587,0.006917275,-0.007975253,0.00046557383,0.03202677,0.00735227,-0.012438532,0.0069406093,-0.0019289948,-0.00577949,0.0026738094,0.007817134,0.0031624562,-0.004974228,0.015831947,0.0028765083,0.004716932,0.004300443,0.015642699,-0.0053515127,-0.0010588343,0.013474772,-0.025362011,-0.012879723,-0.013558721,-0.017031098,-0.021545859,-0.057567265,-0.043639854,-0.040174447,-0.009543641,0.007818626,-0.022918522,0.008152659,0.012193173,0.01204172,-0.0016499747,0.003066501,-0.0065578097,0.016444944,0.025285922,0.035298362,0.024317771,-0.013320542,-0.00719708,0.036484007,0.013945911,0.008183783,0.0033616668,0.0005667217,0.007520939,-0.004695828,-0.0057497346,-0.008564149,-0.03008579,0.019987343,-0.016814662,0.013070754,-0.030646915,-0.009174526,-3.677764e-05,-0.023392828,0.0026925819,-0.026241632,0.013849046,-0.006171018,-0.0027846051,-0.009248431,0.009081958,-0.15224965,-0.055142555,-0.006760975,-0.02780776,0.0048544,-0.0118685225,-0.0044770422,0.011940978,-0.069729924,-0.07096716,-0.17061454,-0.13841677,0.0058908337,0.009079723,-0.039080575,0.0108327605,-0.008934471,-0.044428572,-0.043986153,-0.004529445,0.008746649,0.0035232853,-0.090435006,-0.008316154,0.012126778,-0.004262738,0.015046173,-0.013838596,0.022962878,0.023736594,0.00050877815,-0.010821615,0.043023232,-0.092017084,0.005833269,-0.012898737,0.043973487,0.00052670314,0.00097369164,0.0143084815,0.02767411,0.03341311,0.0019877923,-0.024955021,0.025469946,0.0007390971,0.001921306,0.019639147,0.004424494,0.011276615,0.10196433,0.0036764618,0.0055703833,0.014713986,8.7171764e-05,-0.25940055,0.0062373504,-0.002158969,0.02378505,0.0038399925,-0.031001473,-0.012481925,-0.00061233045,-0.02905746,-0.04412253,-0.026794938,0.0026608238,-0.002048386,-0.0062825396,-0.00962566,-0.012919631,-0.03386768,0.0053856745,-0.007799812,-0.00743445,-0.007253425,0.006054942,-0.020715237,0.00449659,-0.02602747,0.016242446,-0.015300335,-0.0056326124,-0.037409853,-0.012503021,-0.006268705,-0.10882585,0.01592685,0.012251675,-0.008010182,0.026698956,-0.0064881626,-0.0061328784,-0.010966106,0.010902067,0.0064487336,-0.0045739855,-0.024337236,-0.00071242347,0.0027833125,0.028896779,0.007923474,-0.007960509,0.008290394,0.022325482,0.0051245154,0.0094726235,0.009636243,-0.008703301,0.000565871,0.17143339,0.007599939,-0.0006563302,0.009489516,0.011002402,0.022497125,0.012228797,0.0033462688,-0.0016348264,-0.0037134506,0.0020499865,0.009896815,0.026458275,0.0109621445,0.040442005,0.007636868,-0.0008139614,0.007374064,-0.0016700906,0.022004988,0.027193092,0.017531816,0.0033467344,-0.04454174,0.022206223,0.041063864,-0.0049932566,0.01719726,0.015457205,0.0032650407,-0.0032376682,0.00046025496,-0.057645004,-0.02381431,0.0098918285,0.0351849,-0.05111984,-0.02906355,-0.05400949,-0.008216332,0.02336339,0.0038181217,0.014858031,0.0065409723,0.006421463,0.0036281266,-0.0066525075,-0.00087515946,0.05164089,0.015294739,-0.0009756796,0.012955803,0.007435689,0.01719842,0.025166806,0.042148873,-0.17123501,0.004877804,0.012355641,0.0025287312,0.013346186,-0.0052206577,0.014112503,0.025280742,-0.004559007,0.0014545972,-0.012377117,0.005349966,-0.01127969,0.011099656,-0.008632692,0.01775505,-0.0054316847,0.0031453734,-0.0009649504,0.008109206,-0.003363768,6.766051e-05
Colon-Fibroblasts,-0.00095408526,-0.0076765865,-0.0077274824,-0.012869769,-0.0023617933,-0.0030580088,-0.008588738,0.0030286396,0.006392641,-0.016881641,0.006079595,0.005634407,0.010491047,0.011764248,0.0387212,0.014503773,0.018157395,-0.0067153336,-0.013891335,0.013423909,0.0034908913,-0.020189874,-0.0054121586,-0.022606844,-0.0044525736,0.003329099,0.006435271,-0.013118897,0.0026445435,0.014302001,0.0043106982,-0.005361647,0.0049496493,0.0022535957,0.0018022003,0.008110485,0.013180134,0.007994981,0.004320854,0.019742377,0.0049023,0.009162749,0.0018066006,0.014559383,0.0023799262,0.009277159,0.011407157,-0.007868549,-0.010358291,-0.011260153,-0.026059909,-0.031800136,-0.047941267,-0.040596988,-0.038305152,-0.0037257154,0.0010541801,-0.017304003,0.0046396,0.012107384,0.009946445,-0.007129969,-0.006007871,-0.01385723,0.011555263,0.017096953,0.03568738,0.022158347,-0.0154135255,-0.0062564113,0.035289623,0.013681454,0.0076662377,0.0038947677,-0.00196298,0.004892177,-0.021573074,-0.016556954,-0.016812239,-0.040974747,0.01735678,0.0046346467,0.010030837,-0.021804666,-0.013666118,0.0004991666,-0.06539866,-0.0057492373,-0.007391912,0.013967874,-7.068432e-06,-0.0020450652,-0.00605436,0.013572728,-0.09617788,-0.017013023,-0.0069035133,-0.0056717205,0.004812575,-0.016068835,-0.0041609234,0.009681088,-0.059840895,-0.055976186,-0.13328165,-0.084374644,0.005687754,0.0011421525,-0.0313345,0.010617024,-0.000543289,-0.031886864,-0.036478322,-0.0050465683,0.008438013,0.0035004953,-0.024245333,0.006169406,0.010830333,0.00025506268,0.00835394,-0.018266497,0.019268919,0.023585077,0.0013373174,-0.010307082,0.04545933,-0.05658604,0.004577819,-0.019000748,0.033178363,-6.162601e-06,-0.0022355942,0.010184427,0.031214958,0.03113693,0.00032494497,-0.02932139,0.0158986,-0.0077371467,-0.0029137114,0.011623245,0.001359127,0.011553319,0.098394796,0.000959024,0.001897667,0.01527212,-0.0017782112,-0.25913656,0.0017752091,-0.0037759698,0.021308878,0.00054139853,-0.025806295,-0.014465822,-0.0009428432,-0.021307794,-0.033869214,-0.026307745,0.0017050322,-0.002792925,-0.007370696,-0.009247848,-0.011713614,-0.017029215,0.00193968,-0.0064027635,-0.0052176295,-0.0037679574,0.0042355056,-0.02215813,0.0014868141,-0.024592627,0.014551809,-0.024569882,-0.015982173,-0.027706854,-0.013589213,-0.009516031,-0.10777077,0.011005732,0.01110665,-0.009337972,0.025380753,-0.0052962014,-0.005103353,-0.00845305,0.014698162,0.003290217,-0.0056249197,-0.023925582,-0.0048733214,0.0062859333,0.034413584,0.009103759,-0.0038785622,0.0085782,0.01912222,0.003493018,0.013220269,0.008867084,-0.012125714,-0.0028637685,0.16348471,0.006593784,-0.001390587,0.0072641456,0.010180048,0.019558571,0.017986964,-0.001731773,-0.0024491437,-0.004243576,-0.0014813839,0.005772743,0.024949845,0.008815319,0.04212116,0.004461554,-0.0020463967,0.0082197925,-0.00027712472,0.020166205,0.028521834,0.013814354,0.0035433553,-0.040232435,0.017829427,0.037114494,-0.0017218166,0.009915571,0.014091901,0.0030026103,-0.0019709442,-0.0020566091,-0.003202036,-0.0016320838,0.008572311,0.031123193,-0.059384905,-0.04231978,-0.058131102,-0.005673464,0.02230451,0.0061890157,0.017814329,0.0021412112,0.0042551905,-0.00084168836,-0.009464248,0.0009019559,0.06395322,0.018483063,-0.00033637593,0.009618399,0.0071072816,0.016018344,0.02226878,0.03818717,-0.15675436,0.006561317,0.011378943,0.0017831988,0.011681742,-0.011112278,0.009832529,0.023767404,-0.0038143059,0.0008978671,-0.018526834,0.0037908428,-0.014389108,0.010457974,-0.006325158,0.022649875,-0.0012630087,0.0048101144,-1.6737586e-05,0.005098053,-0.002255332,-0.0054020034
Heart-Fibroblasts,-0.0034791639,-0.0039145257,-0.0074978364,-0.01040298,0.0013204031,0.00094797125,-0.002289587,0.004239212,0.0011992895,0.028410995,0.0050844825,0.0032884327,0.008863269,0.010526475,0.028409394,0.0135041885,0.013041015,-0.0042768144,-0.009107304,0.011210865,-0.00024808335,-0.0028665783,0.0034855136,-0.003322836,-0.002343869,0.0040361,0.0054033687,-0.0073211254,0.005420362,0.027055856,0.005444763,-0.0074489424,0.006438279,-0.00031787096,0.002464063,0.0005440374,0.009546637,0.005644989,0.00018991435,0.014720325,0.0043534082,0.009541398,0.0032240255,0.014858246,-0.0015279471,0.0056353486,0.01116266,-0.001733097,-0.011620407,-0.015295922,-0.022491314,-0.024697177,-0.039791528,-0.040478487,-0.034820322,-0.0058001513,0.0036328896,-0.016015949,0.004143977,0.011870612,0.010865021,-0.0056861644,-0.0013314047,-0.010099766,0.017519144,0.025487704,0.037919167,0.023868259,-0.014241309,-0.0071229204,0.036712904,0.012645474,0.006790089,0.0048874244,-0.0025062999,0.0038713268,-0.0019064646,-0.00035785598,-0.0071827006,-0.027839327,0.019660993,0.0016619668,0.0098735755,-0.021118736,-0.010373036,0.0010385719,-0.021452544,-0.0029791887,-0.021038404,0.011223318,-0.001830244,-0.0017663253,-0.007013842,0.0070267324,-0.03624941,-0.0019441186,-0.0076889517,0.0013435938,0.002568681,-0.018215401,-0.005091283,0.00990988,-0.04427284,-0.040136926,-0.09229851,-0.030894965,0.003931117,0.0038993696,-0.02372952,0.011475984,-0.0016650084,-0.02231646,-0.029952623,-0.0044960426,0.0017274165,0.0036080754,-0.017246319,0.0040849145,0.009093375,-0.0008736579,0.013509458,-0.016249271,0.018440532,0.022420587,-0.008077874,-0.007304902,0.044128623,-0.044281524,0.0035569998,-0.016815905,0.032476768,0.0005583356,-0.0024247328,0.007662105,0.029028382,0.03602635,0.0024764505,-0.022191467,0.027737947,-0.009284844,0.0017925159,0.012945239,0.0058216024,0.011651524,0.09426293,0.0009201024,0.0023643975,0.015350638,0.00045509517,-0.2538787,-0.00050161,-0.0053958013,0.021776209,0.0013701365,-0.021999894,-0.016281301,0.0011256121,-0.027157834,-0.038636733,-0.027381403,0.0022680874,-0.0038800514,-0.0061640325,-0.011516886,-0.0215758,-0.014944793,0.00027523164,-0.00963861,-0.004537551,-0.0038271954,0.0025346787,-0.021819782,0.00302579,-0.026597362,0.014442473,-0.002476671,-0.0059057404,-0.026199885,-0.01292852,-0.00043421693,-0.10839867,0.011952927,0.011567673,-0.016963871,0.025083994,-0.014160783,-0.0092193,-0.010672804,0.008150486,0.0058187176,-0.0067417673,-0.020763636,-0.0020712644,0.0034197061,0.03332062,0.006989162,-0.00096901256,0.009772654,0.021304986,0.0035988353,0.009894857,0.007956852,-0.0053906613,-0.0009195476,0.1565651,0.008855047,0.00028883436,0.0067457827,0.012928313,0.021871198,0.013344271,-0.0030755273,-0.0035198175,-0.001288704,0.001298546,0.007881715,0.02282754,0.0076633706,0.044005588,0.009521896,-0.0021425213,0.010637794,-0.0033302743,0.018224243,0.0225318,0.0147973625,0.0023593316,-0.036196213,0.01544429,0.030616844,-0.0062572593,0.012172738,0.012906794,0.0026563916,-0.00045907966,-0.00042668547,-0.051883437,-0.024376193,0.0092891045,0.030678544,-0.03884917,-0.03199607,-0.040609848,-0.007130976,0.020562124,-0.00011270456,0.010309638,0.0020644884,0.009633658,0.0055960654,-0.0019849974,0.0001330849,0.049504742,0.02269567,-0.0010691298,0.0041466574,0.008585439,0.016733082,0.0067873127,0.022493802,-0.121621415,0.0068162936,0.012954422,0.0050362297,0.01252358,-0.009645129,0.011201593,0.023824004,-0.0020704588,0.0017476204,-0.0134585565,0.004977684,-0.0066652442,0.015131761,-0.004455062,0.012539814,0.0010788892,0.0036631818,-0.00018318379,0.0060193734,-0.0017005156,-0.004341086
Dermal-Fibroblasts,0.0006559244,-0.008265779,-0.009112081,-0.013476475,-0.007219074,-0.0019857616,-0.01001035,0.0023757084,0.0005551873,0.025332732,0.0047403704,0.0067138965,0.010486138,0.015955796,0.0387723,0.014424819,0.016999543,-0.006904821,-0.014114569,0.010321653,0.00036202886,-0.015621285,-0.0036958756,-0.016559692,-0.005486556,0.0042746277,0.0064630536,-0.00939604,0.0047751237,0.025597436,0.005218448,-0.012735297,0.000778107,-0.0005717354,-0.0012452375,0.006472473,0.012388705,0.0048489626,-0.000109275265,0.015553742,0.003141101,0.002939625,0.0035030148,0.013912906,-7.905301e-05,0.0059441053,0.006271675,-0.0030046476,-0.012204031,-0.018302532,-0.029679323,-0.03105881,-0.04764285,-0.0459621,-0.03954173,-0.0054032067,0.0016503081,-0.019432623,0.00522205,0.01243711,0.010512495,-0.00922662,-0.007715443,-0.015938362,0.016593523,0.022012638,0.04105213,0.024120446,-0.017045831,-0.0058402065,0.040864922,0.015291265,0.008065395,0.005741903,-0.002244471,0.0040283813,-0.0049276026,-0.006260264,-0.0065805675,-0.030913914,0.024302196,-0.0010906452,0.009615845,-0.020733798,-0.0101290485,0.0014376383,-0.010169683,-0.0065753143,-0.012229636,0.01518918,0.00029875032,-0.0039313915,-0.0049159913,0.013654643,-0.045682497,-0.003918203,-0.009281123,0.0005503332,0.0012558643,-0.022606181,-0.007056677,0.0066317697,-0.053388707,-0.04744298,-0.10713461,-0.039046116,0.005945432,0.0017529728,-0.032466516,0.010690097,-0.002802405,-0.028516885,-0.036495958,-0.0063144737,0.0068614525,0.0035766016,-0.015015398,0.005212203,0.0075684446,0.0009393574,0.008745949,-0.019820858,0.0190468,0.02292038,-0.007776304,-0.01012925,0.04695489,-0.049201187,0.0041630133,-0.019830884,0.03132877,-0.00017906656,-0.0039591393,0.007309404,0.03595642,0.03618316,0.0019895786,-0.028978428,0.022000382,-0.012349362,-0.0019081169,0.010805804,0.0026998478,0.010197732,0.099061996,-7.8310746e-05,0.0011386465,0.017199926,-0.0010641422,-0.26723203,-0.0006790106,-0.0056937058,0.022069009,0.0002034339,-0.027270148,-0.02073648,-0.0012630859,-0.028710123,-0.043001775,-0.032395717,0.0010087359,-0.0052533294,-0.008641494,-0.014174706,-0.021140695,-0.01561737,-0.0034538258,-0.010561506,-0.0059676617,-0.0054172226,0.002403257,-0.02790727,0.0011800092,-0.033882387,0.014865273,-0.012909681,-0.011804594,-0.023490107,-0.015102559,-0.0065711522,-0.12201355,0.0120773595,0.013007447,-0.018936744,0.02598074,-0.013007466,-0.009202179,-0.0072606127,0.01473379,0.0038171646,-0.010082995,-0.025166161,-0.005062292,0.0029289995,0.030436788,0.007965783,-0.0027574338,0.008595711,0.021075092,0.0037791305,0.013203796,0.008550163,-0.010753534,-0.0017267099,0.16543509,0.0069886055,-0.0005140997,0.0059476714,0.01216,0.020862585,0.016903343,-0.004736229,-0.0029443032,-0.0047347476,9.595529e-05,0.007482585,0.026524942,0.007966056,0.04605786,0.006843841,-0.0028725218,0.0091791,-0.0031796019,0.019088889,0.03123823,0.014229268,0.0011060544,-0.041883647,0.017304119,0.034526993,-1.6002256e-05,0.007847297,0.014812272,0.0031278578,-0.002779176,-0.0018372654,0.01982548,0.0045846105,0.008498405,0.031286497,-0.05213399,-0.04206707,-0.055398896,-0.007465452,0.021923373,-3.6590103e-05,0.011352207,0.0029237564,0.0065137106,0.0010886525,-0.008161105,0.0016154624,0.05706496,0.028790347,0.0025265743,0.00564651,0.006950554,0.015864564,0.008286019,0.023954434,-0.14933972,0.0072525344,0.011987775,0.0011385964,0.011374382,-0.013104158,0.010427308,0.02556979,-0.0033585061,0.0014985102,-0.01890278,0.0017856929,-0.01139609,0.013505227,-0.0058470466,0.026218832,-0.00047770524,0.003811569,-0.000754217,0.0052666976,-0.0024583593,-0.0047440655
Skeletal-Muscle,-0.0024418063,-0.0113881575,-0.009736677,-0.009074023,-0.0056210905,-0.0038065263,-0.01163325,0.0022638107,-0.0009967538,-0.019935882,0.0013603542,0.0029762578,0.009383486,0.009101091,0.029391082,0.014438794,0.011500523,-0.0029747845,-0.008819976,0.010118225,-0.0016606342,-0.0075914273,0.00064451125,-0.009459626,-0.0060791536,0.005521905,0.0061323815,-0.010095715,0.0031815192,0.00019788978,0.0062216506,0.0014785625,0.009460541,0.0020259852,0.005462842,0.003431631,0.012049687,0.007365465,0.0034849897,0.011720961,0.0035903722,0.010827759,0.0048443107,0.015766094,0.0013780928,0.009931844,0.01125504,-0.0009923204,-0.013246768,-0.01780289,-0.032848094,-0.03868632,-0.041633043,-0.033389382,-0.032048125,-0.005348687,-0.0028879803,-0.016048944,0.0018732221,0.0071430476,0.005351113,-0.0048052943,-0.007306434,-0.0124387825,0.0061475323,0.009144735,0.025398664,0.014524445,-0.017536124,-0.007756086,0.02484915,0.010173177,0.004527276,0.004369731,-0.0020225376,0.0041825795,0.0005350897,0.0010612153,-0.0059809093,-0.020101432,0.011331191,-0.0022187869,0.010483932,-0.018953001,-0.008737776,0.00044631824,-0.0016842077,-0.0072325617,-0.02876746,0.012458632,4.8207425e-05,-0.0023450064,-0.006994634,0.009770081,-0.092691064,-0.00993071,-0.0068305717,-0.000757564,0.0045214742,-0.011084009,-0.0033011024,0.009536713,-0.052112713,-0.050183218,-0.118581206,-0.07972549,0.0061813546,0.0001290991,-0.032430913,0.01189208,-0.004848256,-0.027034845,-0.03298932,-0.0026942843,0.0045382883,0.004263522,-0.008240646,0.009502623,0.011909311,0.0010929897,0.010953606,-0.016215641,0.017746005,0.021589292,-0.0024858168,-0.0072693382,0.043477062,-0.07078456,0.0034890794,-0.018891957,0.027419295,-0.0020245714,-0.0065063243,0.0060927006,0.026328122,0.02452561,0.0037450222,-0.022601584,0.01912008,-0.010857726,0.0001992889,0.009057733,0.004740036,0.011774094,0.09154652,-0.0019992327,0.0039598993,0.014137987,-0.002642809,-0.23672149,-0.0026817727,-0.0043246695,0.021059403,0.0016509194,-0.022439148,-0.012880583,-0.002253704,-0.01979334,-0.03347964,-0.028531011,0.0025909445,-0.0038765043,-0.007390983,-0.011452752,-0.016562313,-0.009410962,0.0031699121,-0.007069561,-0.0034497057,-0.0016985866,0.0044001956,-0.016968038,0.0019144969,-0.024433667,0.010162015,-0.02801809,-0.018128647,-0.029007701,-0.011902241,-0.00288279,-0.10284216,0.011331959,0.012147513,-0.016583914,0.02251351,-0.016813742,-0.0138604585,-0.0078073037,0.010721892,0.0019676862,-0.0057296283,-0.022194002,-0.0029432687,0.0009826031,0.035491873,0.0074513103,-0.0025593154,0.0076548173,0.016557446,0.0030430576,0.0107097,0.007167475,-0.0075967056,-0.0040907655,0.1531554,0.006803428,-0.002586979,0.007379829,0.0089862095,0.020275582,0.014279133,-0.001984606,-0.0024959007,-0.0040908633,-0.0012750578,0.006208305,0.025157629,0.0076241847,0.032720316,0.0019674522,-0.0011025912,0.011016184,-0.0045460607,0.017883636,0.023470137,0.014117894,0.0010423778,-0.03592539,0.015123726,0.032095674,-0.0015043115,0.011073604,0.011059723,0.0027883986,-0.0004471336,-0.003121339,-0.0013672464,-0.0002923272,0.006493632,0.027768344,-0.0606699,-0.045023438,-0.06418728,-0.0057365946,0.021010607,0.0030220354,0.013982839,-3.4637516e-05,0.002138839,-0.00013413807,-0.008474151,0.0014055733,0.04054761,0.015399211,-0.0031099939,0.006199615,0.010205651,0.016030053,-0.011895182,0.0056963894,-0.14828975,0.005880504,0.014381472,0.0051247478,0.013097286,-0.008808941,0.009016665,0.022309216,-0.0014406204,-0.0010894561,-0.017864278,0.0028666453,-0.016002785,0.0074645546,-0.0063791596,0.020707885,-0.0006579334,-0.0007338452,-0.00081719476,0.002409222,-0.002834205,-0.005036643
Aorta-Smooth,-0.0010627125,-0.0057264646,-0.006860712,-0.012494964,-0.0023509972,1.9981448e-05,-0.004535059,0.0030316478,-0.00020538745,0.0150482645,0.0056660757,0.0052580307,0.009795955,0.010816432,0.031989116,0.013649364,0.01306795,-0.004765595,-0.009592857,0.0107809175,-0.00074981403,-0.007938273,-3.8918126e-05,-0.00912262,-0.0030912296,0.003913552,0.0052141044,-0.008794547,0.004708305,0.02294829,0.004957973,-0.005009559,0.005849076,0.0020992723,0.0040578204,0.0045757224,0.01236329,0.007025766,0.0024306853,0.015920024,0.005230868,0.010944438,0.0027524428,0.014384374,0.0017668566,0.0073313653,0.009971481,0.0013826188,-0.009413985,-0.012215553,-0.023107884,-0.02770826,-0.034728,-0.039378703,-0.032265272,-0.0043171956,0.0031517337,-0.01436187,0.0051245787,0.011512653,0.011576091,-0.0049229106,-0.0012991393,-0.010796924,0.015479739,0.023193525,0.0364536,0.0223487,-0.013109769,-0.0070810257,0.036045767,0.012751513,0.0065080356,0.004817947,-0.0025587005,0.0037577373,-0.0018521891,-0.0016110316,-0.0075772973,-0.027021497,0.020308219,-0.0011654525,0.009527682,-0.02212076,-0.010083088,0.0008286825,-0.018343724,-0.0045235762,-0.023400174,0.01223271,-0.0017509671,-0.0028692125,-0.007784061,0.009953429,-0.019318301,0.0021807307,-0.008128552,0.004751852,0.0018516084,-0.018884003,-0.006614521,0.008907958,-0.045744218,-0.041133657,-0.09144826,-0.015538494,0.004610462,0.002830153,-0.027258957,0.010949295,-0.0035791886,-0.02300645,-0.0317076,-0.005214981,0.0040745777,0.003119331,-0.0068860594,0.0053611156,0.009482041,-0.00094111945,0.012346647,-0.017366301,0.018180046,0.02194906,-0.008724255,-0.0077446746,0.04369274,-0.041252125,0.003993163,-0.016953355,0.033855315,7.420407e-05,-0.0032714459,0.0064398097,0.030658307,0.0339134,0.0020625156,-0.023284303,0.023683691,-0.009614063,0.0006225367,0.012704652,0.0050831414,0.011017189,0.096103884,0.00028205066,0.0019318473,0.015225929,0.00012832339,-0.25659198,-0.0014118422,-0.005085416,0.022126459,0.0012944016,-0.023495866,-0.018422455,-0.00028537135,-0.028467426,-0.04043168,-0.029255817,0.00199464,-0.004198033,-0.0068536396,-0.013188967,-0.022419589,-0.012554825,-0.0012035856,-0.011164924,-0.005232978,-0.004490259,0.0022893928,-0.021910397,0.002489634,-0.026620321,0.01359451,-0.003797193,-0.0073960866,-0.025643418,-0.013252651,-0.0032906139,-0.10127488,0.011182251,0.011602393,-0.018217241,0.024664484,-0.014718653,-0.009947392,-0.010533458,0.011067933,0.005185394,-0.00822738,-0.022854311,-0.003297549,0.0019039218,0.031502046,0.0064662555,-0.0013917967,0.008647142,0.020687344,0.0034888403,0.010433296,0.009007033,-0.007128545,-0.0011049581,0.1583239,0.007838661,-0.00025308607,0.0069820457,0.011792616,0.020866698,0.014159244,-0.0029212795,-0.0035455632,-0.0031463592,0.00058547576,0.008078297,0.024420189,0.007691818,0.041664675,0.009197514,-0.003108356,0.009708833,-0.0033589127,0.018123383,0.025814075,0.014455779,0.0013371921,-0.037616808,0.017603075,0.032490395,-0.0025340482,0.01089791,0.0142282015,0.0025623783,-0.0010840521,-0.0009299887,-0.014233006,-0.009384292,0.008338006,0.030862484,-0.040476378,-0.03182502,-0.040215097,-0.0067827627,0.020341126,-0.0012615122,0.009777439,0.0021624507,0.009048536,0.0043648425,-0.00344094,0.0014785079,0.058659013,0.0219154,-0.0018034665,0.0042797895,0.007586839,0.015915431,0.0053438875,0.021304427,-0.12794007,0.007097504,0.012372984,0.0038421303,0.011909971,-0.01053734,0.010389709,0.023925208,-0.0015147078,0.0026446267,-0.014142244,0.004110157,-0.0077361376,0.014915238,-0.003443698,0.019420112,0.0010351355,0.0033463095,-3.4886496e-05,0.0056520356,-0.001904064,-0.0048308275
Heart-Cardiomyocyte,-0.0037643053,-0.007843916,-0.008791668,-0.0065183854,0.0053928955,-0.0029795668,-0.0026222377,0.007892347,0.0050941613,-0.013158196,0.004020578,-0.00061195384,0.009936078,0.011513977,0.024305163,0.013957028,0.014648616,0.0018556647,0.0016748082,0.016061854,0.0032261976,0.007242339,0.013135193,0.009265143,-0.005260425,0.00014188697,0.0015489806,-0.02348538,0.0052071423,0.011449564,0.0073560323,-0.004361613,0.0130263865,-0.002052211,-0.001058524,-0.010411242,0.005176903,0.003137735,-0.0042927023,0.010442874,0.001746833,0.008227426,0.004499222,0.0171458,-0.010296028,0.0056861206,0.018101318,0.0009900499,-0.014084366,-0.014999015,-0.0073949327,-0.014927509,-0.019973401,-0.017948842,-0.024101594,-0.011038707,-0.0021149926,-0.025805952,-0.00043599054,0.0058060815,0.0061173965,-0.001040759,-0.0022185452,-0.008706421,0.010173827,0.015001485,0.0247185,0.016528606,-0.020430066,-0.012837335,0.02335978,0.0072112908,0.0025846085,0.002647256,-0.004563098,0.0067169713,0.0054076486,0.009966796,-0.005271713,-0.023447951,-0.00086463743,0.010175677,0.014982409,-0.018142486,-0.008875236,0.0007676294,-0.0029743074,0.00029087786,-0.028513037,0.012348113,-0.001570286,0.0030543162,-0.0065105665,0.0067884005,-0.042502407,0.0025999295,-0.0059572062,0.0075449375,0.008875724,-0.0029208271,-0.0006794624,0.016927283,-0.040466886,-0.040486343,-0.09564941,-0.03526673,0.008058149,0.006145704,-0.033289284,0.012429523,-0.0053857295,-0.034522433,-0.04046171,-0.0026884445,-0.0019265991,0.0030828663,-0.0032886842,0.008999448,0.015999116,-0.00080062397,0.017332183,-0.016087662,0.017923707,0.024835432,-0.0032938318,-0.006146438,0.05221449,-0.08246052,0.00397279,-0.019430412,0.039100397,-0.0017423779,-0.007030603,0.01131473,0.015746538,0.025099745,-0.0005032441,-0.008328691,0.033588126,-0.0068295803,-0.002829826,0.012940066,0.009274935,0.010635895,0.10712174,-0.0017276984,0.004304035,0.010683018,-0.004573451,-0.24008016,-0.0027868678,-0.004473744,0.023021815,0.0029131998,-0.026753834,-0.009157222,-0.0016169995,-0.020498496,-0.031105457,-0.025534661,0.0049832975,-0.0025597217,-0.0040664906,-0.009825495,-0.021605993,-0.007284012,0.01059557,-0.008429623,-0.0028741756,0.0003544888,0.005794329,-0.016163131,0.0011833768,-0.020500124,0.010380036,-0.0068376446,-0.0059657968,-0.040867854,-0.010584658,0.0027400819,-0.121531814,0.017745966,0.012198633,-0.016193954,0.025301766,-0.020698927,-0.016138041,-0.010651822,0.008144271,0.0043530846,-0.0011615531,-0.02665496,0.00036904926,0.006831537,0.03378152,0.010131261,-0.0032841342,0.010372454,0.019170778,0.002233092,0.012711967,0.008694129,-0.004871883,-0.0051377886,0.18417975,0.008604269,-0.0055324035,0.009363373,0.007219495,0.02278127,0.015393596,0.003660986,-0.0041893567,-0.0034702406,0.0007467699,0.005320347,0.021894583,0.008780092,0.030764434,0.003800078,-8.201678e-05,0.0067838198,-0.007500818,0.018496368,0.013580446,0.017363947,0.0029757908,-0.040394805,0.018813888,0.03821849,-0.014978939,0.020010592,0.0100974245,0.00018175437,-0.00073152164,-0.0035166158,-0.09504536,-0.045441233,0.009030659,0.03407734,-0.06048899,-0.045846745,-0.06685619,-0.006231388,0.020821562,0.0036923483,0.018050509,-0.004115079,0.0021221084,0.0027208882,-0.0066767717,-0.00088260963,0.051685456,0.013817628,-0.0014801585,0.007409515,0.009472848,0.018156262,-0.00026271198,0.020130621,-0.14577013,0.0030466716,0.014589137,0.0036577268,0.013387353,-0.0074471086,0.011732071,0.023249472,-0.0063880547,-0.0043253447,-0.0095382165,0.007461238,-0.0069167963,0.008265795,-0.0036352952,0.0016672945,-0.0003244466,-0.0047724396,-0.00041128043,0.0029705083,-0.004773559,-0.005267686
Bone-Osteoblasts,0.0026740986,-0.0075046876,-0.0035205476,-0.0117220385,-0.001754734,-0.0025522786,-0.004528032,0.0036725,0.0028683147,0.0073891203,0.006968483,0.008651239,0.012380874,0.013371854,0.042293534,0.017222302,0.015486128,-0.004694341,-0.006431554,0.011313978,0.0003813978,-0.008231839,-0.001682181,-0.010253596,-0.0020658176,0.006703107,0.0069959615,-0.011315001,0.0013719188,0.045572415,0.0050799185,0.0069410997,0.008190921,0.0043111686,0.010411818,0.014052613,0.015222779,0.011671842,0.008670005,0.023429804,0.012546253,0.020235332,0.0021924565,0.014206431,0.009179463,0.011216652,0.010868651,-0.001940751,-0.01051797,-0.0116560105,-0.040564347,-0.05310179,-0.051388223,-0.046876654,-0.039277628,-0.0016816041,0.001811701,-0.012664578,0.004549429,0.010415264,0.0067282314,-0.004581175,-0.0019953304,-0.009407193,0.012307464,0.013914764,0.032746475,0.0189037,-0.01226543,-0.005986416,0.032322455,0.012240625,0.0054561165,0.0037252218,-0.0017660287,0.0039637964,-0.011061589,-0.0077351984,-0.015238836,-0.032405067,0.017407617,-0.0018364122,0.010284383,-0.024847152,-0.011033166,-0.001080707,-0.05403869,-0.011038336,-0.029944958,0.0134038525,-0.00047614996,-0.0028971732,-0.009272685,0.017076276,-0.08242795,-0.007672296,-0.0070476825,-7.35834e-05,0.003779655,-0.01843369,-0.0055494234,0.009677146,-0.058961865,-0.056337997,-0.117712185,-0.0714082,0.0041582226,-0.0023971063,-0.03165717,0.01109882,-0.005623989,-0.020287786,-0.03248599,-0.0032966407,0.010483643,0.0042737173,-0.0016505148,0.011793389,0.012581247,0.0016964686,0.012163023,-0.017192455,0.018175093,0.02161222,-0.0023359067,-0.007932181,0.04410522,-0.042642288,0.0043841926,-0.017401457,0.035836253,-0.0010896663,-0.0040037967,0.005351896,0.035406776,0.031590275,0.0043647126,-0.030211115,0.018699862,-0.007672737,0.00024538938,0.009692775,0.006187468,0.011840687,0.10081644,0.00012027517,0.0015586048,0.01626245,-0.0005592793,-0.24119273,-0.0003939644,-0.003772532,0.024691742,0.0035350283,-0.022925178,-0.016483493,-0.000687999,-0.026369717,-0.038680438,-0.031824656,0.00228444,-0.004475339,-0.009439122,-0.012633621,-0.019126153,-0.01181356,-1.4112957e-06,-0.0093812775,-0.004406894,-0.0036948174,0.0043503344,-0.01807883,0.0034340501,-0.02320337,0.012387866,-0.03697104,-0.0285024,-0.028430423,-0.012348389,-0.0028929003,-0.0950738,0.009073806,0.012943647,-0.016067183,0.024693178,-0.013772605,-0.0103607355,-0.010759712,0.01816936,0.0045492817,-0.0066693276,-0.02462554,-0.002733119,0.003441191,0.03576754,0.007890468,-0.0022560994,0.007953843,0.01748249,0.002474676,0.011118105,0.008317841,-0.006833353,-0.003580182,0.16562104,0.0071738358,-0.00051941036,0.0097645465,0.010774342,0.0205404,0.017424168,-0.00081697875,-0.0032841936,-0.0019651474,-0.0011411082,0.008307035,0.028573358,0.008663362,0.03943006,0.0022688312,-0.002480682,0.01071508,-0.0019213427,0.020649768,0.032270197,0.013436633,-0.00026267229,-0.035912916,0.017265638,0.03500156,0.0059876507,0.013113617,0.016807318,0.004358509,-0.0006014161,-0.0025201435,0.045034662,0.017833296,0.005527273,0.031377543,-0.053107694,-0.03656408,-0.0477258,-0.0047818148,0.022720257,0.0010140341,0.012481709,0.002150318,0.0055789794,0.0013116366,-0.0075664236,0.0042768875,0.061554182,0.011449317,-0.010581226,0.0068452926,0.009091038,0.015675101,0.00012758242,0.017891666,-0.120452516,0.0077347835,0.01463637,0.0035859633,0.011764359,-0.010783354,0.0071860435,0.025304327,-0.00011377106,0.0061115404,-0.016720584,0.005419385,-0.02085473,0.011280124,-0.0058474927,0.03339198,-0.0013655081,0.0010279987,-0.0010865877,0.00437744,-0.002203539,-0.007466581
Oligodendrocytes,-0.0011081178,-0.014585476,-0.015581561,-0.0157533,-0.009517233,-0.005819643,-0.020073213,-0.0027217504,0.001777989,-0.025370399,0.0027608168,0.003779199,0.0053814934,0.01606356,0.030189892,0.0134090455,0.012137977,0.0013604967,0.0061491514,0.012208568,0.002393875,0.0035925927,0.0022597455,-0.0055669504,-0.0084116105,0.008183661,0.0068314373,-0.012700583,-0.0007712602,0.043842368,0.016408427,0.03179467,0.02450441,0.018224891,0.031089524,0.020965094,0.025712097,0.031781517,0.019545984,0.039128967,0.024054317,0.047883086,0.008558095,0.021101039,0.020957015,0.030085737,0.02777026,0.013741244,-0.0059659793,-0.012095134,-0.015752792,-0.020521129,-0.015366531,-0.0112734465,-0.01777089,-0.004672258,-0.011096994,-0.005296456,-0.0010465755,0.006950232,0.010348093,0.0022041618,-0.0110669825,-0.013284643,0.010738865,0.013468732,0.033163138,0.01977726,-0.017522736,-0.0041197217,0.03839315,0.01360974,0.0067875353,0.00932412,-0.002724457,0.0034667696,0.0036109886,-0.0037779955,-0.022129256,-0.020438107,0.014521058,-0.0055516763,0.008959772,-0.041534528,-0.012987764,-0.0067858184,0.00048232582,-0.0015626032,-0.1681948,0.004903636,-0.012718378,-0.009455813,-0.03882158,0.008448679,-0.03553397,0.0047900924,-0.0026149428,0.010531176,0.005164045,0.002290137,-0.005240781,0.009978001,-0.041044515,-0.03901515,-0.09199149,-0.029379465,0.00570507,-0.005525244,-0.029849714,0.011647266,-0.00774042,-0.023111235,-0.034326095,-0.0015723496,0.0021537251,0.009190129,0.009098432,0.014820191,0.01868794,-0.0067751207,0.009645916,-0.020966152,0.01786061,0.021230115,-0.0037773284,-0.0064987266,0.026286816,-0.08772314,0.0030650622,-0.025442068,0.016663626,-0.0048437533,-0.008911793,-0.0056898724,0.030093914,0.023395604,0.0077876714,-0.015904227,0.020213418,-0.013805348,0.00055955513,0.009376481,0.0057087583,0.013473929,0.07761914,-0.0023928052,0.005435264,0.020156454,-0.0035662625,-0.3102628,-0.012028149,-0.0056988588,0.019176848,0.0018345966,-0.024128785,-0.010315952,-0.0047822148,-0.010722371,-0.019573871,-0.014574792,0.0046778424,-0.002830123,-0.0035209577,-0.008712805,-0.014586759,0.0003023256,0.005843231,-0.006756241,-0.0021664388,0.002189159,0.00650981,-0.0014936029,0.0028600132,-0.0071172863,0.014100417,-0.010097127,-0.008215202,-0.021860499,-0.011548898,-0.0054156184,-0.0698755,0.009177648,0.013288477,-0.01564026,0.020220164,-0.018110521,-0.015091363,-0.03429328,0.009194628,-0.0009899525,-0.0017707575,-0.020576531,-0.0021290071,0.008023499,0.039985493,-0.011305866,-0.0015950671,0.0016713536,0.014659627,-0.0013852419,-0.014249348,0.010663123,-0.009004104,-0.0062279827,0.13407536,0.006647333,-0.0026902542,0.011640364,0.008523103,0.022243816,0.0114365425,0.0015867115,-0.0031436828,-0.008114701,-0.003873515,0.0045162095,0.024124365,0.008438242,0.036747407,0.0066831536,-0.0030296727,0.010028963,-0.0046197018,0.015372237,0.025777975,0.015911791,0.004031734,-0.040368292,0.022286188,0.033294216,0.0031572306,0.0104505,0.0111390855,0.0018606515,0.0021371273,-0.004384311,0.028327756,0.006357168,0.007645124,0.0261647,-0.1004689,-0.065116554,-0.12462696,-0.008249755,0.022354903,0.002035291,0.01372532,-0.003975214,0.00044746697,-0.00041318478,-0.0074117044,-0.00020473561,0.051867604,0.02029985,-0.0022403228,0.007043408,0.009552855,0.01872697,-0.004379581,0.0123686185,-0.19839416,0.0058307988,0.012203652,0.010024909,0.012042376,-0.007923707,0.008819336,0.01606625,-0.00070762186,-0.0047586146,-0.018731834,0.0034553572,-0.00860823,0.009570917,-0.0050499234,0.022189591,0.00258614,-0.004985359,0.002531587,0.00030375455,-0.0019698325,-0.009442031
Cortex-Neuron,-0.0009728267,-0.011059173,-0.0138275195,-0.013397713,-0.0073527265,-0.005413224,-0.014178217,-7.369534e-05,0.00046163026,-0.007992549,0.002111666,0.0031685631,0.0067193783,0.016091377,0.029551271,0.012549569,0.013843388,-0.0010410962,-0.00095846405,0.010416121,0.00011663912,-0.00037712918,0.002514776,-0.004717296,-0.0077676033,0.0061820005,0.0064794314,-0.012666232,0.00084446056,0.049915567,0.012755666,0.021786038,0.018487224,0.012602036,0.02178556,0.017640123,0.019933162,0.024045212,0.0135084735,0.033605047,0.020921743,0.037529252,0.006664878,0.0181367,0.014353028,0.022133838,0.022350945,0.004881248,-0.008739153,-0.013155216,-0.019572508,-0.024796668,-0.02596887,-0.019466346,-0.022893356,-0.0049259216,-0.0061009405,-0.010320316,0.0008230248,0.0064235074,0.008525246,-0.00034721277,-0.007537574,-0.011735113,0.010099825,0.012692312,0.0285141,0.017918307,-0.015438455,-0.0055373376,0.0323246,0.011871651,0.0061235274,0.0066234665,-0.0025280367,0.004314276,0.0007674633,-0.0032779386,-0.015022218,-0.021554565,0.012848559,-0.0034042515,0.009308199,-0.031953566,-0.011601968,-0.0036183493,-0.004716678,-0.0033091938,-0.09838224,0.007919179,-0.0075463867,-0.005527101,-0.023651946,0.009836691,-0.06510414,-0.004711059,-0.004372052,0.0025875347,0.004857881,-0.0031434062,-0.0049060425,0.009795176,-0.048958234,-0.046509616,-0.106956564,-0.056374338,0.0054902635,-0.0027414646,-0.031576034,0.010469352,-0.0067854854,-0.02627141,-0.035122678,-0.0028410347,0.003963627,0.006952053,-0.0072175497,0.010875211,0.016090339,-0.003727262,0.009776716,-0.018485676,0.01702934,0.020948207,-0.0023385573,-0.007662697,0.03220309,-0.07541034,0.0025662628,-0.021345325,0.02240034,-0.0035109082,-0.005822513,0.00043606033,0.027636178,0.02263854,0.004776903,-0.017928172,0.020330308,-0.010279838,0.00047696175,0.010349839,0.0049340352,0.012813906,0.07889883,-0.0019382902,0.004204371,0.016453259,-0.003148967,-0.29690152,-0.006180967,-0.00433888,0.018428465,0.00019939206,-0.02502305,-0.011905389,-0.005261557,-0.015147666,-0.025855849,-0.02145362,0.0034764025,-0.0034915642,-0.0055131074,-0.0095342705,-0.013393494,-0.006558444,0.005037194,-0.0071976455,-0.0034092995,-0.000388871,0.0054747625,-0.007822653,0.0019002442,-0.013801323,0.012344306,-0.019041302,-0.011734126,-0.026712779,-0.011345874,-0.003918563,-0.08301774,0.009970314,0.011818556,-0.01427623,0.02018795,-0.01430894,-0.012236996,-0.021539627,0.011235092,-0.0013202659,-0.004047088,-0.02194487,-0.0028641208,0.0064899195,0.036668528,-0.0030461734,-0.0036177887,0.0029756182,0.014185439,0.0005348889,-0.0030753925,0.009049838,-0.009814496,-0.0052984976,0.13285384,0.004378974,-0.0021630295,0.009259206,0.007393838,0.01974395,0.012277511,0.0006072315,-0.0028945473,-0.008276436,-0.0031129085,0.0052505964,0.023560425,0.008100521,0.032261528,0.0032672274,-0.0026367647,0.008898992,-0.004750385,0.015955692,0.023647878,0.014203688,0.0022547864,-0.038640853,0.019178117,0.03291772,0.00029164596,0.010818387,0.009864439,0.0012833221,0.00015496113,-0.0034146346,0.012959173,0.0023475816,0.0068339077,0.026816776,-0.083612524,-0.05306415,-0.09925007,-0.006770879,0.020723533,0.0028644737,0.014219025,-0.0014975999,0.00025877848,-0.0010054477,-0.0090220235,-0.00017545752,0.040638324,0.016003642,-0.00438399,0.0076922774,0.0075534154,0.016778547,-0.002901011,0.013903822,-0.1959065,0.0053076064,0.010943142,0.006689753,0.012118633,-0.006593496,0.008746543,0.017859695,-0.0013289207,-0.0046693846,-0.02025044,0.0019458223,-0.011835715,0.0069664367,-0.0058895582,0.020386387,-0.00028848634,-0.0025671974,0.0008454966,0.00092235423,-0.0024143707,-0.006788424
Liver-Hepatocytes,-0.00053508923,-0.02170518,-0.013700576,-0.002731945,0.016427679,-0.0047702203,0.001188428,0.0070930095,0.0041642985,-0.5323784,0.008809188,0.0037901506,0.009997021,-0.06436654,-0.009147716,0.007696314,-0.022268493,0.0064688716,0.01499753,0.023787249,-0.0012685746,0.0020821171,0.0057478338,0.003493636,-0.004710049,0.0032633378,-0.0019744535,-0.0133551685,0.008702362,-0.31437007,-0.011638772,-0.032876983,-0.00076685817,-0.011833284,-0.024531176,-0.04309308,-0.005849011,-0.027987842,-0.010458632,-0.059910897,-0.05390866,-0.054488998,-0.00890259,0.009263089,-0.024337713,-0.013115278,-0.013980112,-0.002677215,-0.012639295,-0.009178946,-0.03609567,-0.0764751,-0.010751556,-0.014784048,-0.018349363,0.005334668,0.0040344284,-0.02311071,0.005412931,0.008183376,0.008084266,0.0043374896,0.0065378393,-0.0049166237,-0.0033881078,0.00029287313,0.0056734444,0.003593307,-0.0059925346,-0.008670846,0.0061609386,0.007899103,0.0022577108,0.0009350322,-0.00083120196,0.0042222417,-0.04650289,-0.021208558,-0.037670262,-0.05657728,-0.011217567,0.0053150184,0.018003177,-0.01598741,-0.027483633,0.00032571328,-0.23327741,-0.013895959,-0.0021300088,0.011936766,0.0031417182,0.010239471,-0.0037419545,0.0016417825,-0.0436822,-0.0075738714,-0.006774616,0.0003130053,0.009317792,-0.0018212248,0.0018413657,0.01663854,-0.054993887,-0.05172605,-0.1305814,-0.034395512,0.008193834,0.0041586533,-0.022272076,0.011778858,0.0056877946,-0.025495099,-0.0296695,-0.0016215339,0.01103312,-0.0032969306,0.014642193,0.010233324,0.01624916,0.0014002733,0.016023912,-0.0075862696,0.020388218,0.027008455,0.00435077,-0.0030970657,0.04789203,-0.071011424,0.01027796,-0.009566497,0.04578432,0.0010350847,-0.0028494028,0.016894314,0.012190681,0.0154288765,0.00029381827,-0.008344683,0.0048175575,0.0030066154,-0.0012669361,0.017573638,0.0060091247,0.013978894,0.09901292,-0.0013700264,0.0066209747,0.003504687,-0.0016339549,-0.25823218,0.001350972,0.0012953,0.021775404,0.0048134797,-0.021968093,-0.0044548507,-0.0011291961,-0.0145109715,-0.023866365,-0.01624984,0.0044396836,0.00093093986,-0.0046700807,-0.006132798,-0.011395912,-0.0007934461,0.0084221745,-0.0018407122,-0.00079978316,0.0005610558,0.0052695936,-0.013558639,0.00078874384,-0.006264968,0.0062920465,-0.017544158,-0.008829823,-0.044993173,-0.004208679,0.0047860136,-0.054979704,0.015028503,0.010135339,-0.0053720516,0.022947874,-0.009735783,-0.00913947,-0.0070401337,0.001735369,0.0042451858,-0.0028752931,-0.019698907,0.001415861,-0.03557566,0.044848215,0.015907904,-0.0007954896,0.012449834,0.018728308,0.0077288332,0.015067925,0.014253519,-0.0012906551,-0.0027441664,0.16138935,0.0043888064,-0.011168044,0.0076751625,0.010268401,0.013965439,0.012903693,0.00478662,-0.00033440863,-0.0054433635,-0.0021133902,0.006091722,0.026817571,0.00896027,0.019235823,0.0037226246,0.00096420397,0.01120571,0.0039416007,0.021947611,0.020261439,0.0134742865,0.005599191,-0.03736476,0.026345257,0.03537313,-0.00039768085,0.020583706,0.009339567,0.004397372,0.00010060788,-0.00024099325,-0.051750317,-0.01561957,0.004706518,0.030137533,-0.07031091,-0.03571226,-0.04783467,-0.0019914196,0.020754607,0.012771794,0.025756322,0.0012971776,-0.0007897165,0.0029045967,-0.009311886,0.0016416425,0.09086447,-0.020631243,-0.011304711,0.012612317,0.012426844,0.015472065,0.012572526,0.033008493,-0.16709891,0.0061707753,0.015503689,0.009003272,0.010817599,-0.004127894,0.009729196,0.020377075,0.00071041286,-0.0050572036,-0.019724365,-0.0023686038,-0.029593688,0.003992065,-0.0018480241,0.012670159,0.0022804562,0.0019778463,0.0018428715,0.0038147795,-0.0023344483,-0.003450085
Pancreas-Duct,-0.0044505806,-0.03321748,-0.012897147,-0.01842001,-0.01024594,-0.0016268868,-0.015198001,0.001227049,-0.029788457,-0.496951,-0.011837172,-0.007856097,0.016328676,-0.06653269,0.0027089592,0.01820239,-0.028974498,0.0014102849,-0.013176095,0.0061787907,-0.045980714,0.004347699,0.009792934,-0.0014003563,-0.008399549,0.011196313,0.005008124,-0.010398364,0.0050006774,-0.23132484,0.0012879893,0.00915303,0.025397591,0.00512211,0.0016504223,-0.021190848,0.013345004,-0.0015482764,0.00052130135,-0.025608579,-0.023657463,6.293706e-05,-0.00093207223,0.02445704,-0.003395305,0.0005955873,0.015496168,0.010780437,-0.012291717,-0.0051391763,-0.02324851,-0.058989856,-0.024886876,-0.035628553,-0.02637248,-0.0007122929,0.0025294423,-0.012239154,0.005926351,0.006190755,0.011613875,0.012394606,0.011230405,0.0040267045,-0.0066102077,0.000937456,-0.0019802877,0.0032688554,-0.01063138,-0.016056325,0.0032258555,0.007791347,0.0004678976,0.0006265852,0.0042615896,0.008313189,-0.02729953,-0.005641558,-0.03726195,-0.042988583,-0.009973223,-0.045050975,0.02109788,-0.03818702,-0.024877232,-0.0019389822,-0.18211254,-0.0037166527,-0.09319626,0.013436175,-0.008926661,-9.811418e-05,-0.021735292,0.00025293088,-0.020578109,-0.021337463,-0.005017358,0.0032367238,0.009322924,0.0005149382,0.0005993124,0.021733714,-0.057655744,-0.06129459,-0.15324058,-0.01409568,0.0112818815,0.009033898,-0.041766945,0.021327745,-0.016151106,-0.03322373,-0.04110104,0.0031389496,0.011949324,0.0021664002,0.013302929,0.011561872,0.028378248,-0.0057610176,0.021841945,-0.007835921,0.031614862,0.031488903,0.0034350157,0.0017578391,0.05493576,-0.11316552,0.008901865,-0.007252203,0.066440314,-0.0016367584,-0.004919855,0.013527125,0.011552977,0.012625741,0.011733641,-0.016200894,0.007802837,0.008476476,0.007508434,0.027470043,0.0141238095,0.01576197,0.1382589,0.0005615055,0.016041907,0.011057362,0.0014006862,-0.23843773,0.0010496989,0.00056464656,0.038933598,0.014870541,-0.02319728,-0.0031900627,0.0010920054,-0.028730294,-0.044553358,-0.024145218,0.010279985,0.0042908685,-0.0027778458,-0.012002805,-0.022874977,-0.0015994787,0.014468446,-0.009811052,-0.002298061,0.0005285429,0.011304823,0.0024006567,0.009205118,-0.0016035661,0.011372062,0.0013741605,-0.0013478857,-0.067224875,-0.0075024148,0.001229991,-0.048434652,0.018116158,0.016521556,-0.012124782,0.031691365,-0.025475362,-0.02358109,-0.022512708,0.0015328176,0.008970633,6.9103284e-05,-0.025151998,0.0028335515,-0.028535385,0.044680756,0.009989744,0.0022190365,0.012901558,0.023589259,0.0051094205,0.0073151244,0.016569303,0.0033608892,0.00086253026,0.22416788,0.016290423,-0.009847832,0.018590892,0.014381874,0.031668343,0.0071598073,0.014619347,-0.0010424792,-0.0020611729,0.0012222807,0.011442397,0.040689044,0.013825909,0.017513733,0.010801013,-0.0008762972,0.01842927,-0.0039130365,0.030534271,0.027645279,0.026093213,0.0058114175,-0.048391316,0.033479653,0.050004527,-0.0029483603,0.03283977,0.020640178,0.0070667076,0.0051448336,0.00059327146,-0.065144904,-0.016594116,0.008669979,0.04432296,-0.09508202,-0.047699895,-0.07600511,-0.001134167,0.032478105,0.007049663,0.023323238,0.0055180835,0.0052402886,0.009406181,-0.001956668,0.0041797776,0.08313707,-0.0473504,-0.0380572,0.014441595,0.023932911,0.026229102,-0.013830364,0.013405073,-0.12155565,0.010036795,0.02991732,0.019029004,0.021539701,-0.0008585242,0.016219277,0.032573294,0.007155855,0.0057994127,-0.004955324,0.013309845,-0.021031737,0.010840102,-0.00037252894,0.02349974,0.0030487378,-0.007572485,0.00021632425,0.0069640134,-0.0016379122,-0.003967906
Pancreas-Acinar,-0.0062246714,-0.02105813,-0.012100821,-0.005891671,0.00727717,-0.0028499777,-0.0049819704,0.005419992,-0.0046907472,-0.42256975,0.0006222538,-0.002470507,0.01186129,-0.049253207,-0.002071184,0.012367022,-0.014947155,0.0042751157,0.0023954504,0.01688726,-0.01238829,0.0023819811,0.007533037,0.00032432878,-0.005083697,0.0063572596,0.0023131391,-0.010435699,0.007781044,-0.2153781,-0.00238057,-0.0027031687,0.014996884,1.6486489e-05,-0.0028052218,-0.026142893,0.005646625,-0.0069216783,-6.496302e-05,-0.02820969,-0.026946882,-0.0102319,-0.0022652044,0.016420152,-0.0104619535,0.0009243269,0.006983311,0.0085133705,-0.012162306,-0.0068243337,-0.018885404,-0.04702508,-0.011448297,-0.01775825,-0.01791743,0.0015966295,0.00060059805,-0.013984218,0.0022536488,0.004666581,0.00750178,0.006600414,0.0062264577,-0.0029439342,-0.009760376,-0.0016675757,-0.0030867518,0.0012463877,-0.010029978,-0.012263728,-0.0015676181,0.0048914426,0.00013748535,0.00033424317,0.0003405552,0.0056666005,-0.032286946,-0.008931897,-0.030371444,-0.04183594,-0.013564025,-0.0067675677,0.017106486,-0.019055309,-0.022092005,0.0012187951,-0.17823574,-0.0044056596,-0.03348833,0.011517392,-0.00033473244,0.006468693,-0.007932978,-0.00039059683,-0.022974614,-0.0052489135,-0.005307631,0.006300882,0.010512412,0.0019210355,0.003441676,0.01976887,-0.04576408,-0.045781486,-0.12183845,-0.01601882,0.009196377,0.0060966993,-0.02640207,0.015193616,-0.0023661174,-0.026037721,-0.02885631,0.0016821753,0.006229825,-5.8804206e-05,0.018726576,0.012451741,0.02172134,-0.00078683905,0.018770676,-0.0074088783,0.023079488,0.0279067,0.0054671224,0.00023588543,0.04993804,-0.08791421,0.0067170262,-0.010442705,0.047049716,-0.00093557953,-0.0040859017,0.014787282,0.008542576,0.010863411,0.0048565934,-0.008718594,0.0093701165,0.0014161214,0.0046350723,0.018657397,0.009917542,0.017495224,0.11039404,-0.0024507225,0.010289045,0.0065216944,-0.0007247681,-0.26853174,0.00050594297,-2.7002852e-06,0.025363095,0.007134185,-0.01707586,-0.0015349461,-3.0317597e-06,-0.015633931,-0.028044917,-0.019729273,0.0068910387,0.002330202,-0.0029735419,-0.0071176263,-0.01380079,0.0014583397,0.013116358,-0.0035459402,-9.1923546e-05,0.0027404758,0.007494673,-0.0046681524,0.0038611558,-0.0042737825,0.0060907365,-0.0057959496,-0.0029575105,-0.05378763,-0.0057240976,0.0036269822,-0.051683314,0.014237334,0.011217637,-0.0069780927,0.023970982,-0.016681753,-0.016105311,-0.010950106,9.934193e-06,0.003960489,2.7750084e-05,-0.017374765,0.0015052132,-0.02116579,0.052782185,0.013722735,0.001756146,0.011885815,0.017981611,0.0063423216,0.012018633,0.01282706,-8.388287e-05,-0.002293509,0.1794689,0.010716667,-0.00812817,0.01034248,0.010673748,0.020640923,0.010881568,0.0069733923,-0.0009102138,-0.0030526654,-0.0011999056,0.007176049,0.028579466,0.009482573,0.0138215,0.006135859,0.001289428,0.01659348,-0.0014821438,0.023597954,0.015440152,0.017955005,0.0064019845,-0.036707103,0.023158628,0.036079284,-0.006291307,0.02382047,0.010979288,0.004430347,0.0037035684,-0.00028832152,-0.09246605,-0.029191997,0.006940234,0.033128995,-0.077210866,-0.040547702,-0.05995381,-0.0009615955,0.024440506,0.011746167,0.024940688,0.0009737848,0.0020228988,0.0060052127,-0.0038902252,0.0014209044,0.0587068,-0.032828145,-0.023110947,0.011006622,0.015605769,0.018795157,-0.010312756,0.013633575,-0.17352293,0.006553097,0.018819192,0.015001713,0.015954604,-0.0019048243,0.012551757,0.022624245,0.003679939,-0.0022811876,-0.013510784,0.0049138274,-0.016619839,0.007031954,-0.00017565822,0.008115767,0.004460201,-0.0012537562,0.0012227002,0.0035450575,-0.0020498233,-0.004296942
Pancreas-Delta,-0.0080564795,-0.04036375,-0.026340844,-0.016025722,-0.027781958,-0.011163988,-0.037059557,-0.0042505125,-0.02637479,-0.49493876,-0.02371944,-0.012270865,0.008138442,-0.046456046,0.00647122,0.010397055,-0.013430854,-0.0027810526,-0.017208582,-0.00061175,-0.041311387,-0.0026380182,0.0061347145,-0.00475237,-0.018836806,0.006660411,0.0055449,-0.017742725,0.006449645,-0.1545969,0.00580142,0.016189924,0.01677642,0.0046476303,0.003815991,-0.0069397762,0.012737646,0.00972211,-3.96208e-05,-0.0014513287,-0.0042735827,0.01670729,-8.321598e-06,0.01587204,-0.0016673788,0.0070407833,0.01570839,0.006990235,-0.013586611,-0.005644522,-0.008572185,-0.02915432,-0.015312472,-0.009420213,-0.023830999,-0.0069360677,-0.011680023,-0.015353461,-0.00073123036,0.004576684,0.002321543,-0.00035971208,-0.01469141,-0.012574638,-0.012707853,-0.01750303,-0.008184241,-0.0013296976,-0.021703597,-0.017644653,0.0031888543,0.0053425743,0.00313001,0.0006904522,0.0013212621,0.006344114,-0.04813587,-0.022220338,-0.04394799,-0.05853508,-0.019358777,-0.036673956,0.014142811,-0.021461738,-0.031449493,-0.0006392506,-0.21307555,-0.005211021,-0.021781491,0.01170342,-0.0013235093,-0.0018490676,-0.01250175,-0.0025589445,-0.0403123,-0.00799624,-0.0035478626,0.005473294,0.0069818273,0.004606204,0.0033186057,0.011926702,-0.042717993,-0.04505919,-0.12593876,-0.033932824,0.008536466,-7.9292084e-05,-0.024600869,0.013460367,0.001491381,-0.022674764,-0.038846835,0.001522224,0.011322984,0.0006986611,0.008263272,0.013004674,0.019680195,-0.0022746196,0.00024821734,-0.012438597,0.022924636,0.025461234,0.014364158,-0.0042195236,0.04813237,-0.083723046,0.0051910654,-0.017142829,0.036528625,-0.0027176847,-0.003978624,0.01241064,0.008250001,0.0011533602,0.0047644684,-0.011814141,-0.0013459631,-0.00013947947,-0.0019541993,0.011725335,0.005437431,0.017840812,0.10449615,-0.0037775624,0.009053493,0.008163809,-0.005515113,-0.30524224,0.0029086983,-0.0011849991,0.021812666,0.0051663793,-0.020384295,0.0031347796,-0.002058074,-0.006460534,-0.016130824,-0.010656432,0.0058346796,0.0035677108,-0.0040664985,-0.0052106963,0.0008123081,-0.0012359592,0.009354692,-0.002832406,-0.0024370071,0.002466182,0.009026987,-0.0026144437,0.00029643616,-0.0026552589,0.0073453635,-0.010700073,-0.0026208942,-0.053026117,-0.010565656,-0.0015724038,-0.06878224,0.013373396,0.012564974,0.0062777232,0.022267979,-0.001268314,-0.013002648,-0.011490171,-2.227381e-05,-0.0028600686,-0.00029572425,-0.018270409,-0.00177613,-0.014974622,0.047335636,0.009714225,-0.0015508165,0.009415458,0.014172175,0.00042118045,0.009352733,0.0093067335,-0.008410769,-0.0049930755,0.17206596,0.010880778,-0.009809602,0.009923665,0.009605711,0.022510491,0.006565995,0.00774054,0.00043099886,-0.008375962,-0.0035792587,0.0012972285,0.027315296,0.009167289,0.013063832,-2.4552348e-05,-0.0014777809,0.012268858,-0.0014212534,0.022853902,0.021910332,0.018064734,0.005465861,-0.050673824,0.020919153,0.036577735,-0.009376417,0.018640367,0.010715707,0.0049927207,0.0029463524,-0.0022579958,-0.03039422,-0.0072769625,0.00666828,0.03198077,-0.16312747,-0.09447969,-0.15674016,0.00014980168,0.027186474,0.01929522,0.030802865,0.0010577869,-0.009303677,-0.0022895972,-0.015050231,-0.00080682203,0.0690973,-0.030305428,-0.014641452,0.014437633,0.012299321,0.017393108,0.016245171,0.035691775,-0.17205404,0.0029654445,0.015546027,0.012776667,0.012934252,-0.002383583,0.0123017235,0.02280223,-0.0021925175,-0.007351605,-0.022319905,0.004667936,-0.0156091135,0.0013012683,-0.005250325,0.016867286,-0.00024704944,-0.0069445316,-0.0002945591,0.00069186994,-0.0036464932,-0.00824141
Pancreas-Beta,-0.0076612616,-0.041513015,-0.026755732,-0.01637374,-0.0310255,-0.011981513,-0.040549736,-0.004898085,-0.025700517,-0.47991493,-0.024811808,-0.0114269825,0.008324219,-0.04084979,0.011067002,0.012202649,-0.00990253,-0.0033192527,-0.017316591,-0.0004342507,-0.039716344,-0.0032701634,0.0052916263,-0.0058375397,-0.019903768,0.0065284045,0.0063482607,-0.019053629,0.0070039392,-0.13317528,0.0069473255,0.020533098,0.018580478,0.0061263978,0.006504386,-0.003174132,0.014993148,0.012823236,0.0019091455,0.0038486347,0.00010020875,0.021816436,0.0007125678,0.017492205,0.0010023509,0.010071413,0.018558888,0.009718738,-0.014406946,-0.007843575,-0.011303271,-0.029625442,-0.021342194,-0.013843348,-0.027672876,-0.0075926697,-0.014144748,-0.014380544,-0.0017716235,0.004183015,0.0017320457,-0.002302981,-0.018313272,-0.01415965,-0.012399554,-0.019044515,-0.006962255,-0.0010498564,-0.02406767,-0.017560476,0.004654366,0.005950942,0.0032120447,0.0014219877,0.0011267798,0.0063072313,-0.04854024,-0.022435984,-0.04421221,-0.05935422,-0.019180171,-0.036152158,0.013734287,-0.020636987,-0.031403907,-0.0006348212,-0.20782863,-0.0064201946,-0.01966643,0.012344763,-0.00046202072,-0.002767692,-0.012004217,-0.00082699914,-0.03263064,-0.004405069,-0.0035244392,0.008003503,0.0065935757,0.0027642287,0.0031011158,0.0108754635,-0.041833114,-0.043628592,-0.12260801,-0.026825491,0.0089110555,-0.0013826728,-0.02499025,0.014575007,0.001593721,-0.021310117,-0.038461763,0.0020145206,0.01100103,0.0014866849,0.014815356,0.015112577,0.019456178,-0.0015089437,-0.00196137,-0.013927377,0.022578737,0.025541902,0.014217206,-0.004588699,0.049589735,-0.08294722,0.004550691,-0.019079925,0.034032293,-0.0031458281,-0.005255113,0.011342546,0.0099047,0.0007907731,0.005584798,-0.014705956,-0.001146178,-0.0023525918,-0.0029561627,0.0103064785,0.005221151,0.017348839,0.104846604,-0.004112989,0.009009658,0.009343301,-0.0061038146,-0.29810673,0.0017974774,-0.0020771688,0.022515062,0.005325682,-0.019789511,0.0024129846,-0.0019496548,-0.0064345975,-0.016757747,-0.011914227,0.006006427,0.0031828096,-0.004525788,-0.0057048583,-0.00030472007,0.00030591944,0.008523277,-0.0034401442,-0.0026722127,0.002634388,0.009191016,-0.0027404323,0.00016981925,-0.0040636007,0.008191959,-0.011611643,-0.0045109005,-0.051831413,-0.011497883,-0.0021475728,-0.07591304,0.013281921,0.013233001,0.004726902,0.022932002,-0.0027238647,-0.01430743,-0.011139701,0.001669736,-0.003328578,-0.00048701995,-0.019526022,-0.0026083672,-0.011859717,0.046542805,0.009694847,-0.00073860807,0.009615843,0.013773354,-0.00042806027,0.010210127,0.008498077,-0.009005885,-0.005698834,0.17278664,0.011418402,-0.009809325,0.010389866,0.009345717,0.023904579,0.0076952064,0.0070899506,0.0001704799,-0.007977691,-0.0038897241,0.00035768223,0.028105618,0.009052927,0.014306858,-0.0009064199,-0.001708552,0.013012779,-0.002323477,0.02271387,0.022990724,0.018352024,0.0052301115,-0.05087291,0.019558383,0.036584742,-0.009164064,0.01745477,0.01127337,0.0051524113,0.0034885132,-0.0032390987,-0.01538843,-0.0013214869,0.0070557455,0.03180658,-0.16999061,-0.10138518,-0.16508934,-3.4078762e-06,0.027702447,0.019064458,0.030847957,0.00058279524,-0.009945599,-0.0030978902,-0.01593699,-0.00036177028,0.06626999,-0.028568642,-0.0155416895,0.013650921,0.013632209,0.018255332,0.0124183325,0.03171691,-0.17284341,0.0038537167,0.017090643,0.013196218,0.013848112,-0.0034621987,0.0120218145,0.023592602,-0.0019771585,-0.0069125,-0.02224658,0.005663802,-0.016556434,0.00074034336,-0.0057724803,0.019142015,-0.0001815113,-0.007949505,-0.00067874504,0.00016321581,-0.003094395,-0.009337658
Pancreas-Alpha,-0.0086922385,-0.037226994,-0.026580185,-0.0134829115,-0.021528201,-0.011588967,-0.03349161,-0.0023467343,-0.018010776,-0.49087784,-0.019246602,-0.010273733,0.008218701,-0.04168589,0.008024578,0.011292967,-0.008284029,-0.0017439785,-0.012422261,0.004444668,-0.031283807,-0.0031719648,0.0059057176,-0.005022079,-0.01820452,0.005601805,0.0053733606,-0.01971022,0.0077292747,-0.1649675,0.0053591058,0.016625317,0.01785243,0.004604181,0.004515603,-0.00756692,0.012661586,0.010305274,0.0016148521,0.00020440626,-0.0043251864,0.017249413,-0.00033776608,0.01716484,-0.002061338,0.0093355365,0.01727367,0.0077836365,-0.01524002,-0.007860013,-0.00947739,-0.029581012,-0.019073637,-0.01109208,-0.02596458,-0.0062491177,-0.01223634,-0.01643007,-0.0020670134,0.004086433,0.0020752,-0.0011756526,-0.014845462,-0.013700886,-0.012824266,-0.016807312,-0.006824677,-0.00035047552,-0.022208486,-0.017117439,0.0033550605,0.0054448415,0.0030262216,0.0007911786,0.00021215156,0.0063822,-0.052838486,-0.024503551,-0.04536009,-0.06261487,-0.020653533,-0.024987634,0.014585919,-0.019081226,-0.032643076,0.0001366449,-0.2243842,-0.005356151,-0.011102366,0.012216494,0.0005727172,0.0002306646,-0.010210333,-0.0013827074,-0.040313523,-0.0058799996,-0.004068331,0.005908591,0.008360331,0.004220113,0.004386146,0.013362763,-0.04402193,-0.045204088,-0.12661794,-0.03362237,0.008762837,-0.00044348885,-0.02380092,0.014327567,0.003487512,-0.023950871,-0.037557468,0.0016420021,0.010253172,0.0007755414,0.010932499,0.014576571,0.020138409,-0.001233057,0.001396633,-0.0131100835,0.02265611,0.026828604,0.015016478,-0.00460384,0.050895587,-0.0851895,0.004272729,-0.01882996,0.03583529,-0.0030198784,-0.004118682,0.013643277,0.008583278,0.0020346858,0.004243225,-0.0126097,0.00068256806,-0.0016025756,-0.002682324,0.011363829,0.0049968497,0.018291177,0.10546903,-0.0045599584,0.008900988,0.008391777,-0.0058524613,-0.3029979,0.0026583662,-0.0014967005,0.021747462,0.0037298356,-0.019989358,0.0030084932,-0.0025753053,-0.005622791,-0.01572449,-0.012126182,0.006046749,0.003058385,-0.0044351476,-0.00459751,0.0008329627,-0.0006018933,0.010537458,-0.0020925805,-0.0021093038,0.0032127984,0.009026076,-0.0036682228,-0.00014332283,-0.0031615472,0.0077136564,-0.012583861,-0.0036338675,-0.054222427,-0.01064908,-0.0010675599,-0.074782774,0.013527351,0.012489526,0.005953291,0.0232242,-0.001257666,-0.012631331,-0.010342685,0.001062515,-0.004071296,-1.6668446e-05,-0.018212568,-0.002138376,-0.0118093705,0.050923035,0.011682762,-0.00089347933,0.009910556,0.01371378,0.00072467455,0.011132198,0.009123323,-0.009321975,-0.0061699254,0.17376296,0.010216634,-0.009581165,0.009563667,0.009427936,0.022893569,0.009311702,0.006876676,-5.2425752e-05,-0.008810149,-0.004574087,0.0005455565,0.026931742,0.009081288,0.014567062,-0.0009907072,-0.0008619829,0.0132344365,-0.0019638373,0.023287442,0.020290194,0.017692465,0.0062946677,-0.049575273,0.01965031,0.036577936,-0.010727499,0.01872915,0.009420264,0.004226358,0.003058873,-0.002581705,-0.049325883,-0.012673277,0.007265068,0.032363314,-0.16148134,-0.09442341,-0.15489337,6.9801536e-05,0.027454646,0.020798912,0.03279095,5.6971916e-05,-0.00965177,-0.0028984884,-0.015610917,-0.0013707576,0.05856424,-0.030219594,-0.01692278,0.013979022,0.013186683,0.018399326,0.015103529,0.035163112,-0.17820378,0.003713388,0.016139042,0.013339109,0.0139936665,-0.0030008266,0.012309072,0.02321801,-0.0024257002,-0.009112742,-0.024361424,0.0038479608,-0.016536167,0.0005723853,-0.0055759316,0.014063489,-0.00018888434,-0.006539195,-0.00051408756,-0.0001405937,-0.003113138,-0.008850827
Thyroid-Epithelial,0.0053882543,-0.0032104927,0.00034002084,-0.010482321,0.017428488,-0.0033427565,0.011651845,0.008993435,0.0174879,-0.07502324,0.019361041,0.009478514,0.01575064,0.010161232,0.040881123,0.018233232,0.01717216,0.007374175,0.021864202,0.02529853,0.012623771,0.0073889475,0.010095826,0.0074468055,-0.0022746741,-0.0033817915,-0.0043835705,-0.050178785,0.0018856828,0.023621248,0.0049363985,0.01902228,0.023697807,0.0077888262,0.008241446,0.0074030203,0.012571412,0.013163377,0.010095229,0.02529827,0.013009452,0.022515941,-0.0031753904,0.02189728,0.0038224412,0.015212875,0.02408475,0.008313972,-0.0067211627,0.0021142953,-0.012534942,-0.050639376,-0.01096212,-0.016864581,-0.015067995,-0.00091948203,0.0017171684,-0.025227457,0.0014494495,0.0032111343,0.0103401635,0.014186943,0.016299881,0.002661745,0.0021325515,0.008138269,0.0061048637,0.009076313,-0.004442111,-0.013052121,0.0065983743,0.002683574,0.0001577984,6.479716e-05,-0.007866994,0.007846053,-0.021697018,-0.0071979454,-0.031277362,-0.049796093,-0.016741788,0.018420521,0.019102113,-0.039703157,-0.02161575,-0.0010418701,-0.13263802,-0.0044080196,-0.060558323,0.014027531,-0.004006093,0.005609109,-0.018819092,0.01987047,-0.017581036,-0.0024162678,-0.0047344635,0.009271185,0.012979802,0.0023651235,-0.0008875381,0.023531431,-0.05780785,-0.06186677,-0.12904912,-0.012017113,0.0074204975,0.0056218626,-0.047297608,0.015112688,-0.016313177,-0.04499274,-0.045275964,-0.0017513565,0.014457109,-0.00032927867,0.024386892,0.014991035,0.027574467,-0.0044088895,0.026133599,-0.013565555,0.020615673,0.026842138,-0.004311497,-0.0054666055,0.05419614,-0.09969143,0.004866365,-0.012069881,0.061868344,-0.002573796,-0.0039805654,0.010885503,0.016743112,0.013654492,-0.005482761,-0.0063208793,0.026647741,0.0054565193,-0.0062140827,0.019384226,0.012399762,0.013565829,0.12359752,-0.0026042708,0.0068174945,0.009039941,-0.0021286882,-0.2794287,-0.000500347,0.0019726038,0.030365434,0.004536227,-0.030286813,-0.009546995,-0.0070583043,-0.035531357,-0.043646384,-0.039045114,0.007851138,-0.0012872429,-0.00485497,-0.011069969,-0.028587012,-0.0005223285,0.014101257,-0.0154034505,-0.0046620667,-0.0001391575,0.008153502,-0.0050144223,0.004581713,-0.0022758597,0.008531182,-0.01518485,-0.011921083,-0.07131659,-0.005458451,0.0025392557,-0.059910543,0.016615856,0.01369898,-0.013641004,0.027936153,-0.021208601,-0.01599346,-0.020576648,0.023096345,0.0021821233,0.0017012309,-0.031317867,0.0033064145,0.010318964,0.04162312,0.010752396,-0.0033177382,0.009196836,0.0150227295,0.00033654625,0.011828616,0.0133332405,-0.004926215,-0.0071417405,0.2023343,0.0030822456,-0.0059616696,0.018303817,0.004250164,0.022762882,0.021680312,0.011507694,-0.0068894895,-0.010735259,-0.0021753882,0.0073674126,0.030108102,0.010627136,0.01437204,0.0024338176,-0.0035138933,0.0054907403,-0.005897279,0.024606133,0.026053261,0.018299406,0.0027721052,-0.046995047,0.030708462,0.048598383,0.0031310015,0.028494658,0.01621926,-0.0022291697,0.0017362115,-0.0011536999,0.005179518,0.002403978,0.0067996597,0.04096481,-0.07551983,-0.028034857,-0.0664959,-0.0032544977,0.021086289,0.0026733398,0.021458818,-0.0049344483,0.0028888984,0.0047213654,-0.007840822,0.0062665693,0.042320743,-0.03999789,-0.045898292,0.00903982,0.012134447,0.02053262,-0.000116738105,0.027286546,-0.1433946,0.006137158,0.018298136,0.0067347954,0.01877569,-0.003140631,0.01000291,0.026514294,-0.0015757001,0.0019026307,-0.00800472,0.009984911,-0.024092697,0.0073357522,0.0013392096,0.027210185,-0.0065549063,-0.010618978,0.000120444245,0.00118238,-0.003284588,-0.009378468
Fallopian-Epithelial,-0.0034953405,-0.023329444,-0.0015736123,-0.026526745,-0.021185664,0.0015715513,-0.013040285,-0.0015512508,-0.03650294,-0.2575179,-0.014178986,-0.011002007,0.017114652,-0.025540777,0.029871197,0.02024622,-0.012597959,-0.004618311,-0.029796518,-0.007590073,-0.0544754,-0.0017765547,0.0077257543,-0.009226711,-0.005508473,0.011898661,0.007134299,-0.014165731,-0.0055615595,-0.04602837,0.00969259,0.03111669,0.03255058,0.012818119,0.01891473,0.008529654,0.022484155,0.01762856,0.009015286,0.019622346,0.010350478,0.03991936,0.0050787786,0.02558413,0.012616721,0.009621011,0.031402927,0.009566014,-0.008230678,0.0017563611,-0.014511044,-0.04241803,-0.03205706,-0.046203002,-0.025906002,-0.0075911405,0.0038969007,-0.011864096,0.0055883164,0.004145643,0.010542878,0.016766567,0.018437942,0.009371644,-0.0046358155,0.0080655,0.0010330133,0.0071580755,-0.008834204,-0.019520318,0.0031051592,0.003046366,-0.0017764196,-0.003571914,0.0037692299,0.008993205,0.0033667164,0.009296602,-0.019448496,-0.017751103,-0.00034531567,-0.057106264,0.016507247,-0.050505485,-0.0120160375,-0.004523002,-0.06123483,0.0036352803,-0.11925885,0.011310203,-0.01673815,-0.010329246,-0.030488247,0.006367204,-0.030703355,-0.035387497,-0.003580626,-0.002571465,0.008227689,-0.0008223083,-0.0032501782,0.022067478,-0.061359603,-0.06933225,-0.15791018,-0.025031924,0.0081708385,0.009620235,-0.06129059,0.018132739,-0.036611807,-0.047682684,-0.051784355,0.00036215715,0.012402086,0.0039276336,-0.0010415422,0.0063011083,0.031723548,-0.010685617,0.026380124,-0.0092873415,0.030111272,0.022563793,0.0008279131,0.00091863057,0.046261195,-0.11255185,0.0053314273,-0.005654448,0.07235896,-0.0036696985,-0.006048287,0.006048896,0.014091788,0.014767769,0.009383806,-0.02292082,0.014088612,0.010658126,0.00954933,0.026145978,0.014055153,0.0150209945,0.1451293,0.0012522738,0.014703889,0.013661935,0.0021833708,-0.21907154,0.0012552098,0.0005518952,0.040605012,0.016342243,-0.027481152,-0.0054944917,-0.00047405003,-0.038124453,-0.054141413,-0.032695886,0.00981423,0.002274378,-0.0040129083,-0.015797932,-0.026249614,-0.006978145,0.016601617,-0.016029747,-0.0047829375,-0.0017160872,0.011733012,0.0077458033,0.01205443,-0.0013211743,0.010337185,-0.0013890042,-0.005619369,-0.07061055,-0.009871872,-0.0052728527,-0.03716452,0.013687133,0.015834257,-0.013612994,0.029981457,-0.027872942,-0.024766678,-0.029282382,0.008086088,0.008230869,0.001775721,-0.027518936,0.0029306943,-0.004945683,0.038015477,0.0009594225,-0.0024166421,0.006828776,0.020769639,7.8130295e-05,0.0014399957,0.012928996,0.00079105556,0.00072968093,0.24098329,0.016742114,-0.005922049,0.021422464,0.010299565,0.03313419,0.004831105,0.016412385,-0.0031929961,-0.002384623,0.003374317,0.013161238,0.040554985,0.013845167,0.01534245,0.010390218,-0.0036725348,0.014882931,-0.009173083,0.028718669,0.03015179,0.02766968,0.0020980122,-0.049888503,0.031111687,0.053596918,0.00011166268,0.032555826,0.024941763,0.0051785856,0.0036724699,-0.00033673918,-0.023510221,-0.0040246616,0.0074864253,0.045969646,-0.07208882,-0.03042198,-0.061568007,-0.002271928,0.031510342,-0.0018208494,0.013194472,0.004976846,0.00932298,0.010209515,0.0009464047,0.0061868145,0.06472417,-0.04414034,-0.0443906,0.012255843,0.01854774,0.024511257,-0.01438059,0.013826477,-0.09442706,0.0062816744,0.027298532,0.015061645,0.020960303,-0.00307177,0.014924588,0.03292816,0.006071305,0.013700912,0.003911388,0.019298235,-0.013925878,0.012604591,-0.0010364688,0.032650195,-0.0023052439,-0.012620663,-0.0027418074,0.007265288,-0.005548911,-0.0050187516
Ovary-Epithelial,-0.002271625,-0.01744631,0.00135437,-0.022728289,-0.014833917,0.0023644401,-0.0072159115,0.0004961743,-0.02819828,-0.1882834,-0.008483155,-0.006991513,0.01716823,-0.015813434,0.035296656,0.02136953,-0.0067399535,-0.0043264087,-0.025928533,-0.004481781,-0.044504307,-0.0038372816,0.00524167,-0.011182497,-0.0029545005,0.011820396,0.0075762416,-0.012245266,-0.0054800333,-0.024239521,0.008467426,0.027287303,0.02947708,0.010688495,0.017402684,0.011129944,0.021373393,0.015682103,0.010208806,0.02069301,0.010369974,0.035225164,0.005092163,0.025126703,0.0126336515,0.009528657,0.027804159,0.0070736404,-0.010469231,-0.0040074238,-0.02665597,-0.052670237,-0.047706928,-0.05668309,-0.031922024,-0.0056251837,0.005238844,-0.013140541,0.0054639247,0.0038336737,0.009233216,0.015074907,0.018795786,0.009056443,-0.0036044107,0.009229364,0.0034228784,0.00761439,-0.0073596514,-0.016593862,0.0030376944,0.003518428,-0.0019244951,-0.003578595,0.0031032336,0.008185263,0.004284983,0.009339729,-0.0151750995,-0.015473387,0.003502799,-0.047018874,0.015935013,-0.04716607,-0.009584388,-0.0033111288,-0.046113033,0.0010620564,-0.10544893,0.012315365,-0.013712534,-0.0089231385,-0.025607113,0.010188143,-0.049184255,-0.038801003,-0.0046265214,-0.0066999197,0.008156479,-0.0054014497,-0.002761491,0.021327175,-0.06568123,-0.07172349,-0.15962909,-0.041041717,0.0076942635,0.008508588,-0.062266212,0.01814267,-0.036472134,-0.048690803,-0.048290756,-0.00023729494,0.013246632,0.0038358378,-0.0013430228,0.006461068,0.02934357,-0.008208512,0.02801727,-0.008679822,0.028636666,0.02130789,-0.0007059275,0.00048885396,0.045861106,-0.10783711,0.004284969,-0.005453551,0.0684149,-0.0035845714,-0.005964584,0.0058896015,0.01747812,0.016910922,0.009604324,-0.02758873,0.015023184,0.008794505,0.009624837,0.024115765,0.01298278,0.013601904,0.13700126,0.00081233465,0.013953211,0.014366583,0.00288447,-0.21547541,0.001396283,0.0004779923,0.03986607,0.015128778,-0.026209231,-0.007527399,-0.0006503846,-0.040064625,-0.05761004,-0.038547482,0.008867025,0.0007926076,-0.005617723,-0.016099595,-0.027901238,-0.007842701,0.015188176,-0.0155840255,-0.004519212,-0.0021324381,0.010742467,0.004470897,0.012310345,-0.0062030028,0.009810858,-0.010851427,-0.011995005,-0.06779906,-0.00934473,-0.004697719,-0.0413427,0.012178483,0.015992684,-0.016586151,0.029549466,-0.029127581,-0.024187053,-0.025144404,0.011623557,0.0070842635,0.0009767554,-0.025848765,0.0030885853,-0.0011269733,0.036454603,0.003260213,-0.0020017107,0.007014245,0.019397866,0.00086504745,0.0042228615,0.0113530895,0.0010934062,0.00074680627,0.22680506,0.015254802,-0.004031239,0.02061326,0.010551852,0.03203087,0.007723668,0.013607439,-0.003487295,-0.0019571637,0.0032748654,0.013518873,0.040415756,0.013096092,0.016715195,0.008553062,-0.0028489053,0.015696801,-0.009349852,0.028314615,0.031043798,0.025573019,0.0018129844,-0.0455972,0.027438633,0.05033235,0.0042867484,0.030298727,0.024256527,0.0050874916,0.0030434632,-0.00019048387,-0.0047053206,0.00629665,0.0066279913,0.04378871,-0.059007894,-0.022849262,-0.04824859,-0.002263757,0.03015664,-0.0032791803,0.010954063,0.0053538224,0.010313595,0.009927403,0.0010383866,0.007451734,0.04761697,-0.041525535,-0.047305916,0.010088215,0.019365218,0.023782108,-0.024553623,0.0028608446,-0.09541607,0.007340089,0.027706971,0.013633846,0.021187345,-0.004435532,0.013283979,0.033066973,0.006782458,0.014477912,0.0016851184,0.017489133,-0.018511515,0.011749951,-0.0020497593,0.03628249,-0.0031708074,-0.011779027,-0.0035956097,0.00678941,-0.005157284,-0.0044057732
Bone,-0.00834533,-0.0014456139,0.00072382396,-0.0040580286,0.007990365,-0.0013696707,0.00047567242,0.005214655,0.0046151485,-0.022441184,0.002810379,-0.0033664515,0.0053970967,0.006218999,0.020454293,0.009645904,0.011383699,-0.0032021098,-0.012389824,0.00952218,-0.00082167797,-0.0071719903,0.0025884726,-0.008054528,0.0024657415,0.003538647,0.0059673,-0.0068536154,-0.0047439495,0.0069070226,0.004822737,0.012962237,0.013754165,0.006076585,0.013515772,0.0040573133,0.008872379,0.011441574,0.009713491,0.020274222,0.010554968,0.026259687,0.003943222,0.010039548,0.0044675446,0.01122,0.018423796,-0.017432507,-0.005687311,0.0036058638,-0.014342889,-0.02256286,-0.02965217,-0.013507168,-0.019555261,-0.0033324768,0.002784951,-0.009229628,0.0034996283,0.006739043,0.0021307606,0.001143059,0.0035769984,-0.0012873881,0.0001683555,0.0057121967,0.015006057,0.010502931,-0.009495079,-0.009729838,0.011099951,0.0031575155,0.0019317552,-0.0024881368,-0.0010659852,0.0055945334,0.0018320747,0.0044539524,-0.002251242,-0.009094323,0.003381429,0.0065225135,0.0082788775,-0.013245156,-0.002073116,-0.0005111166,-0.0003090257,-0.0016456917,-0.005524048,0.0054536117,-0.0021427341,0.002712447,-0.0037055968,0.003744286,-0.21264665,-0.034039494,-0.0009523189,-0.015558401,0.010202526,0.004153876,0.001629768,0.015619783,-0.05750578,-0.06038761,-0.14821407,-0.18848504,0.002490406,4.1502255e-05,-0.024256954,0.0062490967,-0.0007188845,-0.02790589,-0.028868102,-0.0022389984,0.0004048597,0.003918051,-0.038145356,0.0064855344,0.013675137,-0.000121431905,0.014981389,-0.008745489,0.013481701,0.016508235,0.014386427,-0.0055766087,0.029317327,-0.05359141,0.0034761901,-0.01146046,0.02624827,-0.00013462274,-5.3916072e-05,0.010596792,0.008478325,0.016723923,-0.0004397238,-0.015894236,0.012268558,0.0020809455,0.00261414,0.008865412,0.0046854434,0.010003503,0.0663912,0.0021777963,0.002697715,0.0057870457,-0.0028344789,-0.1974897,0.0040549543,2.5182886e-05,0.014240419,0.0021143227,-0.016413143,0.0009704738,0.00076554983,-0.0033086252,-0.010675601,-0.014340669,0.0021623096,0.0014437292,-0.003184803,-6.2808555e-05,0.0043920726,-0.01576855,0.014742261,0.002442137,-0.00044816732,0.00085118896,0.0056758993,-0.004701902,0.0035110523,-0.007249743,0.0050416295,-0.055558417,-0.028937638,-0.028321667,-0.00655884,-0.00444485,-0.07241807,0.005939262,0.0040729926,0.0025490678,0.014565724,-0.00089233625,-0.003413678,-0.00485454,0.005113264,0.0032030274,0.003866323,-0.015643258,-4.9520666e-05,0.0085665565,0.027342498,0.008911649,-0.007509087,0.0066210576,0.011643067,0.0032073199,0.010618071,0.0059233094,-0.005088301,-0.002767013,0.10736896,0.006499271,-0.0015884767,0.007385411,0.0041319295,0.012144128,0.010340605,0.0037198246,-0.0016899428,0.0012450597,-0.0010283028,0.0062220823,0.012466679,0.008094837,0.020368759,-0.002373351,0.0008017017,0.0026775484,0.0019373648,0.014967847,0.0054810424,0.009532985,0.003462349,-0.022768976,0.010818184,0.030117108,-0.011537134,0.015689284,0.0072156563,0.0017513387,-0.0010043989,-0.0016668009,-0.10707111,-0.042232502,0.0037130986,0.022712056,-0.029854542,-0.019669373,-0.024806444,-0.00012456237,0.015423673,0.0099840285,0.018438863,-0.0017197228,0.0021133006,-0.0020672258,-0.004550555,-0.001122783,0.038573273,0.008064214,0.002247912,0.011987054,0.0042538554,0.010307563,0.010444356,0.024238775,-0.1212259,0.00017492194,0.006024133,-0.00042348445,0.008252325,-0.0024414428,0.004841439,0.014102318,-0.0041031544,0.00055875233,-0.01093573,0.0092720445,-0.011119728,0.0046936166,-0.005118949,-0.0019661053,-0.0007392803,0.003621911,0.00096126733,0.0044495836,-0.0048382166,-0.001783909
Blood-T,-0.0076150442,-0.002778481,-0.0021747474,-0.004363364,0.004699807,-0.0047457633,-0.0022517333,0.0039221104,0.0039632493,-0.0210526,0.0010931141,-0.0027988642,0.004923394,0.009506618,0.024083475,0.009545405,0.0131881405,-0.004734512,-0.01522825,0.0070678038,-0.0020597554,-0.011330439,-0.00012731529,-0.01171059,0.00025334346,0.005678861,0.0076191514,-0.0075050513,-0.0069040493,0.026998643,0.0053641233,0.022680325,0.015062362,0.008558066,0.019125534,0.014831366,0.011773672,0.016971083,0.014673624,0.0279199,0.018489476,0.034685783,0.004006426,0.009687263,0.010849107,0.015170992,0.019003151,-0.021097625,-0.00801688,0.0018106302,-0.024022581,-0.034534767,-0.043026406,-0.017743653,-0.023792544,-0.002228867,0.00097623625,-0.009065623,0.002768862,0.0048887795,-0.0015148423,0.0008446869,0.0019739685,-0.0025328079,-0.004724445,-0.0022102718,0.00868561,0.0072888625,-0.008486722,-0.009550569,0.0059478325,0.0020042108,0.0019470535,-0.0033220327,-0.00097113545,0.0054502813,-0.003475606,-0.0013733229,-0.004471767,-0.010164723,0.0019773832,0.0045192977,0.0072111436,-0.014119649,-0.0039425096,-0.00092999195,-0.0050781504,-0.0052592536,0.004054999,0.005780956,-0.0006797573,0.0015603587,-0.0032593722,0.0070180474,-0.29423812,-0.04750687,-0.000971318,-0.023763094,0.010622943,0.0040897788,0.0016885246,0.014670298,-0.074755624,-0.07767958,-0.19203702,-0.2592908,0.00137555,-0.0040933094,-0.02875188,0.0055156318,-0.0019644676,-0.030024296,-0.029982468,-0.0019616347,0.0060416604,0.00436575,-0.044978615,0.0085953595,0.0155156525,0.0010767876,0.013141051,-0.009197056,0.012836065,0.015318852,0.018721342,-0.007350093,0.028151305,-0.0538559,0.0021595128,-0.012724975,0.023999047,-0.0013503798,0.00074937654,0.009892712,0.011960383,0.0125527335,-0.00019017802,-0.022310266,0.006955548,0.0023823986,0.0030816987,0.006754743,0.0030105761,0.013653462,0.06313534,0.00036612677,0.0023648702,0.005930475,-0.0036117292,-0.26984894,0.005979325,0.0013220522,0.012654528,-0.00024278586,-0.017014695,0.001390857,-0.0027149946,-0.00095226546,-0.009276043,-0.01745987,0.0015038569,0.00022188314,-0.0060401866,-3.9902145e-05,0.010942804,-0.017910313,0.01484076,0.0037281236,-0.00083401205,0.0005879709,0.006316284,-0.002984917,0.0029550118,-0.0056129913,0.003593173,-0.08398708,-0.042215776,-0.031859305,-0.00701959,-0.0051763477,-0.066706575,0.003604442,0.004073375,0.0065480615,0.013327299,0.0046641054,-0.0014222815,-0.0025278318,0.008913868,-0.0019062551,0.0026714616,-0.015384924,-0.0015669784,0.008274059,0.035093192,0.008904078,-0.0097824745,0.0038258352,0.0077048317,0.0022413067,0.010861077,0.0044731623,-0.009176597,-0.0053634266,0.10107113,0.0025254725,-0.0013130027,0.0072289733,0.0021366486,0.010488129,0.010957139,0.0029623152,-0.0011758246,-0.0024510317,-0.003628531,0.0056182137,0.014810765,0.007905866,0.015406395,-0.009329935,0.000570546,0.004411593,0.0022271574,0.015772803,0.009872853,0.007955001,0.0017625579,-0.023706902,0.009121304,0.02991253,-0.005443159,0.014128973,0.005763558,0.0019319801,-0.0011182694,-0.002534292,-0.049268562,-0.015754445,0.0017210718,0.021975867,-0.04493739,-0.02420606,-0.039440535,0.000947495,0.016216654,0.013152842,0.020841653,-0.0010542806,-0.002716792,-0.0064950855,-0.010603136,-0.00027546572,0.025624251,0.0014977251,-0.00346476,0.013773614,0.0034258387,0.009548556,0.010392838,0.025407923,-0.18032485,5.5398807e-05,0.00517386,0.00061931496,0.009004419,-0.0011016954,0.0031305258,0.014203596,-0.00283944,-0.0019242808,-0.02155366,0.00452844,-0.019593347,-0.00064279774,-0.00833601,0.009371539,-0.0042494326,0.0033682068,-0.000522156,0.0020358928,-0.005202991,-0.0031540976
Blood-NK,-0.0063826013,-0.003498937,-0.00203006,-0.0040768953,0.007355663,-0.0062550595,-0.001150152,0.0055474183,0.0062641324,-0.028118707,0.002926309,-0.0016725089,0.00637213,0.010648121,0.027079957,0.0107331,0.014784694,-0.0041926224,-0.013686591,0.009639767,-4.198873e-05,-0.010775558,0.001267266,-0.010359485,0.0005638235,0.0060505047,0.0076882695,-0.010383472,-0.008118792,0.024418572,0.0055849934,0.022620665,0.015701283,0.008276136,0.019315524,0.013794135,0.011504559,0.016908245,0.014764593,0.028391706,0.018265003,0.034839872,0.004101542,0.010011717,0.010342566,0.015736891,0.019848134,-0.026106196,-0.008941277,0.0021186264,-0.027258387,-0.04129789,-0.0445813,-0.014923064,-0.025536837,-0.0026527424,0.0012976981,-0.011628833,0.003048939,0.0055488516,-0.0028268446,0.00063216576,0.0016834588,-0.002924781,-0.0029757132,-0.002529385,0.012721856,0.009056433,-0.010217534,-0.009954382,0.00957274,0.0028662586,0.002268564,-0.0031978136,-0.0011879548,0.0064061447,-0.0023820323,-0.0008017059,-0.005303508,-0.011745396,0.0018232982,0.0072214603,0.008901801,-0.015237479,-0.0035933007,-0.0018275492,-0.006655015,-0.006776316,-0.0002553652,0.00681245,-0.0006973894,0.0027712858,-0.0041581737,0.00931046,-0.3381949,-0.05201261,-0.0011104756,-0.026279798,0.012362005,0.00601319,0.001720893,0.016627144,-0.08383534,-0.08798694,-0.21178731,-0.29927915,0.0019108575,-0.005015396,-0.03179751,0.0055932496,-0.0015733826,-0.0320593,-0.03462253,-0.0016984867,0.006770618,0.0052867364,-0.050702523,0.010833767,0.017364524,0.0019185806,0.014716184,-0.010826922,0.013736287,0.017598458,0.021213468,-0.008569608,0.031604055,-0.06385795,0.0033775608,-0.014826885,0.027556824,-0.0018974268,0.00019986724,0.011412974,0.013969574,0.015455369,-4.276867e-05,-0.022710335,0.009373591,0.0030827494,0.0019947165,0.0069513875,0.003967341,0.013524153,0.070216976,0.00059085066,0.0019090121,0.0065036365,-0.004769122,-0.26133707,0.006304636,0.0014871793,0.014639387,-2.027565e-05,-0.020400984,0.0012711477,-0.003310308,0.0003150899,-0.008075499,-0.016901406,0.0018259914,-9.3925366e-05,-0.006850186,-0.0001176935,0.011781111,-0.020272685,0.016675653,0.004799183,-0.00064866274,0.0007694701,0.0074580605,-0.0039930213,0.0026764357,-0.0061451616,0.0043070246,-0.10098924,-0.051642466,-0.032393344,-0.0074481117,-0.0051154504,-0.08340528,0.005304938,0.0047512576,0.006298654,0.014926282,0.0043324446,-0.0017609303,-0.003308475,0.011260415,-0.00074204267,0.002980502,-0.019312017,-0.0015620772,0.0077136545,0.036393777,0.010382711,-0.0114337625,0.0040509817,0.0086215,0.0025966202,0.011690387,0.0058109537,-0.010013785,-0.006916369,0.11236067,0.0019589737,-0.0023562226,0.008104827,0.0017836652,0.010871252,0.01328515,0.0045602834,-0.0013020188,-0.0024134326,-0.0044523934,0.006329468,0.01618849,0.009142681,0.018770317,-0.011944277,0.001071824,0.0032699849,0.0027221625,0.017492093,0.011414435,0.0083519835,0.0011762964,-0.025906244,0.011797475,0.034836706,-0.005848803,0.016955554,0.0064154,0.0020329515,-0.0020793013,-0.0035229076,-0.053042535,-0.019195767,0.0014524759,0.024840271,-0.049278155,-0.028229896,-0.043364987,0.0007788745,0.018012384,0.0145126255,0.023717906,-0.0019276972,-0.004492895,-0.008615839,-0.013333621,-0.00074605935,0.0407823,0.0066278228,0.00059586385,0.016591959,0.0033131563,0.010421886,0.015453901,0.03172336,-0.18094116,-3.980035e-05,0.005699548,-0.00089705124,0.00886239,-0.0014929564,0.0028308833,0.015796302,-0.0043406547,-0.0024973562,-0.02304045,0.0047252793,-0.023597827,-0.0013434931,-0.009739548,0.010299537,-0.0052912775,0.0029962,-0.0005438943,0.0019499391,-0.005851524,-0.0037609332
Blood-Monocytes,-0.0045811734,-0.0026257501,-0.0018466939,-0.0036194471,0.011171819,-0.004991189,0.0017925958,0.0069182706,0.007805286,-0.033968456,0.0059309406,0.0013571513,0.0082032485,0.00777904,0.02890074,0.013517892,0.012420843,-0.0033798935,-0.011631304,0.013286525,0.001415613,-0.007247944,0.0026725344,-0.007818901,0.00183536,0.00704787,0.008741979,-0.0079700295,-0.0072347997,0.006525298,0.0051687364,0.016852656,0.016375713,0.006474997,0.016157703,0.011004564,0.010461501,0.012683215,0.014426837,0.021341678,0.012366742,0.025536476,0.003940051,0.013572784,0.00909872,0.0138947815,0.018297438,-0.035871252,-0.011198957,-0.0045170947,-0.05736154,-0.07700674,-0.07062796,-0.030875962,-0.03736483,-0.0009906453,0.0035674341,-0.011571283,0.0058937115,0.007732947,0.0005292977,0.00026673215,0.0030758122,-0.0019338868,0.003476332,0.0030733752,0.021749146,0.013776658,-0.009167394,-0.00683423,0.018111115,0.007392325,0.004453698,-0.00070260087,-0.0007025864,0.006643974,-0.001969644,-0.0012344631,-0.006328729,-0.013798757,0.008535311,0.0076532387,0.011260298,-0.020580625,-0.0045056143,-0.0029109032,-0.010335913,-0.01292511,-0.0045358785,0.008034887,-0.00089179876,0.0034547548,-0.0051648426,0.01162284,-0.38816217,-0.07118605,-0.001889992,-0.037976548,0.012445751,0.0019164253,0.0005729121,0.016732888,-0.09839506,-0.102897,-0.24027385,-0.34636435,0.0020651768,-0.003983094,-0.034692246,0.008558369,-0.0019040217,-0.033591047,-0.03614516,-0.0019561022,0.008936178,0.0063981055,-0.07198738,0.00845901,0.017224008,0.002229678,0.01750465,-0.011091705,0.016442277,0.020480169,0.019542571,-0.010587753,0.034274254,-0.076441854,0.0052523846,-0.014761065,0.030286288,-0.0012479692,-3.8605117e-06,0.0123784,0.02074591,0.02126122,0.001465441,-0.029785752,0.013758278,0.0032127036,0.0031823053,0.011007991,0.0036927352,0.012754733,0.07369233,0.0029780413,0.003968938,0.009369691,-0.0035666053,-0.23810485,0.0058172275,0.001490226,0.018721307,0.0014386558,-0.023472996,-0.001476641,-0.0029107512,-0.0045337165,-0.015761144,-0.021390198,0.0018319573,-0.0010225646,-0.008372275,-0.0010584105,0.008195602,-0.02686854,0.016453976,0.004270022,-0.001849752,-0.001177778,0.007937663,-0.006497467,0.0045106024,-0.010769114,0.008094668,-0.11070829,-0.05695026,-0.030516641,-0.0074875257,-0.003483442,-0.095642805,0.0077853044,0.0069645625,0.0016145944,0.018413639,0.00088460365,-0.0024557959,-0.00438132,0.013321558,0.0016648613,0.0022030182,-0.022312177,-0.00024640994,0.0039805286,0.03536809,0.010969403,-0.012127765,0.005845627,0.011635035,0.0047055455,0.01250877,0.0068601165,-0.008093238,-0.005993126,0.11635962,0.0008630781,-0.0020632092,0.0102029545,0.0036508355,0.013523788,0.014953955,0.003345183,-0.0013686192,-0.0014539036,-0.004166806,0.008509248,0.020996714,0.010767309,0.026420707,-0.010417585,0.0014533185,0.0051448387,0.0037358657,0.019807942,0.01674861,0.0098084705,0.0016977708,-0.025446612,0.014610554,0.038574833,-0.0019752362,0.018386608,0.0077679553,0.003025964,-0.002240275,-0.0031598504,-0.047885094,-0.014868961,0.002433504,0.026245214,-0.043043092,-0.025158642,-0.036504533,-0.0020278634,0.019680424,0.013240395,0.023417022,0.00049359305,-0.0018616555,-0.0063726604,-0.012278328,3.805019e-05,0.03856028,0.010466629,-0.0022495617,0.017583838,0.007239446,0.013675067,0.008503666,0.025898885,-0.18360716,0.0031321493,0.0101577,0.0001323226,0.012009259,-0.0014479855,0.004002063,0.018039798,-0.0027327738,-0.0010226939,-0.022306353,0.0053762216,-0.038014393,-0.0026525185,-0.013195592,0.015413668,-0.0072146403,0.0039372267,-0.00036024363,0.0033242565,-0.0043321154,-0.001904091
Blood-Granulocytes,-0.0044264114,-0.0029402454,-0.0020502547,-0.0029169095,0.011683615,-0.0053196303,0.0020453355,0.0070288503,0.0076409862,-0.03944024,0.005807566,0.0011058851,0.008119189,0.00593797,0.026411124,0.0127328,0.010984438,-0.002258019,-0.009317284,0.013536549,0.0016225864,-0.0046916166,0.004099446,-0.0049350816,0.0016037832,0.0065799784,0.008100483,-0.008927918,-0.006994107,0.005369274,0.005217318,0.017407596,0.016667018,0.006808308,0.015881991,0.009956759,0.009688225,0.012193972,0.014202496,0.019474575,0.011974876,0.024831522,0.00368109,0.01305178,0.0083921505,0.013669505,0.017767007,-0.036154166,-0.010048522,-0.0027456586,-0.057687305,-0.07937547,-0.06376278,-0.023911439,-0.0332389,-0.0006777157,0.0031258787,-0.010836754,0.005921179,0.006986066,0.00044730975,0.0012400299,0.0034308021,-0.0015166266,0.0020956846,0.00092769496,0.018493898,0.011933615,-0.008438374,-0.0069607026,0.015429651,0.006716983,0.004203087,-0.00058403594,-0.0009608723,0.006621394,-0.001849594,-0.0005872687,-0.0068589584,-0.01311214,0.005665103,0.008190627,0.011587349,-0.020343782,-0.0048227217,-0.0030575094,-0.014352328,-0.013546319,-0.005151384,0.007633297,-0.00077727984,0.0043114144,-0.005199943,0.01101388,-0.38790542,-0.07021074,-0.0014605493,-0.037303757,0.012729427,0.0045991484,0.00076329516,0.016819675,-0.09620053,-0.10173771,-0.23688293,-0.34650934,0.0020359154,-0.0039636376,-0.03313614,0.008117401,-0.0009039891,-0.031936117,-0.03566826,-0.0017284937,0.00899413,0.005987674,-0.07269862,0.008287732,0.017539505,0.0020540294,0.01745847,-0.010454982,0.015887396,0.020440131,0.0197961,-0.010536658,0.033408605,-0.07774547,0.0055048796,-0.01426983,0.02983331,-0.001241479,1.4808322e-05,0.012485611,0.019062348,0.018633325,0.0008168866,-0.026025617,0.013673537,0.0037024664,0.0031567225,0.011092691,0.0041402024,0.013239081,0.07169171,0.0028476024,0.0041013993,0.008251097,-0.0039686724,-0.2341231,0.00553572,0.0019094135,0.017717835,0.001455734,-0.023209317,-0.00054776185,-0.0033632056,-0.003265098,-0.013876812,-0.020924175,0.0017766616,-0.0008066785,-0.00806169,-0.00053137966,0.009049471,-0.026121765,0.016912384,0.0044499286,-0.0018062885,-0.0009940756,0.007932898,-0.0054604514,0.0041826097,-0.00946045,0.006996996,-0.111419,-0.05657392,-0.031285334,-0.0066215713,-0.0023538365,-0.08970256,0.007976123,0.006610962,0.002447902,0.017286278,0.0011463796,-0.0026082,-0.00401871,0.012867233,0.0013432553,0.0025911818,-0.022058817,0.0003076313,0.0027095831,0.035880886,0.0108548235,-0.012634945,0.005738372,0.01082829,0.0049105254,0.012294612,0.006943519,-0.007678261,-0.0062443246,0.11295822,0.00016051736,-0.0025196471,0.01024807,0.0027532666,0.012527009,0.014364975,0.003587336,-0.001286731,-0.0019306095,-0.0044102785,0.008393491,0.020440822,0.010598754,0.023064526,-0.010781244,0.0015142899,0.0046280813,0.0040476453,0.019273074,0.015456081,0.009466029,0.0015680293,-0.02478126,0.014929892,0.037920374,-0.0020964546,0.018740995,0.006910737,0.0027434255,-0.002092029,-0.0031717815,-0.050013267,-0.015429157,0.0019343084,0.025308158,-0.044260036,-0.024604209,-0.037435863,-0.0020139106,0.018817423,0.013786243,0.023940627,7.948543e-05,-0.0025969103,-0.0060338164,-0.012310619,6.836814e-05,0.03376237,0.007552675,-0.002577546,0.01780938,0.0066250362,0.012966997,0.0054374267,0.023238448,-0.1882379,0.002472289,0.009355604,0.00018103457,0.011751091,-4.5034885e-05,0.0038434481,0.01668484,-0.0027937114,-0.0018172805,-0.02193897,0.005178405,-0.038983192,-0.0038372346,-0.012882658,0.01444175,-0.007298464,0.0036921676,0.00026441726,0.002919574,-0.004437725,-0.0017174195
Blood-B,-0.0066317543,-0.004928996,-0.0025964305,-0.0050072735,0.004114664,-0.0060245735,-0.004204685,0.004386577,0.0041469247,-0.035103403,0.0016163266,-0.0018012855,0.0066368715,0.009934689,0.028018368,0.010962468,0.014204183,-0.004652028,-0.015367826,0.008899491,-0.0018151391,-0.011791474,0.00045947498,-0.011797528,-0.0004094861,0.0059544756,0.008012237,-0.010174767,-0.007357489,0.02090337,0.006029504,0.020977302,0.015043825,0.008625167,0.018108977,0.014473881,0.01248541,0.016477305,0.014536259,0.027318368,0.01746259,0.032737937,0.004438901,0.010649684,0.010212734,0.015621651,0.019038295,-0.02621546,-0.008431386,0.0017285012,-0.03073645,-0.04356045,-0.047198948,-0.01655404,-0.026478136,-0.0025636053,0.00061618246,-0.011104613,0.0038088122,0.005949109,-0.0014003013,0.000229512,0.00025958646,-0.0042659114,-0.0039013952,-0.0030382317,0.011720075,0.008572905,-0.010635185,-0.010049424,0.009226155,0.0035063094,0.0029298286,-0.0025251529,-0.0012459024,0.0063714962,-0.0022218847,-0.00083485886,-0.0047767702,-0.011838124,0.0026019944,0.004809842,0.008990866,-0.015933322,-0.0041580107,-0.0012053621,-0.0040232576,-0.0074693062,0.0029842432,0.0076694083,-0.00022486933,0.002072483,-0.003750961,0.009196848,-0.3381612,-0.053799976,-0.0014279002,-0.026608534,0.011679071,0.00494327,0.0012401047,0.015687332,-0.08382731,-0.088262536,-0.21370608,-0.2993207,0.0022742911,-0.004423058,-0.032733753,0.0062027792,-0.0012919904,-0.03260451,-0.035570964,-0.00222446,0.007835185,0.004868333,-0.0530019,0.00957595,0.016538803,0.0016823473,0.0138730155,-0.011224438,0.014724646,0.018142905,0.020259341,-0.00921168,0.03283653,-0.06608153,0.003577373,-0.015031371,0.027191611,-0.0016230803,8.54726e-05,0.0113156205,0.0148825105,0.014459222,-0.00047944539,-0.023441197,0.008871971,0.001956502,0.0018153912,0.0074313353,0.0035010667,0.013730605,0.07242301,0.0006741219,0.002567015,0.007010215,-0.0046573277,-0.26243395,0.006075786,0.0013809946,0.014899397,7.259806e-05,-0.021025177,0.00042162382,-0.003364739,-0.0011945239,-0.010644237,-0.019450875,0.0015051389,-3.407921e-05,-0.006996391,-0.00069216004,0.011303047,-0.020902267,0.015629914,0.003931729,-0.0013483535,0.00015183668,0.0071920175,-0.0055153253,0.0027739487,-0.008843712,0.004362675,-0.09756078,-0.04901873,-0.032821603,-0.007910579,-0.005741206,-0.08388715,0.0056473734,0.005374309,0.005702981,0.015364417,0.004139517,-0.0023563444,-0.0023620157,0.011377077,-0.0010056713,0.002317606,-0.019428724,-0.0016779391,0.0073421183,0.03586931,0.010387406,-0.011610827,0.004693675,0.009313681,0.0030363377,0.012805397,0.0058469204,-0.010428156,-0.0062661497,0.11571909,0.0022591033,-0.0021055818,0.008353368,0.002345175,0.011539726,0.01320818,0.0033927867,-0.0011951701,-0.0030301209,-0.0042452225,0.00672503,0.017390992,0.009177327,0.018458463,-0.010552105,0.00064025965,0.0034371587,0.0028865782,0.017974027,0.013216323,0.008937045,0.0014316469,-0.027382195,0.012157823,0.035194907,-0.004824633,0.015894618,0.0070272204,0.002229285,-0.002021863,-0.0031230855,-0.040878065,-0.01373037,0.0018419786,0.024820602,-0.053086866,-0.030472916,-0.04779425,0.00026195095,0.018226188,0.014419314,0.023675673,-0.0012308995,-0.0037613849,-0.007776932,-0.013033064,-8.477045e-05,0.034032173,0.0052605574,-0.0005065331,0.0161216,0.0036139158,0.010571195,0.010757652,0.027490791,-0.18762363,0.00019807355,0.005815199,-0.0009639488,0.009617139,-0.0015300713,0.0036183975,0.016201949,-0.0042741117,-0.0021901405,-0.023067059,0.0049663014,-0.02429086,-0.0009762068,-0.0097878035,0.01301825,-0.005304082,0.0032527086,-0.00013861207,0.0022548838,-0.005789745,-0.0032703383
Epidermal-Keratinocytes,-0.010005344,0.0011426754,0.001858259,-0.008523396,0.0014783627,0.0032042107,-0.0011092193,0.006250774,0.0067702206,0.013600356,0.0033967001,0.0012237179,0.015180313,0.02007346,0.04188144,0.026731996,0.025139194,-0.0031710612,-0.013898911,0.014197065,0.0022180106,-0.013297591,-0.004318938,-0.023162758,-0.0009735322,0.005983816,0.014126106,-0.0014436127,0.0051400843,0.0476708,0.012485602,0.045734517,0.0403341,0.02519747,0.034956153,0.030537724,0.03328887,0.032644566,0.03121944,0.04668741,0.031284865,0.05828496,0.008696845,0.036011994,0.026865048,0.03321866,0.041996483,0.01978969,-0.01267876,-0.017138634,-0.042591322,-0.044550624,-0.08800464,-0.0806367,-0.044838402,0.0032019443,-0.0008327516,0.0043725506,0.00018810233,-0.00446563,0.012271206,0.006147194,0.010372879,0.0036739216,-0.009199969,0.006755516,-0.0028821682,0.005381465,-0.00707621,-0.008406151,-0.004448568,0.006310622,-0.0024684572,-0.0012368088,-8.024254e-05,0.006907738,-0.013305809,0.0035555603,-0.00868831,-0.014977659,0.0041237203,0.0048542093,0.01252779,-0.024066133,-0.007973747,0.00491818,-0.037426755,-0.00074860756,-0.028266985,0.014529585,0.00027592477,0.0017613635,0.0006049008,0.016387327,-0.01797064,-0.023101252,-0.005964719,-0.0002122927,0.010525369,-0.012561661,0.0019045841,0.020742754,-0.055320848,-0.051893402,-0.12601921,-0.012024467,0.010032203,0.0051215244,-0.048481774,0.02437654,-0.02089176,-0.04108418,-0.025805308,-0.00097067433,0.0029967886,0.0060435194,0.013513154,0.01183769,0.024355058,-0.0008937269,0.023853522,-0.0074482877,0.022600455,0.024858946,0.0012584352,0.00040433323,0.049361423,-0.07980313,-0.008486203,-0.008613014,0.040698744,-0.0039187404,-0.0043223253,0.0087477425,0.015429568,0.004275263,0.0117982505,-0.03657676,0.014643837,-0.0042082113,0.012591561,0.021075683,0.0087386025,0.011332872,0.10666303,-0.001061062,0.01551557,0.014569371,0.002484686,-0.18018937,-0.0015159098,-0.002915267,0.031815134,0.00552076,-0.013328572,-0.009971997,-0.002919928,-0.034852725,-0.062189553,-0.06447796,0.0073072794,-0.00026619717,-0.0065402677,-0.011117835,-0.025102073,-0.0015506373,0.017814083,-0.012906461,-0.0038071196,0.00021831814,0.007531549,0.0032277915,0.011243475,-0.02034715,0.008756664,-0.005687855,-0.0100821685,-0.064787045,-0.008003539,-0.0060359975,-0.03866752,0.0049128407,0.012585072,-0.023375638,0.026320498,-0.031644832,-0.024276791,-0.0044495943,0.018554803,-0.0052739074,0.0005555605,-0.017631361,-0.0013426112,0.02482092,0.03658963,0.014159695,0.0031416737,0.009618728,0.008803535,0.0050376854,0.019019753,0.0038984644,-0.0018801449,0.0020092602,0.18573332,0.013389777,0.0028194261,0.016824124,0.0075209686,0.033147585,0.018631633,0.0011321084,-0.005705297,-0.003123319,-0.0011257258,0.008943199,0.035156373,0.010130169,0.0084018065,0.006740392,-0.0002971134,0.021933364,-0.014813354,0.024297083,0.011606866,0.019184822,0.007660924,-0.024883403,0.0032913776,0.034126844,-0.004044772,0.019176003,0.013889932,0.00067391706,0.00519068,-0.0004570655,-0.06910253,0.004769541,0.008716732,0.03204946,-0.038080152,-0.015431854,-0.029458512,0.00089772895,0.025392625,0.0007509441,0.013514676,0.0053791925,0.013411069,0.012267557,0.0069855214,0.008094222,-0.18579221,-0.05681664,-0.08003548,4.887943e-05,0.027172975,0.026778705,-0.103966676,-0.08093916,-0.11056162,0.012845535,0.030006895,0.01486752,0.02991427,-0.0019039151,0.01103069,0.029752534,0.012190936,0.008666659,-0.0027536333,0.018797996,-0.018379964,0.004542584,-0.0008622935,0.020827172,0.0024977021,-0.005805694,-0.002301473,0.0028494762,0.0009162096,-0.00056971586
Tonsil-Palatine,-0.004177459,0.0018643358,0.004472287,-0.008561791,0.007822308,0.0028014698,0.0050218934,0.0073612323,0.012779469,-0.01572452,0.007951664,0.00454191,0.015584274,0.017466778,0.046110187,0.026307596,0.024155764,-0.0009023919,-0.0018223013,0.016423654,0.0052097677,-0.0042547225,-0.0006069382,-0.012799565,0.00058490137,0.0043929503,0.010581457,-0.011474466,0.0038843201,0.057380054,0.010490091,0.042513564,0.037126064,0.021132791,0.029421566,0.029053124,0.028481374,0.029613392,0.02801451,0.046019137,0.029891245,0.052242525,0.0044787955,0.032823637,0.024595337,0.028774478,0.0392606,0.015730904,-0.010305847,-0.0114773875,-0.038163174,-0.049495142,-0.0777053,-0.070944495,-0.042040933,0.0038512868,0.00035710068,0.00079026073,6.268576e-05,-0.0021561042,0.01152181,0.007662815,0.012412457,0.0062968633,-0.0034956925,0.0074684117,0.00014853202,0.007231401,-0.0038029444,-0.0065345136,-0.00042006152,0.006305404,-0.0013252328,-0.0009670007,-0.00060424436,0.0067399563,-0.02906452,-0.008343676,-0.023310803,-0.033039097,-0.00033206886,0.008159395,0.01331287,-0.029282121,-0.013572049,0.0022491734,-0.10996686,-0.0022847229,-0.0367242,0.013382615,-0.0010577391,0.0025076335,-0.00516861,0.019509077,-0.020252043,-0.022452211,-0.0039461805,-0.00084355636,0.010933406,-0.010435382,0.0024747222,0.020333193,-0.052591417,-0.05134083,-0.11986245,-0.014607352,0.008238984,0.0043515577,-0.042427704,0.022372415,-0.018671243,-0.03554515,-0.025228908,0.00047622685,0.008396694,0.004936334,0.015003655,0.012651175,0.024835419,-0.0014505091,0.02236738,-0.006605707,0.02128712,0.023345718,0.0022665197,0.0001243533,0.04635344,-0.07278497,-0.005710858,-0.0067815837,0.044516496,-0.0027985247,-0.0025816872,0.008700477,0.017424265,0.006340507,0.009165873,-0.03176875,0.015770487,0.0008028069,0.00846366,0.020075006,0.0098811975,0.011093693,0.104744054,0.00071690074,0.0135442745,0.014188036,0.002872855,-0.1649171,0.00034158851,-0.0012299705,0.032038763,0.007557819,-0.013139692,-0.007185377,-0.001335494,-0.033161983,-0.053825546,-0.05365559,0.0077900016,0.0005797759,-0.0055513084,-0.008491849,-0.023528922,-0.0017442575,0.016244704,-0.012162063,-0.0036090456,0.00035600312,0.0083204815,0.0049185595,0.011102852,-0.011182773,0.010538445,-0.007154399,-0.011898403,-0.061536174,-0.0058809468,-0.0028186175,-0.029992055,0.0058893114,0.012840448,-0.016876917,0.026309941,-0.024910139,-0.018804265,-0.01024017,0.021414066,-0.0027267663,0.0033357413,-0.01763191,0.0013053889,0.025308555,0.03618203,0.012322659,0.0033856742,0.009782883,0.008395991,0.0028703432,0.015143453,0.0045428392,7.674881e-05,0.00058018375,0.18371616,0.012083239,0.0020273447,0.018703474,0.007378496,0.030978402,0.019400747,0.0048604337,-0.0055865315,-0.0016839427,-0.0008811425,0.007479792,0.03401528,0.010073287,0.010880596,0.005767419,-0.0005629456,0.019227197,-0.010801627,0.024410812,0.017151205,0.018266795,0.0077284467,-0.025281943,0.007042187,0.03400103,0.00138789,0.021280766,0.016097713,0.0014632038,0.0058271517,-0.00017125491,-0.028454278,0.014134448,0.008384062,0.03179277,-0.04652875,-0.016396629,-0.03523566,0.00070828473,0.024281977,0.0019788528,0.014618526,0.0047603226,0.0119750025,0.012340937,0.0054432685,0.008806566,-0.1461653,-0.057059012,-0.07517549,0.0019398045,0.02525005,0.025281044,-0.07285959,-0.05179315,-0.088356666,0.012406032,0.028968666,0.014355052,0.026922042,-0.0018612468,0.009902394,0.028107908,0.010350348,0.011117408,0.00024895073,0.01953296,-0.022073496,0.004744545,-0.00084894843,0.0260353,-4.644395e-05,-0.0069422396,-0.0018971316,0.0029915357,0.001541639,-0.0034892024
Lung-Bronchus,-0.00026703917,0.00029374627,0.007786289,-0.011411831,0.015022472,0.0017172963,0.010446435,0.009838364,0.01800894,-0.11577924,0.013451502,0.00676377,0.019129813,0.010454084,0.05262009,0.028450033,0.023448149,0.0015714607,0.006405435,0.022675576,0.006502556,-0.00010383444,0.0030144914,-0.008468636,0.0021496525,0.0025369774,0.007664674,-0.02532736,0.0019279824,0.023832709,0.009258417,0.045007017,0.04045011,0.02245382,0.02826142,0.026931891,0.028378852,0.029729884,0.028820075,0.046910636,0.028666597,0.052756745,0.0009039721,0.03376033,0.024052162,0.02870839,0.042813238,0.012146414,-0.0067228978,0.00038488378,-0.03136755,-0.05652557,-0.067642346,-0.06275712,-0.039389677,0.00492474,0.0024805614,-0.002617901,0.0016936255,5.4623888e-05,0.013613736,0.012989331,0.018724835,0.010368077,-0.0021528362,0.0076115797,0.0007273711,0.008875081,-0.0015175479,-0.008941938,0.0011763728,0.0062906686,-0.0011152814,-0.0019355749,-0.0016464981,0.008936749,-0.042049527,-0.015891474,-0.03806786,-0.05014724,-0.008256921,0.011669088,0.017749876,-0.03843064,-0.019521736,-5.8034337e-05,-0.17141034,-0.002695231,-0.053248506,0.01454824,-0.0035494738,0.00506446,-0.012280271,0.023793498,-0.040408537,-0.025772784,-0.0025221303,0.00013536258,0.01481685,-0.0046831775,0.0028448591,0.02608985,-0.062050305,-0.06402678,-0.1441831,-0.03273132,0.00882616,0.0050019724,-0.045685843,0.023224982,-0.018697863,-0.039429776,-0.03358781,0.0012302186,0.0137587385,0.0040403907,0.016018514,0.015585994,0.031019945,-0.0033294493,0.026415788,-0.007941662,0.024346204,0.027965026,0.0065663117,-0.00094605243,0.052952968,-0.0820846,-0.0024024395,-0.006725484,0.06189699,-0.00238708,-0.0013232931,0.012369352,0.017019503,0.0073992107,0.006646096,-0.028582009,0.01721326,0.008265763,0.0045024077,0.02442325,0.013061148,0.0117268,0.12844017,0.0024558308,0.013641537,0.013398051,0.002113845,-0.17634508,0.002301075,0.0009348873,0.037688214,0.010717393,-0.018413285,-0.0048883124,-0.0010918807,-0.03469613,-0.051993515,-0.050342552,0.009768476,0.0025505538,-0.00464398,-0.0069867834,-0.023150457,-0.002985608,0.020433782,-0.012924423,-0.004195658,0.0005848648,0.011016626,0.0074665984,0.011933164,-0.0022141945,0.012426837,-0.015060855,-0.016938953,-0.07189558,-0.0049463282,-0.002897964,-0.028897645,0.009233636,0.013971294,-0.011594867,0.030690692,-0.021750174,-0.017231481,-0.017251547,0.026355745,0.0006025608,0.0067559136,-0.024222782,0.0032912267,0.024893804,0.038151667,0.013981274,0.0016365865,0.011661322,0.011020999,0.0021426426,0.01526231,0.009000766,0.00029471467,-0.00093152304,0.22203365,0.012575015,-0.000637089,0.023896435,0.0068933754,0.032801084,0.02328531,0.011944271,-0.0064436784,-0.0018146002,-0.0014143276,0.008524742,0.03723434,0.012991856,0.012113927,0.0057246014,-0.0011962708,0.015449096,-0.0076900935,0.029209848,0.022217678,0.020824086,0.0086940825,-0.0328884,0.016953468,0.046089612,0.0022849883,0.03023574,0.021104623,0.0015809208,0.005984704,-0.00027584023,-0.026087126,0.0105707,0.008972702,0.040470593,-0.06057229,-0.019098016,-0.042641982,0.0013582397,0.027285624,0.005111412,0.021562649,0.0033897306,0.011233927,0.012199898,0.0033044417,0.009880134,-0.11028233,-0.06633366,-0.078665495,0.007504827,0.025353638,0.027367614,-0.049399395,-0.024467418,-0.085456744,0.01236157,0.030338155,0.013357247,0.027075361,-0.0010050168,0.010491254,0.03143028,0.008044881,0.013601187,0.0035984106,0.023991657,-0.02642085,0.006499124,0.00057008903,0.030326996,-0.0015725155,-0.008545768,-0.0006461758,0.004449234,0.0010110718,-0.006111054
Prostate-Epithelial,-0.0057863235,-0.0041469643,0.002424594,-0.012639653,0.0071865916,0.0018196597,0.0010335932,0.007352418,0.0122936545,-0.1659085,0.00723391,0.0031487711,0.017501524,0.002541244,0.04635807,0.02870689,0.02014674,-0.0020762482,-0.009073696,0.019288443,0.0008289609,-0.015499662,-0.0048899488,-0.027259238,7.4360564e-06,0.0061062826,0.012014684,-0.011213849,0.0035045804,-0.024434896,0.009473302,0.045224704,0.041185234,0.024369579,0.030931514,0.025479984,0.032391332,0.030910762,0.03052148,0.0422501,0.02358959,0.053724084,0.0034973426,0.036176167,0.02568337,0.03123727,0.043176364,0.015937543,-0.009926474,-0.0068542715,-0.03338454,-0.049992684,-0.07687472,-0.07151601,-0.044374414,0.0050216666,0.0006426138,0.002052392,0.0013951319,-0.00014474275,0.014253933,0.009180664,0.012968395,0.005950495,-0.007245345,0.0065576313,0.0012785883,0.008383892,-0.0058058384,-0.008192992,0.0018305905,0.008591007,-0.0008664035,-0.0010279119,0.00088352,0.008309788,-0.042684924,-0.016804557,-0.03423725,-0.04449121,-0.0018990522,0.0044171405,0.015918816,-0.033701163,-0.017903399,0.0016151228,-0.15756682,-0.00052552915,-0.051998742,0.014894065,-0.0030012757,0.0026245567,-0.009319651,0.019292204,-0.029419813,-0.029220302,-0.003738672,-0.0015701416,0.013355675,-0.007541114,0.00339089,0.02406464,-0.062023107,-0.060874123,-0.14747113,-0.022805827,0.010533108,0.004709373,-0.04523955,0.025271714,-0.017651,-0.040706262,-0.029519716,0.0015301718,0.00946657,0.005704866,0.0125557305,0.014495013,0.028935658,-0.0028669322,0.02345058,-0.008262256,0.02601461,0.02884063,0.007862131,-2.9848212e-05,0.05179419,-0.0890286,-0.003940741,-0.008608063,0.05322629,-0.0029802194,-0.0025090305,0.012401551,0.017035,0.007344995,0.011987652,-0.03580531,0.008564849,0.0033039548,0.008288321,0.024309607,0.009448415,0.012417701,0.122834004,0.0012850333,0.015689556,0.015438148,0.002505568,-0.18826339,0.0012456093,-0.00093682256,0.036901757,0.009697569,-0.015212283,-0.0054984554,-0.0003500104,-0.03186903,-0.05400758,-0.050809167,0.009491855,0.002942874,-0.0045836936,-0.007403923,-0.021221112,-0.002962523,0.01966701,-0.010747711,-0.003620473,0.0010152066,0.010655975,0.0066904114,0.012216764,-0.007055014,0.013325537,-0.007897326,-0.011802113,-0.06896978,-0.007261998,-0.008833949,-0.031816937,0.007161453,0.0136952195,-0.013653322,0.030872947,-0.023681778,-0.019510182,-0.014570771,0.021084916,-0.00092868955,0.004654176,-0.020509997,-0.0001092234,0.021325372,0.040875748,0.014522915,0.003966191,0.011526702,0.012033181,0.003959962,0.015269251,0.008490765,-0.0017992866,0.0010658547,0.21069175,0.01569201,-5.411899e-05,0.02113585,0.009076733,0.035184834,0.021565685,0.008640017,-0.0051013166,-0.0012675083,-0.0017097621,0.007848687,0.037843924,0.0128127355,0.014950023,0.007772148,-0.00010399547,0.020598564,-0.009078731,0.02877131,0.0196909,0.021666365,0.0105091175,-0.031993672,0.013197001,0.043200787,-0.0011853134,0.025386889,0.019633954,0.0027641943,0.0065065087,-0.0004486613,-0.05790834,0.0046185507,0.010174016,0.03877288,-0.060413506,-0.024888996,-0.04366037,0.0015450087,0.029680867,0.0062563596,0.021277986,0.0053351778,0.011702796,0.010698905,0.0041183745,0.008082594,-0.1243347,-0.06313647,-0.07689095,0.006624436,0.028903957,0.02901882,-0.06206621,-0.038195595,-0.09428036,0.014224319,0.03238883,0.01673189,0.028776104,-0.0022495738,0.0118015455,0.032292467,0.010715193,0.011583264,-0.0006706276,0.021958625,-0.022373205,0.0069965976,-9.027073e-05,0.025900804,0.0021793211,-0.005612662,-0.00085512165,0.0048372583,0.0020799688,-0.0040081968
Bladder-Epithelial,-0.008290511,-0.0017181847,0.0046284157,-0.009738022,0.012783727,0.002885528,0.005279983,0.009129548,0.015794776,-0.1863265,0.006774864,0.0005588361,0.015795397,-0.0048777135,0.04072658,0.026584765,0.018619448,-0.0037218134,-0.012925343,0.019441936,0.0012858344,-0.019363191,-0.0059074033,-0.029566266,0.0023622678,0.0045214547,0.011732718,-0.00864098,0.002750292,-0.05378605,0.004509531,0.03235183,0.035035517,0.017644398,0.021162326,0.016380755,0.02534806,0.021351593,0.0253414,0.031707484,0.013274062,0.038659625,0.001089755,0.032074362,0.01758827,0.022989523,0.03832247,0.006718341,-0.011340219,-0.005530958,-0.031158265,-0.04705488,-0.083667986,-0.075225584,-0.048237428,0.0048665944,0.0032334588,-0.0015125745,0.001615193,0.0011116742,0.012490209,0.00726433,0.014342935,0.0075541004,-0.008544102,0.006345177,-0.000599385,0.008030134,-0.0046724463,-0.008623219,-0.0028261468,0.0068833134,-0.0015362271,-0.0044273864,0.0018246688,0.008233665,-0.052763876,-0.022883033,-0.035184875,-0.049560104,-0.003957515,0.009457037,0.015033784,-0.026631141,-0.018359933,0.0024802755,-0.17440692,0.00016677134,-0.0091493325,0.013958517,-0.0006311169,0.005176253,-0.0013257549,0.016262457,-0.05515652,-0.04120541,-0.0027951798,-0.010462089,0.0147521105,-0.008082995,0.006231789,0.024825297,-0.064611055,-0.062859505,-0.15779403,-0.046649862,0.009367803,0.005942314,-0.041622493,0.023353696,-0.013567727,-0.044451833,-0.027402885,0.0010003276,0.008901824,0.0038276936,-0.001814999,0.01071492,0.026506275,-0.0016599174,0.022189887,-0.005149392,0.0243974,0.026581326,0.0151744345,-1.2272262e-05,0.05070217,-0.07900688,-0.0037710527,-0.0059324624,0.05283406,-0.0011608712,6.337359e-05,0.017236881,0.011125972,0.0070428955,0.00944057,-0.038117547,0.004080153,0.0075006303,0.0075365896,0.023535253,0.006828952,0.011546314,0.115809925,0.002999433,0.014618796,0.011763438,0.002669311,-0.1750017,0.0058721593,5.5232493e-05,0.034024622,0.009965899,-0.01263491,-0.0003583352,0.0025822134,-0.026748065,-0.047431648,-0.04502152,0.008640038,0.0046810145,-0.003852365,-0.0028178543,-0.01265102,-0.00724649,0.022060476,-0.006394504,-0.0030025158,0.0011418763,0.010383754,0.0054684365,0.011909587,-0.004417737,0.012732228,-0.010818813,-0.012241384,-0.06830351,-0.006259018,-0.0099686645,-0.031011472,0.005720252,0.01080685,-0.004233176,0.029634614,-0.0141980015,-0.013053611,-0.008938368,0.017464062,-0.00047258832,0.0074524377,-0.01710221,0.0003131271,0.021231966,0.038707208,0.018718738,0.0031458144,0.013011023,0.01153271,0.0042293565,0.020110045,0.0065961326,-0.0014130605,0.0020631764,0.19989286,0.016157573,-0.0004981131,0.019066865,0.008457089,0.0321095,0.020934138,0.008849804,-0.0041819685,0.0018156762,-0.0008120828,0.0060282024,0.03339875,0.012443077,0.014012625,0.006365584,0.0013514408,0.019244304,-0.0057602907,0.028107136,0.014309524,0.019767474,0.012598704,-0.028564243,0.009029541,0.040628746,-0.005686374,0.02490958,0.018244868,0.0034794025,0.005767817,-4.4923847e-05,-0.09620078,-0.010433632,0.010181891,0.036439683,-0.050874047,-0.019177971,-0.028973,0.003205437,0.028053155,0.010842293,0.024098272,0.006166929,0.011578108,0.009998439,0.004344839,0.006885129,-0.117627606,-0.06462551,-0.073165044,0.008326547,0.027537627,0.026820952,-0.04187785,-0.02038422,-0.087982185,0.012615791,0.030317578,0.014639274,0.026280483,-0.0027772232,0.010952462,0.030610925,0.0088887755,0.012109879,0.00044792827,0.022532566,-0.022234725,0.005234709,-0.0010694318,0.01694945,0.0017855223,-0.0024081238,-0.0015624663,0.006322697,0.0014864991,-0.0027366627
Breast-Luminal,-0.0028470496,-0.0069807977,-0.0007735258,-0.010129862,0.007988649,0.002166424,0.0033751505,0.007432303,0.0009563857,-0.13284527,0.006343638,0.0044015264,0.017868262,-0.007089638,0.03133919,0.026640832,0.006267769,0.003591081,0.0027487846,0.01787395,-0.0060854056,0.008650554,0.006407603,-0.00075572764,-0.00020465741,0.00971168,0.009954352,-0.0067731743,0.004926871,-0.011505351,0.010147067,0.04011042,0.04008939,0.020873936,0.028804738,0.015455794,0.027258677,0.023832474,0.024882264,0.025391707,0.016978411,0.04332954,0.0046080938,0.034564245,0.020708613,0.025475567,0.033928607,0.015897809,-0.011612325,-0.014780466,-0.04933365,-0.07180873,-0.067433454,-0.063405,-0.038158298,0.005412126,0.0024803432,0.0015737112,0.0035542222,-0.0004333131,0.013601458,0.012313663,0.01560343,0.007938809,-0.0018639849,0.00820099,0.0022410548,0.0065009464,-0.0042266836,-0.0067545343,0.003949294,0.009547717,-0.000675056,0.0028072787,0.0007504457,0.007387245,-0.017542345,0.0016340959,-0.0259562,-0.028739689,0.00013154991,-0.0064084507,0.018559039,-0.03861774,-0.014892827,-1.1613354e-05,-0.12626053,-0.0057756365,-0.09635152,0.013556785,-0.005371722,0.0031913568,-0.015941132,0.0156671,-0.050238717,-0.023122204,-0.0053473185,0.0006000636,0.010903233,-0.0062216767,2.3851167e-05,0.022788351,-0.062351193,-0.06292185,-0.14351556,-0.03987775,0.010019586,0.0050191954,-0.04513127,0.024934774,-0.020408427,-0.031224972,-0.029038899,0.002478749,0.008135092,0.0064026504,0.014337338,0.014856875,0.028498663,-0.0028991154,0.029016057,-0.0075594736,0.026599947,0.02990029,-0.0032340996,0.0011885582,0.04912483,-0.102752,-0.00023576696,-0.0077815014,0.052396882,-0.0034573611,-0.00502995,0.007739907,0.020799482,0.010998811,0.014894756,-0.026537053,0.020562368,0.0008097452,0.012429697,0.025898248,0.015757976,0.0130810505,0.116608895,0.0003688983,0.016614622,0.015982172,0.0033035798,-0.2128916,-0.003713751,-0.0011576336,0.03810517,0.010970861,-0.01774794,-0.010299949,-0.0021448857,-0.03721274,-0.060008645,-0.053202756,0.00952802,0.00011315852,-0.0056977095,-0.012729096,-0.03219864,-0.0012587565,0.016030733,-0.013418829,-0.0028874853,0.00013191884,0.009786677,0.0055929627,0.012646521,-0.012303769,0.011188109,-0.015634462,-0.01592583,-0.06574958,-0.0054490026,0.0030998604,-0.038376883,0.011569424,0.016470414,-0.026795605,0.0293553,-0.037516594,-0.027333148,-0.01843553,0.017669352,0.0027909195,0.0004823925,-0.022778774,0.003261023,0.0052068257,0.041749954,0.009904608,0.0035108558,0.010942501,0.01483815,0.0060166796,0.008766838,0.010957305,0.0047840634,0.0008122993,0.19392575,0.012971311,-0.00082196575,0.02145161,0.011069764,0.03391777,0.01675519,0.0077545126,-0.004848276,-0.001805749,-0.00072309776,0.012787639,0.041135512,0.012517054,0.014076842,0.008463764,-0.00024250874,0.021922726,-0.010491815,0.027999748,0.022076337,0.022119395,0.0057831057,-0.030978974,0.01951303,0.041312937,0.0041595106,0.02889566,0.018263863,0.0033687253,0.006373757,0.00019391924,-0.04294947,0.0073162983,0.007861026,0.037794072,-0.053997148,-0.020450342,-0.041338153,-0.0016320816,0.028382445,-0.0009348603,0.014582704,0.005228735,0.012265026,0.0141950715,0.005585591,0.008644174,-0.07864706,-0.055808235,-0.07061868,0.0050188163,0.028755099,0.028486919,-0.08697896,-0.06075541,-0.12700137,0.014481409,0.033103824,0.018462934,0.028644286,0.0008687051,0.012212772,0.03070469,0.013039432,0.009717399,-0.002326146,0.017384443,-0.028342055,0.007977512,-0.00083423645,0.029085286,0.002363284,-0.008018549,2.1566602e-05,0.004242471,0.001617519,-0.0026261068
Breast-Basal,-0.00016370742,-0.0004117335,0.0002955502,-0.009783252,0.004501817,0.0019153669,0.004589467,0.0068660686,0.0009200776,0.020386696,0.008741314,0.00653462,0.016196687,0.019834543,0.03706914,0.02364863,0.01577896,0.0036124394,0.004830403,0.014293947,-1.7885193e-05,0.011798047,0.007953811,0.0046924157,-0.00040839697,0.008659921,0.009429645,-0.007309899,0.0032131423,0.060222823,0.015899759,0.04397932,0.03775275,0.023841294,0.03590587,0.027162218,0.029431544,0.031166123,0.026348038,0.040675305,0.0316133,0.055419616,0.009268213,0.03148297,0.02576103,0.029853763,0.03440016,0.018466206,-0.009301559,-0.015713576,-0.043218575,-0.05701484,-0.056370337,-0.054289926,-0.029380849,0.0024680411,0.001374384,0.0013583675,0.0023714344,-0.0030545213,0.012356818,0.011554385,0.014105348,0.0051475437,0.0033733563,0.01342812,0.008626798,0.009078746,-0.0042942395,-0.005656289,0.010650555,0.0087478915,-0.0004734065,0.0041913,-0.0017326596,0.006585866,0.015243334,0.018092662,-0.005490378,-0.0034340888,0.008335621,-0.003221655,0.015287651,-0.037443843,-0.004756988,-3.516627e-05,0.0073511684,-0.00362572,-0.11305905,0.012373352,-0.0065158685,0.00044590692,-0.017081918,0.01841083,-0.03414984,-0.008915028,-0.0063441168,0.0062225205,0.008199117,-0.006763606,-0.0037849408,0.019352356,-0.05512208,-0.055026315,-0.11455447,-0.02575441,0.008799649,0.0033619285,-0.048200835,0.02029127,-0.024427881,-0.029472677,-0.031118559,-0.0003942588,0.005090946,0.0075541083,0.0149778705,0.013641686,0.025470354,-0.0030206104,0.028878089,-0.010302846,0.021851482,0.025366653,-0.01083417,-0.00041747175,0.04249526,-0.09073446,-0.0036359483,-0.010094407,0.0435882,-0.005251978,-0.0063474844,0.0015796616,0.024792578,0.013177374,0.012678764,-0.021302294,0.029746126,-0.0047507705,0.012228663,0.021504981,0.01572225,0.0109666,0.10288997,-0.001615223,0.012975829,0.016860263,0.0022283795,-0.23035902,-0.0073140515,-0.0027951123,0.032468323,0.006632648,-0.021108584,-0.016176026,-0.0062687015,-0.03902794,-0.061241675,-0.058614735,0.007476385,-0.0037750052,-0.0070955437,-0.016320396,-0.03607533,-0.0007473497,0.0124200005,-0.016843148,-0.0036881256,-0.0010414082,0.007385646,0.0025271133,0.010314787,-0.018876446,0.008730196,-0.015542594,-0.015932716,-0.05613194,-0.0063561806,0.004147284,-0.045007404,0.009813323,0.01582853,-0.033793435,0.024514334,-0.041279674,-0.028617196,-0.01750364,0.020810457,-0.0011443389,-0.0030988574,-0.023954174,0.0023586531,0.011951971,0.034680977,0.0044096108,0.0005399977,0.006177021,0.01118159,0.004667982,0.0049854517,0.008867984,0.0020391743,-0.00050075224,0.17614515,0.008604804,0.0015656031,0.018521745,0.008085027,0.029811742,0.01595195,0.0042508347,-0.006255963,-0.0058058407,-0.00090382487,0.013774362,0.036822576,0.010536675,0.013433905,0.0069158403,-0.001593842,0.01743281,-0.014793579,0.022728128,0.020054175,0.018909324,0.0015616033,-0.028860318,0.015516283,0.03568404,0.00573418,0.023838246,0.01516662,0.0005031206,0.0035716097,-0.00059924,-0.0031752472,0.015084303,0.0059184,0.03354966,-0.037189737,-0.012773143,-0.037236396,-0.0035550415,0.023679504,-0.007647023,0.006552751,0.0030781045,0.0118574295,0.012662078,0.004853555,0.00825023,-0.13666259,-0.037077744,-0.065188825,0.00084354676,0.021290353,0.024373738,-0.10115795,-0.07648253,-0.14020877,0.01140568,0.026032675,0.01295324,0.025225727,0.00012848669,0.010249994,0.02666368,0.010647146,0.006983897,-0.004474955,0.013284683,-0.021390002,0.007925383,-0.0006001619,0.030257545,0.00084256957,-0.009923728,-0.00054520613,0.0017781295,-0.00030580733,-0.0022272065
Lung-Alveolar,0.004008846,-0.002255376,0.0050370754,-0.008426438,0.025167817,-0.00046975,0.017031258,0.01251395,0.022637514,-0.23471564,0.01984896,0.009043698,0.019145895,-0.0058168555,0.041826658,0.023583243,0.014925433,0.0064865323,0.018911075,0.02916993,0.010868801,0.00521038,0.008436081,0.0020048206,0.0017027685,-0.0017318648,-0.0004444871,-0.04074512,0.0032169498,-0.053516813,0.0022799694,0.02072454,0.029319154,0.009632629,0.0076671643,0.004767688,0.014038144,0.0111446995,0.014481155,0.019747037,0.006297169,0.019223655,-0.005141856,0.026987417,0.005603367,0.01456152,0.028652739,0.004350082,-0.007815134,0.002547136,-0.024915839,-0.06503936,-0.04266927,-0.041481018,-0.029676504,0.0044262186,0.005375409,-0.017639436,0.002664684,0.0028506757,0.012480312,0.015172082,0.021482907,0.009652985,-0.00033187575,0.006998918,0.001188016,0.008122917,-0.00043970687,-0.010230938,0.0010230269,0.004648745,-0.00050638145,-0.0019548244,-0.004042792,0.009315625,-0.049565297,-0.020488713,-0.04457605,-0.06430439,-0.018495405,0.019738982,0.02158047,-0.03766476,-0.025349079,-0.0003422748,-0.21886612,-0.004827362,-0.03695734,0.015474237,-0.0021568746,0.009946908,-0.012291961,0.021936672,-0.04732389,-0.023395292,-0.0031416127,-0.0007557372,0.016397588,0.00022621095,0.0038099065,0.02778992,-0.0650087,-0.06821629,-0.15221713,-0.038422268,0.00914451,0.007924998,-0.04443776,0.01998425,-0.0145827,-0.044487137,-0.03857993,0.0010385071,0.01696056,0.0002898941,0.014873196,0.014740428,0.030693475,-0.0028540054,0.028358685,-0.007762484,0.024072826,0.02995653,0.0049561877,-0.0024947375,0.05775069,-0.09598916,0.0036756983,-0.006048153,0.07028631,-0.0010136156,-0.00069906027,0.017316468,0.01389777,0.010511529,-0.0006310813,-0.016562747,0.020066168,0.01277233,-0.002177003,0.025118463,0.013174462,0.012440784,0.13217227,0.0015388224,0.011275368,0.009062999,0.0006252831,-0.22376019,0.0042482107,0.003428429,0.036272608,0.009590858,-0.023972977,-0.003848272,-0.0024401473,-0.03394462,-0.04567201,-0.040382132,0.009822252,0.0025455372,-0.0038121783,-0.0063186544,-0.023668094,-0.003328208,0.01981892,-0.011570445,-0.0037002235,0.0006424497,0.010829393,0.0011618731,0.008650746,0.0023674825,0.011365072,-0.016976105,-0.014296179,-0.07552827,-0.0028723956,0.001332548,-0.040622614,0.015444816,0.013747246,-0.00792949,0.031394366,-0.017778974,-0.013595698,-0.017463416,0.024422588,0.0037890032,0.0066515147,-0.027480729,0.0051437216,0.012090822,0.041468047,0.017164323,-0.00024277861,0.013045346,0.01445046,0.0028033974,0.016972452,0.012868434,-0.00017709318,-0.0035425718,0.22209005,0.0077784425,-0.0050798673,0.022105258,0.0062254,0.026991384,0.024233444,0.015013701,-0.005920517,-0.0046785823,-0.0013819308,0.007780427,0.034557614,0.012850572,0.012759975,0.003940118,-0.0008168605,0.010457912,-0.0037462607,0.029474,0.024473857,0.019980427,0.0079235695,-0.039414987,0.027264306,0.05047472,0.0024692803,0.03369008,0.019357175,0.00050880434,0.004185374,0.00020473464,-0.036185432,-0.0022716464,0.008513956,0.042994108,-0.06951816,-0.020948848,-0.048212554,-1.664466e-05,0.02485289,0.007741156,0.026311265,0.00025034457,0.0066068205,0.0090438295,-0.0027082118,0.007964476,-0.01141875,-0.061647233,-0.06430681,0.011578201,0.02037671,0.024728807,-0.009157845,0.018119138,-0.12227133,0.010184179,0.026145516,0.010688386,0.023217684,-0.0009008076,0.011013736,0.029849235,0.0031576683,0.008088066,-0.00039010416,0.017496,-0.031019656,0.00573907,0.0011324541,0.02593211,-0.0046135364,-0.008430106,-1.2520375e-05,0.0040175146,-0.00033245014,-0.007007219
Gallbladder-Epithelial,-0.0036335145,-0.02147377,-0.004905415,-0.00943913,0.012294529,0.0016107376,0.0022250612,0.0075906883,-0.008668108,-0.473314,0.0019369203,-0.0043140044,0.014754652,-0.069676846,-0.0032617822,0.016462548,-0.0281388,0.0040487447,-0.0056622904,0.016330753,-0.02587194,-0.0069652526,0.0032767095,-0.014108403,-0.0005108823,0.008016899,0.0025776697,-0.0058880076,0.0032453607,-0.3037856,-0.008134725,-0.018579325,0.016114263,-0.0048070634,-0.017097425,-0.03804599,0.003197833,-0.0213277,-0.004797369,-0.050725356,-0.050322663,-0.03852582,-0.00406415,0.021899339,-0.01715385,-0.009937038,0.0042856163,-1.5501038e-05,-0.013667645,-0.008587883,-0.021646298,-0.05545307,-0.03987223,-0.045279417,-0.02850386,0.0033857396,0.007753572,-0.017869627,0.006582354,0.005690838,0.011934401,0.014774231,0.018504433,0.00821034,-0.010241645,0.0047557247,-0.0023852647,0.0027198733,-0.004704992,-0.010105595,-0.0050413874,0.0067200083,-0.0017660797,-0.0028456324,0.0047479016,0.00796182,-0.03535098,-0.011392163,-0.033052273,-0.0402222,-0.009384052,-0.020743696,0.021581585,-0.027736353,-0.018925508,0.0002006027,-0.17770854,0.0006492791,-0.057559635,0.013238382,-0.005187577,0.005659261,-0.011697364,0.0016129928,-0.039402377,-0.045428805,-0.0045431233,-0.012649582,0.01319494,0.001797441,0.0055437265,0.02474744,-0.061274134,-0.061646707,-0.16109641,-0.03085453,0.012746959,0.012976402,-0.043757513,0.020666966,-0.016171148,-0.04961497,-0.033659574,0.0024413667,0.010941449,-0.00060172466,-0.0035292327,0.004286587,0.02487124,-0.0040561073,0.027703447,-0.0018156271,0.02829048,0.027463248,0.008443883,0.0027430255,0.048824117,-0.11833975,0.009340375,-0.0021655357,0.06471338,-0.000120429504,-0.0039223237,0.019452272,0.0031834396,0.011606826,0.010019674,-0.019462632,0.0010254816,0.013103429,0.0051837345,0.028188787,0.008412284,0.009300307,0.12238915,0.0016969652,0.01702547,0.006579103,0.0025168613,-0.16657142,0.0031238075,0.002757482,0.03624777,0.015424811,-0.019536253,0.0017470879,0.0032926195,-0.022785058,-0.039026756,-0.018788643,0.009821978,0.005979526,-0.0005936877,-0.0058309264,-0.016306637,-0.003857857,0.019639792,-0.0032441881,-0.00072285364,0.0013776855,0.010810906,0.001405711,0.009919255,0.0019386112,0.010420806,0.004321187,0.0021211798,-0.061500322,-0.0029197296,-0.0040927026,-0.027922487,0.016778994,0.01303894,-0.006332925,0.030339811,-0.019853024,-0.017037518,-0.015625276,0.00056831946,0.0096501745,0.004722361,-0.018194467,0.0045871227,-0.027007205,0.033832647,0.015439148,0.0026902151,0.013793023,0.022071807,0.007490898,0.011502911,0.016184563,0.0049051195,0.0031190312,0.20835948,0.0148054175,-0.010095287,0.01688022,0.0118587455,0.027297223,0.011016762,0.015386586,6.642495e-05,0.0007226881,0.0023776696,0.009517135,0.035136852,0.013262447,0.01408434,0.011092602,0.0035171981,0.016442826,-0.0006713349,0.02831857,0.019849204,0.022873415,0.010883479,-0.036096673,0.030782778,0.04780136,-0.000928959,0.0309869,0.018518943,0.006680535,0.0032039322,0.0010851981,-0.10414562,-0.026526967,0.008771711,0.03995728,-0.053361252,-0.020935858,-0.030005848,-0.00035422805,0.027710432,0.009152407,0.023673901,0.0058799093,0.0066593974,0.008415441,9.3409435e-05,0.0042215413,0.078508765,-0.047911268,-0.0366147,0.014701626,0.026735062,0.02454305,-0.00075998914,0.02276163,-0.11203886,0.01062359,0.030716507,0.015853157,0.01952086,-0.0027610858,0.014157026,0.0296754,0.0064043403,0.0057869465,0.0004331727,0.010697852,-0.02128745,0.007925746,0.0003033207,0.01381722,0.0031870832,-0.003995292,-0.00045649539,0.00844797,-0.001091021,0.00068692147
Gastric-fundus,-0.0027083799,-0.012907266,-0.0002031712,-0.008991977,0.021198653,0.0008494205,0.008261977,0.010550239,0.011123831,-0.4011695,0.011263099,0.0008073488,0.015851926,-0.04441722,0.014849926,0.019744309,-0.0070774583,0.004688156,0.0034850647,0.025749367,-0.003954421,-0.008014299,0.001993705,-0.015854396,0.0022183503,0.0042498885,0.0026651246,-0.01563659,0.0032513672,-0.22624122,-0.00435706,0.002774184,0.024475567,0.005497445,-0.0011963187,-0.021357287,0.011001931,-0.0040079756,0.007974427,-0.017229324,-0.026821177,-0.0058230623,-0.0044010114,0.024328299,-0.0049335216,0.0053081196,0.01974367,0.0058682305,-0.008305987,0.0028635575,-0.009317247,-0.043809798,-0.027870463,-0.03545023,-0.024749333,0.0050692065,0.0058440114,-0.01162122,0.0049193595,0.005471225,0.013491141,0.014587518,0.018683605,0.00785786,-0.009253633,0.005558041,-0.00023390751,0.0054119355,-0.0041580116,-0.01037212,-0.0022490923,0.006296144,-0.0018129053,-0.0029854588,0.0018774066,0.00872333,-0.04799139,-0.01858656,-0.04189282,-0.052497804,-0.014130221,0.004283984,0.020963231,-0.028155684,-0.021004336,-4.436787e-05,-0.21079583,0.002089214,-0.05429684,0.013072392,-0.0043616835,0.008659067,-0.012171415,0.008714867,-0.02442767,-0.029924987,-0.002934474,-0.0023723769,0.016090248,0.00464732,0.005931185,0.02787326,-0.057656817,-0.05816642,-0.1506328,-0.017453048,0.0122077605,0.010018682,-0.03793983,0.020293312,-0.010845658,-0.04421888,-0.032439996,0.0026104928,0.009059005,0.00028370993,0.011404371,0.010469597,0.027752219,-0.003939556,0.027175285,-0.00514188,0.026084919,0.029793717,0.011928405,0.0014148647,0.051112972,-0.10391048,0.00771189,-0.0057753767,0.06504815,-0.00032248025,-0.002743524,0.020005086,0.0038307102,0.01041063,0.0071460125,-0.017407712,0.004634001,0.012228244,0.0022609872,0.026838308,0.0097146975,0.010450976,0.12545009,0.0017518335,0.014305026,0.006909616,0.0011631843,-0.18268713,0.0026660755,0.002338533,0.03547013,0.01356535,-0.018210657,0.0018867172,0.003008187,-0.020007033,-0.033520237,-0.019283205,0.010311794,0.006621109,0.00018792834,-0.0031257686,-0.014616624,-0.0013185604,0.021872314,-0.0036872094,-0.00092928886,0.0026695882,0.011176568,0.0035414968,0.009159538,0.006632047,0.0111273825,0.0011686721,-0.0019970692,-0.063717045,-0.0033414573,-0.0060877823,-0.028511306,0.014778185,0.011268566,-0.0031085208,0.030533297,-0.016174227,-0.014463151,-0.01777442,0.008417431,0.008673018,0.007302055,-0.020870524,0.0033728373,-0.0072300597,0.0382263,0.016837243,0.0029403036,0.014008661,0.019916954,0.0062107434,0.013080271,0.016706955,0.0020917957,0.0007558801,0.21155892,0.014947058,-0.008313144,0.018552484,0.0092460485,0.027394194,0.017788451,0.016529316,-0.0018544727,0.0009916252,0.00017318173,0.007529246,0.03197821,0.013526316,0.014482198,0.010116005,0.0026384436,0.014008022,-0.00014288747,0.028189117,0.016296808,0.021830807,0.012146274,-0.035073034,0.030190766,0.050134577,-0.0049967756,0.032109663,0.01914736,0.004725797,0.004167438,-3.8887625e-05,-0.11661183,-0.034753732,0.009602157,0.04161582,-0.058905713,-0.02375979,-0.033554427,0.00097285456,0.027181717,0.011641471,0.028145367,0.0025995912,0.0072672693,0.0076689073,0.0006257678,0.004255509,0.074440844,-0.051604312,-0.04138524,0.014720607,0.024107646,0.024574278,0.0053084544,0.02962336,-0.109474815,0.010657871,0.027684493,0.014164904,0.019648103,-0.0028772738,0.012706504,0.02838056,0.0048339604,0.006682379,0.0017167026,0.015550735,-0.017675703,0.009080655,0.002962366,0.009668539,0.0046517397,-0.0025917415,0.0013424556,0.007761863,-0.00021351496,-0.003070844
Colon-Right,-0.008866612,-0.017418215,-9.565821e-05,-0.01392065,0.010228642,-2.9405232e-05,-0.0071292017,0.0033728257,0.014836737,-0.4946475,0.012169794,0.00036410397,0.014995129,-0.043950252,0.027682327,0.02108566,-0.002439929,-0.0027509502,-0.021802302,0.024362763,0.00013140547,-0.05936289,-0.026282849,-0.07679335,0.00071367633,0.006858507,0.0068942774,-0.007383653,-0.0027499045,-0.34527048,-0.007965948,0.0031275072,0.0238555,0.010785961,0.002134088,-0.012856088,0.022130404,-0.0012803397,0.018376894,-0.019907137,-0.040371716,-0.011188204,-0.0020444612,0.027697228,0.0024175271,0.015722575,0.019758968,0.007984932,-0.008468438,0.00010650573,-0.014556397,-0.040131018,-0.042017378,-0.048566923,-0.026482558,0.00853954,0.0016160436,-0.010856251,0.0049073915,0.0052882573,0.0146118505,0.013733338,0.013103186,7.671773e-05,-0.031337097,-0.00405583,-0.0064961817,0.00033858832,-0.0071253977,-0.009645847,-0.014242054,0.0054707546,-0.002848684,-0.005181019,0.0041510155,0.007519677,-0.053525507,-0.029309602,-0.036221903,-0.043167975,-0.0067578247,0.0028029073,0.01587937,-0.0280832,-0.016861169,0.0020254725,-0.18079948,0.0048546386,-0.06070739,0.0152626075,-0.003948464,0.0007880149,-0.012398512,0.010438516,-0.048423786,-0.058004476,-0.0033723675,-0.014206515,0.017074406,0.0041601574,0.006855117,0.026232662,-0.076027304,-0.07301964,-0.20490402,-0.03842555,0.01503584,0.008745301,-0.058349345,0.021677904,-0.018904729,-0.07445438,-0.035645816,0.00062393025,0.011459049,0.00095366227,0.006523758,0.00920598,0.028964184,-0.0049211066,0.02446946,-0.0069869156,0.028821038,0.027350044,0.019383848,0.0003210517,0.045818593,-0.14891091,0.0068611787,-0.008558161,0.055587657,-0.0016135189,-0.006254285,0.01844846,0.005198011,0.004344413,0.0077243135,-0.036505204,-0.023710258,0.006871281,0.0028462743,0.024520535,-0.0025192227,0.01451313,0.12396752,-0.0014910706,0.017117325,0.009410327,0.00057424215,-0.24151303,0.0020352607,0.0032569712,0.033156,0.0109438235,-0.01772275,0.0023747873,0.0008331155,-0.015354917,-0.037276365,-0.024512481,0.00897804,0.007964208,-0.00022120266,-0.002882458,-0.0046416004,0.00019206376,0.024374377,0.00079670356,-0.00076715276,0.003760478,0.011415384,0.0035954232,0.009738607,0.0050569368,0.009416646,-0.0053630704,-0.0014625746,-0.068095066,-0.006485922,-0.030010393,-0.0058723227,0.0077432184,0.008802006,0.00055970496,0.029850742,-0.013217451,-0.014204091,-0.015177612,0.008409246,0.004072675,0.0069765095,-0.016266832,-0.0042082663,-0.0032419309,0.04917204,0.01620599,0.0026405456,0.010675096,0.01910888,0.0075919824,0.014767515,0.016623996,-0.009091008,0.001657068,0.2007589,0.015979676,-0.008654902,0.015413135,0.007340248,0.026426876,0.020781131,0.011377606,0.00027896746,-0.0030078918,-0.0020530026,0.0047875773,0.03459605,0.0132589685,0.011905675,0.010399135,0.0030708557,0.019224554,0.0012352001,0.02794176,0.020917473,0.02266388,0.015931938,-0.0400789,0.028343255,0.053618927,0.0016828522,0.019495312,0.019340033,0.0051467633,0.0043568253,-0.0015948263,-0.09361471,-0.006634514,0.010041271,0.038590793,-0.06359242,-0.026195327,-0.04043222,0.0017306198,0.02934151,0.015587227,0.03067839,0.0024713634,0.0057578417,-0.00040704123,-0.0035136812,0.00471847,0.06809526,-0.05376947,-0.040007666,0.016758017,0.02664765,0.024979942,0.0027546925,0.028702684,-0.17397259,0.011932096,0.027885312,0.016312148,0.02298517,-0.00827492,0.0125268055,0.028645245,0.008102403,0.005569508,-0.007473463,0.010807099,-0.016799575,0.0077661914,0.0027490007,0.019761618,0.0063065793,0.0032264006,0.001104024,0.0072638667,-0.0011955019,-0.001529876
Small-int,-0.01152995,-0.021933025,-0.003812221,-0.010038065,0.009485111,0.00046841995,-0.008652514,0.0038790496,0.0044583,-0.5340242,0.0060765436,-0.0038867241,0.01314396,-0.061248083,0.0077659567,0.017813593,-0.015662517,-0.0008945096,-0.021039363,0.021744223,-0.009307631,-0.047030177,-0.018361231,-0.061380006,-0.00014160301,0.0079353815,0.005769348,-0.0011709034,-0.00015034141,-0.38352525,-0.010290502,-0.012590718,0.018262083,0.002529481,-0.0076978123,-0.032105558,0.013250957,-0.014643137,0.0077776667,-0.04520589,-0.05560751,-0.03180474,-0.0016797929,0.0239474,-0.009868922,0.0043047583,0.010069341,0.0061151884,-0.012125277,-0.0055662235,-0.018670892,-0.04349941,-0.038271982,-0.045200564,-0.025665293,0.0062628826,0.0022455747,-0.013867167,0.0048006596,0.0054004723,0.012014881,0.011972384,0.011670994,-0.00023509901,-0.029392278,-0.003937277,-0.007061063,-0.0011482232,-0.0096623935,-0.0115639325,-0.015257527,0.0045608976,-0.0033300451,-0.0050121923,0.00464966,0.0070015797,-0.038569767,-0.0164969,-0.026635941,-0.031678,-0.007784113,-0.00518913,0.016852967,-0.020891156,-0.014620379,0.002711806,-0.14427345,0.0031020893,-0.049225274,0.014009562,-0.0026284596,0.0026009562,-0.008195809,0.0019687056,-0.052478682,-0.0512166,-0.0043333652,-0.012371021,0.015993418,0.0038798617,0.007414955,0.025811886,-0.070003055,-0.06698118,-0.19311504,-0.041076772,0.01478754,0.010209293,-0.05269021,0.020819286,-0.015665319,-0.06684256,-0.033830915,0.0010099135,0.00677921,0.00024142824,0.008809378,0.008220354,0.026047546,-0.0033138946,0.025429629,-0.005308145,0.028425425,0.027287176,0.017109586,0.0019834859,0.047776695,-0.14283103,0.007929438,-0.00810126,0.05323277,-0.0011420718,-0.007332348,0.019254262,0.00083051395,0.0065313154,0.008289489,-0.03114005,-0.018320369,0.005526677,0.0048604775,0.023837952,-0.00026996722,0.013713011,0.1199534,-0.0016719723,0.017080955,0.0071142334,0.00042653788,-0.22909053,0.0012688388,0.0022347646,0.03213965,0.011604607,-0.016664283,0.003343215,0.002428026,-0.012948959,-0.034278795,-0.020135459,0.008656015,0.0074770274,-3.8533195e-05,-0.0037110941,-0.0061533656,0.0011856542,0.023782793,0.002125018,0.00071628095,0.004322522,0.010444675,0.00081211264,0.008827206,0.0013926071,0.007501731,-0.0044500283,-0.00029259818,-0.06268858,-0.0060869325,-0.022464119,-0.022208836,0.010192389,0.008974394,-0.0022078643,0.028674083,-0.016707806,-0.016633512,-0.011549579,-0.00053745817,0.005790974,0.0057163457,-0.015190927,-0.0025203363,-0.017108176,0.04751519,0.017259123,0.003069883,0.012361244,0.021073224,0.0087576145,0.01593971,0.016067067,-0.004711859,0.0020914166,0.19420362,0.01663016,-0.010329849,0.012928679,0.009157403,0.025009952,0.01591512,0.010151273,0.0009664612,-0.00075081666,-0.00052137894,0.0061264792,0.032602523,0.012518551,0.0123144295,0.01046337,0.004190222,0.019635458,0.00066545204,0.026888074,0.015370182,0.022333924,0.0144894915,-0.037501995,0.026672749,0.049393628,-0.0039384323,0.02111191,0.016425982,0.006009632,0.003789739,-0.0012533377,-0.13347885,-0.028107706,0.009428531,0.036717642,-0.055674896,-0.027662776,-0.03249029,0.0011880029,0.028386,0.014960279,0.029123338,0.0023403182,0.005622113,0.00096768874,-0.0022069137,0.0029622442,0.07570848,-0.043661155,-0.029320601,0.015675904,0.026072826,0.023793483,-0.0031812678,0.021996357,-0.17229533,0.0104430765,0.027566487,0.016361155,0.021100381,-0.007772245,0.013227119,0.027543537,0.007272085,0.0031402218,-0.0074563473,0.00884625,-0.015805326,0.0077230157,0.0017475664,0.009483405,0.0077918614,0.0026879327,0.0006521115,0.0075218915,-0.0021604511,0.0001158092
