motif,position,Heart-Cardiomyocyte,Liver-Hepatocytes,Kidney-Tubular,Blood-T,Blood-Monocytes,Pancreas-Beta
RFX/2,-600,-0.010687955,-0.013145927,-0.009785458,-0.009972794,-0.008295579,-0.018660648
RFX/2,-595,-0.010646542,-0.0132258525,-0.009562926,-0.009541712,-0.007852144,-0.019090926
RFX/2,-590,-0.010161383,-0.012984323,-0.009173391,-0.009475833,-0.0077887764,-0.01908034
RFX/2,-585,-0.009934557,-0.012835127,-0.008709794,-0.009257003,-0.007431266,-0.01976287
RFX/2,-580,-0.0098084,-0.012825641,-0.008579211,-0.009294671,-0.0073894453,-0.020201266
RFX/2,-575,-0.009645434,-0.012617038,-0.008219341,-0.008927855,-0.0071151285,-0.02052845
RFX/2,-570,-0.009529812,-0.013246661,-0.008012702,-0.008779251,-0.007009638,-0.021547077
RFX/2,-565,-0.009812135,-0.01323569,-0.008319574,-0.008687372,-0.007079073,-0.022412067
RFX/2,-560,-0.009770705,-0.0136195645,-0.008180735,-0.008687707,-0.0071963463,-0.023443434
RFX/2,-555,-0.0102041615,-0.013865163,-0.008877396,-0.009351931,-0.008101895,-0.024319336
RFX/2,-550,-0.010525291,-0.014563331,-0.0093049,-0.00979655,-0.008691819,-0.02585836
RFX/2,-545,-0.010703621,-0.014663164,-0.009297759,-0.009745584,-0.008732568,-0.0266226
RFX/2,-540,-0.010993443,-0.0145696765,-0.009300332,-0.00982767,-0.008876995,-0.027393652
RFX/2,-535,-0.011132529,-0.014947003,-0.009033733,-0.009559561,-0.008479847,-0.028215997
RFX/2,-530,-0.0112380935,-0.014702212,-0.008859203,-0.009551828,-0.008715195,-0.028943151
RFX/2,-525,-0.011296338,-0.01527346,-0.008962577,-0.0099858735,-0.009151052,-0.030008659
RFX/2,-520,-0.011282515,-0.015249527,-0.008778055,-0.0098233875,-0.008939504,-0.030625155
RFX/2,-515,-0.011774783,-0.015701449,-0.009335552,-0.01027091,-0.00979667,-0.031013938
RFX/2,-510,-0.012218492,-0.016630042,-0.009555286,-0.010180886,-0.00972509,-0.03245857
RFX/2,-505,-0.013203627,-0.017232478,-0.010577326,-0.011492587,-0.011034609,-0.03408428
RFX/2,-500,-0.014133164,-0.018338716,-0.011639033,-0.012651644,-0.0119356625,-0.035902377
RFX/2,-495,-0.014091121,-0.01842208,-0.011375219,-0.0121033555,-0.011273266,-0.03687453
RFX/2,-490,-0.0140707735,-0.018608972,-0.011322462,-0.012420121,-0.011492404,-0.037350435
RFX/2,-485,-0.014371532,-0.019016251,-0.011124229,-0.012016188,-0.011180179,-0.0386517
RFX/2,-480,-0.015045082,-0.020046541,-0.011312601,-0.012544469,-0.011578663,-0.040959664
RFX/2,-475,-0.015969835,-0.021309987,-0.012137598,-0.013444327,-0.0124582155,-0.0425722
RFX/2,-470,-0.017067896,-0.022081206,-0.013206851,-0.014897528,-0.013934886,-0.044652507
RFX/2,-465,-0.01803691,-0.023386123,-0.014470593,-0.016047526,-0.014895041,-0.047014397
RFX/2,-460,-0.018198946,-0.02415331,-0.014568884,-0.016154269,-0.014862498,-0.048193377
RFX/2,-455,-0.019306928,-0.0255907,-0.015235925,-0.016974684,-0.015422254,-0.050757762
RFX/2,-450,-0.0196217,-0.026327454,-0.015651163,-0.01715881,-0.015673803,-0.05285067
RFX/2,-445,-0.020517526,-0.027039148,-0.016462035,-0.017944982,-0.01637277,-0.054409727
RFX/2,-440,-0.020701861,-0.028240833,-0.016507074,-0.018165752,-0.01653217,-0.05632492
RFX/2,-435,-0.021984832,-0.029234301,-0.017766403,-0.019877639,-0.01815608,-0.058437794
RFX/2,-430,-0.022274934,-0.029034434,-0.017595598,-0.019351218,-0.017541861,-0.05909267
RFX/2,-425,-0.0228173,-0.029498642,-0.017318696,-0.018610306,-0.016636511,-0.06067513
RFX/2,-420,-0.023082504,-0.029819325,-0.017834848,-0.019404689,-0.017371338,-0.06097635
RFX/2,-415,-0.022409923,-0.028375806,-0.01708626,-0.018255424,-0.016177865,-0.061252624
RFX/2,-410,-0.022626732,-0.029455453,-0.016870167,-0.018676003,-0.016585743,-0.063844845
RFX/2,-405,-0.023576176,-0.029895399,-0.017328192,-0.019288238,-0.017138628,-0.06622011
RFX/2,-400,-0.023398304,-0.029338598,-0.016514177,-0.01908776,-0.01684502,-0.06602458
RFX/2,-395,-0.024727333,-0.031248312,-0.017588874,-0.019217154,-0.017038371,-0.06913575
RFX/2,-390,-0.02505477,-0.030923905,-0.017218025,-0.018898278,-0.01647205,-0.07071235
RFX/2,-385,-0.024945118,-0.030480029,-0.016282449,-0.01866917,-0.016039826,-0.07096918
RFX/2,-380,-0.024775993,-0.029952481,-0.015617267,-0.018073075,-0.015512404,-0.07287259
RFX/2,-375,-0.025209812,-0.030407833,-0.016015647,-0.018563198,-0.01608466,-0.074602984
RFX/2,-370,-0.025419109,-0.031077722,-0.016005019,-0.018915739,-0.016763085,-0.077216975
RFX/2,-365,-0.027790561,-0.033553004,-0.017898403,-0.02085898,-0.018727131,-0.081787616
RFX/2,-360,-0.027611434,-0.033137932,-0.017218465,-0.020235715,-0.018111078,-0.083257206
RFX/2,-355,-0.028117733,-0.0338092,-0.016998315,-0.020555481,-0.018215835,-0.08513214
RFX/2,-350,-0.02831926,-0.033422094,-0.016982002,-0.019961393,-0.017752256,-0.086491056
RFX/2,-345,-0.029036045,-0.035327956,-0.017384065,-0.020620039,-0.018255392,-0.08939475
RFX/2,-340,-0.029442096,-0.03490964,-0.017360542,-0.021081844,-0.018597657,-0.09111853
RFX/2,-335,-0.031057406,-0.035005342,-0.018385,-0.021908289,-0.019554557,-0.09354098
RFX/2,-330,-0.031998698,-0.03621932,-0.019397102,-0.023187792,-0.020672375,-0.096724354
RFX/2,-325,-0.033038307,-0.036533143,-0.019765543,-0.023448026,-0.020712994,-0.09884415
RFX/2,-320,-0.034358483,-0.03889567,-0.02134497,-0.025241867,-0.022962924,-0.102149
RFX/2,-315,-0.036391824,-0.041114014,-0.02311317,-0.026375918,-0.02396754,-0.10728756
RFX/2,-310,-0.037938178,-0.042778708,-0.024289904,-0.027051238,-0.024950825,-0.10960292
RFX/2,-305,-0.03910867,-0.043856755,-0.02554483,-0.028349994,-0.026096616,-0.11438359
RFX/2,-300,-0.04041703,-0.045295436,-0.026706649,-0.029545322,-0.027096994,-0.118008055
RFX/2,-295,-0.04125566,-0.046207935,-0.027287103,-0.03002736,-0.027636465,-0.120644815
RFX/2,-290,-0.041371386,-0.04714774,-0.027580228,-0.030979855,-0.028239487,-0.123460375
RFX/2,-285,-0.04420298,-0.049065914,-0.02836629,-0.032758445,-0.0299185,-0.12868665
RFX/2,-280,-0.044188753,-0.049880963,-0.028341077,-0.0327532,-0.029559022,-0.1300116
RFX/2,-275,-0.046009626,-0.050815,-0.029393585,-0.033988714,-0.029951774,-0.13344997
RFX/2,-270,-0.046648037,-0.05097797,-0.02991935,-0.033706702,-0.029782958,-0.1359227
RFX/2,-265,-0.049933277,-0.053981807,-0.032273527,-0.03632755,-0.03220294,-0.14167398
RFX/2,-260,-0.051394902,-0.05616614,-0.033852063,-0.037468206,-0.033326097,-0.14539385
RFX/2,-255,-0.051675353,-0.056641456,-0.034650534,-0.038059495,-0.034016274,-0.14741634
RFX/2,-250,-0.051586952,-0.05843241,-0.034310758,-0.038596787,-0.033851173,-0.15168376
RFX/2,-245,-0.053651653,-0.060125563,-0.036233235,-0.03915906,-0.03423497,-0.15594263
RFX/2,-240,-0.054675013,-0.061927248,-0.037166774,-0.040281188,-0.035191093,-0.16000377
RFX/2,-235,-0.056448344,-0.06262182,-0.03875247,-0.041390184,-0.03651667,-0.16577578
RFX/2,-230,-0.0561407,-0.063306846,-0.038277574,-0.041056592,-0.036057856,-0.16855475
RFX/2,-225,-0.057437476,-0.06411525,-0.04022146,-0.04188967,-0.037498944,-0.1724899
RFX/2,-220,-0.05801511,-0.064333074,-0.0404557,-0.04217807,-0.03772562,-0.17434135
RFX/2,-215,-0.058557097,-0.065782614,-0.040338363,-0.04290026,-0.038122103,-0.17856498
RFX/2,-210,-0.05769173,-0.06678755,-0.039737996,-0.043128382,-0.03841789,-0.1831977
RFX/2,-205,-0.059931062,-0.06985434,-0.04058843,-0.043973964,-0.039416134,-0.18822888
RFX/2,-200,-0.06086557,-0.07088694,-0.0408302,-0.04361758,-0.038876068,-0.19383408
RFX/2,-195,-0.06349928,-0.073613584,-0.0440697,-0.045931734,-0.04181216,-0.2000042
RFX/2,-190,-0.06458601,-0.07496685,-0.044231452,-0.046410423,-0.042140175,-0.20382303
RFX/2,-185,-0.06680999,-0.076263145,-0.047452983,-0.04813757,-0.043724187,-0.21003069
RFX/2,-180,-0.068913385,-0.078872465,-0.04809148,-0.049506612,-0.044930287,-0.21574818
RFX/2,-175,-0.070555896,-0.081584305,-0.049640723,-0.050407883,-0.04573863,-0.22172442
RFX/2,-170,-0.07221987,-0.08285565,-0.052048597,-0.051935107,-0.04697824,-0.2258617
RFX/2,-165,-0.0726275,-0.083863504,-0.053022157,-0.053312793,-0.048741095,-0.22896005
RFX/2,-160,-0.075811096,-0.086736724,-0.055515748,-0.05538208,-0.050516434,-0.23622756
RFX/2,-155,-0.07580998,-0.087974876,-0.05581161,-0.055575337,-0.051173333,-0.23973386
RFX/2,-150,-0.07654183,-0.090380125,-0.05546082,-0.056424983,-0.052061852,-0.2459689
RFX/2,-145,-0.07969053,-0.09332095,-0.0584262,-0.059421685,-0.054757677,-0.25328693
RFX/2,-140,-0.081833094,-0.095587574,-0.06090902,-0.060903218,-0.056847155,-0.2577854
RFX/2,-135,-0.08203021,-0.09603421,-0.06174718,-0.061456952,-0.057293084,-0.26161706
RFX/2,-130,-0.08276542,-0.09686211,-0.06353681,-0.061531276,-0.057671215,-0.2657335
RFX/2,-125,-0.08630811,-0.10013795,-0.0672693,-0.064283244,-0.061128687,-0.27360457
RFX/2,-120,-0.087747954,-0.10280657,-0.06954472,-0.06702716,-0.06436818,-0.2799948
RFX/2,-115,-0.09159506,-0.10843467,-0.07162112,-0.068255015,-0.06489774,-0.29152563
RFX/2,-110,-0.09393424,-0.10983255,-0.07475506,-0.07089233,-0.06743341,-0.2982345
RFX/2,-105,-0.097312964,-0.11119638,-0.07891905,-0.07356932,-0.0713122,-0.30274606
RFX/2,-100,-0.09986814,-0.11426427,-0.08254242,-0.07670877,-0.07416347,-0.31096324
RFX/2,-95,-0.105139844,-0.11931847,-0.08685826,-0.08058423,-0.07792452,-0.3195561
RFX/2,-90,-0.10798557,-0.12225036,-0.08911806,-0.08198051,-0.07932285,-0.32510313
RFX/2,-85,-0.11073158,-0.12645431,-0.09199316,-0.0827167,-0.08050186,-0.33351272
RFX/2,-80,-0.115718335,-0.13016246,-0.09716212,-0.08683726,-0.08483317,-0.3429879
RFX/2,-75,-0.121227115,-0.13406883,-0.103644215,-0.08865596,-0.087905884,-0.35188192
RFX/2,-70,-0.1255055,-0.13881822,-0.10867526,-0.094431885,-0.09301556,-0.36363134
RFX/2,-65,-0.1296892,-0.1423653,-0.11528397,-0.09710426,-0.097637214,-0.37447083
RFX/2,-60,-0.13633873,-0.14741488,-0.120656595,-0.09994622,-0.10048373,-0.3863816
RFX/2,-55,-0.1395532,-0.15004307,-0.122573435,-0.10389606,-0.10426509,-0.3976884
RFX/2,-50,-0.14377767,-0.15494469,-0.12844802,-0.107205056,-0.10772185,-0.41140136
RFX/2,-45,-0.14607216,-0.16112198,-0.13325685,-0.110337265,-0.11082864,-0.42007065
RFX/2,-40,-0.15255734,-0.16819255,-0.14199647,-0.11684131,-0.118035495,-0.43255815
RFX/2,-35,-0.15829487,-0.1770192,-0.15122585,-0.12101743,-0.12349233,-0.44140366
RFX/2,-30,-0.16656466,-0.18624704,-0.16144133,-0.12955113,-0.13298456,-0.45745817
RFX/2,-25,-0.17192674,-0.19293855,-0.1681469,-0.13575423,-0.13889542,-0.4668974
RFX/2,-20,-0.17142166,-0.19860043,-0.16955563,-0.13775462,-0.14063187,-0.47670054
RFX/2,-15,-0.17690748,-0.20841868,-0.17804118,-0.14291154,-0.14528301,-0.4906041
RFX/2,-10,-0.18355171,-0.2157467,-0.18842457,-0.1450477,-0.14979672,-0.50597376
RFX/2,-5,-0.18514563,-0.22154847,-0.1943914,-0.14983997,-0.15783948,-0.5154066
RFX/2,0,-0.20445924,-0.23903535,-0.20792042,-0.14997733,-0.1653698,-0.5469848
RFX/2,5,-0.2107467,-0.246742,-0.21977119,-0.16172671,-0.17566946,-0.545996
RFX/2,10,-0.21190125,-0.24526419,-0.2153232,-0.15671307,-0.16935717,-0.54158324
RFX/2,15,-0.20037289,-0.24377148,-0.2063376,-0.15241325,-0.16159065,-0.53008956
RFX/2,20,-0.19195934,-0.23285826,-0.19652784,-0.14452972,-0.15372105,-0.5162043
RFX/2,25,-0.18251018,-0.2210117,-0.18473168,-0.13832143,-0.14500052,-0.49722296
RFX/2,30,-0.16814545,-0.20666872,-0.16937672,-0.12833434,-0.13480589,-0.47843885
RFX/2,35,-0.16722037,-0.20028193,-0.1622764,-0.12343159,-0.12854132,-0.46383175
RFX/2,40,-0.16235949,-0.194654,-0.15450157,-0.12134852,-0.1239264,-0.45573136
RFX/2,45,-0.15684548,-0.18476568,-0.14956242,-0.1172615,-0.120462455,-0.4364711
RFX/2,50,-0.15565781,-0.18177971,-0.14567515,-0.11311581,-0.115836,-0.42667133
RFX/2,55,-0.14735572,-0.17257532,-0.13921604,-0.11130488,-0.11296984,-0.40946206
RFX/2,60,-0.14432923,-0.16688056,-0.133063,-0.10655253,-0.10728531,-0.40091485
RFX/2,65,-0.1400812,-0.16113372,-0.1281946,-0.10189396,-0.10273532,-0.3893722
RFX/2,70,-0.1349265,-0.15755212,-0.123687536,-0.10365647,-0.102494456,-0.37547088
RFX/2,75,-0.13012327,-0.14745645,-0.11621392,-0.09583272,-0.09556711,-0.36425403
RFX/2,80,-0.12704302,-0.1474927,-0.1145293,-0.0988302,-0.096606456,-0.35736713
RFX/2,85,-0.12267621,-0.13928016,-0.10880943,-0.0927924,-0.09130961,-0.34712785
RFX/2,90,-0.11937509,-0.13837251,-0.10506881,-0.09130816,-0.088715486,-0.3405573
RFX/2,95,-0.115556516,-0.13166223,-0.102018,-0.08689825,-0.08494093,-0.329313
RFX/2,100,-0.11219486,-0.1277446,-0.09812672,-0.084456794,-0.08206626,-0.32205644
RFX/2,105,-0.10848036,-0.12278136,-0.09423798,-0.08035868,-0.07770498,-0.31471962
RFX/2,110,-0.105924524,-0.119907044,-0.09237511,-0.07734692,-0.07572711,-0.30576757
RFX/2,115,-0.103123695,-0.116304025,-0.08930173,-0.075761296,-0.07449746,-0.29795012
RFX/2,120,-0.09875871,-0.11305231,-0.085389346,-0.07254763,-0.070696995,-0.2926068
RFX/2,125,-0.09718476,-0.11034774,-0.0817933,-0.07111916,-0.06950927,-0.28436175
RFX/2,130,-0.095250614,-0.10756077,-0.08019151,-0.071029074,-0.06909264,-0.27723727
RFX/2,135,-0.091843076,-0.105610035,-0.077672586,-0.06937386,-0.06732751,-0.27266207
RFX/2,140,-0.09105853,-0.10526689,-0.07519323,-0.065281026,-0.06320385,-0.2680959
RFX/2,145,-0.08737455,-0.09978383,-0.071954004,-0.061803993,-0.05946535,-0.25913286
RFX/2,150,-0.08602422,-0.09906764,-0.070531145,-0.059653856,-0.05793601,-0.2531117
RFX/2,155,-0.08429778,-0.09744326,-0.06817996,-0.057100866,-0.05495729,-0.24948974
RFX/2,160,-0.08353557,-0.097292885,-0.06756189,-0.055444323,-0.05315113,-0.24513479
RFX/2,165,-0.08226524,-0.09530328,-0.06647195,-0.054093774,-0.052196607,-0.2388846
RFX/2,170,-0.07904862,-0.09348695,-0.064606644,-0.052723832,-0.05017026,-0.23253642
RFX/2,175,-0.07618561,-0.09045456,-0.06209128,-0.05112554,-0.048265178,-0.2266256
RFX/2,180,-0.07571534,-0.08908809,-0.062418573,-0.050679892,-0.04816205,-0.22196636
RFX/2,185,-0.0746104,-0.08819791,-0.061786518,-0.050518982,-0.047684982,-0.21912861
RFX/2,190,-0.074996665,-0.0880532,-0.061457317,-0.050312374,-0.047403857,-0.21697462
RFX/2,195,-0.0741315,-0.08595528,-0.060704615,-0.051202282,-0.048182014,-0.21142845
RFX/2,200,-0.07243292,-0.086689964,-0.058067773,-0.050024256,-0.04603035,-0.20965923
RFX/2,205,-0.07208155,-0.083637565,-0.059803717,-0.050424192,-0.046810836,-0.20171285
RFX/2,210,-0.06957952,-0.08144482,-0.05783343,-0.04876773,-0.044990204,-0.19760254
RFX/2,215,-0.06880403,-0.07963474,-0.056723,-0.047478944,-0.04350124,-0.19415185
RFX/2,220,-0.06887447,-0.07938069,-0.057162732,-0.04858421,-0.044494182,-0.19082874
RFX/2,225,-0.06767672,-0.07753556,-0.05637835,-0.04792069,-0.04331469,-0.18630427
RFX/2,230,-0.06686146,-0.077582024,-0.056138452,-0.04810363,-0.04330387,-0.18490753
RFX/2,235,-0.06763321,-0.07696505,-0.056833178,-0.048626572,-0.043960765,-0.1818187
RFX/2,240,-0.06795658,-0.07817326,-0.05665473,-0.048001796,-0.04307302,-0.17976022
RFX/2,245,-0.06741078,-0.07739096,-0.055794977,-0.048271686,-0.043529782,-0.1764125
RFX/2,250,-0.06504468,-0.075054325,-0.053319313,-0.04650508,-0.04150847,-0.171675
RFX/2,255,-0.06419314,-0.07355609,-0.052661702,-0.045907393,-0.04030117,-0.16942118
RFX/2,260,-0.062033124,-0.07060289,-0.05021487,-0.044265136,-0.03931123,-0.16186239
RFX/2,265,-0.06079355,-0.06923444,-0.05017957,-0.044359054,-0.039484218,-0.1604703
RFX/2,270,-0.05906211,-0.0678276,-0.04884961,-0.04333887,-0.03868492,-0.15651143
RFX/2,275,-0.0561833,-0.063947104,-0.04709447,-0.04111604,-0.03635771,-0.15038241
RFX/2,280,-0.05555858,-0.064297765,-0.045573458,-0.040668648,-0.03557861,-0.14753696
RFX/2,285,-0.05434626,-0.062250335,-0.044686116,-0.03962069,-0.034824718,-0.14295028
RFX/2,290,-0.05259064,-0.061443053,-0.043474566,-0.0381709,-0.03371886,-0.14212197
RFX/2,295,-0.050972804,-0.058496483,-0.0420819,-0.036456995,-0.03249081,-0.13761847
RFX/2,300,-0.04949243,-0.057551,-0.040883053,-0.035130367,-0.031240024,-0.13370788
RFX/2,305,-0.048165083,-0.05514193,-0.04003994,-0.034734327,-0.03086865,-0.1297022
RFX/2,310,-0.046875197,-0.053897936,-0.03887218,-0.033175837,-0.029248377,-0.12707749
RFX/2,315,-0.043842424,-0.051552307,-0.03623336,-0.030692028,-0.027001193,-0.12292389
RFX/2,320,-0.042258024,-0.04990982,-0.034061845,-0.029134592,-0.025305633,-0.119617686
RFX/2,325,-0.040495552,-0.047993667,-0.03240436,-0.027749278,-0.024299141,-0.115008876
RFX/2,330,-0.039928846,-0.04751044,-0.031334464,-0.027080819,-0.02349255,-0.11351851
RFX/2,335,-0.03743257,-0.0452407,-0.029494196,-0.025701256,-0.022112403,-0.10923257
RFX/2,340,-0.03645019,-0.042853497,-0.028808188,-0.02529657,-0.022060534,-0.10601847
RFX/2,345,-0.03426537,-0.04095675,-0.02668117,-0.023828976,-0.020696085,-0.10162149
RFX/2,350,-0.033576526,-0.03916917,-0.026307438,-0.023157725,-0.020033866,-0.098948516
RFX/2,355,-0.033196278,-0.03988495,-0.026138622,-0.023512501,-0.020670563,-0.09858022
RFX/2,360,-0.03268307,-0.039520998,-0.025696311,-0.022620367,-0.02003418,-0.09583447
RFX/2,365,-0.03275597,-0.04024459,-0.025946796,-0.023109429,-0.020071214,-0.09510918
RFX/2,370,-0.03302083,-0.040263735,-0.026151443,-0.023061968,-0.020113928,-0.093446806
RFX/2,375,-0.03301794,-0.040608205,-0.026290687,-0.023012452,-0.020409646,-0.0910749
RFX/2,380,-0.033148088,-0.04087551,-0.026965188,-0.023538845,-0.020908656,-0.089065954
RFX/2,385,-0.032764178,-0.039580353,-0.026623283,-0.023399368,-0.020607952,-0.08693842
RFX/2,390,-0.032321583,-0.03962943,-0.025908496,-0.022761578,-0.019956572,-0.08593735
RFX/2,395,-0.0329899,-0.038588308,-0.026459683,-0.023165166,-0.019872447,-0.08327266
RFX/2,400,-0.03318262,-0.03894265,-0.026926816,-0.024176203,-0.021072952,-0.08140505
RFX/2,405,-0.032916997,-0.03934494,-0.02694216,-0.024215491,-0.020939738,-0.08121425
RFX/2,410,-0.032802362,-0.0389087,-0.026913967,-0.02446229,-0.021057285,-0.07926282
RFX/2,415,-0.03258268,-0.038390953,-0.026801934,-0.024953997,-0.021231622,-0.077716134
RFX/2,420,-0.031837016,-0.038152885,-0.026497474,-0.024468306,-0.02103124,-0.076001346
RFX/2,425,-0.03136983,-0.037988655,-0.026015518,-0.024401348,-0.020819224,-0.07409356
RFX/2,430,-0.031254597,-0.03868426,-0.025947189,-0.024185952,-0.0207169,-0.07268115
RFX/2,435,-0.03069325,-0.03707501,-0.0256828,-0.023147026,-0.019619517,-0.06980784
RFX/2,440,-0.030285291,-0.036497947,-0.025123458,-0.022645129,-0.019202197,-0.06719729
RFX/2,445,-0.029573407,-0.036230367,-0.024632806,-0.022356566,-0.019036196,-0.06620108
RFX/2,450,-0.028429855,-0.033789035,-0.023453765,-0.021357222,-0.017921465,-0.062829494
RFX/2,455,-0.02778757,-0.033618968,-0.02236135,-0.021068761,-0.017493058,-0.062393457
RFX/2,460,-0.027178455,-0.032415297,-0.02161214,-0.020408245,-0.01721464,-0.060165346
RFX/2,465,-0.026308056,-0.031603206,-0.020812197,-0.01944456,-0.016199492,-0.05870801
RFX/2,470,-0.025423115,-0.030375587,-0.020421622,-0.019516744,-0.01665872,-0.056331005
RFX/2,475,-0.024770845,-0.029520191,-0.019203572,-0.018021943,-0.01533004,-0.054766614
RFX/2,480,-0.023463842,-0.028145267,-0.018122774,-0.016536428,-0.014050974,-0.052208234
RFX/2,485,-0.022290133,-0.026386132,-0.01665173,-0.015188449,-0.012708677,-0.049579244
RFX/2,490,-0.021997573,-0.025077924,-0.016385015,-0.014772697,-0.012708648,-0.047336504
RFX/2,495,-0.021351265,-0.024897687,-0.0154072875,-0.013908806,-0.01174277,-0.046546455
RFX/2,500,-0.02068946,-0.024142442,-0.014933428,-0.013720274,-0.011819526,-0.044585302
RFX/2,505,-0.0204179,-0.02349486,-0.01504144,-0.013678706,-0.012178936,-0.043421958
RFX/2,510,-0.019677991,-0.023031218,-0.014369453,-0.013377474,-0.0119309975,-0.04227977
RFX/2,515,-0.01877011,-0.021785408,-0.013768886,-0.012808776,-0.011553085,-0.04030188
RFX/2,520,-0.018250676,-0.02059207,-0.013293947,-0.0123582315,-0.011158386,-0.0382619
RFX/2,525,-0.017714953,-0.020003138,-0.012484994,-0.01128491,-0.009847361,-0.036727604
RFX/2,530,-0.016500903,-0.018043758,-0.011493671,-0.010533632,-0.0091853,-0.03442576
RFX/2,535,-0.016397506,-0.018984267,-0.011520628,-0.010534259,-0.009332132,-0.034371056
RFX/2,540,-0.015963482,-0.018454105,-0.011171363,-0.010162559,-0.009088303,-0.03351451
RFX/2,545,-0.016544212,-0.019254884,-0.011912259,-0.010728654,-0.009686323,-0.033480797
RFX/2,550,-0.016339583,-0.018762877,-0.012058672,-0.011230861,-0.010342618,-0.03242338
RFX/2,555,-0.016686134,-0.019022705,-0.012364457,-0.0115661565,-0.010504887,-0.031834994
RFX/2,560,-0.016693715,-0.018659579,-0.01253892,-0.011533333,-0.010471788,-0.030637823
RFX/2,565,-0.017307773,-0.019154852,-0.013457435,-0.012238053,-0.011169123,-0.030484034
RFX/2,570,-0.017306624,-0.01902968,-0.013851333,-0.01251216,-0.011445048,-0.029812967
RFX/2,575,-0.017689819,-0.01934526,-0.0140270265,-0.01281543,-0.01163988,-0.029676026
RFX/2,580,-0.017378056,-0.019486016,-0.014276081,-0.013057867,-0.01181647,-0.029215103
RFX/2,585,-0.017901668,-0.01962435,-0.014787065,-0.0135310665,-0.012283045,-0.029055389
RFX/2,590,-0.018027673,-0.019686935,-0.0152100865,-0.0137556335,-0.012468684,-0.028543554
RFX/2,595,-0.01830147,-0.019339746,-0.015654512,-0.013886724,-0.012402356,-0.027873337
IRF/2,-600,-0.019813187,-0.011065855,-0.048692122,-0.07948342,-0.112634696,-0.010859078
IRF/2,-595,-0.019969119,-0.0107109165,-0.0497353,-0.080454454,-0.114821866,-0.01097583
IRF/2,-590,-0.019578757,-0.010348602,-0.049058907,-0.08012685,-0.11417684,-0.010570136
IRF/2,-585,-0.019262012,-0.009950671,-0.04914559,-0.08084599,-0.11533803,-0.010302031
IRF/2,-580,-0.019099072,-0.0100192325,-0.048832785,-0.08101698,-0.11540563,-0.010334315
IRF/2,-575,-0.018591162,-0.009607,-0.048469633,-0.080712385,-0.114844345,-0.010195896
IRF/2,-570,-0.018801976,-0.009616675,-0.049510706,-0.08263282,-0.11796123,-0.010298634
IRF/2,-565,-0.018933432,-0.009521917,-0.05012043,-0.08397906,-0.11989431,-0.0104026105
IRF/2,-560,-0.018841105,-0.009592678,-0.050178632,-0.08410434,-0.12080718,-0.010578836
IRF/2,-555,-0.019330155,-0.009979074,-0.05149588,-0.08670459,-0.12440479,-0.01070047
IRF/2,-550,-0.019855147,-0.010018409,-0.052506745,-0.088557616,-0.12690324,-0.011219897
IRF/2,-545,-0.020027515,-0.01030697,-0.053743318,-0.09054475,-0.13004231,-0.011404543
IRF/2,-540,-0.019846337,-0.009986822,-0.053508107,-0.09079137,-0.12971732,-0.011114464
IRF/2,-535,-0.020171808,-0.010072187,-0.054188807,-0.09167769,-0.13143966,-0.011401607
IRF/2,-530,-0.020134564,-0.009871847,-0.054761205,-0.0940029,-0.13442226,-0.011341004
IRF/2,-525,-0.02072508,-0.010789293,-0.05557472,-0.0958993,-0.13677639,-0.011814199
IRF/2,-520,-0.021080714,-0.011136021,-0.056692015,-0.09842834,-0.14048648,-0.012063415
IRF/2,-515,-0.02131624,-0.011340751,-0.05773574,-0.10064994,-0.14232154,-0.011907026
IRF/2,-510,-0.021635525,-0.011915106,-0.058847547,-0.10253844,-0.14570557,-0.012363423
IRF/2,-505,-0.021651441,-0.011609776,-0.05993356,-0.10455265,-0.14913683,-0.012040754
IRF/2,-500,-0.022081135,-0.012351072,-0.060991522,-0.106645934,-0.15122066,-0.012781036
IRF/2,-495,-0.02159736,-0.011964394,-0.060614955,-0.10703444,-0.15156557,-0.012364006
IRF/2,-490,-0.021840334,-0.012181964,-0.06146535,-0.10913617,-0.1539533,-0.012623696
IRF/2,-485,-0.022003096,-0.012458648,-0.061830487,-0.11026307,-0.15599498,-0.013055
IRF/2,-480,-0.022412507,-0.012993933,-0.063028015,-0.1130086,-0.15967499,-0.013390132
IRF/2,-475,-0.022702416,-0.0137129165,-0.063849226,-0.11489172,-0.16191392,-0.014041368
IRF/2,-470,-0.023363361,-0.014172965,-0.06527969,-0.11775945,-0.16588122,-0.014574314
IRF/2,-465,-0.023212332,-0.014101406,-0.06542194,-0.11980916,-0.16849029,-0.014271545
IRF/2,-460,-0.02367092,-0.015046933,-0.06685958,-0.12270646,-0.17170246,-0.015647132
IRF/2,-455,-0.02339963,-0.01471868,-0.06733505,-0.12420077,-0.17411073,-0.015177631
IRF/2,-450,-0.023407688,-0.014897618,-0.06828266,-0.12627195,-0.1769845,-0.015542577
IRF/2,-445,-0.023072524,-0.014760809,-0.06934601,-0.1276437,-0.1785572,-0.015424397
IRF/2,-440,-0.023364425,-0.015231894,-0.06976669,-0.12997986,-0.18239082,-0.01538738
IRF/2,-435,-0.023627035,-0.015913446,-0.07039165,-0.13129829,-0.18254761,-0.016028054
IRF/2,-430,-0.02423955,-0.016365658,-0.07166724,-0.13456391,-0.1875423,-0.016275896
IRF/2,-425,-0.023669122,-0.01558767,-0.0712424,-0.13529064,-0.18865219,-0.015373457
IRF/2,-420,-0.023581604,-0.015651936,-0.07154206,-0.13594082,-0.18979326,-0.015289739
IRF/2,-415,-0.02348506,-0.015254673,-0.07258211,-0.13885549,-0.19384709,-0.015057765
IRF/2,-410,-0.022768896,-0.014290706,-0.07240076,-0.13869016,-0.19482887,-0.014080253
IRF/2,-405,-0.022363292,-0.014452992,-0.07192302,-0.1405886,-0.1975838,-0.013786689
IRF/2,-400,-0.022369452,-0.01476557,-0.07265286,-0.14275621,-0.20117234,-0.014169019
IRF/2,-395,-0.022910435,-0.015278897,-0.07462136,-0.14663301,-0.20622136,-0.014604322
IRF/2,-390,-0.023056518,-0.015113707,-0.07515863,-0.14941181,-0.20939815,-0.014892096
IRF/2,-385,-0.02325774,-0.015634583,-0.07580181,-0.15009364,-0.21109077,-0.014081706
IRF/2,-380,-0.021752736,-0.013575142,-0.074876904,-0.15057611,-0.21073267,-0.012741916
IRF/2,-375,-0.021686995,-0.01413325,-0.07580916,-0.15591489,-0.21737385,-0.01310251
IRF/2,-370,-0.02201664,-0.014993632,-0.07702889,-0.15803254,-0.22172287,-0.013656569
IRF/2,-365,-0.022195866,-0.015052295,-0.0783669,-0.1607873,-0.2255914,-0.0138435
IRF/2,-360,-0.02271785,-0.015702074,-0.08000344,-0.16327165,-0.2289075,-0.014151351
IRF/2,-355,-0.023158332,-0.016665263,-0.08143389,-0.16666442,-0.23386239,-0.015095662
IRF/2,-350,-0.023908572,-0.017846404,-0.082534075,-0.17137064,-0.23921216,-0.015549855
IRF/2,-345,-0.02381304,-0.018628236,-0.08376027,-0.17429143,-0.2431532,-0.015926864
IRF/2,-340,-0.024681652,-0.01874747,-0.08605135,-0.17816006,-0.24834168,-0.015723575
IRF/2,-335,-0.02520859,-0.019148119,-0.0867641,-0.18247086,-0.25340948,-0.01591731
IRF/2,-330,-0.025352051,-0.019660719,-0.08814208,-0.18463014,-0.2558951,-0.01621472
IRF/2,-325,-0.02546273,-0.019684033,-0.08982342,-0.18966791,-0.26283562,-0.016121108
IRF/2,-320,-0.027407262,-0.021514354,-0.09387952,-0.1972631,-0.27226466,-0.017293107
IRF/2,-315,-0.027870145,-0.022379972,-0.09641234,-0.20142981,-0.27699408,-0.018372154
IRF/2,-310,-0.028369984,-0.023066401,-0.09783679,-0.20289712,-0.27876174,-0.01900259
IRF/2,-305,-0.02994372,-0.024610167,-0.1015697,-0.20747237,-0.28490865,-0.020106485
IRF/2,-300,-0.030069983,-0.025043258,-0.10225298,-0.21068414,-0.28945604,-0.02050736
IRF/2,-295,-0.030240213,-0.02543622,-0.104309775,-0.21584436,-0.29626513,-0.020842329
IRF/2,-290,-0.031201202,-0.026691532,-0.10617715,-0.21874438,-0.30052245,-0.022311065
IRF/2,-285,-0.031329896,-0.02665797,-0.10767152,-0.22534326,-0.3074122,-0.022126779
IRF/2,-280,-0.03198027,-0.026977478,-0.11080753,-0.22932422,-0.31234583,-0.022231082
IRF/2,-275,-0.03140081,-0.026798014,-0.11047063,-0.231524,-0.3149326,-0.021561155
IRF/2,-270,-0.0321917,-0.02685264,-0.11275619,-0.23729669,-0.32264882,-0.021862544
IRF/2,-265,-0.033117507,-0.027698468,-0.11535107,-0.2406083,-0.32812494,-0.021709077
IRF/2,-260,-0.03404136,-0.028362988,-0.11680041,-0.24359296,-0.33153686,-0.022717098
IRF/2,-255,-0.033823427,-0.027786462,-0.11822477,-0.24685876,-0.33673555,-0.021995623
IRF/2,-250,-0.03264924,-0.027767645,-0.119728714,-0.24967287,-0.33982304,-0.021842241
IRF/2,-245,-0.032843538,-0.026940161,-0.12172603,-0.25359133,-0.34516147,-0.020523043
IRF/2,-240,-0.033956394,-0.028693331,-0.12564003,-0.26148468,-0.35533983,-0.022046793
IRF/2,-235,-0.033705898,-0.028489666,-0.1269496,-0.2651824,-0.3610622,-0.021694314
IRF/2,-230,-0.034238026,-0.027912354,-0.13115427,-0.2711255,-0.36927587,-0.021662548
IRF/2,-225,-0.034512244,-0.027945785,-0.13344696,-0.273071,-0.3700594,-0.02112568
IRF/2,-220,-0.034683898,-0.028487518,-0.13556357,-0.27968067,-0.37805292,-0.02110209
IRF/2,-215,-0.034535795,-0.028157877,-0.13761318,-0.2849389,-0.3843975,-0.020865943
IRF/2,-210,-0.03454607,-0.028422765,-0.13970493,-0.29016212,-0.39136496,-0.021180542
IRF/2,-205,-0.03525248,-0.030439835,-0.14179228,-0.29479933,-0.3979678,-0.022404986
IRF/2,-200,-0.035833046,-0.030490207,-0.14314044,-0.29681316,-0.40009043,-0.02211028
IRF/2,-195,-0.037744105,-0.031773634,-0.1487768,-0.3041912,-0.41026875,-0.023332752
IRF/2,-190,-0.040003665,-0.03418335,-0.15278101,-0.30817515,-0.41605768,-0.025715277
IRF/2,-185,-0.042006202,-0.035080466,-0.15711959,-0.31525332,-0.42539054,-0.027099386
IRF/2,-180,-0.043499447,-0.037855003,-0.16146597,-0.32041532,-0.43029347,-0.029247751
IRF/2,-175,-0.044626497,-0.037368543,-0.16530603,-0.32995248,-0.4413956,-0.030026047
IRF/2,-170,-0.046696234,-0.04028084,-0.17010154,-0.33316183,-0.44654474,-0.031151563
IRF/2,-165,-0.049591035,-0.04236823,-0.17562012,-0.3389205,-0.451536,-0.033941463
IRF/2,-160,-0.05099233,-0.04373447,-0.17851238,-0.34149456,-0.45484775,-0.035305876
IRF/2,-155,-0.05241028,-0.045332707,-0.18353797,-0.34911832,-0.465523,-0.03618486
IRF/2,-150,-0.05290461,-0.046515793,-0.18567587,-0.3582773,-0.47687057,-0.0370334
IRF/2,-145,-0.0518771,-0.046501625,-0.1875448,-0.3600802,-0.47956944,-0.036856025
IRF/2,-140,-0.051597856,-0.04780067,-0.19021617,-0.36724842,-0.48768842,-0.037184395
IRF/2,-135,-0.051111862,-0.04841503,-0.19353925,-0.37046903,-0.4926676,-0.036384735
IRF/2,-130,-0.051710144,-0.048284117,-0.19677636,-0.37725297,-0.50182635,-0.03623413
IRF/2,-125,-0.050597582,-0.04789503,-0.2008589,-0.38483116,-0.51093614,-0.036525626
IRF/2,-120,-0.054416176,-0.052472487,-0.20856187,-0.39325997,-0.52110386,-0.039401535
IRF/2,-115,-0.05321279,-0.05275538,-0.21220261,-0.40112048,-0.53021973,-0.040033232
IRF/2,-110,-0.05317103,-0.05365236,-0.21703868,-0.40825927,-0.54061604,-0.039832782
IRF/2,-105,-0.05165884,-0.052184626,-0.21701689,-0.4149638,-0.5481209,-0.0379575
IRF/2,-100,-0.050996073,-0.05331048,-0.22018003,-0.42036954,-0.55563563,-0.038722083
IRF/2,-95,-0.05294864,-0.057757605,-0.22812268,-0.43393725,-0.5707926,-0.04063423
IRF/2,-90,-0.05225857,-0.05749163,-0.2321688,-0.44124416,-0.5810807,-0.03897786
IRF/2,-85,-0.052399408,-0.060208917,-0.23647575,-0.4497725,-0.59198016,-0.04106633
IRF/2,-80,-0.05168014,-0.061567567,-0.24070525,-0.4561132,-0.60251737,-0.041331865
IRF/2,-75,-0.054590363,-0.06625578,-0.24954194,-0.46845347,-0.6163253,-0.04625664
IRF/2,-70,-0.053209484,-0.06547653,-0.25483137,-0.4744767,-0.6262812,-0.044815335
IRF/2,-65,-0.0543598,-0.068917334,-0.2624179,-0.48510328,-0.63779455,-0.046864513
IRF/2,-60,-0.0551297,-0.06845508,-0.26951,-0.49825752,-0.6515769,-0.048367515
IRF/2,-55,-0.053923793,-0.07158627,-0.27360833,-0.51120996,-0.66438806,-0.05133479
IRF/2,-50,-0.05388156,-0.07416148,-0.2810689,-0.5211607,-0.67659956,-0.053331
IRF/2,-45,-0.057519507,-0.07987293,-0.2935333,-0.5344044,-0.68950653,-0.05773137
IRF/2,-40,-0.05703809,-0.08322388,-0.30118117,-0.54913074,-0.70655835,-0.06169972
IRF/2,-35,-0.061280876,-0.088736705,-0.31446356,-0.56031585,-0.7175821,-0.06741997
IRF/2,-30,-0.062348433,-0.093269214,-0.32290396,-0.5755117,-0.73423064,-0.07116241
IRF/2,-25,-0.06474024,-0.09526259,-0.33324552,-0.5899507,-0.7473578,-0.073782384
IRF/2,-20,-0.068444,-0.09653053,-0.3474323,-0.6050415,-0.76142114,-0.07782209
IRF/2,-15,-0.06771719,-0.09555339,-0.35254484,-0.6185526,-0.77184314,-0.07717315
IRF/2,-10,-0.06589534,-0.095623404,-0.360343,-0.6360364,-0.7865337,-0.078767814
IRF/2,-5,-0.078526646,-0.107462436,-0.3810422,-0.6503185,-0.7983529,-0.096724406
IRF/2,0,-0.07571437,-0.121651866,-0.41654015,-0.6826559,-0.83623147,-0.1144173
IRF/2,5,-0.107025735,-0.13523912,-0.42044815,-0.69566375,-0.8400747,-0.12225613
IRF/2,10,-0.09586164,-0.12867081,-0.4058318,-0.68282866,-0.82560265,-0.10914601
IRF/2,15,-0.08100635,-0.12280396,-0.3842187,-0.66380256,-0.81288266,-0.09253425
IRF/2,20,-0.07871427,-0.12826811,-0.37345517,-0.6381424,-0.7915161,-0.094189554
IRF/2,25,-0.070003256,-0.11564469,-0.35869086,-0.62470955,-0.78026104,-0.08333937
IRF/2,30,-0.06818135,-0.11370089,-0.3468006,-0.6153441,-0.7669574,-0.079099424
IRF/2,35,-0.06215373,-0.10348059,-0.3367447,-0.6005648,-0.7549246,-0.07231631
IRF/2,40,-0.05982473,-0.09823425,-0.3227992,-0.5845762,-0.73609936,-0.07004542
IRF/2,45,-0.054679394,-0.0887773,-0.31445372,-0.5673765,-0.7232012,-0.06233456
IRF/2,50,-0.056579802,-0.090810545,-0.30669478,-0.5570062,-0.70960253,-0.06383699
IRF/2,55,-0.050809007,-0.07850566,-0.29451665,-0.5428171,-0.69676775,-0.05364034
IRF/2,60,-0.05144628,-0.07933059,-0.28673655,-0.5322806,-0.6827892,-0.054162297
IRF/2,65,-0.04790255,-0.07265637,-0.27496994,-0.5175942,-0.6701138,-0.046982344
IRF/2,70,-0.04788817,-0.07138711,-0.2649196,-0.5014453,-0.6518994,-0.045496423
IRF/2,75,-0.04592993,-0.06650201,-0.25667766,-0.49254653,-0.64072245,-0.041402016
IRF/2,80,-0.04416599,-0.06370144,-0.24967486,-0.4819372,-0.6290091,-0.03970592
IRF/2,85,-0.045387074,-0.06239779,-0.24657066,-0.47464603,-0.61835253,-0.03888259
IRF/2,90,-0.04366148,-0.058078278,-0.23912707,-0.46408075,-0.60657936,-0.03599965
IRF/2,95,-0.044919923,-0.056301665,-0.2347136,-0.45662296,-0.5963822,-0.036074474
IRF/2,100,-0.045189448,-0.054585896,-0.23032305,-0.44351944,-0.5802748,-0.035280332
IRF/2,105,-0.0475955,-0.0549103,-0.22639847,-0.43794033,-0.57242644,-0.036039814
IRF/2,110,-0.04931953,-0.05429099,-0.22620356,-0.43024132,-0.56177044,-0.03667065
IRF/2,115,-0.048979305,-0.05223465,-0.21898894,-0.42444423,-0.5550155,-0.034844544
IRF/2,120,-0.05002291,-0.051894225,-0.21650523,-0.4161314,-0.5449803,-0.035784453
IRF/2,125,-0.049401317,-0.051835466,-0.21086301,-0.41031006,-0.53624153,-0.035858147
IRF/2,130,-0.052085266,-0.051440388,-0.21034661,-0.4065588,-0.52965695,-0.036801685
IRF/2,135,-0.051957514,-0.052134547,-0.20660974,-0.4017084,-0.52365214,-0.03870258
IRF/2,140,-0.052274477,-0.04999124,-0.20254132,-0.39483908,-0.515626,-0.037827954
IRF/2,145,-0.051865444,-0.049932774,-0.19884382,-0.38888812,-0.50697064,-0.03764922
IRF/2,150,-0.05171584,-0.049208548,-0.19448054,-0.37749133,-0.49472308,-0.03680409
IRF/2,155,-0.04976486,-0.048159283,-0.19006097,-0.36895558,-0.48721212,-0.03474137
IRF/2,160,-0.0496526,-0.047130954,-0.18761055,-0.36230004,-0.47905988,-0.03515027
IRF/2,165,-0.04783069,-0.046187047,-0.18341081,-0.35281113,-0.46777013,-0.033578
IRF/2,170,-0.046256028,-0.04419116,-0.17909971,-0.34337005,-0.45646787,-0.032749917
IRF/2,175,-0.045113347,-0.04342482,-0.17537436,-0.337228,-0.449752,-0.03297938
IRF/2,180,-0.043565214,-0.042256795,-0.17324786,-0.33260635,-0.44329438,-0.03233274
IRF/2,185,-0.04287882,-0.040625926,-0.16932474,-0.32701817,-0.43740615,-0.030968115
IRF/2,190,-0.041824102,-0.039391845,-0.16607438,-0.32312113,-0.43272862,-0.030518955
IRF/2,195,-0.041115087,-0.03858183,-0.16288222,-0.31796154,-0.4247771,-0.029835293
IRF/2,200,-0.039020874,-0.036468364,-0.15887974,-0.31089926,-0.41866425,-0.028133923
IRF/2,205,-0.037740294,-0.034994677,-0.15530168,-0.3055933,-0.41112944,-0.027102923
IRF/2,210,-0.03847093,-0.033606075,-0.15410043,-0.30200845,-0.4054916,-0.026692837
IRF/2,215,-0.03752838,-0.032754555,-0.15080793,-0.29624498,-0.3994846,-0.02672742
IRF/2,220,-0.035493635,-0.031448543,-0.14617957,-0.28833812,-0.38977027,-0.025368636
IRF/2,225,-0.03541442,-0.031073568,-0.14403155,-0.28504276,-0.38606676,-0.026056314
IRF/2,230,-0.035571575,-0.030776132,-0.14249404,-0.2768681,-0.37515628,-0.026154937
IRF/2,235,-0.034883823,-0.03113868,-0.13850874,-0.27040106,-0.36777496,-0.026588377
IRF/2,240,-0.03633174,-0.032847613,-0.13825354,-0.27020216,-0.36717674,-0.028139133
IRF/2,245,-0.03515278,-0.03168345,-0.13482226,-0.26130992,-0.35627347,-0.026409937
IRF/2,250,-0.035139944,-0.031575795,-0.13297793,-0.2586931,-0.35201237,-0.026328744
IRF/2,255,-0.034262434,-0.031195391,-0.12928836,-0.25133407,-0.34357384,-0.026241003
IRF/2,260,-0.03437207,-0.030159896,-0.12779479,-0.24832244,-0.33831817,-0.02578558
IRF/2,265,-0.03373532,-0.029515423,-0.12599672,-0.24584836,-0.33557022,-0.025763499
IRF/2,270,-0.032508526,-0.028521923,-0.12280431,-0.23636293,-0.3242606,-0.024732506
IRF/2,275,-0.03075682,-0.02650502,-0.119802795,-0.23405847,-0.3209018,-0.023049587
IRF/2,280,-0.031092975,-0.025944024,-0.11872919,-0.22823519,-0.31417137,-0.022778785
IRF/2,285,-0.031323526,-0.026642477,-0.11606395,-0.22388208,-0.30814382,-0.023039388
IRF/2,290,-0.03118265,-0.02601221,-0.115247585,-0.22023848,-0.3048243,-0.02232828
IRF/2,295,-0.02966506,-0.024399534,-0.11253703,-0.21520537,-0.29911405,-0.021266174
IRF/2,300,-0.029550238,-0.023958106,-0.11091943,-0.21162239,-0.29361725,-0.021173475
IRF/2,305,-0.029395444,-0.023730021,-0.11022515,-0.20784165,-0.28991035,-0.020769611
IRF/2,310,-0.028465586,-0.022752296,-0.107517175,-0.2046052,-0.28617647,-0.020074625
IRF/2,315,-0.02815749,-0.022101475,-0.10539603,-0.19996019,-0.28026083,-0.019504812
IRF/2,320,-0.027137747,-0.020580266,-0.10200886,-0.1936031,-0.2716015,-0.018172676
IRF/2,325,-0.027134359,-0.021047024,-0.10076855,-0.19046524,-0.26897022,-0.018559936
IRF/2,330,-0.025063526,-0.019105444,-0.09689809,-0.1843074,-0.26105708,-0.017086336
IRF/2,335,-0.025034213,-0.018802596,-0.09578379,-0.18130898,-0.2576801,-0.016772073
IRF/2,340,-0.023681875,-0.017023783,-0.09317119,-0.17569672,-0.25032327,-0.015318135
IRF/2,345,-0.022954972,-0.016741285,-0.09081922,-0.17338613,-0.24636267,-0.014988269
IRF/2,350,-0.02296177,-0.016275149,-0.09063969,-0.17199926,-0.24535379,-0.014727222
IRF/2,355,-0.023057751,-0.016535603,-0.089198604,-0.1675138,-0.23974992,-0.01456696
IRF/2,360,-0.02322237,-0.016766205,-0.08874188,-0.16619053,-0.23733604,-0.014744089
IRF/2,365,-0.02317565,-0.01738869,-0.087725095,-0.16142616,-0.23133934,-0.01492892
IRF/2,370,-0.022958122,-0.017064845,-0.086467385,-0.1573973,-0.22597227,-0.014229696
IRF/2,375,-0.023874417,-0.018053813,-0.086477906,-0.1571292,-0.22512867,-0.015239531
IRF/2,380,-0.023680108,-0.017930655,-0.084912896,-0.15172912,-0.21794908,-0.014824353
IRF/2,385,-0.023815406,-0.0183424,-0.08306244,-0.14845093,-0.21396306,-0.015217711
IRF/2,390,-0.023776261,-0.017633706,-0.082065724,-0.1472392,-0.2116894,-0.0150092775
IRF/2,395,-0.02461939,-0.018117946,-0.08166329,-0.1457245,-0.20858186,-0.015594671
IRF/2,400,-0.025045412,-0.01793335,-0.08101825,-0.14289752,-0.20505323,-0.015105965
IRF/2,405,-0.025205852,-0.01840187,-0.08052757,-0.14273596,-0.2045691,-0.01545194
IRF/2,410,-0.026027024,-0.018950243,-0.08042233,-0.14105697,-0.20231779,-0.015994381
IRF/2,415,-0.026625372,-0.020154197,-0.07995456,-0.138339,-0.19859639,-0.01700525
IRF/2,420,-0.026886646,-0.020336114,-0.07994481,-0.13766712,-0.19727527,-0.01715343
IRF/2,425,-0.026400788,-0.020427415,-0.077917255,-0.13265689,-0.19057418,-0.016638855
IRF/2,430,-0.026872262,-0.020703463,-0.0770726,-0.13045242,-0.18636598,-0.016979028
IRF/2,435,-0.026292505,-0.01969505,-0.07574021,-0.1272754,-0.18282734,-0.015521712
IRF/2,440,-0.026711896,-0.02043047,-0.07511559,-0.12461457,-0.17901297,-0.016125733
IRF/2,445,-0.026675431,-0.020409634,-0.07393923,-0.12331425,-0.17708187,-0.015768254
IRF/2,450,-0.026006015,-0.019317444,-0.0720513,-0.120626785,-0.17346837,-0.014824177
IRF/2,455,-0.026085827,-0.018883258,-0.07124681,-0.11956073,-0.17138623,-0.014436
IRF/2,460,-0.0259617,-0.018598719,-0.0713683,-0.11981356,-0.17138332,-0.014398851
IRF/2,465,-0.026041785,-0.018482475,-0.07003326,-0.11695867,-0.1678419,-0.014114143
IRF/2,470,-0.02548146,-0.018088026,-0.0681365,-0.11486968,-0.16402848,-0.013903476
IRF/2,475,-0.025415467,-0.017771844,-0.06748544,-0.11293741,-0.16096358,-0.013650766
IRF/2,480,-0.024582157,-0.016720528,-0.065588474,-0.110835694,-0.15834373,-0.01260676
IRF/2,485,-0.024410184,-0.016074182,-0.06531991,-0.10920332,-0.15662141,-0.012060783
IRF/2,490,-0.024065683,-0.015642146,-0.06343951,-0.10592382,-0.15239929,-0.011277194
IRF/2,495,-0.02399306,-0.015325878,-0.06250155,-0.10336952,-0.14955343,-0.010791369
IRF/2,500,-0.02307494,-0.014694946,-0.060755983,-0.10059365,-0.14607991,-0.01019089
IRF/2,505,-0.023504147,-0.014491562,-0.06084237,-0.101418264,-0.14663668,-0.01047877
IRF/2,510,-0.022557558,-0.013736266,-0.058860943,-0.09833739,-0.14207771,-0.009442616
IRF/2,515,-0.022389054,-0.013224396,-0.057688832,-0.09678902,-0.14006042,-0.0090002585
IRF/2,520,-0.021805417,-0.012744848,-0.0563037,-0.09543494,-0.13835701,-0.00836343
IRF/2,525,-0.021154258,-0.012180901,-0.054505415,-0.09211193,-0.13331342,-0.0077910027
IRF/2,530,-0.02100598,-0.012058768,-0.054287598,-0.09272872,-0.13390642,-0.0076067
IRF/2,535,-0.020599967,-0.012316744,-0.0532156,-0.09067293,-0.13114496,-0.0078068427
IRF/2,540,-0.020503705,-0.011921546,-0.052338734,-0.08974438,-0.12971155,-0.0076809386
IRF/2,545,-0.02042311,-0.012190609,-0.051414978,-0.08764617,-0.12659867,-0.0077622565
IRF/2,550,-0.020388076,-0.012169149,-0.050614066,-0.08689914,-0.12511235,-0.007882778
IRF/2,555,-0.020372057,-0.012574135,-0.04948077,-0.08446781,-0.121598415,-0.0080501605
IRF/2,560,-0.020622168,-0.012663084,-0.049397036,-0.08454139,-0.12175094,-0.008160915
IRF/2,565,-0.02085787,-0.0126039805,-0.0489832,-0.08349196,-0.11983762,-0.00822348
IRF/2,570,-0.021021312,-0.012677281,-0.048936345,-0.08365643,-0.12082616,-0.00837668
IRF/2,575,-0.02120972,-0.013343239,-0.048980754,-0.08402612,-0.120564505,-0.008866305
IRF/2,580,-0.021038406,-0.013310084,-0.048215237,-0.083436765,-0.11933331,-0.008963275
IRF/2,585,-0.02145489,-0.013595148,-0.04834704,-0.08302413,-0.1186559,-0.009397811
IRF/2,590,-0.021696284,-0.013677005,-0.047983263,-0.08242136,-0.11799358,-0.009334275
IRF/2,595,-0.021384662,-0.013634421,-0.046852764,-0.08025922,-0.114814915,-0.009276779
SPI,-600,-0.024247484,-0.013902774,-0.05834388,-0.09608318,-0.13597856,-0.01319971
SPI,-595,-0.02436014,-0.01342536,-0.05953877,-0.09852316,-0.13908808,-0.013298947
SPI,-590,-0.02392242,-0.013063646,-0.058883935,-0.0975005,-0.13824113,-0.013008108
SPI,-585,-0.023967652,-0.012788521,-0.05918146,-0.098588094,-0.1399512,-0.012733747
SPI,-580,-0.023662437,-0.012687028,-0.059021894,-0.098914035,-0.14001104,-0.012974049
SPI,-575,-0.022833003,-0.0123039475,-0.05839052,-0.09818244,-0.13918948,-0.0124464445
SPI,-570,-0.02344606,-0.012603846,-0.059965733,-0.10137195,-0.143761,-0.012893595
SPI,-565,-0.023224419,-0.012394168,-0.059940692,-0.10187871,-0.14471619,-0.012959258
SPI,-560,-0.023373235,-0.012240269,-0.06032005,-0.1031344,-0.1467874,-0.012968955
SPI,-555,-0.023629902,-0.012574685,-0.061627112,-0.105106495,-0.14988405,-0.012924878
SPI,-550,-0.023930628,-0.012503448,-0.06268427,-0.10777325,-0.15360409,-0.013403864
SPI,-545,-0.024287757,-0.012564072,-0.0637965,-0.10989789,-0.15670748,-0.013692389
SPI,-540,-0.024527723,-0.012951624,-0.06431678,-0.11101077,-0.15821262,-0.013758519
SPI,-535,-0.025100404,-0.013058008,-0.065585054,-0.113273636,-0.16114508,-0.01393284
SPI,-530,-0.024910105,-0.012743614,-0.065594465,-0.115015976,-0.16348054,-0.013769269
SPI,-525,-0.02537478,-0.013742597,-0.066667214,-0.11682267,-0.16599505,-0.014420139
SPI,-520,-0.0258994,-0.014278813,-0.06787459,-0.120176695,-0.17049737,-0.014743663
SPI,-515,-0.025804749,-0.014286859,-0.0688676,-0.12259753,-0.17303888,-0.014315692
SPI,-510,-0.026413754,-0.014980603,-0.07011988,-0.12467511,-0.17620786,-0.014906269
SPI,-505,-0.025909008,-0.014535027,-0.07017807,-0.12502056,-0.17709358,-0.014436119
SPI,-500,-0.026707498,-0.015613556,-0.07194441,-0.1287967,-0.18177927,-0.015446144
SPI,-495,-0.02640836,-0.015245674,-0.07198284,-0.13012631,-0.18327072,-0.015124641
SPI,-490,-0.026500735,-0.015549674,-0.07247352,-0.1319372,-0.18612473,-0.015283124
SPI,-485,-0.027296018,-0.016311977,-0.07356305,-0.13442296,-0.18914168,-0.01635332
SPI,-480,-0.027310358,-0.016618893,-0.07404346,-0.13603786,-0.19081144,-0.016372671
SPI,-475,-0.027871909,-0.01750273,-0.07584663,-0.14002907,-0.19638395,-0.017177287
SPI,-470,-0.028480142,-0.018292595,-0.077103995,-0.14263785,-0.1998352,-0.017786559
SPI,-465,-0.028115924,-0.017952025,-0.076534696,-0.14344852,-0.20057984,-0.017563205
SPI,-460,-0.028549094,-0.018821916,-0.07845581,-0.14803693,-0.2059764,-0.018617552
SPI,-455,-0.028568625,-0.018793464,-0.079115964,-0.14907986,-0.20773205,-0.018447101
SPI,-450,-0.028229047,-0.01877073,-0.07963943,-0.15079391,-0.20965806,-0.01869208
SPI,-445,-0.028004492,-0.018719807,-0.08110884,-0.15371275,-0.21398179,-0.01841005
SPI,-440,-0.028039636,-0.019095236,-0.08087623,-0.15466551,-0.21528186,-0.0184457
SPI,-435,-0.02829021,-0.019650817,-0.081296846,-0.15534969,-0.2155492,-0.01889474
SPI,-430,-0.029433677,-0.020733172,-0.0832558,-0.160756,-0.22275247,-0.019837527
SPI,-425,-0.029035416,-0.020090431,-0.083906904,-0.16382246,-0.22669317,-0.018791659
SPI,-420,-0.028514843,-0.019960314,-0.08295702,-0.16265999,-0.22588548,-0.018491942
SPI,-415,-0.028254269,-0.019394746,-0.0838927,-0.16522789,-0.2289604,-0.017981356
SPI,-410,-0.027596256,-0.018305544,-0.08373306,-0.16597743,-0.23156883,-0.017066497
SPI,-405,-0.027429868,-0.018753404,-0.083663285,-0.16843987,-0.23571023,-0.016987067
SPI,-400,-0.02710805,-0.018855669,-0.08413859,-0.16991416,-0.23719019,-0.01692836
SPI,-395,-0.028167471,-0.019886572,-0.08663626,-0.17456052,-0.24329975,-0.01810839
SPI,-390,-0.027547086,-0.019041108,-0.08590541,-0.17513087,-0.24432871,-0.017278347
SPI,-385,-0.027899332,-0.01977084,-0.08710125,-0.17874189,-0.24984959,-0.016853353
SPI,-380,-0.026566708,-0.018003156,-0.08620042,-0.17896864,-0.2493448,-0.015531136
SPI,-375,-0.026722236,-0.018506255,-0.0868697,-0.18421988,-0.25574586,-0.015989318
SPI,-370,-0.026642602,-0.019106802,-0.087972604,-0.18631288,-0.259366,-0.016282257
SPI,-365,-0.027274542,-0.019665724,-0.08995453,-0.190645,-0.26461107,-0.01685175
SPI,-360,-0.027462073,-0.02012076,-0.090762176,-0.19182545,-0.26702678,-0.01692018
SPI,-355,-0.028149592,-0.021710465,-0.09368241,-0.19973332,-0.27705795,-0.018335676
SPI,-350,-0.029084776,-0.02283519,-0.09421283,-0.20186375,-0.2803449,-0.018680317
SPI,-345,-0.028748725,-0.02350716,-0.09523724,-0.20590733,-0.2843836,-0.01908039
SPI,-340,-0.030024765,-0.024297997,-0.09762317,-0.21024144,-0.2906507,-0.01932564
SPI,-335,-0.031048577,-0.024975978,-0.099377476,-0.2169054,-0.29768905,-0.01975595
SPI,-330,-0.030765716,-0.025320465,-0.10054222,-0.21813919,-0.29942673,-0.019690815
SPI,-325,-0.03134466,-0.025115719,-0.102602884,-0.22369726,-0.30733997,-0.01955771
SPI,-320,-0.032962963,-0.0271006,-0.10564256,-0.23006104,-0.31465048,-0.020785503
SPI,-315,-0.034329146,-0.029319683,-0.11012694,-0.23732048,-0.32302997,-0.023189828
SPI,-310,-0.034652058,-0.029784387,-0.11139805,-0.23982957,-0.326602,-0.023288164
SPI,-305,-0.03597524,-0.030887388,-0.11385422,-0.24180342,-0.32933915,-0.02405877
SPI,-300,-0.036607504,-0.032852612,-0.11622268,-0.24888645,-0.33805537,-0.025416743
SPI,-295,-0.03669752,-0.032522783,-0.1176589,-0.25230855,-0.34240422,-0.025389494
SPI,-290,-0.03810789,-0.034137193,-0.12073484,-0.25829315,-0.3505115,-0.026891528
SPI,-285,-0.038132742,-0.034237336,-0.121469505,-0.26283583,-0.35478178,-0.026984498
SPI,-280,-0.039006338,-0.034997355,-0.1251654,-0.26738748,-0.3618364,-0.027337207
SPI,-275,-0.03786861,-0.0337123,-0.12455206,-0.27001598,-0.3634952,-0.025817325
SPI,-270,-0.038995903,-0.034545906,-0.12684268,-0.27572823,-0.37142184,-0.026438046
SPI,-265,-0.040340193,-0.035816282,-0.13033858,-0.28051454,-0.37838858,-0.026764447
SPI,-260,-0.041471187,-0.036433555,-0.13211472,-0.2840856,-0.38318938,-0.028118674
SPI,-255,-0.04146042,-0.036497496,-0.13387774,-0.28791088,-0.3881257,-0.027682235
SPI,-250,-0.040403474,-0.03604204,-0.13476889,-0.2909272,-0.39075345,-0.027336325
SPI,-245,-0.040281694,-0.034755524,-0.13654564,-0.29553452,-0.3973165,-0.02538061
SPI,-240,-0.04152585,-0.037554506,-0.14031513,-0.30135882,-0.40530017,-0.027637705
SPI,-235,-0.040966082,-0.03659207,-0.1422954,-0.30680957,-0.4128226,-0.026653606
SPI,-230,-0.042308282,-0.037096817,-0.1470183,-0.31377465,-0.42123505,-0.027375778
SPI,-225,-0.042532697,-0.037469637,-0.14935009,-0.31565177,-0.423223,-0.026934821
SPI,-220,-0.043057565,-0.03859757,-0.15131591,-0.32111666,-0.4295162,-0.027470347
SPI,-215,-0.04153456,-0.036971245,-0.15277548,-0.3262814,-0.4356476,-0.025752582
SPI,-210,-0.042683043,-0.038728137,-0.15553336,-0.33242238,-0.44321758,-0.027541604
SPI,-205,-0.043228257,-0.040880322,-0.15698478,-0.33687213,-0.45067188,-0.02818752
SPI,-200,-0.044868223,-0.041532625,-0.16005562,-0.34033138,-0.45356035,-0.029051846
SPI,-195,-0.046178658,-0.04178836,-0.16517274,-0.34871298,-0.46538848,-0.02914859
SPI,-190,-0.04869109,-0.045185383,-0.16946647,-0.352274,-0.46929556,-0.03217837
SPI,-185,-0.05044202,-0.045377173,-0.17472999,-0.36236992,-0.48210326,-0.033386942
SPI,-180,-0.05307159,-0.04976936,-0.1792043,-0.36611205,-0.48551196,-0.035880394
SPI,-175,-0.054757524,-0.050825763,-0.18463263,-0.37516496,-0.4949825,-0.03835177
SPI,-170,-0.056599095,-0.052615955,-0.18831117,-0.3788883,-0.50070775,-0.03913606
SPI,-165,-0.058811147,-0.054097768,-0.19393094,-0.38495907,-0.50742805,-0.041190468
SPI,-160,-0.061507214,-0.056784272,-0.19789408,-0.38915405,-0.5123226,-0.04341976
SPI,-155,-0.06298415,-0.058872823,-0.20234488,-0.3959292,-0.5201256,-0.0445147
SPI,-150,-0.06267691,-0.059177123,-0.20346354,-0.404375,-0.53039205,-0.045080446
SPI,-145,-0.061950788,-0.05985639,-0.2064554,-0.40869385,-0.5354036,-0.04502014
SPI,-140,-0.06160882,-0.06119494,-0.2086496,-0.41548014,-0.54375184,-0.045155194
SPI,-135,-0.061459552,-0.06312484,-0.21324483,-0.4196765,-0.55050564,-0.044976994
SPI,-130,-0.06299285,-0.0638559,-0.21818633,-0.42844975,-0.56121576,-0.04526944
SPI,-125,-0.060885828,-0.061870795,-0.22126228,-0.43426353,-0.5671098,-0.044408243
SPI,-120,-0.064226046,-0.066596575,-0.22775893,-0.4413235,-0.57544273,-0.048011217
SPI,-115,-0.06398471,-0.06807886,-0.23190132,-0.45004725,-0.5854356,-0.049200155
SPI,-110,-0.063621536,-0.06866993,-0.23582947,-0.45760927,-0.59566504,-0.048006754
SPI,-105,-0.0632853,-0.06890993,-0.23875141,-0.46741474,-0.60701984,-0.048245452
SPI,-100,-0.06369262,-0.07176951,-0.2429281,-0.4735476,-0.61439246,-0.049721926
SPI,-95,-0.064720035,-0.07524038,-0.24924612,-0.48572716,-0.6278147,-0.051036716
SPI,-90,-0.063730255,-0.074848466,-0.25348628,-0.4930375,-0.637356,-0.04927349
SPI,-85,-0.06540424,-0.08020601,-0.25988427,-0.5042058,-0.6505844,-0.05256713
SPI,-80,-0.06488863,-0.08108106,-0.26376393,-0.5107017,-0.6599856,-0.053318378
SPI,-75,-0.06720594,-0.0857077,-0.27128494,-0.5202733,-0.67213076,-0.056928765
SPI,-70,-0.066422105,-0.08604739,-0.27678668,-0.5276461,-0.68094087,-0.056132857
SPI,-65,-0.06891124,-0.0900902,-0.2865687,-0.53872424,-0.6925569,-0.059398066
SPI,-60,-0.06855853,-0.091659844,-0.29213688,-0.55099607,-0.7057115,-0.061894782
SPI,-55,-0.06907744,-0.09438601,-0.2971535,-0.5620385,-0.71574867,-0.06418672
SPI,-50,-0.06868655,-0.09873288,-0.30491742,-0.57232445,-0.72679627,-0.06770926
SPI,-45,-0.07168994,-0.103083596,-0.31577027,-0.5841146,-0.73847705,-0.07134435
SPI,-40,-0.07331496,-0.11085292,-0.32474032,-0.6002593,-0.75509685,-0.07787791
SPI,-35,-0.07813365,-0.11604072,-0.33801508,-0.6113278,-0.7649428,-0.08357009
SPI,-30,-0.08050117,-0.12294188,-0.3476861,-0.6266085,-0.78047335,-0.08867278
SPI,-25,-0.08295553,-0.123600595,-0.3606015,-0.6438407,-0.79533464,-0.09123939
SPI,-20,-0.08639522,-0.12542531,-0.3707987,-0.6549684,-0.8053728,-0.09416781
SPI,-15,-0.085915536,-0.12484591,-0.37523773,-0.6686161,-0.81535894,-0.09578276
SPI,-10,-0.08655588,-0.12775117,-0.38159066,-0.6811974,-0.8263,-0.09750243
SPI,-5,-0.09670803,-0.13051246,-0.40249532,-0.7038049,-0.8416976,-0.10965486
SPI,0,-0.094278246,-0.15216249,-0.4267688,-0.72846174,-0.8728038,-0.12509331
SPI,5,-0.12366763,-0.1589779,-0.4358315,-0.7287158,-0.8665619,-0.13708483
SPI,10,-0.11583717,-0.15990615,-0.42382905,-0.7268628,-0.8604635,-0.12741305
SPI,15,-0.098885104,-0.15343995,-0.40185744,-0.7048342,-0.8457282,-0.110773414
SPI,20,-0.09492624,-0.15519069,-0.3909085,-0.68312436,-0.82896775,-0.10879739
SPI,25,-0.08752648,-0.14455122,-0.377345,-0.6746536,-0.82086015,-0.09983084
SPI,30,-0.08270397,-0.13669577,-0.36411497,-0.65786254,-0.8036272,-0.09227525
SPI,35,-0.07689387,-0.12773435,-0.35525176,-0.648656,-0.79604137,-0.08642653
SPI,40,-0.07297897,-0.119702406,-0.33914584,-0.63010323,-0.7773934,-0.081681356
SPI,45,-0.06916092,-0.112632655,-0.33202672,-0.616824,-0.76653683,-0.07620909
SPI,50,-0.06967193,-0.11138779,-0.323235,-0.6064875,-0.7568688,-0.07509584
SPI,55,-0.06340439,-0.10029705,-0.31117943,-0.5932081,-0.7430146,-0.065820456
SPI,60,-0.06276394,-0.098680414,-0.30344802,-0.5827341,-0.73202515,-0.06347273
SPI,65,-0.059324928,-0.091267414,-0.29208422,-0.5661922,-0.71772075,-0.0567432
SPI,70,-0.057038814,-0.08838445,-0.28016216,-0.5504271,-0.7011606,-0.05418935
SPI,75,-0.056193884,-0.08372796,-0.27393907,-0.5447157,-0.6933231,-0.050233044
SPI,80,-0.053244397,-0.08032529,-0.26545137,-0.5302123,-0.67869693,-0.047626715
SPI,85,-0.053662475,-0.078279726,-0.26191193,-0.52459264,-0.6700702,-0.04636761
SPI,90,-0.05167054,-0.073134705,-0.2542836,-0.51122487,-0.65633315,-0.04290275
SPI,95,-0.053629033,-0.071922444,-0.2510752,-0.50489694,-0.64723283,-0.043259606
SPI,100,-0.054915696,-0.07152746,-0.24679103,-0.4951598,-0.63575274,-0.043315355
SPI,105,-0.056736164,-0.069963455,-0.24250464,-0.48613086,-0.62485784,-0.043499913
SPI,110,-0.05814918,-0.06801626,-0.24230334,-0.48053497,-0.6165095,-0.042900015
SPI,115,-0.05717974,-0.06581317,-0.23526177,-0.47376615,-0.6085747,-0.041384883
SPI,120,-0.058304872,-0.065876365,-0.2323367,-0.46549702,-0.5981398,-0.043384254
SPI,125,-0.057565723,-0.06630764,-0.22667944,-0.4594254,-0.5904244,-0.04319627
SPI,130,-0.059540417,-0.06410393,-0.22494721,-0.45413178,-0.5835073,-0.04303112
SPI,135,-0.05979845,-0.06471166,-0.22181617,-0.44995254,-0.57781106,-0.044753533
SPI,140,-0.059716456,-0.062439177,-0.21798871,-0.44377324,-0.57080084,-0.04493994
SPI,145,-0.05994087,-0.063115135,-0.2142461,-0.4369994,-0.5607434,-0.044900533
SPI,150,-0.059720058,-0.061860535,-0.21076702,-0.42743355,-0.5506207,-0.044273723
SPI,155,-0.057674486,-0.059958484,-0.20535383,-0.41707626,-0.5416426,-0.041946467
SPI,160,-0.057273548,-0.058473192,-0.20211838,-0.40749222,-0.5306436,-0.04160079
SPI,165,-0.05531098,-0.057657134,-0.19865385,-0.39928895,-0.52293324,-0.04031049
SPI,170,-0.05276431,-0.05487021,-0.19343463,-0.38745525,-0.5088408,-0.038808122
SPI,175,-0.052196953,-0.05401153,-0.19017494,-0.38278526,-0.5034024,-0.039135292
SPI,180,-0.051057767,-0.053044215,-0.18788238,-0.37739003,-0.49667993,-0.038956042
SPI,185,-0.04981893,-0.050715517,-0.18403278,-0.37095717,-0.48947763,-0.037782066
SPI,190,-0.048462555,-0.049358163,-0.1802193,-0.36608264,-0.48340082,-0.03696474
SPI,195,-0.04850634,-0.04918027,-0.17792602,-0.36386406,-0.4794902,-0.03688842
SPI,200,-0.045682747,-0.04562935,-0.17190194,-0.3541367,-0.4703852,-0.034261625
SPI,205,-0.044748824,-0.04393966,-0.16952862,-0.3486973,-0.4621381,-0.03301224
SPI,210,-0.045321733,-0.043272745,-0.16875352,-0.34468842,-0.45665362,-0.033503167
SPI,215,-0.04358625,-0.04165003,-0.1643168,-0.33772385,-0.44909889,-0.032721035
SPI,220,-0.04242641,-0.04066597,-0.16109881,-0.33130082,-0.44171622,-0.031887196
SPI,225,-0.04164146,-0.038358785,-0.1574149,-0.32405984,-0.43245488,-0.031346332
SPI,230,-0.042027514,-0.03871162,-0.15707962,-0.31881845,-0.4265494,-0.031959306
SPI,235,-0.04125488,-0.038746733,-0.15188149,-0.31149453,-0.41846895,-0.031940393
SPI,240,-0.042965446,-0.041094646,-0.15248036,-0.3106116,-0.41583833,-0.034069166
SPI,245,-0.041553956,-0.039501607,-0.1491804,-0.30240795,-0.405768,-0.03241353
SPI,250,-0.041463505,-0.039826557,-0.14655468,-0.29889023,-0.4016256,-0.032392066
SPI,255,-0.04093025,-0.039087422,-0.14370476,-0.29151496,-0.39282137,-0.03253906
SPI,260,-0.040157277,-0.037463304,-0.14147063,-0.28740516,-0.38695905,-0.03133
SPI,265,-0.03941706,-0.036250755,-0.13876672,-0.28250322,-0.38152203,-0.030552125
SPI,270,-0.037894107,-0.035240434,-0.13596849,-0.27430773,-0.3711432,-0.029709628
SPI,275,-0.03672297,-0.034090623,-0.1330838,-0.2708545,-0.3672536,-0.029044122
SPI,280,-0.037124895,-0.0330151,-0.13230692,-0.2667521,-0.36323324,-0.02854932
SPI,285,-0.03620536,-0.032563303,-0.12858698,-0.2603083,-0.35437015,-0.027499484
SPI,290,-0.03615151,-0.032151468,-0.12727727,-0.25544617,-0.34987956,-0.026723992
SPI,295,-0.03500788,-0.030634167,-0.12537467,-0.25113568,-0.3450574,-0.026012568
SPI,300,-0.03427303,-0.029735418,-0.12267849,-0.24549268,-0.33728942,-0.025354316
SPI,305,-0.03464856,-0.030088965,-0.12310661,-0.24458775,-0.33766755,-0.025615478
SPI,310,-0.033363327,-0.028579,-0.11950991,-0.23717546,-0.3285887,-0.024748595
SPI,315,-0.03266401,-0.027325675,-0.11754663,-0.23383449,-0.3251861,-0.02319298
SPI,320,-0.03231714,-0.0266551,-0.114571474,-0.22705805,-0.31539157,-0.02318856
SPI,325,-0.03136366,-0.025838574,-0.112718105,-0.223156,-0.3119909,-0.022348452
SPI,330,-0.029354641,-0.024522696,-0.10912428,-0.21755573,-0.3056543,-0.021275947
SPI,335,-0.028985007,-0.023213921,-0.10670481,-0.21160142,-0.29851857,-0.020137647
SPI,340,-0.02807619,-0.022152854,-0.10477451,-0.20682955,-0.29213616,-0.019419989
SPI,345,-0.027540188,-0.021542395,-0.102150686,-0.20262682,-0.28648534,-0.018787023
SPI,350,-0.027038638,-0.02056283,-0.10136767,-0.20052108,-0.2837471,-0.018195475
SPI,355,-0.02697925,-0.020907888,-0.099771895,-0.19642131,-0.278137,-0.018094735
SPI,360,-0.027229859,-0.021109978,-0.09954282,-0.19517982,-0.27683303,-0.018236747
SPI,365,-0.027157681,-0.021859683,-0.09860016,-0.18806082,-0.2676356,-0.018439787
SPI,370,-0.027344888,-0.021980891,-0.097408585,-0.18462273,-0.2633244,-0.018215751
SPI,375,-0.027954131,-0.022682708,-0.09711377,-0.18329403,-0.26129475,-0.018821154
SPI,380,-0.02783721,-0.022792125,-0.095628455,-0.17858498,-0.25484464,-0.01867137
SPI,385,-0.028055254,-0.02280515,-0.09412503,-0.17592663,-0.25196627,-0.018671142
SPI,390,-0.028269561,-0.02238922,-0.09342219,-0.17381743,-0.24756567,-0.018865695
SPI,395,-0.028970022,-0.022706548,-0.092309795,-0.17030852,-0.24275602,-0.01912359
SPI,400,-0.02935616,-0.022485536,-0.09171867,-0.16897756,-0.24048223,-0.018977378
SPI,405,-0.029818244,-0.023167266,-0.09154276,-0.16742714,-0.23824422,-0.019442309
SPI,410,-0.03041225,-0.023836477,-0.09093846,-0.16501945,-0.23571345,-0.020040061
SPI,415,-0.03141129,-0.024902103,-0.091517985,-0.16474885,-0.23533924,-0.020768588
SPI,420,-0.031053284,-0.024738153,-0.09014148,-0.16151978,-0.23080647,-0.02070974
SPI,425,-0.031236047,-0.025065603,-0.08865295,-0.15669937,-0.22363076,-0.020603733
SPI,430,-0.031754363,-0.02561229,-0.08802409,-0.15410821,-0.21932156,-0.021151902
SPI,435,-0.031181121,-0.02479108,-0.08671571,-0.15093544,-0.21547319,-0.019787094
SPI,440,-0.031428687,-0.024922958,-0.0855346,-0.14768992,-0.21147794,-0.01969399
SPI,445,-0.031145947,-0.024810972,-0.0842791,-0.1453529,-0.20834182,-0.019253995
SPI,450,-0.030972641,-0.024105225,-0.08291064,-0.14372148,-0.20557217,-0.018921826
SPI,455,-0.030828888,-0.023768824,-0.081957735,-0.14242116,-0.20292084,-0.018416015
SPI,460,-0.030080503,-0.022229353,-0.081189126,-0.14177868,-0.2020551,-0.017120121
SPI,465,-0.030567786,-0.022728723,-0.08043515,-0.13880275,-0.1981883,-0.017665839
SPI,470,-0.030052047,-0.022326658,-0.07882668,-0.13703607,-0.195046,-0.017302666
SPI,475,-0.029556787,-0.02156104,-0.07709632,-0.13350278,-0.19003302,-0.016831264
SPI,480,-0.028899053,-0.020814054,-0.075395554,-0.13122675,-0.18686484,-0.015734768
SPI,485,-0.028295014,-0.019431254,-0.074288264,-0.12929751,-0.18456595,-0.014760782
SPI,490,-0.02833755,-0.0193314,-0.073246576,-0.1264785,-0.18089892,-0.01409257
SPI,495,-0.027866814,-0.018628526,-0.07159984,-0.123537034,-0.17795931,-0.013415659
SPI,500,-0.027031979,-0.018043647,-0.069829874,-0.11977633,-0.17299563,-0.012779016
SPI,505,-0.027017584,-0.017123036,-0.069610834,-0.12030983,-0.1733152,-0.0125044845
SPI,510,-0.025908247,-0.016534211,-0.06726124,-0.11714658,-0.16894224,-0.011443407
SPI,515,-0.025804346,-0.016377505,-0.06634941,-0.11541628,-0.16653733,-0.011120121
SPI,520,-0.025585828,-0.01590702,-0.06547531,-0.11469574,-0.16588248,-0.010755934
SPI,525,-0.024638636,-0.015186166,-0.06310569,-0.110055014,-0.15909831,-0.009990068
SPI,530,-0.02427987,-0.014641011,-0.06289383,-0.1111021,-0.16012159,-0.009584793
SPI,535,-0.024278805,-0.01515213,-0.06199474,-0.10852361,-0.15669936,-0.010018492
SPI,540,-0.024003245,-0.014631206,-0.06096344,-0.10783489,-0.15554394,-0.009722538
SPI,545,-0.023743127,-0.014853306,-0.059673786,-0.10481243,-0.15118203,-0.009775329
SPI,550,-0.02385051,-0.015077065,-0.058912072,-0.10421266,-0.1496329,-0.010147573
SPI,555,-0.023533905,-0.014673892,-0.05725528,-0.101548105,-0.14620867,-0.0098055815
SPI,560,-0.024166893,-0.015380634,-0.057999566,-0.10200691,-0.1466677,-0.01010668
SPI,565,-0.024353817,-0.015082672,-0.057650354,-0.10087664,-0.14476345,-0.0102288155
SPI,570,-0.024872242,-0.015704228,-0.05795185,-0.10174148,-0.14619747,-0.010771697
SPI,575,-0.024698278,-0.015889836,-0.057043597,-0.10015095,-0.1432144,-0.010939074
SPI,580,-0.024389323,-0.01578198,-0.055981517,-0.099311054,-0.14179176,-0.010917188
SPI,585,-0.024909472,-0.016024804,-0.056332275,-0.09982978,-0.14235921,-0.011283096
SPI,590,-0.025244271,-0.016364474,-0.056058418,-0.09914911,-0.14124976,-0.011515229
SPI,595,-0.024991632,-0.01622344,-0.05502999,-0.09746318,-0.13905281,-0.011341734
CTCF,-600,0.010233236,-0.01603426,-0.006344498,-0.012714043,-0.009146728,-0.020176383
CTCF,-595,0.012074806,-0.012766956,-0.0040137833,-0.010478103,-0.007011839,-0.017274735
CTCF,-590,0.015157214,-0.0094439555,-0.0008835185,-0.00798946,-0.0049245805,-0.015068597
CTCF,-585,0.015334714,-0.007990125,-0.00021792228,-0.0074453317,-0.0047313273,-0.013759114
CTCF,-580,0.017916694,-0.004259815,0.0028280243,-0.005070108,-0.002687113,-0.010250762
CTCF,-575,0.019720437,-0.002142541,0.0048194975,-0.004470929,-0.0023317845,-0.008229228
CTCF,-570,0.022602646,0.0013836008,0.008396547,-0.0011831968,-2.8461083e-05,-0.0051754676
CTCF,-565,0.02452845,0.004525124,0.010565454,0.0003250215,0.0005513832,-0.0016781654
CTCF,-560,0.026163556,0.006795661,0.013044774,0.0018369099,0.001405603,0.0007001517
CTCF,-555,0.02851384,0.009966373,0.014935011,0.0035968001,0.0022313707,0.00408673
CTCF,-550,0.028241776,0.009803767,0.015048283,0.0021107672,0.00043134767,0.004216826
CTCF,-545,0.028796542,0.011216299,0.015709087,0.0023885411,-0.0006293242,0.0065714912
CTCF,-540,0.029621923,0.012230574,0.016944183,0.0038270275,0.00062618754,0.008401902
CTCF,-535,0.029469723,0.011399281,0.016001277,0.0018703787,-0.0016183025,0.008231592
CTCF,-530,0.027933432,0.009918175,0.014078795,0.0005221407,-0.0033829971,0.008059621
CTCF,-525,0.025586275,0.006853331,0.011540763,-0.0019453695,-0.006237009,0.005984263
CTCF,-520,0.023779785,0.0049512824,0.009509126,-0.0037931297,-0.008252629,0.004964286
CTCF,-515,0.021413837,0.0023012597,0.006151382,-0.0067217713,-0.011176993,0.0036666843
CTCF,-510,0.018663961,-4.3681293e-06,0.0037194875,-0.008552768,-0.012721785,0.001840261
CTCF,-505,0.014552528,-0.003589425,-0.0013977257,-0.013468523,-0.01720723,-0.0013912095
CTCF,-500,0.010293113,-0.008037657,-0.0063429205,-0.016773535,-0.020656401,-0.0060273157
CTCF,-495,0.006653504,-0.012410867,-0.011295565,-0.02264376,-0.025625898,-0.011378024
CTCF,-490,0.0014410132,-0.018786957,-0.017275248,-0.028929183,-0.03112012,-0.018045466
CTCF,-485,-0.0018639679,-0.02298661,-0.02131861,-0.032381088,-0.03375348,-0.023076924
CTCF,-480,-0.0071525765,-0.028388016,-0.02717916,-0.0383751,-0.03875466,-0.029239254
CTCF,-475,-0.011971172,-0.03363283,-0.032766942,-0.044025585,-0.044013076,-0.036320437
CTCF,-470,-0.016004382,-0.03836056,-0.036818985,-0.047827814,-0.04689263,-0.041720305
CTCF,-465,-0.017437458,-0.03939508,-0.038340263,-0.049784053,-0.047506593,-0.04457787
CTCF,-460,-0.021186693,-0.043507442,-0.0429224,-0.053589124,-0.051326778,-0.04884602
CTCF,-455,-0.023875147,-0.046711348,-0.04639616,-0.056322746,-0.05414181,-0.054162018
CTCF,-450,-0.024711523,-0.047765944,-0.04770552,-0.057635207,-0.055230543,-0.056771178
CTCF,-445,-0.025695672,-0.048253965,-0.048445307,-0.05737845,-0.05520166,-0.057819873
CTCF,-440,-0.025108263,-0.04908765,-0.04825586,-0.057520814,-0.05553609,-0.060274214
CTCF,-435,-0.025267323,-0.04785707,-0.047001284,-0.05537771,-0.053778913,-0.059240334
CTCF,-430,-0.025006382,-0.047639705,-0.0461463,-0.053824488,-0.0527885,-0.058973018
CTCF,-425,-0.023312269,-0.045570068,-0.044307686,-0.05146969,-0.051150188,-0.057462
CTCF,-420,-0.020247562,-0.042445917,-0.040776007,-0.048754036,-0.048617683,-0.054073334
CTCF,-415,-0.015613699,-0.036454864,-0.036684986,-0.043642756,-0.044883907,-0.048457447
CTCF,-410,-0.012329254,-0.03336657,-0.033193097,-0.041591045,-0.043271683,-0.04537769
CTCF,-405,-0.011028665,-0.031011045,-0.032040413,-0.03972629,-0.04189438,-0.043174423
CTCF,-400,-0.0068567167,-0.025398292,-0.026915513,-0.034488846,-0.03822575,-0.03684686
CTCF,-395,-0.004071993,-0.022469377,-0.023275722,-0.030800942,-0.035489183,-0.034169078
CTCF,-390,-0.0019660986,-0.0186295,-0.019963749,-0.027895505,-0.033549402,-0.028939158
CTCF,-385,0.0001820572,-0.015076783,-0.017705798,-0.025196662,-0.031402875,-0.026360098
CTCF,-380,0.0017297384,-0.01218488,-0.015875842,-0.022770047,-0.0298512,-0.022538843
CTCF,-375,0.0020778407,-0.011531978,-0.016273001,-0.022223942,-0.03069031,-0.020907762
CTCF,-370,0.0005024132,-0.011859132,-0.017468892,-0.022846732,-0.032413635,-0.020564636
CTCF,-365,-0.0027112567,-0.016026996,-0.02122101,-0.02551997,-0.035571434,-0.024378529
CTCF,-360,-0.0045938445,-0.01711606,-0.024085004,-0.028269334,-0.03892304,-0.026030615
CTCF,-355,-0.008865144,-0.022335367,-0.028318128,-0.0312694,-0.042737093,-0.030390115
CTCF,-350,-0.015544873,-0.028455615,-0.03513699,-0.0367101,-0.048485495,-0.035730917
CTCF,-345,-0.021609107,-0.034982737,-0.041295018,-0.043000475,-0.054136243,-0.043504898
CTCF,-340,-0.029966107,-0.042865127,-0.05036431,-0.05041685,-0.061761122,-0.05122422
CTCF,-335,-0.03889914,-0.052978907,-0.060524464,-0.061327513,-0.071927905,-0.06074456
CTCF,-330,-0.045399964,-0.06026576,-0.06705533,-0.0688019,-0.0790397,-0.0678614
CTCF,-325,-0.056802623,-0.07285825,-0.08058067,-0.08275359,-0.09175263,-0.08210165
CTCF,-320,-0.06499083,-0.08054396,-0.08934208,-0.09071727,-0.09868914,-0.09024407
CTCF,-315,-0.07612792,-0.09322464,-0.10162468,-0.10305,-0.10973909,-0.10298172
CTCF,-310,-0.08147274,-0.097250156,-0.10651105,-0.109247826,-0.115512855,-0.10774055
CTCF,-305,-0.09126557,-0.10793605,-0.116950795,-0.11992532,-0.124646775,-0.1196181
CTCF,-300,-0.1004755,-0.11696961,-0.12665753,-0.12815493,-0.13237877,-0.13079375
CTCF,-295,-0.10793198,-0.12576698,-0.13513711,-0.13799189,-0.14124504,-0.14217974
CTCF,-290,-0.11613359,-0.13287531,-0.1431531,-0.14585298,-0.14804387,-0.14975059
CTCF,-285,-0.12395944,-0.14150122,-0.15353066,-0.15573908,-0.15702058,-0.16156521
CTCF,-280,-0.12550396,-0.13939226,-0.15454337,-0.15479153,-0.15640645,-0.15895528
CTCF,-275,-0.12875202,-0.1416981,-0.15943828,-0.15810357,-0.15943664,-0.16503629
CTCF,-270,-0.13272463,-0.143522,-0.16362593,-0.16051735,-0.16219951,-0.16835935
CTCF,-265,-0.13690643,-0.1458646,-0.16625448,-0.1613358,-0.16305482,-0.17145732
CTCF,-260,-0.13715002,-0.14759283,-0.16886489,-0.16283031,-0.16609521,-0.17511006
CTCF,-255,-0.13511087,-0.1454293,-0.16676526,-0.160455,-0.164488,-0.17290509
CTCF,-250,-0.13430594,-0.14288945,-0.16563532,-0.15795086,-0.16269094,-0.17172532
CTCF,-245,-0.13590598,-0.14270248,-0.16673747,-0.15614073,-0.16218384,-0.17215176
CTCF,-240,-0.13288149,-0.14072713,-0.16236478,-0.14973259,-0.15745243,-0.16868657
CTCF,-235,-0.1309351,-0.13738252,-0.16029109,-0.14674746,-0.1567797,-0.16554917
CTCF,-230,-0.12921673,-0.13502853,-0.15818761,-0.14199805,-0.15236464,-0.16189152
CTCF,-225,-0.12834466,-0.13189034,-0.15397316,-0.13842002,-0.14929865,-0.1571978
CTCF,-220,-0.12713653,-0.13118356,-0.15284917,-0.1361578,-0.14845547,-0.15502371
CTCF,-215,-0.1268342,-0.1315049,-0.15230481,-0.13337894,-0.1473858,-0.15257162
CTCF,-210,-0.12886637,-0.13611998,-0.15343212,-0.13457564,-0.14876401,-0.15515874
CTCF,-205,-0.13123411,-0.13745524,-0.15480752,-0.13387533,-0.14859226,-0.15518883
CTCF,-200,-0.13556974,-0.1429569,-0.15843958,-0.1371767,-0.15222657,-0.1589058
CTCF,-195,-0.14223109,-0.14892717,-0.16449915,-0.14192006,-0.1584072,-0.16265117
CTCF,-190,-0.15083553,-0.15835987,-0.17409016,-0.14912868,-0.16676018,-0.17304872
CTCF,-185,-0.16025166,-0.16818306,-0.18334019,-0.15912913,-0.17668784,-0.1820686
CTCF,-180,-0.17108019,-0.18024752,-0.19408873,-0.1692157,-0.18622667,-0.19359314
CTCF,-175,-0.1842071,-0.19349498,-0.20663694,-0.18247786,-0.19911185,-0.20531438
CTCF,-170,-0.196369,-0.20473231,-0.22060435,-0.19480374,-0.21046972,-0.21741086
CTCF,-165,-0.20826855,-0.21714239,-0.23434755,-0.2105503,-0.22724858,-0.2289839
CTCF,-160,-0.2217766,-0.23075101,-0.24647862,-0.22494929,-0.23968247,-0.24418227
CTCF,-155,-0.2333556,-0.24123637,-0.25756615,-0.24210249,-0.25619993,-0.2537038
CTCF,-150,-0.24740107,-0.25706786,-0.2714102,-0.25642017,-0.26944754,-0.26966467
CTCF,-145,-0.2590615,-0.2706465,-0.28723937,-0.27421296,-0.28729156,-0.28344098
CTCF,-140,-0.26922256,-0.28087777,-0.2975651,-0.2892176,-0.30118695,-0.29457945
CTCF,-135,-0.28025013,-0.29193157,-0.30811694,-0.3028165,-0.31393898,-0.30466932
CTCF,-130,-0.28984043,-0.3020972,-0.31981787,-0.31661376,-0.32917455,-0.31452098
CTCF,-125,-0.3037047,-0.31531635,-0.33155748,-0.33283734,-0.3443224,-0.32622984
CTCF,-120,-0.31389946,-0.32506776,-0.34364372,-0.34592587,-0.35814357,-0.33697328
CTCF,-115,-0.32580575,-0.33615747,-0.3551832,-0.3613244,-0.37361294,-0.34577662
CTCF,-110,-0.33730787,-0.34830812,-0.3685938,-0.37944013,-0.39204305,-0.35927722
CTCF,-105,-0.34859794,-0.3592326,-0.37875468,-0.39225447,-0.40432018,-0.36732578
CTCF,-100,-0.3614946,-0.3719218,-0.39301792,-0.41071913,-0.4229617,-0.37858367
CTCF,-95,-0.37796068,-0.38937387,-0.40844554,-0.4299089,-0.43990377,-0.39662126
CTCF,-90,-0.3861672,-0.3970509,-0.41604203,-0.4383937,-0.44974315,-0.40240324
CTCF,-85,-0.40057245,-0.40884933,-0.43061778,-0.4566342,-0.4669259,-0.41557476
CTCF,-80,-0.4094535,-0.42152354,-0.43861982,-0.4706004,-0.47995904,-0.42548886
CTCF,-75,-0.42113426,-0.4316517,-0.44972476,-0.48560143,-0.4942259,-0.43749526
CTCF,-70,-0.4281317,-0.43928638,-0.4564252,-0.49335182,-0.50322646,-0.44180518
CTCF,-65,-0.43973956,-0.45112818,-0.46749952,-0.5066755,-0.5145459,-0.4520849
CTCF,-60,-0.44906083,-0.45895997,-0.47596553,-0.51924926,-0.52665234,-0.45897764
CTCF,-55,-0.46008188,-0.47365043,-0.4864771,-0.53527874,-0.540865,-0.47306016
CTCF,-50,-0.47154012,-0.48405287,-0.4982687,-0.5502901,-0.5560666,-0.4824446
CTCF,-45,-0.47945195,-0.49590504,-0.50817347,-0.5632629,-0.5661569,-0.49289307
CTCF,-40,-0.49404496,-0.50749475,-0.52184516,-0.5811695,-0.58325195,-0.50437516
CTCF,-35,-0.5039391,-0.5194208,-0.53164756,-0.5892815,-0.58916986,-0.51419854
CTCF,-30,-0.5181349,-0.5302766,-0.54682356,-0.60947096,-0.6081931,-0.52439153
CTCF,-25,-0.52954286,-0.54531544,-0.55835336,-0.6268526,-0.6229218,-0.5385263
CTCF,-20,-0.5303794,-0.5473292,-0.55866206,-0.62732315,-0.6218744,-0.5392109
CTCF,-15,-0.5404438,-0.557337,-0.5702821,-0.6450205,-0.637066,-0.5490303
CTCF,-10,-0.519181,-0.5372145,-0.5457642,-0.61359787,-0.6095237,-0.5230998
CTCF,-5,-0.5609009,-0.57811594,-0.5894886,-0.6784946,-0.6651676,-0.5700183
CTCF,0,-0.6335155,-0.659374,-0.6557867,-0.7573697,-0.73485535,-0.6542721
CTCF,5,-0.63525397,-0.6583742,-0.6602422,-0.76486903,-0.7414658,-0.6543854
CTCF,10,-0.584146,-0.6036206,-0.60881263,-0.692742,-0.6835976,-0.59226644
CTCF,15,-0.59652317,-0.61762094,-0.62646955,-0.7138,-0.7013862,-0.6079592
CTCF,20,-0.56893927,-0.5871721,-0.5990209,-0.6733918,-0.66876006,-0.572523
CTCF,25,-0.5629142,-0.58205855,-0.5921661,-0.66491723,-0.659705,-0.5686134
CTCF,30,-0.54184043,-0.56185794,-0.5724434,-0.6381271,-0.6381297,-0.54596984
CTCF,35,-0.5282065,-0.54685605,-0.55624354,-0.61607766,-0.6177937,-0.53148276
CTCF,40,-0.50997937,-0.53000087,-0.5390614,-0.595028,-0.60028535,-0.51487917
CTCF,45,-0.50300574,-0.52035654,-0.53273356,-0.58536994,-0.59129876,-0.50697774
CTCF,50,-0.49570262,-0.5165472,-0.52548367,-0.574828,-0.5811752,-0.5034411
CTCF,55,-0.48195797,-0.5021551,-0.51221585,-0.55833626,-0.5656964,-0.48994288
CTCF,60,-0.47665292,-0.4926745,-0.50657654,-0.5484957,-0.55640197,-0.4823473
CTCF,65,-0.46291068,-0.48067924,-0.4912576,-0.53261036,-0.5402187,-0.46904072
CTCF,70,-0.45295605,-0.47051847,-0.48260215,-0.5195923,-0.5280285,-0.46058404
CTCF,75,-0.4472959,-0.46557572,-0.4765004,-0.5119699,-0.51886106,-0.45718452
CTCF,80,-0.43770635,-0.45491353,-0.46688023,-0.50140065,-0.50756705,-0.44767636
CTCF,85,-0.42417055,-0.441502,-0.4534744,-0.4853348,-0.4919588,-0.43446615
CTCF,90,-0.4164141,-0.43225372,-0.44566226,-0.47406617,-0.48100665,-0.4258299
CTCF,95,-0.40804714,-0.42225328,-0.43802452,-0.46117344,-0.46806622,-0.41599888
CTCF,100,-0.3931922,-0.4049725,-0.4235137,-0.44257364,-0.4496711,-0.40043128
CTCF,105,-0.37928385,-0.39343542,-0.4084228,-0.42791283,-0.43466112,-0.38967434
CTCF,110,-0.35936996,-0.37253597,-0.39004302,-0.40495223,-0.4127546,-0.3698261
CTCF,115,-0.35470757,-0.36890134,-0.3852308,-0.39937457,-0.40697786,-0.36726305
CTCF,120,-0.33955616,-0.35570952,-0.36943668,-0.38013512,-0.3869581,-0.35432523
CTCF,125,-0.3252356,-0.34167176,-0.35308534,-0.3636131,-0.36971942,-0.34045234
CTCF,130,-0.3157998,-0.33381996,-0.34584162,-0.3552986,-0.36196095,-0.33357316
CTCF,135,-0.30278578,-0.32037067,-0.3333039,-0.3390474,-0.34735313,-0.32053348
CTCF,140,-0.29195577,-0.31010664,-0.32380074,-0.3249761,-0.33425707,-0.31122926
CTCF,145,-0.27817392,-0.29749364,-0.30813703,-0.30552,-0.3155966,-0.29651108
CTCF,150,-0.2593744,-0.2755815,-0.2893555,-0.28212127,-0.2938166,-0.2734591
CTCF,155,-0.24402991,-0.2617808,-0.27489278,-0.26488584,-0.27826366,-0.2602603
CTCF,160,-0.22679012,-0.2444761,-0.25773802,-0.24312449,-0.25812632,-0.24188489
CTCF,165,-0.20708911,-0.22597966,-0.23747839,-0.2216804,-0.23743564,-0.22350948
CTCF,170,-0.1902018,-0.20962688,-0.22394639,-0.20152843,-0.22014385,-0.20542388
CTCF,175,-0.17211173,-0.19079483,-0.2067554,-0.17947873,-0.2009302,-0.18477045
CTCF,180,-0.15983571,-0.17530127,-0.19350278,-0.16512802,-0.1863956,-0.17192516
CTCF,185,-0.14555344,-0.16409056,-0.18147197,-0.14996335,-0.17340001,-0.159379
CTCF,190,-0.13205211,-0.1502221,-0.16850382,-0.13571353,-0.15940678,-0.14622575
CTCF,195,-0.12040125,-0.13684702,-0.15602355,-0.12433429,-0.14797875,-0.13473204
CTCF,200,-0.11482055,-0.13210462,-0.15106739,-0.118182875,-0.14126801,-0.12993078
CTCF,205,-0.10733386,-0.12369719,-0.14314093,-0.11145298,-0.13330817,-0.12357095
CTCF,210,-0.10311277,-0.12017296,-0.13932487,-0.10946322,-0.13074699,-0.12055409
CTCF,215,-0.1018676,-0.118353024,-0.13834344,-0.11035168,-0.13025655,-0.12160062
CTCF,220,-0.10121281,-0.1195346,-0.13843027,-0.11266239,-0.13125384,-0.12589449
CTCF,225,-0.10537381,-0.12417901,-0.1420228,-0.11789263,-0.13465743,-0.13139898
CTCF,230,-0.10987955,-0.12764329,-0.14581662,-0.12107777,-0.13583913,-0.13621242
CTCF,235,-0.11235514,-0.13212928,-0.15079473,-0.12791444,-0.14060478,-0.14175682
CTCF,240,-0.12061633,-0.14184318,-0.15990254,-0.13821642,-0.14889334,-0.15332156
CTCF,245,-0.1263297,-0.14928475,-0.16553944,-0.14506766,-0.15315619,-0.16184516
CTCF,250,-0.13200356,-0.15531917,-0.17161632,-0.1522492,-0.1578044,-0.16895081
CTCF,255,-0.13606451,-0.16143538,-0.17579444,-0.15849376,-0.16176344,-0.17445405
CTCF,260,-0.1391377,-0.16547276,-0.18063378,-0.16603363,-0.16638963,-0.1795274
CTCF,265,-0.13974224,-0.16711171,-0.18264467,-0.17077063,-0.16849475,-0.18209207
CTCF,270,-0.14146765,-0.17178892,-0.18334745,-0.17371632,-0.16829227,-0.1857781
CTCF,275,-0.14000537,-0.17289129,-0.18142673,-0.17475526,-0.16810265,-0.18551253
CTCF,280,-0.1387439,-0.17138141,-0.17903392,-0.17515473,-0.16713856,-0.18383297
CTCF,285,-0.13496937,-0.16910185,-0.1752357,-0.17190439,-0.16269235,-0.1805453
CTCF,290,-0.1287773,-0.16617745,-0.16950391,-0.16910915,-0.15946558,-0.17508093
CTCF,295,-0.121692605,-0.15819943,-0.1606302,-0.16181327,-0.1520113,-0.16613081
CTCF,300,-0.117472,-0.15547833,-0.15648939,-0.15800679,-0.14766176,-0.16304435
CTCF,305,-0.10682068,-0.14524469,-0.14386293,-0.1462874,-0.13620998,-0.15198655
CTCF,310,-0.10046787,-0.13851734,-0.13852398,-0.1399041,-0.13007878,-0.14511894
CTCF,315,-0.088781156,-0.12756401,-0.12549412,-0.12781967,-0.11977061,-0.1332108
CTCF,320,-0.07549479,-0.11346174,-0.11220893,-0.115429245,-0.108260036,-0.118578054
CTCF,325,-0.062274646,-0.09929608,-0.09711403,-0.100023344,-0.09398747,-0.10386079
CTCF,330,-0.050818916,-0.08746379,-0.08406442,-0.087141156,-0.08239274,-0.0909493
CTCF,335,-0.036837403,-0.07246679,-0.06925597,-0.072701745,-0.06944593,-0.07533429
CTCF,340,-0.025436543,-0.058860704,-0.05657202,-0.06015531,-0.058519017,-0.062210243
CTCF,345,-0.015624823,-0.049469214,-0.04691005,-0.051150788,-0.050688237,-0.053262025
CTCF,350,-0.0055439235,-0.03852677,-0.035616975,-0.040871475,-0.04240869,-0.042695247
CTCF,355,0.0026894354,-0.029384991,-0.02651709,-0.031369653,-0.034167916,-0.03339909
CTCF,360,0.009027403,-0.021688791,-0.018505547,-0.024651498,-0.028366257,-0.026185358
CTCF,365,0.016513878,-0.013193063,-0.010897864,-0.01706213,-0.02140649,-0.017575042
CTCF,370,0.018750563,-0.010630244,-0.00847829,-0.014051361,-0.018964196,-0.015685285
CTCF,375,0.02252368,-0.0065188166,-0.0044351434,-0.010823199,-0.016400427,-0.012202256
CTCF,380,0.02274598,-0.006727565,-0.0028460242,-0.010608362,-0.01583272,-0.01304103
CTCF,385,0.020733794,-0.0100588575,-0.0054106005,-0.0125837475,-0.017716952,-0.015944222
CTCF,390,0.01787749,-0.0142291,-0.007997106,-0.01461374,-0.019246092,-0.019968988
CTCF,395,0.014434578,-0.018524962,-0.011535503,-0.017922364,-0.022300212,-0.025180439
CTCF,400,0.012161596,-0.022529168,-0.014219156,-0.019424604,-0.022791717,-0.028502157
CTCF,405,0.006680406,-0.029414611,-0.01991041,-0.024456654,-0.026879743,-0.035489257
CTCF,410,0.0017426005,-0.03526072,-0.02574104,-0.028954236,-0.030329544,-0.041731525
CTCF,415,-0.0040862174,-0.042270467,-0.031372853,-0.034073647,-0.0336543,-0.04823509
CTCF,420,-0.010837062,-0.05124538,-0.03903001,-0.040309384,-0.03831224,-0.058233373
CTCF,425,-0.016221657,-0.05760432,-0.04519967,-0.046984,-0.042921282,-0.065222465
CTCF,430,-0.021493975,-0.064611875,-0.049765598,-0.050935544,-0.045367178,-0.07193157
CTCF,435,-0.024586923,-0.06772879,-0.052524626,-0.053446412,-0.046310075,-0.076463915
CTCF,440,-0.027356718,-0.07105288,-0.054989167,-0.055088677,-0.046317045,-0.07906146
CTCF,445,-0.030046463,-0.07615119,-0.058198284,-0.06095761,-0.050228223,-0.085174926
CTCF,450,-0.030254994,-0.07471633,-0.056708742,-0.060813148,-0.04900857,-0.083793625
CTCF,455,-0.03216348,-0.07678643,-0.058130376,-0.063169554,-0.049873695,-0.08661098
CTCF,460,-0.030882211,-0.07511731,-0.055289354,-0.061858825,-0.04822107,-0.08439102
CTCF,465,-0.03011018,-0.07307536,-0.053633545,-0.061614778,-0.04738565,-0.082083255
CTCF,470,-0.024851372,-0.06762314,-0.046602435,-0.056421712,-0.042035386,-0.07643679
CTCF,475,-0.02243446,-0.06475476,-0.043000426,-0.05295291,-0.03919458,-0.07258269
CTCF,480,-0.015889872,-0.057171233,-0.03378096,-0.045755513,-0.032246176,-0.063671134
CTCF,485,-0.011080545,-0.05071268,-0.027751464,-0.04003854,-0.027228326,-0.057386577
CTCF,490,-0.0042815083,-0.041030746,-0.019578004,-0.032677166,-0.020866541,-0.047967296
CTCF,495,0.0009797344,-0.035424516,-0.013893964,-0.027755369,-0.017171195,-0.041827273
CTCF,500,0.008411161,-0.026010199,-0.0045095547,-0.01941942,-0.010026432,-0.03184134
CTCF,505,0.013900568,-0.020416694,0.0012014642,-0.013026374,-0.004606239,-0.026443476
CTCF,510,0.020832706,-0.011445644,0.009488555,-0.0062011937,0.0011688918,-0.01743545
CTCF,515,0.027038723,-0.004243045,0.017085,0.000666671,0.0067709764,-0.009744836
CTCF,520,0.03323682,0.0037034813,0.023692936,0.0074933595,0.012079422,-0.0016972194
CTCF,525,0.037775405,0.008252957,0.028065244,0.011804038,0.015763327,0.0026751307
CTCF,530,0.04202965,0.013087672,0.032124627,0.016136365,0.019524973,0.0076844757
CTCF,535,0.04330024,0.015707992,0.033747043,0.018774886,0.021523826,0.009691241
CTCF,540,0.04523452,0.017852493,0.035373893,0.020957278,0.023412818,0.011310972
CTCF,545,0.04760396,0.019511333,0.03715016,0.02333509,0.025417952,0.01321043
CTCF,550,0.047861937,0.018902782,0.03706741,0.022650186,0.024709031,0.012067917
CTCF,555,0.04753149,0.017737921,0.035888918,0.02284955,0.025447804,0.011527757
CTCF,560,0.046603553,0.016500678,0.034321345,0.022826588,0.025453087,0.0095832385
CTCF,565,0.04276307,0.011846431,0.030442154,0.019748904,0.022995753,0.0050413115
CTCF,570,0.03935851,0.0082232235,0.026656149,0.017537413,0.020952888,0.0020505125
CTCF,575,0.037700847,0.005100751,0.024398474,0.015780231,0.019742895,-0.00090361014
CTCF,580,0.03453245,0.0014466535,0.02040087,0.012105979,0.017174872,-0.004848099
CTCF,585,0.031120712,-0.0033644168,0.016163848,0.008763719,0.014895695,-0.009593406
CTCF,590,0.027630135,-0.006962084,0.0130084455,0.0060348255,0.01332742,-0.012820177
CTCF,595,0.02360514,-0.013056834,0.008207235,0.0018268678,0.009700262,-0.018443232
REST/NRSF,-600,-0.061040834,-0.101399146,-0.08428474,-0.104052894,-0.061025538,-0.09767434
REST/NRSF,-595,-0.05963998,-0.09857982,-0.08268254,-0.10281523,-0.059953667,-0.0958092
REST/NRSF,-590,-0.057782765,-0.09636778,-0.08082842,-0.10088622,-0.05848972,-0.09394029
REST/NRSF,-585,-0.056328874,-0.09393872,-0.07926652,-0.099751644,-0.05772099,-0.09243258
REST/NRSF,-580,-0.053974044,-0.09119069,-0.07673312,-0.09785288,-0.05627691,-0.09018991
REST/NRSF,-575,-0.052700214,-0.08898623,-0.075355515,-0.09716263,-0.05598052,-0.08906863
REST/NRSF,-570,-0.050418474,-0.08609417,-0.07307854,-0.09544283,-0.05500863,-0.08660722
REST/NRSF,-565,-0.048493467,-0.083917685,-0.070775814,-0.09416142,-0.054284263,-0.084609695
REST/NRSF,-560,-0.046843946,-0.08167186,-0.06897965,-0.092712365,-0.053529475,-0.08280258
REST/NRSF,-555,-0.047225144,-0.08155784,-0.06933454,-0.09270116,-0.054346833,-0.08221121
REST/NRSF,-550,-0.046836663,-0.080530144,-0.0686359,-0.09297157,-0.054995,-0.081873044
REST/NRSF,-545,-0.04700194,-0.080248214,-0.068546,-0.092733145,-0.055389747,-0.081480674
REST/NRSF,-540,-0.04730856,-0.08004408,-0.06904199,-0.0930145,-0.05606951,-0.08160302
REST/NRSF,-535,-0.047595486,-0.08087244,-0.06908493,-0.09412078,-0.05701834,-0.08221655
REST/NRSF,-530,-0.048862122,-0.08194763,-0.07080556,-0.095611356,-0.058910932,-0.08302162
REST/NRSF,-525,-0.051184554,-0.08460406,-0.07276903,-0.097222306,-0.06041421,-0.0849839
REST/NRSF,-520,-0.053715453,-0.08681759,-0.075477466,-0.09975758,-0.06314678,-0.087270334
REST/NRSF,-515,-0.056416944,-0.0894082,-0.078618966,-0.102705784,-0.06608368,-0.089784436
REST/NRSF,-510,-0.060145833,-0.092928894,-0.082537144,-0.10570901,-0.06915895,-0.0932509
REST/NRSF,-505,-0.063784726,-0.09677109,-0.08629516,-0.10900037,-0.071795546,-0.09769353
REST/NRSF,-500,-0.06831157,-0.10134594,-0.09090611,-0.11308645,-0.075691886,-0.10317293
REST/NRSF,-495,-0.07294194,-0.10654132,-0.09582261,-0.11807976,-0.0800825,-0.10913269
REST/NRSF,-490,-0.07641107,-0.11043036,-0.0993972,-0.12166458,-0.083301514,-0.11387063
REST/NRSF,-485,-0.081457466,-0.11573738,-0.104297414,-0.1262968,-0.08712243,-0.120472424
REST/NRSF,-480,-0.08573015,-0.12006244,-0.10840123,-0.13015683,-0.09033628,-0.12655376
REST/NRSF,-475,-0.090809695,-0.12514645,-0.11339852,-0.13488767,-0.09458057,-0.13376194
REST/NRSF,-470,-0.09411543,-0.12843668,-0.116682015,-0.13836364,-0.0977753,-0.13798378
REST/NRSF,-465,-0.09740244,-0.13155742,-0.119982265,-0.14116777,-0.09957964,-0.14349076
REST/NRSF,-460,-0.10054568,-0.13462742,-0.12299924,-0.14344065,-0.10191358,-0.14806075
REST/NRSF,-455,-0.10380537,-0.13797,-0.1260265,-0.14641055,-0.10481746,-0.15291889
REST/NRSF,-450,-0.104869895,-0.13903394,-0.12631637,-0.14605305,-0.10463225,-0.15525375
REST/NRSF,-445,-0.10668557,-0.14056584,-0.12814672,-0.1481661,-0.106473595,-0.15854919
REST/NRSF,-440,-0.10758529,-0.14170942,-0.1288461,-0.14828753,-0.10690849,-0.16149007
REST/NRSF,-435,-0.108363025,-0.14148676,-0.12881744,-0.14786312,-0.106606945,-0.16265507
REST/NRSF,-430,-0.10668014,-0.1389979,-0.12658888,-0.1456219,-0.104817,-0.16113813
REST/NRSF,-425,-0.10645829,-0.13804749,-0.12512392,-0.144273,-0.10391952,-0.16111624
REST/NRSF,-420,-0.105267935,-0.13598473,-0.122983396,-0.14172429,-0.102127045,-0.15951748
REST/NRSF,-415,-0.10406046,-0.1338091,-0.12109853,-0.13962045,-0.10055421,-0.1585116
REST/NRSF,-410,-0.10183333,-0.13008763,-0.11803562,-0.13710727,-0.09875107,-0.1555526
REST/NRSF,-405,-0.09905208,-0.1265519,-0.11426012,-0.13414535,-0.096219644,-0.15277928
REST/NRSF,-400,-0.099058166,-0.1251273,-0.11313591,-0.1333123,-0.095993236,-0.15246268
REST/NRSF,-395,-0.09586212,-0.12016128,-0.1094578,-0.12968178,-0.093030155,-0.14731011
REST/NRSF,-390,-0.09659061,-0.119659275,-0.10898695,-0.1286543,-0.09271205,-0.14702737
REST/NRSF,-385,-0.09561545,-0.11710709,-0.107434146,-0.12678841,-0.091596216,-0.14479747
REST/NRSF,-380,-0.09477043,-0.11508096,-0.1059557,-0.12539247,-0.09073734,-0.14312829
REST/NRSF,-375,-0.09661728,-0.11545926,-0.10715259,-0.1259205,-0.091923974,-0.14401694
REST/NRSF,-370,-0.09814141,-0.11648185,-0.10744809,-0.12713265,-0.09386068,-0.145316
REST/NRSF,-365,-0.100988485,-0.11863265,-0.1103237,-0.12928922,-0.0965391,-0.14759576
REST/NRSF,-360,-0.10502888,-0.121680856,-0.11392633,-0.13261728,-0.100324325,-0.15128884
REST/NRSF,-355,-0.10983124,-0.1265914,-0.11840195,-0.13708402,-0.10496251,-0.15719947
REST/NRSF,-350,-0.11425351,-0.13031898,-0.12293842,-0.14135775,-0.1097375,-0.16116847
REST/NRSF,-345,-0.121392846,-0.13708831,-0.13004917,-0.1476307,-0.116078235,-0.16873588
REST/NRSF,-340,-0.12806733,-0.14330265,-0.13719974,-0.15482238,-0.1231093,-0.17591017
REST/NRSF,-335,-0.13627931,-0.1518297,-0.14552052,-0.1634239,-0.13166465,-0.18500057
REST/NRSF,-330,-0.14453265,-0.15897487,-0.15345328,-0.17101191,-0.13884388,-0.1939203
REST/NRSF,-325,-0.15327746,-0.16784677,-0.16248637,-0.17933597,-0.1465696,-0.20309891
REST/NRSF,-320,-0.16268907,-0.17803982,-0.17196046,-0.18857548,-0.1554896,-0.21392454
REST/NRSF,-315,-0.172164,-0.187262,-0.18188769,-0.19946438,-0.16581553,-0.2250904
REST/NRSF,-310,-0.18113811,-0.19627005,-0.1907426,-0.20849326,-0.17440584,-0.23574592
REST/NRSF,-305,-0.18734358,-0.20247932,-0.19695295,-0.215252,-0.18035787,-0.24350691
REST/NRSF,-300,-0.19462758,-0.20952229,-0.20440689,-0.22196402,-0.1867086,-0.25274077
REST/NRSF,-295,-0.20233837,-0.21701843,-0.21189319,-0.2290586,-0.19313793,-0.26271385
REST/NRSF,-290,-0.20835938,-0.22247095,-0.2180076,-0.23503001,-0.19866295,-0.2704426
REST/NRSF,-285,-0.21348037,-0.22662808,-0.22297768,-0.24025384,-0.20358591,-0.27666715
REST/NRSF,-280,-0.21790628,-0.22971587,-0.22730686,-0.24406494,-0.20692994,-0.28237006
REST/NRSF,-275,-0.22235057,-0.23267071,-0.23162256,-0.24777107,-0.21056835,-0.28810087
REST/NRSF,-270,-0.22673221,-0.23584194,-0.23527442,-0.25067523,-0.21376802,-0.29275572
REST/NRSF,-265,-0.22747496,-0.23529813,-0.23599556,-0.25069737,-0.21408,-0.2944016
REST/NRSF,-260,-0.22939107,-0.23586465,-0.23755528,-0.2510034,-0.21478397,-0.2969349
REST/NRSF,-255,-0.22914834,-0.23513733,-0.23723976,-0.24894316,-0.21356267,-0.29775766
REST/NRSF,-250,-0.23003489,-0.23519966,-0.23766592,-0.24851084,-0.2136702,-0.30013874
REST/NRSF,-245,-0.22903818,-0.23428865,-0.23634659,-0.24551418,-0.21129058,-0.3001442
REST/NRSF,-240,-0.22895564,-0.23332359,-0.2362838,-0.244546,-0.21125732,-0.30076334
REST/NRSF,-235,-0.23031013,-0.23410247,-0.23671381,-0.24364138,-0.21149293,-0.30311558
REST/NRSF,-230,-0.2294655,-0.23310202,-0.2355772,-0.24186575,-0.21068364,-0.30294448
REST/NRSF,-225,-0.22899507,-0.23184384,-0.23436904,-0.2396093,-0.20910676,-0.3020916
REST/NRSF,-220,-0.23071797,-0.23289096,-0.2349704,-0.24007507,-0.21001384,-0.30377474
REST/NRSF,-215,-0.23002903,-0.23164263,-0.23446582,-0.23813099,-0.20909126,-0.30238357
REST/NRSF,-210,-0.23210175,-0.2331683,-0.2355555,-0.23770422,-0.21007861,-0.30432805
REST/NRSF,-205,-0.23592158,-0.23838916,-0.23882881,-0.24038915,-0.2128904,-0.30949822
REST/NRSF,-200,-0.2418678,-0.24357253,-0.24298066,-0.24516167,-0.21827464,-0.31492087
REST/NRSF,-195,-0.24777941,-0.25042826,-0.2489771,-0.24999797,-0.22413494,-0.32098252
REST/NRSF,-190,-0.2562272,-0.2581792,-0.2579341,-0.25787932,-0.23322211,-0.32961494
REST/NRSF,-185,-0.26467344,-0.2671661,-0.26666418,-0.2663968,-0.24221714,-0.33889318
REST/NRSF,-180,-0.27740365,-0.2803128,-0.2787729,-0.2782101,-0.2537473,-0.35082614
REST/NRSF,-175,-0.28658968,-0.2905235,-0.28871125,-0.2883509,-0.26449758,-0.36056077
REST/NRSF,-170,-0.29947627,-0.30558872,-0.3022854,-0.3025196,-0.27868393,-0.37509108
REST/NRSF,-165,-0.31287557,-0.3184162,-0.3157117,-0.3170648,-0.29265594,-0.38747004
REST/NRSF,-160,-0.32401285,-0.32963297,-0.32755256,-0.3305602,-0.30615112,-0.39913905
REST/NRSF,-155,-0.33334962,-0.34013942,-0.3373379,-0.34136426,-0.316666,-0.40977842
REST/NRSF,-150,-0.34620735,-0.3534341,-0.3503538,-0.35751086,-0.3324742,-0.42423344
REST/NRSF,-145,-0.3545864,-0.36225978,-0.3604188,-0.36930248,-0.34433836,-0.43340766
REST/NRSF,-140,-0.3644918,-0.37354696,-0.37134686,-0.38286605,-0.3575782,-0.44412103
REST/NRSF,-135,-0.37387806,-0.38328004,-0.38199067,-0.395302,-0.37070957,-0.4542924
REST/NRSF,-130,-0.38323396,-0.39230314,-0.3928546,-0.4080816,-0.38389704,-0.46243858
REST/NRSF,-125,-0.39097723,-0.40030992,-0.40017614,-0.4174999,-0.39327797,-0.46955472
REST/NRSF,-120,-0.39937514,-0.40903315,-0.40921634,-0.42932984,-0.40509552,-0.4786712
REST/NRSF,-115,-0.40862978,-0.41818964,-0.41989857,-0.44086212,-0.4174615,-0.48787314
REST/NRSF,-110,-0.41676885,-0.42778188,-0.42927516,-0.452098,-0.42878604,-0.49626166
REST/NRSF,-105,-0.42533824,-0.43661347,-0.43942147,-0.46553248,-0.4425952,-0.5038069
REST/NRSF,-100,-0.4330651,-0.44290856,-0.4491451,-0.4759442,-0.45447174,-0.5099191
REST/NRSF,-95,-0.44182715,-0.45101708,-0.4578087,-0.48692426,-0.46556816,-0.51800627
REST/NRSF,-90,-0.45284742,-0.46327153,-0.4686576,-0.5009485,-0.47939435,-0.52975655
REST/NRSF,-85,-0.45896295,-0.47016293,-0.47579375,-0.5094374,-0.488269,-0.53546846
REST/NRSF,-80,-0.4678467,-0.47713155,-0.4850665,-0.5203597,-0.4992018,-0.54239255
REST/NRSF,-75,-0.47561118,-0.48468032,-0.49203727,-0.5294135,-0.5085763,-0.549121
REST/NRSF,-70,-0.4851209,-0.49381444,-0.5009802,-0.5396025,-0.5185178,-0.5566409
REST/NRSF,-65,-0.49297643,-0.50259036,-0.5106544,-0.5502657,-0.52909446,-0.56470245
REST/NRSF,-60,-0.50433004,-0.51365507,-0.5223603,-0.5630746,-0.54226345,-0.5740599
REST/NRSF,-55,-0.5122992,-0.52276963,-0.53102565,-0.5762933,-0.55476856,-0.58273786
REST/NRSF,-50,-0.5233739,-0.5329494,-0.5424694,-0.5913255,-0.5685615,-0.5921919
REST/NRSF,-45,-0.53143424,-0.5426078,-0.5528477,-0.6067808,-0.58288765,-0.60129476
REST/NRSF,-40,-0.5436104,-0.5542632,-0.56383455,-0.6225021,-0.59661895,-0.61242205
REST/NRSF,-35,-0.55511624,-0.5644287,-0.577747,-0.6377014,-0.61138946,-0.62135684
REST/NRSF,-30,-0.5677356,-0.5789146,-0.5916264,-0.6553311,-0.6268473,-0.63385576
REST/NRSF,-25,-0.57854617,-0.59175485,-0.60417527,-0.6700615,-0.6401588,-0.644912
REST/NRSF,-20,-0.5929186,-0.6059618,-0.6187665,-0.68692327,-0.65642655,-0.65890026
REST/NRSF,-15,-0.60203713,-0.6162456,-0.62873113,-0.7025798,-0.6689642,-0.6680442
REST/NRSF,-10,-0.60188997,-0.61682135,-0.62761426,-0.70136374,-0.66622883,-0.6691719
REST/NRSF,-5,-0.6246004,-0.64221114,-0.65023756,-0.73793656,-0.6971318,-0.6916551
REST/NRSF,0,-0.6727507,-0.6847085,-0.7013938,-0.77915525,-0.74557,-0.73170775
REST/NRSF,5,-0.6705289,-0.68240577,-0.6989982,-0.77806693,-0.7425943,-0.7306836
REST/NRSF,10,-0.6598596,-0.6676597,-0.6907269,-0.7610505,-0.7283256,-0.71992403
REST/NRSF,15,-0.64616305,-0.6516709,-0.67819875,-0.74023426,-0.7105776,-0.7068047
REST/NRSF,20,-0.6325172,-0.6353681,-0.6654625,-0.71876633,-0.6923303,-0.6925111
REST/NRSF,25,-0.6161499,-0.6165545,-0.6479548,-0.6913187,-0.6692291,-0.67408603
REST/NRSF,30,-0.6025011,-0.6018065,-0.6336574,-0.67044324,-0.6510811,-0.6596746
REST/NRSF,35,-0.59215766,-0.5912276,-0.62313366,-0.6544098,-0.6375221,-0.65020466
REST/NRSF,40,-0.580714,-0.5800104,-0.61118853,-0.6390405,-0.62342703,-0.6383098
REST/NRSF,45,-0.57133937,-0.57004434,-0.60240763,-0.6248729,-0.6108768,-0.62896407
REST/NRSF,50,-0.5615463,-0.55923605,-0.5923651,-0.6109758,-0.59743166,-0.6180362
REST/NRSF,55,-0.5530108,-0.54916745,-0.5843489,-0.5974056,-0.58525336,-0.61015314
REST/NRSF,60,-0.54392344,-0.5398188,-0.5747393,-0.58514154,-0.5728534,-0.59935606
REST/NRSF,65,-0.5329273,-0.5294372,-0.5620124,-0.57106435,-0.5579502,-0.5892747
REST/NRSF,70,-0.52440923,-0.52086914,-0.5531104,-0.55976164,-0.5466944,-0.5809079
REST/NRSF,75,-0.51657355,-0.5133061,-0.543128,-0.5498474,-0.5359358,-0.57275945
REST/NRSF,80,-0.5063481,-0.50327075,-0.5335503,-0.5365776,-0.52201045,-0.563485
REST/NRSF,85,-0.49550772,-0.49400565,-0.52292204,-0.5247105,-0.5100634,-0.55368197
REST/NRSF,90,-0.4881166,-0.48679298,-0.51427263,-0.5148503,-0.49957794,-0.54650784
REST/NRSF,95,-0.47934037,-0.47882724,-0.5045751,-0.50356257,-0.48707017,-0.53779185
REST/NRSF,100,-0.4698084,-0.4678812,-0.49485546,-0.49148002,-0.47521368,-0.52785414
REST/NRSF,105,-0.45895934,-0.45629692,-0.4835257,-0.478365,-0.4608687,-0.51698214
REST/NRSF,110,-0.44609073,-0.44365513,-0.47088042,-0.46317896,-0.446194,-0.5042905
REST/NRSF,115,-0.4386862,-0.43617013,-0.4613899,-0.45289254,-0.43459502,-0.49819332
REST/NRSF,120,-0.42668086,-0.42565,-0.44935128,-0.440156,-0.42129833,-0.48639682
REST/NRSF,125,-0.41953653,-0.42090714,-0.44226512,-0.43241084,-0.41277295,-0.48144472
REST/NRSF,130,-0.41091913,-0.41207176,-0.433834,-0.4222167,-0.40313187,-0.47202274
REST/NRSF,135,-0.40061766,-0.40286046,-0.42278156,-0.40878588,-0.3897409,-0.46275458
REST/NRSF,140,-0.38985115,-0.39139324,-0.4117899,-0.39527532,-0.37631625,-0.45076254
REST/NRSF,145,-0.3792773,-0.38045073,-0.40098053,-0.38052076,-0.36217278,-0.43970644
REST/NRSF,150,-0.3676556,-0.3691228,-0.3895259,-0.36664367,-0.34923804,-0.42885533
REST/NRSF,155,-0.35451597,-0.3573917,-0.37642357,-0.35028198,-0.3330877,-0.41726884
REST/NRSF,160,-0.34101173,-0.34292045,-0.3635757,-0.33383507,-0.3176077,-0.40243047
REST/NRSF,165,-0.3281186,-0.32939538,-0.35008165,-0.31748775,-0.30163962,-0.3869664
REST/NRSF,170,-0.31391454,-0.31539586,-0.33582687,-0.30120876,-0.28522065,-0.3724416
REST/NRSF,175,-0.30244955,-0.3043883,-0.32565024,-0.28832033,-0.273479,-0.3615549
REST/NRSF,180,-0.29143173,-0.29314163,-0.31425977,-0.27601594,-0.26113617,-0.3501843
REST/NRSF,185,-0.28035793,-0.28207517,-0.30246463,-0.2643881,-0.24911131,-0.33900416
REST/NRSF,190,-0.27196905,-0.2738813,-0.2945552,-0.25557682,-0.24069123,-0.33060068
REST/NRSF,195,-0.26337528,-0.26534057,-0.28629825,-0.24684052,-0.23152271,-0.32228383
REST/NRSF,200,-0.25556022,-0.25715497,-0.27880946,-0.23982556,-0.22405723,-0.31416228
REST/NRSF,205,-0.24975298,-0.25308713,-0.27332777,-0.23538043,-0.21876131,-0.31039247
REST/NRSF,210,-0.24674888,-0.24985667,-0.26975894,-0.23301375,-0.21605974,-0.30754575
REST/NRSF,215,-0.24403296,-0.24792905,-0.2667861,-0.23210374,-0.2138034,-0.3057836
REST/NRSF,220,-0.24520513,-0.25022057,-0.26910844,-0.23474328,-0.21585,-0.30858245
REST/NRSF,225,-0.24594498,-0.25286186,-0.26944938,-0.23664956,-0.21625984,-0.31011334
REST/NRSF,230,-0.24659292,-0.2544081,-0.27065992,-0.2395404,-0.21816191,-0.31199664
REST/NRSF,235,-0.25092503,-0.26080942,-0.2759035,-0.24612664,-0.22326684,-0.3177773
REST/NRSF,240,-0.2542332,-0.26516315,-0.27863964,-0.25060332,-0.22569712,-0.32194802
REST/NRSF,245,-0.25693184,-0.27076045,-0.2825119,-0.25656474,-0.23062165,-0.32652333
REST/NRSF,250,-0.26057366,-0.2744358,-0.28584322,-0.26111236,-0.23361975,-0.3291053
REST/NRSF,255,-0.2604678,-0.27568182,-0.28658262,-0.2636456,-0.2345274,-0.32899016
REST/NRSF,260,-0.261418,-0.27801886,-0.28841752,-0.2671283,-0.23631836,-0.3298396
REST/NRSF,265,-0.26156434,-0.27989015,-0.2889253,-0.26951656,-0.23739702,-0.3306012
REST/NRSF,270,-0.261684,-0.28167823,-0.28949335,-0.2711207,-0.23756076,-0.3300108
REST/NRSF,275,-0.25813115,-0.28020057,-0.28644148,-0.27028558,-0.23556232,-0.3276023
REST/NRSF,280,-0.2542261,-0.27845532,-0.28394583,-0.26989242,-0.23391376,-0.32412004
REST/NRSF,285,-0.248374,-0.27314964,-0.27840936,-0.26521024,-0.2288236,-0.31845295
REST/NRSF,290,-0.24289697,-0.26842472,-0.27266932,-0.26128182,-0.22408721,-0.31165522
REST/NRSF,295,-0.23666772,-0.26225024,-0.26664326,-0.25511205,-0.21784842,-0.30432937
REST/NRSF,300,-0.22873423,-0.2565824,-0.26006764,-0.24923994,-0.21199086,-0.2969727
REST/NRSF,305,-0.22083016,-0.24857685,-0.25195035,-0.24158494,-0.20419009,-0.2874557
REST/NRSF,310,-0.21197675,-0.24024321,-0.24329107,-0.23358731,-0.19631894,-0.27797753
REST/NRSF,315,-0.20046392,-0.22894233,-0.2314841,-0.22346233,-0.18594918,-0.266082
REST/NRSF,320,-0.19052888,-0.2182575,-0.221364,-0.21291518,-0.17590727,-0.25467926
REST/NRSF,325,-0.17757736,-0.204606,-0.2074923,-0.20009461,-0.16342443,-0.24076377
REST/NRSF,330,-0.16790518,-0.19548376,-0.19712946,-0.19133443,-0.1550359,-0.23077205
REST/NRSF,335,-0.15680736,-0.1845325,-0.18603304,-0.18104696,-0.14491189,-0.21870591
REST/NRSF,340,-0.14651564,-0.17367949,-0.17588532,-0.1702428,-0.13525967,-0.20751747
REST/NRSF,345,-0.13866137,-0.16501278,-0.16721189,-0.1623227,-0.12770444,-0.1989026
REST/NRSF,350,-0.12997256,-0.15616567,-0.15818849,-0.1536203,-0.119664185,-0.19011624
REST/NRSF,355,-0.122755714,-0.14861628,-0.15091875,-0.14709064,-0.11357073,-0.18163227
REST/NRSF,360,-0.11731322,-0.14309724,-0.14514287,-0.14129432,-0.10807106,-0.1755367
REST/NRSF,365,-0.112041354,-0.13747646,-0.13956942,-0.13651669,-0.103870876,-0.17015457
REST/NRSF,370,-0.10910752,-0.13481922,-0.13618088,-0.13295326,-0.1008131,-0.16648513
REST/NRSF,375,-0.10628737,-0.13212818,-0.13363525,-0.13037094,-0.097757,-0.16394624
REST/NRSF,380,-0.10526329,-0.13212444,-0.13254395,-0.12995629,-0.09765053,-0.16377842
REST/NRSF,385,-0.10619731,-0.13328837,-0.13307278,-0.13049962,-0.097806446,-0.16468726
REST/NRSF,390,-0.10736555,-0.13543205,-0.1342185,-0.13173336,-0.09851382,-0.16617097
REST/NRSF,395,-0.10928048,-0.13778204,-0.13564223,-0.13366538,-0.099728085,-0.16832608
REST/NRSF,400,-0.11226522,-0.14207003,-0.1384427,-0.13624097,-0.101463206,-0.17224464
REST/NRSF,405,-0.11569554,-0.14607903,-0.14257911,-0.13974309,-0.10444194,-0.175764
REST/NRSF,410,-0.11936787,-0.15098427,-0.14624625,-0.14387462,-0.10742809,-0.18108611
REST/NRSF,415,-0.12343363,-0.15654281,-0.15014857,-0.14796838,-0.11027688,-0.18600939
REST/NRSF,420,-0.12599371,-0.16021198,-0.1528376,-0.15047158,-0.111584336,-0.18963835
REST/NRSF,425,-0.13061337,-0.16496386,-0.1567868,-0.15440613,-0.11418075,-0.19407089
REST/NRSF,430,-0.13301164,-0.16779287,-0.1595726,-0.15752596,-0.11605709,-0.19677359
REST/NRSF,435,-0.13495749,-0.17027012,-0.16090293,-0.15927474,-0.116631605,-0.19878905
REST/NRSF,440,-0.1347213,-0.17129163,-0.1604251,-0.16031283,-0.11647206,-0.19941804
REST/NRSF,445,-0.13480526,-0.17105952,-0.16015847,-0.16160578,-0.116871364,-0.19889875
REST/NRSF,450,-0.13495593,-0.17122129,-0.15910384,-0.16205874,-0.116177954,-0.1983935
REST/NRSF,455,-0.13389698,-0.17037238,-0.15714152,-0.1613406,-0.11440548,-0.19749203
REST/NRSF,460,-0.13203578,-0.16916966,-0.15540117,-0.1604277,-0.113031924,-0.19527978
REST/NRSF,465,-0.12838289,-0.16425622,-0.15003067,-0.15655248,-0.10897466,-0.18973885
REST/NRSF,470,-0.12481012,-0.1603568,-0.14550582,-0.1533655,-0.10572175,-0.18491049
REST/NRSF,475,-0.11974438,-0.15506099,-0.13944277,-0.14798465,-0.100146905,-0.17786667
REST/NRSF,480,-0.11340005,-0.1475364,-0.13215849,-0.1418067,-0.09408687,-0.16896397
REST/NRSF,485,-0.10840116,-0.1415442,-0.12619342,-0.13664523,-0.08926379,-0.16221365
REST/NRSF,490,-0.10227323,-0.13470376,-0.118947715,-0.13035917,-0.08383352,-0.15390012
REST/NRSF,495,-0.09705713,-0.12904158,-0.11309497,-0.12543565,-0.079229526,-0.1473015
REST/NRSF,500,-0.09007843,-0.12134801,-0.105609804,-0.11880509,-0.07317842,-0.13847804
REST/NRSF,505,-0.08286131,-0.114333056,-0.09845126,-0.11250328,-0.06736175,-0.13061804
REST/NRSF,510,-0.07642585,-0.10762533,-0.09143318,-0.10672856,-0.062074736,-0.12275349
REST/NRSF,515,-0.070395626,-0.10089447,-0.08490697,-0.1009831,-0.057005316,-0.11513164
REST/NRSF,520,-0.06482232,-0.09498621,-0.07916859,-0.095471784,-0.05189711,-0.108316176
REST/NRSF,525,-0.060497645,-0.08993296,-0.07472374,-0.09125177,-0.048053555,-0.10325477
REST/NRSF,530,-0.0569351,-0.086130746,-0.07073929,-0.087253325,-0.044742275,-0.09846253
REST/NRSF,535,-0.053673193,-0.082982376,-0.06766304,-0.08408493,-0.04194291,-0.09526009
REST/NRSF,540,-0.051024843,-0.080255575,-0.065476134,-0.08153277,-0.03974046,-0.09209446
REST/NRSF,545,-0.050818216,-0.08091289,-0.06543836,-0.081104785,-0.039510954,-0.09217063
REST/NRSF,550,-0.051269703,-0.081377015,-0.06598587,-0.08089306,-0.039326385,-0.092090465
REST/NRSF,555,-0.05175619,-0.08200017,-0.066344075,-0.08097914,-0.03916432,-0.09273571
REST/NRSF,560,-0.05265548,-0.08318628,-0.067631856,-0.08162884,-0.039779417,-0.093226254
REST/NRSF,565,-0.054137286,-0.08497005,-0.06914296,-0.082863554,-0.04071709,-0.094674155
REST/NRSF,570,-0.05677068,-0.088782735,-0.072131485,-0.08520617,-0.04269837,-0.09785524
REST/NRSF,575,-0.059099775,-0.091812566,-0.074576415,-0.08752585,-0.044234816,-0.10082726
REST/NRSF,580,-0.06192852,-0.095360465,-0.07779459,-0.09067568,-0.046705104,-0.1036817
REST/NRSF,585,-0.06478586,-0.09849928,-0.08087832,-0.093260705,-0.0483464,-0.10615741
REST/NRSF,590,-0.06651601,-0.101121694,-0.08262562,-0.094541654,-0.049015813,-0.108130775
REST/NRSF,595,-0.0692365,-0.10441677,-0.085299365,-0.097368255,-0.05090365,-0.11053438
YY1,-600,0.029133072,0.030630166,0.028823541,0.019473812,0.02366994,0.03076896
YY1,-595,0.02950796,0.030935233,0.029077526,0.019783277,0.023876255,0.030878527
YY1,-590,0.030684832,0.032501336,0.03058519,0.021212757,0.02566054,0.03238752
YY1,-585,0.031210897,0.032554206,0.031125415,0.021149201,0.026013812,0.03271146
YY1,-580,0.03149706,0.03310105,0.031411964,0.021318423,0.026239382,0.033042274
YY1,-575,0.03178562,0.033217862,0.032124523,0.021909105,0.026962778,0.032812852
YY1,-570,0.032790203,0.034737807,0.03296237,0.022676721,0.02784817,0.034329385
YY1,-565,0.034262195,0.036087062,0.034708902,0.024215465,0.02948966,0.035551872
YY1,-560,0.034633745,0.036988173,0.035079706,0.024219582,0.029418012,0.03618837
YY1,-555,0.03499417,0.036914933,0.03540557,0.024381718,0.029568069,0.036200862
YY1,-550,0.036099356,0.038293686,0.03655543,0.02511594,0.030091064,0.037448186
YY1,-545,0.037046906,0.038650732,0.037297558,0.025573904,0.03038443,0.037904445
YY1,-540,0.038135312,0.04015051,0.038554545,0.026003,0.031133385,0.039022706
YY1,-535,0.038742132,0.040804937,0.039109327,0.026751865,0.031755604,0.039584983
YY1,-530,0.040583592,0.04277974,0.04141631,0.028573142,0.033579286,0.04189324
YY1,-525,0.041814163,0.043808244,0.042121064,0.029023169,0.033856932,0.043238055
YY1,-520,0.04245937,0.044558153,0.04268496,0.029095935,0.03390239,0.043635037
YY1,-515,0.04315842,0.04527515,0.043393552,0.02946531,0.034403615,0.04468306
YY1,-510,0.043631077,0.046471372,0.044198263,0.029825373,0.03458738,0.04566892
YY1,-505,0.04491879,0.047091603,0.045201242,0.030002307,0.03491366,0.04630688
YY1,-500,0.045033887,0.04721326,0.04547495,0.030465357,0.035140157,0.04697607
YY1,-495,0.046530485,0.048877288,0.046769165,0.0309065,0.036058925,0.04883767
YY1,-490,0.046972055,0.04904523,0.047014378,0.03076329,0.036114205,0.048928093
YY1,-485,0.048278686,0.05057209,0.04863762,0.032227997,0.037639998,0.05048675
YY1,-480,0.048802186,0.05072998,0.048827294,0.031969063,0.03748421,0.05081928
YY1,-475,0.049914163,0.05189411,0.049620885,0.03226267,0.03767714,0.05228794
YY1,-470,0.050420124,0.05242644,0.050220203,0.032326035,0.03798172,0.05264921
YY1,-465,0.051445995,0.052916612,0.051126003,0.03268761,0.038202938,0.053938728
YY1,-460,0.051487707,0.053225026,0.051201634,0.03230779,0.038299974,0.05373261
YY1,-455,0.05274908,0.05403355,0.051705256,0.032301825,0.038228594,0.054995917
YY1,-450,0.054184016,0.055245448,0.05272954,0.033358715,0.039582677,0.05647842
YY1,-445,0.053192206,0.0539994,0.05143711,0.03196212,0.038278803,0.054958824
YY1,-440,0.054482598,0.054906297,0.052646324,0.032783173,0.03932823,0.056222912
YY1,-435,0.054620057,0.055275727,0.052779596,0.032498106,0.038956594,0.056286164
YY1,-430,0.055071693,0.055121776,0.053149372,0.0327173,0.0391152,0.05678866
YY1,-425,0.05519563,0.0553386,0.05283979,0.032773424,0.039308235,0.05700107
YY1,-420,0.05669295,0.056431163,0.054051936,0.033460435,0.040058464,0.05849577
YY1,-415,0.057003234,0.05696978,0.05417524,0.033947688,0.040744774,0.058975514
YY1,-410,0.058050036,0.057466753,0.055171832,0.034107774,0.041089885,0.060151648
YY1,-405,0.06010633,0.0597703,0.056932595,0.035143886,0.042251654,0.062324733
YY1,-400,0.060535345,0.059948046,0.05755135,0.035829384,0.04277645,0.06262298
YY1,-395,0.06263952,0.06192373,0.058870476,0.036402676,0.043442123,0.06483211
YY1,-390,0.064755365,0.06334607,0.061116785,0.037640184,0.045056373,0.06603076
YY1,-385,0.06465603,0.06378497,0.061771967,0.03847136,0.045998227,0.06674222
YY1,-380,0.06575923,0.06410368,0.06275877,0.038633905,0.046057753,0.067669936
YY1,-375,0.06948027,0.0677539,0.06628351,0.0411782,0.04875089,0.07143362
YY1,-370,0.07032335,0.06859357,0.06708137,0.042069413,0.049428187,0.072601765
YY1,-365,0.07150778,0.06946477,0.068182275,0.042591546,0.049872153,0.07327207
YY1,-360,0.0727804,0.07068341,0.06938875,0.043066274,0.050491158,0.074726455
YY1,-355,0.07445756,0.073194176,0.07164373,0.04537401,0.052813,0.07748756
YY1,-350,0.07674583,0.074833706,0.07365953,0.04600013,0.053142194,0.08017912
YY1,-345,0.077827886,0.07531994,0.07453824,0.04696704,0.0545552,0.08047338
YY1,-340,0.0804195,0.07736703,0.077120334,0.048049886,0.05551258,0.08244787
YY1,-335,0.0797699,0.07750369,0.076515384,0.048622414,0.055989284,0.082639694
YY1,-330,0.08290803,0.080598265,0.07952846,0.050209068,0.05777602,0.08670271
YY1,-325,0.08390838,0.08188847,0.07997779,0.050509576,0.058041085,0.08810134
YY1,-320,0.08471087,0.080983534,0.08079534,0.05007742,0.057536177,0.087784536
YY1,-315,0.088736095,0.085971095,0.08438573,0.0537065,0.061542053,0.09283504
YY1,-310,0.08872489,0.084365144,0.08512731,0.053227007,0.061493523,0.09173471
YY1,-305,0.09022655,0.08584667,0.08581829,0.054085698,0.06220142,0.09361063
YY1,-300,0.09039196,0.08638775,0.08622873,0.054271344,0.062436126,0.094291374
YY1,-295,0.09116407,0.08636841,0.08667364,0.05322257,0.061660796,0.09516454
YY1,-290,0.09392922,0.08853994,0.08898692,0.055707354,0.064612605,0.09742233
YY1,-285,0.094430685,0.08892638,0.09002077,0.05444207,0.06373955,0.097961895
YY1,-280,0.0956891,0.08925958,0.09117066,0.056102626,0.06545051,0.09908144
YY1,-275,0.09696353,0.09073472,0.09279095,0.057118487,0.06693175,0.10050984
YY1,-270,0.09822766,0.09108706,0.09314673,0.056759063,0.066798165,0.10108085
YY1,-265,0.09844634,0.09206151,0.0934203,0.05601637,0.06611169,0.10231876
YY1,-260,0.10002539,0.09305247,0.09556189,0.057853363,0.06883291,0.10330296
YY1,-255,0.10172776,0.094574936,0.09632276,0.059009828,0.06998342,0.10511594
YY1,-250,0.101312995,0.09376061,0.09536056,0.057173103,0.068522744,0.103939615
YY1,-245,0.10282284,0.09483938,0.0965584,0.058113348,0.07012066,0.105390586
YY1,-240,0.10548137,0.09794073,0.09894827,0.059828505,0.0724003,0.10774847
YY1,-235,0.10723045,0.099075675,0.1012482,0.061097078,0.07386915,0.10967594
YY1,-230,0.11047975,0.101552576,0.10423496,0.06432371,0.07729074,0.11159942
YY1,-225,0.110806175,0.10134955,0.10342119,0.06302752,0.07549811,0.1116881
YY1,-220,0.1125363,0.10430803,0.10556019,0.06487794,0.07752292,0.11435814
YY1,-215,0.11611495,0.10624863,0.10979563,0.06714029,0.08046517,0.11670283
YY1,-210,0.11809691,0.1071172,0.11188286,0.06846173,0.08207943,0.117019705
YY1,-205,0.121784426,0.11060207,0.115332656,0.07067335,0.084358394,0.12149428
YY1,-200,0.12320994,0.1130155,0.11644814,0.07208331,0.08573982,0.12244838
YY1,-195,0.12726945,0.11698325,0.12019434,0.07356124,0.086691074,0.1266297
YY1,-190,0.12855686,0.119665466,0.121031374,0.076621756,0.09031608,0.12781437
YY1,-185,0.1301932,0.12070777,0.12321654,0.07675721,0.09073519,0.12896273
YY1,-180,0.13504608,0.12575963,0.12760027,0.07786978,0.09195927,0.13320498
YY1,-175,0.14209068,0.13146073,0.13372792,0.0831722,0.09783542,0.13913228
YY1,-170,0.14130363,0.1304591,0.13239154,0.08167371,0.095910944,0.1382871
YY1,-165,0.14800435,0.1363328,0.13793376,0.085092016,0.09941678,0.143806
YY1,-160,0.14902936,0.13792734,0.13864112,0.08625191,0.100470826,0.14569537
YY1,-155,0.15133834,0.14028458,0.14150153,0.088011034,0.101763,0.1474745
YY1,-150,0.15468736,0.14417371,0.14394349,0.08965611,0.10441776,0.14982124
YY1,-145,0.15702333,0.14564657,0.1466582,0.09113097,0.10596372,0.15256807
YY1,-140,0.15991315,0.14798437,0.14822748,0.09172967,0.10693982,0.15634435
YY1,-135,0.16291593,0.15102571,0.15083823,0.09430288,0.10964231,0.15907697
YY1,-130,0.15828495,0.14832665,0.14769708,0.09100926,0.10677074,0.1555209
YY1,-125,0.16020638,0.1492895,0.14808773,0.092053056,0.1077219,0.1558843
YY1,-120,0.16164732,0.1516176,0.15063483,0.09354274,0.10948679,0.1574495
YY1,-115,0.16181058,0.1509519,0.15203172,0.09472169,0.11078137,0.15778556
YY1,-110,0.16518252,0.15459377,0.1541964,0.09541841,0.11235792,0.16076551
YY1,-105,0.16704245,0.15655579,0.15631406,0.097047284,0.1143625,0.16403951
YY1,-100,0.1664341,0.15764047,0.1553782,0.0963722,0.11275513,0.16514097
YY1,-95,0.17005026,0.15953453,0.15914953,0.0978151,0.115495324,0.16907029
YY1,-90,0.17167376,0.16183989,0.16135742,0.10109798,0.11864365,0.17026493
YY1,-85,0.16939929,0.16180724,0.16245165,0.10182853,0.12030358,0.16973098
YY1,-80,0.17047456,0.16019243,0.16237117,0.09995148,0.11982312,0.16981182
YY1,-75,0.1716608,0.16455474,0.16538502,0.10495699,0.124276035,0.17098218
YY1,-70,0.17205128,0.16376115,0.16519162,0.10250128,0.12355016,0.17254938
YY1,-65,0.17253123,0.1645315,0.1631965,0.1018922,0.1221764,0.17027546
YY1,-60,0.17807294,0.17180245,0.16989212,0.107824355,0.12880643,0.17682101
YY1,-55,0.17958105,0.17181577,0.1701918,0.105520375,0.12730445,0.17641938
YY1,-50,0.1858541,0.17851993,0.17859001,0.11025471,0.13195217,0.18318489
YY1,-45,0.19144209,0.18380788,0.18169,0.1134342,0.13551608,0.18885732
YY1,-40,0.19139022,0.18396893,0.18181688,0.11529392,0.13783437,0.18807177
YY1,-35,0.19565678,0.1884643,0.1842695,0.120251745,0.1420777,0.19250138
YY1,-30,0.20319153,0.19465828,0.19097538,0.123629615,0.1467968,0.1982747
YY1,-25,0.20303977,0.19589433,0.19219592,0.12529369,0.14964423,0.19789457
YY1,-20,0.21902256,0.20764126,0.2044091,0.13465063,0.15917353,0.21020584
YY1,-15,0.21796167,0.20484836,0.20227003,0.1349925,0.15905577,0.20778841
YY1,-10,0.22976413,0.21639743,0.21172363,0.14107727,0.16507307,0.21803996
YY1,-5,0.23377746,0.22248945,0.21509194,0.14281459,0.1675863,0.22184065
YY1,0,0.22140786,0.21354336,0.20737581,0.14544606,0.16932954,0.20197554
YY1,5,0.26878455,0.24743687,0.24934155,0.16113782,0.19163594,0.24544792
YY1,10,0.24145249,0.22271091,0.22420093,0.14139672,0.17043164,0.22581477
YY1,15,0.23999013,0.2210115,0.22504036,0.14270909,0.16810752,0.22827241
YY1,20,0.22655632,0.20904253,0.21410555,0.13460234,0.16097727,0.21926479
YY1,25,0.22167632,0.20605457,0.21112515,0.13424045,0.15864518,0.21793154
YY1,30,0.21187307,0.19761762,0.19939609,0.12549505,0.15079704,0.20810059
YY1,35,0.20848086,0.19389714,0.19814119,0.12297482,0.145727,0.20722161
YY1,40,0.20146358,0.1899007,0.19390017,0.11979586,0.14341041,0.20046167
YY1,45,0.19610287,0.18358624,0.18790737,0.114305936,0.13630319,0.1960822
YY1,50,0.19211535,0.18046606,0.18434091,0.11169867,0.13394856,0.19207788
YY1,55,0.18547319,0.17318846,0.17823571,0.10934624,0.13006851,0.1847172
YY1,60,0.18697752,0.17343584,0.18025899,0.10813311,0.13256778,0.18634084
YY1,65,0.18445298,0.17216825,0.1770882,0.10851376,0.13041899,0.18467669
YY1,70,0.17824148,0.1652395,0.17278002,0.10198998,0.1259264,0.17856352
YY1,75,0.17398925,0.16288885,0.1683455,0.09910981,0.12068163,0.1737997
YY1,80,0.17759629,0.16488107,0.17139891,0.10046817,0.12303619,0.17627075
YY1,85,0.17513737,0.16325934,0.17039378,0.10075933,0.122564174,0.17501582
YY1,90,0.17749265,0.16308635,0.17119054,0.10218843,0.121547036,0.1740339
YY1,95,0.17885149,0.1630999,0.17101528,0.10099859,0.11966383,0.17446809
YY1,100,0.17812997,0.16532826,0.17192037,0.1022995,0.1200403,0.17519923
YY1,105,0.1756264,0.16073376,0.17040029,0.10011026,0.11658065,0.17017645
YY1,110,0.17656563,0.16210525,0.16966602,0.09997989,0.11544117,0.17127413
YY1,115,0.17288989,0.15976773,0.1667742,0.0988155,0.113769375,0.16864891
YY1,120,0.17252576,0.15636271,0.16469206,0.09764393,0.111552134,0.1642506
YY1,125,0.17049776,0.15485007,0.16373092,0.097140975,0.11063144,0.1632046
YY1,130,0.17538595,0.15858248,0.16756679,0.100607865,0.113617614,0.16683812
YY1,135,0.17083253,0.15329729,0.1630729,0.097900756,0.11029498,0.16132446
YY1,140,0.17394833,0.15588842,0.16658849,0.099881545,0.111911215,0.1642843
YY1,145,0.16992636,0.15224434,0.16400488,0.09790985,0.11004941,0.16016234
YY1,150,0.17039885,0.14927588,0.16309609,0.09770134,0.109189965,0.15819086
YY1,155,0.1668385,0.14832783,0.15983276,0.09616696,0.10727538,0.15594238
YY1,160,0.1676882,0.14749007,0.15993686,0.0966286,0.107716,0.15655175
YY1,165,0.1626442,0.14255646,0.15511462,0.09266196,0.10366733,0.15081495
YY1,170,0.1609788,0.139881,0.1522195,0.09131354,0.10157913,0.14833394
YY1,175,0.15867564,0.13845979,0.1506583,0.09056098,0.10142588,0.14716046
YY1,180,0.15382098,0.13350129,0.14565438,0.086012796,0.096928924,0.14235002
YY1,185,0.14836082,0.12898862,0.14028937,0.083348654,0.093629554,0.13824652
YY1,190,0.14497939,0.12623402,0.13728349,0.081101425,0.09173846,0.13490264
YY1,195,0.1445524,0.1250464,0.13654749,0.07991372,0.090987585,0.13442728
YY1,200,0.13916598,0.12030754,0.13135979,0.076229386,0.087252624,0.12933582
YY1,205,0.13531305,0.116686404,0.12750311,0.0733384,0.084412046,0.12626746
YY1,210,0.13262895,0.11395045,0.12488866,0.072119534,0.08315337,0.12305387
YY1,215,0.13055864,0.112369336,0.12253326,0.06922543,0.080271825,0.122234255
YY1,220,0.12694088,0.109364174,0.118939355,0.0669836,0.07848919,0.119194016
YY1,225,0.123538524,0.10640114,0.116428025,0.06525637,0.07661914,0.11529679
YY1,230,0.12067218,0.10387541,0.11269032,0.06278472,0.074079886,0.112547696
YY1,235,0.11993223,0.10259657,0.11264652,0.0629984,0.07434381,0.11218374
YY1,240,0.11422468,0.09773453,0.107953966,0.06140644,0.07243374,0.10677231
YY1,245,0.114360586,0.09834269,0.108222045,0.061430123,0.07220156,0.10783344
YY1,250,0.11434439,0.098026626,0.107981265,0.06161285,0.07265259,0.107023776
YY1,255,0.11310276,0.09740169,0.10718667,0.061429486,0.07250291,0.10646998
YY1,260,0.11167751,0.096062295,0.10569414,0.06061732,0.07126438,0.10568252
YY1,265,0.11245865,0.09709782,0.1070157,0.062146828,0.072203,0.10584393
YY1,270,0.10946897,0.09535429,0.10398872,0.06026756,0.06961448,0.10385365
YY1,275,0.11054511,0.09615267,0.10509458,0.06155214,0.07086603,0.10563125
YY1,280,0.10821147,0.09476092,0.103259034,0.06019187,0.06891542,0.10336272
YY1,285,0.10592661,0.09207424,0.10087143,0.05951189,0.06765313,0.10083932
YY1,290,0.10650151,0.09262509,0.10158541,0.06117234,0.06912409,0.101645425
YY1,295,0.10562109,0.09215454,0.100328915,0.060117986,0.06719013,0.101175636
YY1,300,0.10545929,0.09269684,0.10044883,0.061878454,0.06868587,0.101852514
YY1,305,0.102660045,0.08996634,0.09789875,0.05970088,0.06617796,0.0981789
YY1,310,0.10197352,0.08929077,0.097361654,0.06089527,0.06704997,0.097452395
YY1,315,0.10175306,0.08900689,0.09733276,0.060754627,0.06690423,0.09720769
YY1,320,0.09993741,0.0873419,0.09654181,0.060677234,0.06665942,0.09578926
YY1,325,0.097671166,0.08580785,0.09416367,0.058995247,0.06485543,0.09342487
YY1,330,0.096310794,0.083791494,0.09244658,0.058400813,0.06369873,0.09206403
YY1,335,0.09479239,0.08292869,0.09121731,0.057829194,0.063341476,0.090302885
YY1,340,0.09335596,0.08132294,0.09013211,0.05651458,0.06155995,0.08875483
YY1,345,0.09063627,0.07917777,0.08757788,0.0550805,0.060149428,0.086832285
YY1,350,0.088825785,0.07703651,0.08613499,0.05461523,0.05999954,0.083906695
YY1,355,0.0879391,0.07648254,0.08490792,0.053042285,0.058581285,0.08350796
YY1,360,0.08632931,0.07445761,0.08342774,0.05247201,0.05783097,0.08186478
YY1,365,0.08388295,0.07268893,0.08119615,0.05047533,0.055898033,0.07960481
YY1,370,0.08103471,0.0693948,0.0779447,0.048698347,0.053810515,0.07625537
YY1,375,0.07881642,0.067284994,0.075724564,0.04649647,0.051815778,0.073672354
YY1,380,0.077150084,0.066501126,0.0741529,0.04517002,0.051107943,0.073368795
YY1,385,0.07600373,0.06470664,0.07252778,0.044384614,0.050385576,0.07163311
YY1,390,0.07475936,0.063934214,0.07176347,0.04374854,0.049988087,0.07012204
YY1,395,0.07211582,0.061290175,0.06924329,0.04163253,0.048108164,0.067584455
YY1,400,0.07146343,0.061056755,0.06872354,0.041016355,0.047584735,0.0673856
YY1,405,0.06936449,0.05933251,0.06648482,0.039940193,0.046494443,0.06567899
YY1,410,0.0667441,0.057522174,0.06339553,0.037693337,0.043858357,0.06336261
YY1,415,0.06593386,0.056124233,0.06299092,0.037892487,0.044578847,0.06258066
YY1,420,0.06619599,0.055786744,0.06317538,0.036705263,0.043365918,0.062034503
YY1,425,0.06404814,0.05451303,0.061045576,0.03599625,0.042777248,0.060687695
YY1,430,0.06290586,0.05354222,0.060031068,0.035571117,0.041851025,0.060164478
YY1,435,0.06301132,0.05391281,0.060367037,0.03607685,0.042350248,0.060121167
YY1,440,0.061430786,0.05350003,0.05896654,0.034969483,0.041073523,0.059373114
YY1,445,0.060615014,0.052041143,0.058077667,0.034643233,0.04049773,0.057909265
YY1,450,0.060298096,0.052957796,0.057774298,0.035280924,0.04106102,0.058919165
YY1,455,0.059494697,0.052336786,0.05738564,0.035170317,0.040682644,0.05787516
YY1,460,0.058950678,0.052040692,0.05672052,0.03519507,0.040359493,0.057579555
YY1,465,0.058023527,0.052187208,0.05567749,0.034823254,0.03996217,0.0568534
YY1,470,0.057801433,0.05134947,0.055489782,0.034888826,0.039796397,0.05654742
YY1,475,0.05718249,0.050879914,0.055336956,0.03524798,0.03984823,0.055822417
YY1,480,0.056252062,0.050114278,0.054084156,0.034638565,0.038776897,0.0548068
YY1,485,0.0551328,0.049621813,0.053298034,0.034409795,0.03845472,0.05401319
YY1,490,0.054775927,0.049443267,0.052830763,0.034753006,0.038382143,0.05415158
YY1,495,0.053719696,0.048941575,0.051805384,0.034655795,0.037996422,0.052791487
YY1,500,0.05221969,0.04803814,0.050797448,0.034432273,0.03788255,0.051518675
YY1,505,0.05046447,0.046233274,0.04837404,0.032421768,0.03561369,0.049618974
YY1,510,0.049990095,0.045744866,0.04810649,0.03262122,0.035525393,0.04887892
YY1,515,0.048696313,0.044743657,0.046919987,0.031694025,0.034784663,0.047901638
YY1,520,0.048752863,0.044702366,0.047014516,0.032283545,0.035635408,0.047600288
YY1,525,0.0470028,0.043470614,0.0449948,0.03129349,0.034443907,0.045986284
YY1,530,0.045996137,0.04254624,0.044328175,0.0308198,0.03404693,0.04511281
YY1,535,0.04574449,0.04213861,0.04361837,0.030482318,0.033709314,0.04460232
YY1,540,0.044212703,0.040932797,0.04200771,0.029353226,0.032403857,0.04278231
YY1,545,0.04287591,0.039005905,0.04018127,0.02778202,0.030980991,0.041050453
YY1,550,0.040693227,0.037297904,0.038144067,0.026072046,0.029132498,0.038921483
YY1,555,0.0397818,0.03646997,0.03740138,0.02588971,0.02908002,0.037936397
YY1,560,0.03906064,0.03583043,0.036810167,0.02550953,0.028860727,0.037591577
YY1,565,0.037923884,0.03442927,0.03590344,0.024836417,0.028342322,0.036320128
YY1,570,0.036928557,0.03386979,0.03479308,0.024196781,0.027692877,0.03545395
YY1,575,0.03593028,0.032831386,0.033300027,0.02264001,0.026202286,0.034482118
YY1,580,0.03447179,0.031209208,0.031940006,0.020918556,0.024654552,0.032835215
YY1,585,0.034505833,0.031503476,0.032003462,0.021110184,0.02495751,0.03288663
YY1,590,0.034301862,0.031351857,0.031885087,0.021380166,0.025273131,0.032849636
YY1,595,0.032705955,0.030454263,0.030266507,0.020477924,0.024340313,0.031922035
ZNF85,-600,0.011586962,0.01062224,0.011399905,0.007480092,0.009820997,0.010879953
ZNF85,-595,0.011628902,0.010892796,0.011419612,0.0075533674,0.009850743,0.010961756
ZNF85,-590,0.012089269,0.011150413,0.011785906,0.007949526,0.010345486,0.011364321
ZNF85,-585,0.012406031,0.011454381,0.012120955,0.008009865,0.010449331,0.011600116
ZNF85,-580,0.012782084,0.011873827,0.012469646,0.008423899,0.011017635,0.012036282
ZNF85,-575,0.012938072,0.0120315,0.012500177,0.008430869,0.011118948,0.012128569
ZNF85,-570,0.013110231,0.012181856,0.01282363,0.008637821,0.011434667,0.012321981
ZNF85,-565,0.01356512,0.012698311,0.013296558,0.008990359,0.011864628,0.01269618
ZNF85,-560,0.013887688,0.012963158,0.013593655,0.009392822,0.012286303,0.012903758
ZNF85,-555,0.0137705505,0.012863541,0.013296042,0.009213753,0.012005106,0.012725559
ZNF85,-550,0.013958652,0.013063201,0.013497028,0.0092954915,0.012005715,0.012883712
ZNF85,-545,0.014431015,0.013733873,0.01385364,0.00971501,0.012424549,0.013389353
ZNF85,-540,0.014826414,0.013786699,0.014200141,0.0097284345,0.012457328,0.013473064
ZNF85,-535,0.015158907,0.014148784,0.014301929,0.009858466,0.01249064,0.013821967
ZNF85,-530,0.01526225,0.014458243,0.014321867,0.00992035,0.012535647,0.013968547
ZNF85,-525,0.016062597,0.015249934,0.01523608,0.010632478,0.013265495,0.014908411
ZNF85,-520,0.016091565,0.015146416,0.015315404,0.010709099,0.0133306505,0.014863829
ZNF85,-515,0.016707417,0.015746053,0.01574273,0.01103839,0.0136786625,0.015411346
ZNF85,-510,0.017012505,0.016217982,0.016034594,0.011342502,0.013916819,0.015693072
ZNF85,-505,0.017475754,0.016622523,0.016469344,0.011561396,0.014127155,0.016213197
ZNF85,-500,0.017763868,0.016947819,0.016617035,0.011560865,0.014258493,0.01643731
ZNF85,-495,0.017977027,0.017296232,0.016862674,0.011831757,0.014507013,0.016551634
ZNF85,-490,0.018895786,0.018145338,0.017779654,0.012401614,0.015302123,0.017454214
ZNF85,-485,0.019650592,0.018894486,0.018388905,0.012956485,0.015840968,0.01829432
ZNF85,-480,0.019292409,0.018639185,0.01786909,0.012464129,0.015241331,0.017897444
ZNF85,-475,0.01975086,0.018878207,0.018317403,0.012694306,0.015688945,0.01825311
ZNF85,-470,0.020218758,0.019484863,0.01873438,0.012979517,0.016018888,0.018722706
ZNF85,-465,0.02074888,0.02009269,0.018863792,0.012952131,0.01582816,0.019391134
ZNF85,-460,0.020773748,0.019962687,0.018735442,0.012626261,0.015793206,0.01905909
ZNF85,-455,0.021291222,0.02057674,0.019266184,0.013353194,0.016425643,0.019796832
ZNF85,-450,0.021648146,0.020704716,0.019263802,0.012939838,0.016187722,0.019866176
ZNF85,-445,0.0219822,0.020825228,0.01923379,0.013001062,0.016350044,0.020094523
ZNF85,-440,0.022050837,0.020759422,0.019180762,0.012815884,0.016167644,0.020109097
ZNF85,-435,0.02252104,0.02122628,0.019356849,0.013080513,0.016535535,0.020558976
ZNF85,-430,0.02245473,0.021090478,0.01915468,0.012923609,0.016458977,0.020266512
ZNF85,-425,0.022873381,0.021465326,0.019524563,0.013215844,0.016690718,0.020765858
ZNF85,-420,0.023180515,0.021984588,0.019608133,0.013445836,0.016870068,0.021316612
ZNF85,-415,0.023141926,0.02189272,0.019595033,0.013291631,0.016684486,0.02120508
ZNF85,-410,0.02418559,0.02278514,0.020342933,0.013916405,0.01751566,0.022411283
ZNF85,-405,0.024974111,0.023527294,0.020786477,0.014104475,0.017703818,0.023241732
ZNF85,-400,0.025734344,0.023980223,0.02149482,0.014364451,0.018197993,0.023739869
ZNF85,-395,0.025818449,0.024262777,0.021582523,0.014354617,0.0181301,0.023708658
ZNF85,-390,0.026578417,0.025467606,0.0225873,0.015233798,0.019142559,0.024752289
ZNF85,-385,0.0267266,0.025415627,0.02237796,0.0151162185,0.018791962,0.025076125
ZNF85,-380,0.027923657,0.025999967,0.02381786,0.015708491,0.019631479,0.026049558
ZNF85,-375,0.029018205,0.027206842,0.02444699,0.016423618,0.020370563,0.027169114
ZNF85,-370,0.029416358,0.027602026,0.025047746,0.01670413,0.02045178,0.027417285
ZNF85,-365,0.03036587,0.028252235,0.025937665,0.016824981,0.020792492,0.028419591
ZNF85,-360,0.03085791,0.028700387,0.026328623,0.017187119,0.021210587,0.028869998
ZNF85,-355,0.031445634,0.02928043,0.026538748,0.01752571,0.02138657,0.02935831
ZNF85,-350,0.03142567,0.02929035,0.026705874,0.01744491,0.021215975,0.029594965
ZNF85,-345,0.032838482,0.03081982,0.027750121,0.018137082,0.021905338,0.031022796
ZNF85,-340,0.033181768,0.030636966,0.02820239,0.018340312,0.022318901,0.031271007
ZNF85,-335,0.03444419,0.03173447,0.029407574,0.01879799,0.022745427,0.03241897
ZNF85,-330,0.034988504,0.03270736,0.029926138,0.019605376,0.023520293,0.033353176
ZNF85,-325,0.036694627,0.034044497,0.03144661,0.02051345,0.024613602,0.03517034
ZNF85,-320,0.037107736,0.034676604,0.031539753,0.020726738,0.02480082,0.035657957
ZNF85,-315,0.038054895,0.035503525,0.031660378,0.02083173,0.024870023,0.036552053
ZNF85,-310,0.03791463,0.035322804,0.031923976,0.020946998,0.025107974,0.036350682
ZNF85,-305,0.039447132,0.036883563,0.033113778,0.021845246,0.026147293,0.037483197
ZNF85,-300,0.039713126,0.03708431,0.033124395,0.022603586,0.026815757,0.03801303
ZNF85,-295,0.040743507,0.037563853,0.034033928,0.022654634,0.0272203,0.038531292
ZNF85,-290,0.04068328,0.03776054,0.033834085,0.022263065,0.026814707,0.038706157
ZNF85,-285,0.042214528,0.038346235,0.035252,0.022451831,0.027261004,0.039430436
ZNF85,-280,0.043200452,0.039151143,0.036,0.02320137,0.027834693,0.040548526
ZNF85,-275,0.04481168,0.040073354,0.037662044,0.023820138,0.029059414,0.041491672
ZNF85,-270,0.045348983,0.040882483,0.03846628,0.024483534,0.030054547,0.042308837
ZNF85,-265,0.04637456,0.041482948,0.039022926,0.024978384,0.030451003,0.04336205
ZNF85,-260,0.046420366,0.041590165,0.03917154,0.025164997,0.030894522,0.043594696
ZNF85,-255,0.047580462,0.04136718,0.040086213,0.025311077,0.031497113,0.043970857
ZNF85,-250,0.04854566,0.041857634,0.04059874,0.025500432,0.0314943,0.04464765
ZNF85,-245,0.049416162,0.042765107,0.04064176,0.02551887,0.03206813,0.045517113
ZNF85,-240,0.05025394,0.043155428,0.04121599,0.026053641,0.032689802,0.046172902
ZNF85,-235,0.05184519,0.044853184,0.04206667,0.026827166,0.033875376,0.046907745
ZNF85,-230,0.053206965,0.046285518,0.043188684,0.027699616,0.034617413,0.04854889
ZNF85,-225,0.054438807,0.047297966,0.044322334,0.028434366,0.03548657,0.049754262
ZNF85,-220,0.055514924,0.04769334,0.045925338,0.029331058,0.036593806,0.050679523
ZNF85,-215,0.056676805,0.04884516,0.046158645,0.029910726,0.037202336,0.05177047
ZNF85,-210,0.058461998,0.050212424,0.047270216,0.030574407,0.03795618,0.05298141
ZNF85,-205,0.059436817,0.05068982,0.048781965,0.031379905,0.038534094,0.054155424
ZNF85,-200,0.06154558,0.053084858,0.050560966,0.032486107,0.0402047,0.056629255
ZNF85,-195,0.06359836,0.055334143,0.051585216,0.033732448,0.04125779,0.058954015
ZNF85,-190,0.064966775,0.057150025,0.053020936,0.034405366,0.0419616,0.060131215
ZNF85,-185,0.06633845,0.058473308,0.05409839,0.03520531,0.04336203,0.061255384
ZNF85,-180,0.06728381,0.060096443,0.054476652,0.03504564,0.04311128,0.062214557
ZNF85,-175,0.07018451,0.06309196,0.057013836,0.03680144,0.045486256,0.06522811
ZNF85,-170,0.071349934,0.06419371,0.057368334,0.03732717,0.04576095,0.06640242
ZNF85,-165,0.072620146,0.06560449,0.058271922,0.037954982,0.046499748,0.0676865
ZNF85,-160,0.07427267,0.06674951,0.05839655,0.038164977,0.046442494,0.069068015
ZNF85,-155,0.07656524,0.06930921,0.061297778,0.040230867,0.04904709,0.07235002
ZNF85,-150,0.07854403,0.07167713,0.062926926,0.041023947,0.04997322,0.07426645
ZNF85,-145,0.07999947,0.072796956,0.06424089,0.042298306,0.05134613,0.0753149
ZNF85,-140,0.08254716,0.07454186,0.06617837,0.043631762,0.052794818,0.07741424
ZNF85,-135,0.083360665,0.07556693,0.06660637,0.044196792,0.053962816,0.07862204
ZNF85,-130,0.08360073,0.07652497,0.06703023,0.044937234,0.05492397,0.07915035
ZNF85,-125,0.08491895,0.07751759,0.067399845,0.04623815,0.056107324,0.0800996
ZNF85,-120,0.08580228,0.07856533,0.06942434,0.047383085,0.057708807,0.08067202
ZNF85,-115,0.08738349,0.08007595,0.07015398,0.048883293,0.059292253,0.081707306
ZNF85,-110,0.08778731,0.081106186,0.06887587,0.0485046,0.05906145,0.08290209
ZNF85,-105,0.08924251,0.08287091,0.0711269,0.049903255,0.061313275,0.085423075
ZNF85,-100,0.09088502,0.08516449,0.0723542,0.051138815,0.06262303,0.08709555
ZNF85,-95,0.09288317,0.08619943,0.07268065,0.052265674,0.06380881,0.08858523
ZNF85,-90,0.09350176,0.08715863,0.073619455,0.05224991,0.06341096,0.09016713
ZNF85,-85,0.09625954,0.090636656,0.07733335,0.05507549,0.06703366,0.09373314
ZNF85,-80,0.096231006,0.089588284,0.07575166,0.055484526,0.06777735,0.09316948
ZNF85,-75,0.09693182,0.09189631,0.075655416,0.05711529,0.06933072,0.093723565
ZNF85,-70,0.09898972,0.093291745,0.07669535,0.05604885,0.068680875,0.09498186
ZNF85,-65,0.1002908,0.095610276,0.0756304,0.058223955,0.0702608,0.09744603
ZNF85,-60,0.10170643,0.09745744,0.07583046,0.056616224,0.07014541,0.09902056
ZNF85,-55,0.106119946,0.1041193,0.08044422,0.061250977,0.07524588,0.104081996
ZNF85,-50,0.10767562,0.10532725,0.07985723,0.05832216,0.07400797,0.10475476
ZNF85,-45,0.11336024,0.11224021,0.08391932,0.06307226,0.07807849,0.111137144
ZNF85,-40,0.11811909,0.11551101,0.0878731,0.06546353,0.08348153,0.11422839
ZNF85,-35,0.12316292,0.11985328,0.09087723,0.06727568,0.08526539,0.11898974
ZNF85,-30,0.124868296,0.1210061,0.08903189,0.06647966,0.08545035,0.11959057
ZNF85,-25,0.13029872,0.12458176,0.09168738,0.071676455,0.09004965,0.12458622
ZNF85,-20,0.1335077,0.12827234,0.09197352,0.06993788,0.090217665,0.12795018
ZNF85,-15,0.13997129,0.13608229,0.09660115,0.07560435,0.09715971,0.13266614
ZNF85,-10,0.14517197,0.14103845,0.09824878,0.07195626,0.09552929,0.13827792
ZNF85,-5,0.16002332,0.15771775,0.10630426,0.082630076,0.104797475,0.15405923
ZNF85,0,0.16921231,0.15561578,0.11281527,0.080484524,0.10625575,0.15647979
ZNF85,5,0.16468401,0.14552459,0.10924934,0.06743033,0.08619229,0.15357889
ZNF85,10,0.1657427,0.14999285,0.11525554,0.07293528,0.08468623,0.15815407
ZNF85,15,0.15462409,0.13824655,0.10669515,0.06598567,0.08069258,0.1481785
ZNF85,20,0.14514458,0.13215004,0.100314304,0.061348833,0.07456624,0.140583
ZNF85,25,0.14222498,0.13019936,0.098298416,0.06106536,0.07408208,0.13719821
ZNF85,30,0.13171503,0.12171898,0.09258971,0.05738448,0.07023538,0.12873471
ZNF85,35,0.12722448,0.11849859,0.09233132,0.056438036,0.06824012,0.12428795
ZNF85,40,0.12113351,0.114802405,0.088051066,0.05295868,0.0656477,0.117556766
ZNF85,45,0.116435476,0.1097718,0.08745476,0.05269404,0.06572207,0.11297615
ZNF85,50,0.113343015,0.107670374,0.086220965,0.054024346,0.0658317,0.11044891
ZNF85,55,0.11023626,0.10376155,0.08390924,0.053036977,0.0645887,0.10705458
ZNF85,60,0.10737656,0.10033302,0.083715744,0.05192541,0.06399217,0.104225695
ZNF85,65,0.102654874,0.096365534,0.08180796,0.051386084,0.06259904,0.10007556
ZNF85,70,0.10081953,0.093988016,0.08098128,0.050428476,0.061656065,0.0984249
ZNF85,75,0.09817663,0.0917259,0.0801268,0.050029907,0.06042583,0.09596403
ZNF85,80,0.09485243,0.087565735,0.078447156,0.04703267,0.058054212,0.09162522
ZNF85,85,0.09429502,0.087079056,0.078383215,0.048319817,0.058470625,0.091057576
ZNF85,90,0.09139375,0.08564031,0.07758125,0.04805925,0.058685888,0.08913846
ZNF85,95,0.088660374,0.08212153,0.07474832,0.045881227,0.05520344,0.086201
ZNF85,100,0.08799445,0.08183113,0.07410033,0.045008242,0.054045733,0.08517823
ZNF85,105,0.086114176,0.08060802,0.07317617,0.045073334,0.053778473,0.08394986
ZNF85,110,0.084983,0.07867153,0.071709104,0.044247344,0.05282437,0.08251388
ZNF85,115,0.08436807,0.07735087,0.07142359,0.04425966,0.052588355,0.081329726
ZNF85,120,0.08438426,0.076554194,0.0726545,0.04410515,0.052522894,0.08108161
ZNF85,125,0.083657585,0.07627394,0.07242607,0.044502605,0.052456953,0.08028149
ZNF85,130,0.08184643,0.07467015,0.07100992,0.043371603,0.050452523,0.07926496
ZNF85,135,0.081544325,0.07401199,0.07092433,0.043023862,0.049916506,0.07827707
ZNF85,140,0.080344245,0.07286532,0.071004465,0.0431494,0.05020252,0.077389166
ZNF85,145,0.079679914,0.07268952,0.070738494,0.0437411,0.050299898,0.07724102
ZNF85,150,0.078301914,0.07099412,0.06945962,0.04277757,0.049614474,0.07573648
ZNF85,155,0.077953056,0.06996122,0.068985865,0.042725805,0.049393807,0.07502703
ZNF85,160,0.07683873,0.06901473,0.06810294,0.04191469,0.04884204,0.07359568
ZNF85,165,0.07391042,0.06726714,0.06554132,0.040272713,0.046375263,0.0722635
ZNF85,170,0.072067596,0.065224335,0.06306983,0.03873826,0.044913977,0.070036456
ZNF85,175,0.07096202,0.06379997,0.062061235,0.037737407,0.04357256,0.06827219
ZNF85,180,0.06825292,0.061322212,0.05942155,0.03572373,0.041299418,0.06574572
ZNF85,185,0.06615072,0.059987165,0.057602257,0.034279328,0.039843373,0.06411778
ZNF85,190,0.06478571,0.058180537,0.056174055,0.03323347,0.038808577,0.06239508
ZNF85,195,0.06246563,0.05614612,0.054418273,0.03221714,0.03764584,0.060283918
ZNF85,200,0.061626617,0.05477912,0.05307304,0.031449925,0.036963824,0.058849297
ZNF85,205,0.06003346,0.05394935,0.05189081,0.030800587,0.035911083,0.05735192
ZNF85,210,0.058303088,0.052201018,0.050171398,0.029473595,0.034375396,0.05569938
ZNF85,215,0.056547124,0.050877403,0.048844714,0.028523052,0.03394828,0.054135326
ZNF85,220,0.055034477,0.0488474,0.047435794,0.027796209,0.03293978,0.05217157
ZNF85,225,0.053695668,0.04736094,0.046872344,0.027595466,0.032681268,0.05030007
ZNF85,230,0.05174395,0.045448262,0.045077827,0.026390817,0.03129759,0.04790885
ZNF85,235,0.050257716,0.04431934,0.04406314,0.02665371,0.031457376,0.046955455
ZNF85,240,0.049669035,0.043032054,0.044216163,0.02700784,0.031988386,0.045973096
ZNF85,245,0.04860838,0.04235755,0.04354734,0.026526034,0.03169153,0.04522461
ZNF85,250,0.047706593,0.04149813,0.04347975,0.026438147,0.031883165,0.04431025
ZNF85,255,0.046932135,0.04026331,0.042259928,0.025710477,0.030920569,0.043489106
ZNF85,260,0.04610996,0.039943416,0.041693013,0.025138512,0.030158738,0.042763248
ZNF85,265,0.044766527,0.038748935,0.04067257,0.024276072,0.029156268,0.041124683
ZNF85,270,0.04448892,0.03899935,0.040776562,0.024768183,0.029453406,0.04135817
ZNF85,275,0.043974735,0.038766533,0.039891616,0.024353722,0.028596176,0.040968105
ZNF85,280,0.04392021,0.0384706,0.04036756,0.025041522,0.029297687,0.040823564
ZNF85,285,0.04243684,0.037703425,0.038840376,0.024327904,0.028286744,0.04006557
ZNF85,290,0.041929677,0.036823213,0.03827364,0.02394833,0.027724966,0.03921476
ZNF85,295,0.041568566,0.03686985,0.0381328,0.024070514,0.027760696,0.039345115
ZNF85,300,0.039903697,0.03565533,0.036898658,0.023567997,0.027295876,0.037918482
ZNF85,305,0.040487196,0.03573941,0.03747806,0.024207508,0.027923971,0.038360976
ZNF85,310,0.039711464,0.034884676,0.037137132,0.023909679,0.027739547,0.037272908
ZNF85,315,0.038541734,0.033964094,0.03615883,0.023163976,0.026750986,0.036280278
ZNF85,320,0.03874356,0.033914622,0.036709085,0.023660362,0.027270354,0.036447547
ZNF85,325,0.03834299,0.033599105,0.03670111,0.023836372,0.027497165,0.036196485
ZNF85,330,0.03695344,0.03245512,0.035230424,0.022978134,0.026498782,0.034874476
ZNF85,335,0.036465224,0.032064397,0.03490289,0.022011762,0.02570448,0.03432808
ZNF85,340,0.035456866,0.03133643,0.03351718,0.021566445,0.024994986,0.03350293
ZNF85,345,0.034646194,0.030436562,0.032923214,0.020879932,0.024027487,0.03250155
ZNF85,350,0.03355332,0.029471595,0.031830017,0.02017685,0.02338705,0.03154668
ZNF85,355,0.03288404,0.028868917,0.031729374,0.0199602,0.02299132,0.0309312
ZNF85,360,0.031850617,0.027905434,0.03044744,0.019060621,0.022032944,0.029739613
ZNF85,365,0.031288777,0.026957352,0.030257618,0.01905303,0.021994872,0.02924324
ZNF85,370,0.02999657,0.025792923,0.029027676,0.018212775,0.021132393,0.027891641
ZNF85,375,0.029759098,0.02582955,0.028773664,0.01821516,0.02131286,0.027720481
ZNF85,380,0.029091565,0.025253773,0.028244836,0.018058417,0.021031052,0.026869778
ZNF85,385,0.02839282,0.024724878,0.027727963,0.017671755,0.020693945,0.026426584
ZNF85,390,0.02771789,0.024415702,0.026853653,0.017081367,0.020152204,0.025750622
ZNF85,395,0.027427139,0.024085438,0.026435968,0.01690366,0.019970316,0.025336647
ZNF85,400,0.025558015,0.022296352,0.02470999,0.015388345,0.018240916,0.023484632
ZNF85,405,0.02565979,0.022603653,0.024898702,0.015512241,0.018464183,0.02373492
ZNF85,410,0.025013138,0.021948796,0.024350964,0.014837404,0.017777197,0.02314209
ZNF85,415,0.024126751,0.021012943,0.02343402,0.014250827,0.01731262,0.021997364
ZNF85,420,0.023847466,0.020319197,0.02328689,0.014063498,0.017034255,0.021563044
ZNF85,425,0.023148213,0.019965023,0.022701876,0.0137610445,0.016633736,0.020995969
ZNF85,430,0.023579651,0.020129967,0.022930158,0.013929306,0.016873762,0.021540005
ZNF85,435,0.02254057,0.019666431,0.022078168,0.0135165425,0.016392466,0.020814233
ZNF85,440,0.02287862,0.02008027,0.022466537,0.014086281,0.016984638,0.021253385
ZNF85,445,0.022587553,0.019910421,0.022031628,0.013869911,0.016801173,0.021074917
ZNF85,450,0.022126125,0.01947674,0.021568375,0.013327702,0.016095512,0.020497432
ZNF85,455,0.021941058,0.019533264,0.021499984,0.013463817,0.016341794,0.020472642
ZNF85,460,0.022101304,0.01969731,0.021658879,0.013740119,0.016646625,0.020760357
ZNF85,465,0.021331124,0.018956596,0.020965572,0.013137198,0.01577051,0.020126728
ZNF85,470,0.021203507,0.018991236,0.02088862,0.01328536,0.015902925,0.02005364
ZNF85,475,0.020543022,0.01864233,0.020274956,0.012998616,0.015587766,0.019600544
ZNF85,480,0.020320911,0.018514646,0.02022104,0.013091553,0.015723549,0.019452183
ZNF85,485,0.020050017,0.018183695,0.019866956,0.012789023,0.0153623875,0.019158157
ZNF85,490,0.019482363,0.018048503,0.019424787,0.012653694,0.015223201,0.018968806
ZNF85,495,0.018790418,0.017341398,0.018949347,0.0122359935,0.01470229,0.018350765
ZNF85,500,0.0185635,0.017158672,0.018504681,0.01209617,0.014457823,0.018
ZNF85,505,0.018081255,0.01655509,0.018051751,0.011953377,0.01419328,0.017380435
ZNF85,510,0.018048756,0.016483271,0.017971871,0.011926923,0.014274449,0.017355574
ZNF85,515,0.017412733,0.015986014,0.017457908,0.011723522,0.014109728,0.016911805
ZNF85,520,0.01678989,0.015625075,0.017073123,0.011503012,0.013818253,0.016513653
ZNF85,525,0.016725061,0.015410638,0.017036099,0.011472881,0.0139609,0.01639593
ZNF85,530,0.016196432,0.014848906,0.016499631,0.010995271,0.013400491,0.015665552
ZNF85,535,0.015720623,0.014232492,0.015942289,0.010529403,0.012773139,0.015034673
ZNF85,540,0.015404933,0.0140576875,0.015641574,0.01027128,0.012474852,0.014743472
ZNF85,545,0.015114554,0.013547107,0.015250139,0.009941882,0.012200508,0.014185033
ZNF85,550,0.014728789,0.013129806,0.014993237,0.009952358,0.012177537,0.013796475
ZNF85,555,0.014515164,0.013260098,0.014764922,0.009898139,0.012142155,0.013739908
ZNF85,560,0.01425054,0.013025126,0.014377651,0.009699494,0.011897658,0.013455301
ZNF85,565,0.013493306,0.01208391,0.013753014,0.009211615,0.011337327,0.012783683
ZNF85,570,0.0131744975,0.01188492,0.013360422,0.008843414,0.01088347,0.012395635
ZNF85,575,0.013007238,0.011778821,0.013126869,0.00865642,0.010650795,0.012269668
ZNF85,580,0.012620961,0.011515231,0.012736423,0.008315442,0.010339474,0.01189166
ZNF85,585,0.01256729,0.011427452,0.012593225,0.008318831,0.010295026,0.011737402
ZNF85,590,0.012388476,0.0113549,0.012511361,0.008300306,0.010289711,0.011856237
ZNF85,595,0.011853807,0.010674719,0.011934342,0.007866618,0.00991151,0.011082196
HD/10,-600,-0.045791693,-0.28105998,-0.022396473,-0.014493782,-0.04071541,-0.18041515
HD/10,-595,-0.045592055,-0.28336817,-0.021513866,-0.014486306,-0.040756334,-0.18219337
HD/10,-590,-0.04577078,-0.28758383,-0.021361405,-0.015130484,-0.041380372,-0.18592586
HD/10,-585,-0.0455695,-0.2873644,-0.020452209,-0.015098772,-0.041333385,-0.18736133
HD/10,-580,-0.045316003,-0.290261,-0.019514121,-0.01509612,-0.04157842,-0.18957625
HD/10,-575,-0.045168854,-0.2945426,-0.01904246,-0.01506908,-0.042076293,-0.19303972
HD/10,-570,-0.045964103,-0.29823554,-0.019485403,-0.015900211,-0.043187745,-0.19729336
HD/10,-565,-0.045195073,-0.29906207,-0.017980963,-0.015019732,-0.0422293,-0.19833775
HD/10,-560,-0.045099057,-0.30390936,-0.017666742,-0.015321648,-0.042879187,-0.20246412
HD/10,-555,-0.044877425,-0.30705228,-0.017429546,-0.015526396,-0.043711096,-0.20542188
HD/10,-550,-0.044934697,-0.31161088,-0.016487455,-0.015510411,-0.043482527,-0.209727
HD/10,-545,-0.045041367,-0.31373927,-0.016077805,-0.015675247,-0.043993145,-0.21210968
HD/10,-540,-0.04531929,-0.3180042,-0.015555439,-0.015852448,-0.04428288,-0.21614067
HD/10,-535,-0.0447817,-0.32015294,-0.014528444,-0.015296492,-0.043902203,-0.21935073
HD/10,-530,-0.044844616,-0.32545376,-0.013894239,-0.015595656,-0.044793732,-0.22445488
HD/10,-525,-0.04440067,-0.3268049,-0.0132323345,-0.015550924,-0.044811543,-0.2257115
HD/10,-520,-0.043765336,-0.3289248,-0.012320063,-0.0153596485,-0.044682987,-0.22799231
HD/10,-515,-0.04330304,-0.33189392,-0.011716169,-0.01532345,-0.044905297,-0.23071542
HD/10,-510,-0.04388368,-0.33750635,-0.011723734,-0.01591367,-0.04558586,-0.23601753
HD/10,-505,-0.04364424,-0.34111512,-0.0116739925,-0.016529856,-0.046197373,-0.2394363
HD/10,-500,-0.04343051,-0.34474418,-0.010758157,-0.016291812,-0.046193898,-0.2443114
HD/10,-495,-0.042989586,-0.34805322,-0.009712614,-0.01620881,-0.046152387,-0.24712317
HD/10,-490,-0.043255195,-0.35180163,-0.009520645,-0.016845774,-0.04685377,-0.25197613
HD/10,-485,-0.043563306,-0.35745072,-0.009385305,-0.01725174,-0.047405772,-0.2583818
HD/10,-480,-0.04364581,-0.36004,-0.009416615,-0.017650709,-0.04775837,-0.26212928
HD/10,-475,-0.043502837,-0.36315608,-0.008671345,-0.017600445,-0.04786786,-0.26580274
HD/10,-470,-0.04396542,-0.36634967,-0.008784803,-0.018230136,-0.04838611,-0.26898733
HD/10,-465,-0.044356126,-0.37182912,-0.008813315,-0.018703047,-0.048792634,-0.27591977
HD/10,-460,-0.043866355,-0.37539044,-0.007369334,-0.017976785,-0.047883302,-0.2806254
HD/10,-455,-0.043843962,-0.3788868,-0.007392747,-0.018355738,-0.048329383,-0.28458378
HD/10,-450,-0.044092596,-0.3851404,-0.007856932,-0.019261163,-0.049368586,-0.29146987
HD/10,-445,-0.044524387,-0.38761947,-0.0074991784,-0.01985654,-0.04956177,-0.29526314
HD/10,-440,-0.043732744,-0.3919089,-0.0061773392,-0.01931815,-0.048729744,-0.30075324
HD/10,-435,-0.043067925,-0.39519963,-0.0056504966,-0.01870949,-0.04800087,-0.30453253
HD/10,-430,-0.04358981,-0.40021938,-0.0053930604,-0.018805958,-0.047925133,-0.31051874
HD/10,-425,-0.042989533,-0.4042805,-0.0041953395,-0.018546708,-0.04737142,-0.31578895
HD/10,-420,-0.04178145,-0.40631962,-0.002800746,-0.017743686,-0.046311338,-0.318005
HD/10,-415,-0.04025574,-0.40927637,-0.00077199604,-0.017105073,-0.045575064,-0.32139862
HD/10,-410,-0.039705522,-0.41609523,0.00065693236,-0.016031986,-0.044377632,-0.3282631
HD/10,-405,-0.0394936,-0.42041376,0.0013130098,-0.015566119,-0.043651026,-0.33342746
HD/10,-400,-0.037461072,-0.42149282,0.0037603013,-0.013998221,-0.04146966,-0.33621722
HD/10,-395,-0.037117686,-0.4272182,0.004630457,-0.013424512,-0.040865574,-0.34230497
HD/10,-390,-0.036960345,-0.43103746,0.005896017,-0.013177646,-0.039957646,-0.3473804
HD/10,-385,-0.036977086,-0.43830577,0.006682876,-0.013000545,-0.0398231,-0.35522684
HD/10,-380,-0.035327442,-0.44181156,0.008926329,-0.0117046125,-0.038340807,-0.3596124
HD/10,-375,-0.03449449,-0.44522238,0.010299929,-0.010830932,-0.037202768,-0.3629708
HD/10,-370,-0.03409956,-0.44977272,0.011018382,-0.010437819,-0.036969256,-0.368783
HD/10,-365,-0.03452697,-0.45483422,0.010994796,-0.010546661,-0.037059084,-0.37580028
HD/10,-360,-0.032518413,-0.45828184,0.012717738,-0.009406119,-0.035506215,-0.37946287
HD/10,-355,-0.031805802,-0.46027642,0.013612233,-0.009304078,-0.034813754,-0.3828427
HD/10,-350,-0.030880291,-0.46393138,0.014826677,-0.008154459,-0.033218868,-0.38803813
HD/10,-345,-0.030119488,-0.46681815,0.015538916,-0.0077679083,-0.032372236,-0.39216363
HD/10,-340,-0.02986767,-0.47271034,0.01606956,-0.007837964,-0.032334264,-0.39951548
HD/10,-335,-0.028931012,-0.4767349,0.017101407,-0.0069057783,-0.030962357,-0.40372312
HD/10,-330,-0.027985398,-0.48063695,0.01740808,-0.0068762787,-0.030775243,-0.40976214
HD/10,-325,-0.02772067,-0.48638517,0.017539525,-0.0063067307,-0.029400934,-0.4154383
HD/10,-320,-0.026179675,-0.49076933,0.018140547,-0.006227118,-0.029219547,-0.41937125
HD/10,-315,-0.025719434,-0.49438646,0.018420473,-0.0060999175,-0.028533105,-0.42624912
HD/10,-310,-0.025083197,-0.49787584,0.018565513,-0.005704115,-0.027957907,-0.4317293
HD/10,-305,-0.024056979,-0.50258476,0.019486362,-0.005128774,-0.02679252,-0.43724453
HD/10,-300,-0.022424415,-0.50523466,0.020697366,-0.0039770035,-0.02509699,-0.4422084
HD/10,-295,-0.0207856,-0.5097397,0.022375248,-0.0030118232,-0.023814443,-0.44796786
HD/10,-290,-0.019543821,-0.51646703,0.023010477,-0.0029276095,-0.023102418,-0.45470893
HD/10,-285,-0.018908855,-0.52090466,0.023572192,-0.0030628764,-0.022691341,-0.45940068
HD/10,-280,-0.017686876,-0.52550024,0.024825841,-0.0023089468,-0.021166006,-0.46369058
HD/10,-275,-0.016586931,-0.53003776,0.024890102,-0.002379983,-0.020754445,-0.47171524
HD/10,-270,-0.015348196,-0.53451955,0.025554178,-0.001083261,-0.018634716,-0.47794098
HD/10,-265,-0.014909426,-0.5392203,0.025296528,-0.0015476763,-0.018332375,-0.48408744
HD/10,-260,-0.012666475,-0.54371643,0.02678242,-0.00012469343,-0.016650999,-0.4883524
HD/10,-255,-0.011027671,-0.547147,0.027152292,0.00033658036,-0.01556066,-0.49280336
HD/10,-250,-0.009231805,-0.55207753,0.028672757,0.001369377,-0.013684498,-0.49884766
HD/10,-245,-0.0085606435,-0.5580313,0.027565876,0.0018582693,-0.012441924,-0.5050845
HD/10,-240,-0.0074129365,-0.56474227,0.028429868,0.0030019237,-0.010635984,-0.5106689
HD/10,-235,-0.0058821286,-0.567612,0.027665665,0.0037246342,-0.009669276,-0.5157335
HD/10,-230,-0.0039715692,-0.57241917,0.028680496,0.004464472,-0.007893578,-0.5219717
HD/10,-225,-0.0034833013,-0.5791415,0.027730688,0.004745771,-0.0066686273,-0.5314232
HD/10,-220,-4.1569267e-05,-0.58251315,0.029210627,0.005791341,-0.0053803427,-0.53355205
HD/10,-215,0.0004544226,-0.5850373,0.030499175,0.006061559,-0.0037346883,-0.5365548
HD/10,-210,0.0009010745,-0.59153634,0.029181546,0.0046531637,-0.0045345295,-0.5445249
HD/10,-205,0.0012662495,-0.5984459,0.028687345,0.0050244015,-0.0038110688,-0.5526216
HD/10,-200,0.0022476325,-0.6041717,0.02842602,0.0049192654,-0.0030705724,-0.5591999
HD/10,-195,0.00066539604,-0.61096895,0.025578717,0.0030113359,-0.004532597,-0.5663364
HD/10,-190,0.00034086092,-0.61634666,0.023109965,0.0017970343,-0.0044928137,-0.57386
HD/10,-185,0.0010364836,-0.6222263,0.02136432,0.0009914656,-0.0043170126,-0.58077216
HD/10,-180,0.0010697418,-0.62746847,0.020476397,-2.977681e-05,-0.004622207,-0.5868284
HD/10,-175,0.00037037305,-0.63365763,0.017584028,-0.0017002438,-0.005808947,-0.5935222
HD/10,-170,0.00059845205,-0.6379932,0.016782647,-0.0028505067,-0.00666963,-0.59808034
HD/10,-165,0.0012138006,-0.64170647,0.014775051,-0.0035241635,-0.0070734625,-0.6035568
HD/10,-160,0.0036999718,-0.6443687,0.014182332,-0.004664861,-0.007534658,-0.6070245
HD/10,-155,0.007859289,-0.64730144,0.016248662,-0.0033754513,-0.0068404777,-0.6097984
HD/10,-150,0.011777802,-0.65483904,0.016319634,-0.0048917825,-0.008072548,-0.6197055
HD/10,-145,0.0147479875,-0.6587877,0.016749885,-0.004600721,-0.008055112,-0.622959
HD/10,-140,0.019310374,-0.6628943,0.018441362,-0.0041860403,-0.007914039,-0.62747383
HD/10,-135,0.026747515,-0.6647773,0.02244028,-0.00085794966,-0.005162224,-0.6288059
HD/10,-130,0.030692102,-0.670604,0.022155719,-0.00078214967,-0.0055250893,-0.63564485
HD/10,-125,0.03640315,-0.6761382,0.023230588,0.00094290514,-0.0049817944,-0.6407411
HD/10,-120,0.040238187,-0.68204266,0.022353163,-0.0006429134,-0.007337409,-0.6493194
HD/10,-115,0.044555232,-0.6889807,0.02286538,0.00017818432,-0.0073848963,-0.65470713
HD/10,-110,0.046512324,-0.69420826,0.020651765,-0.0015827109,-0.009545877,-0.66069055
HD/10,-105,0.05331436,-0.70151013,0.023066318,-0.0009101286,-0.0085864,-0.6685824
HD/10,-100,0.054835662,-0.70758104,0.018383496,-0.003042204,-0.011151071,-0.67613626
HD/10,-95,0.057132967,-0.7152902,0.016201342,-0.00394182,-0.011883561,-0.68374527
HD/10,-90,0.06002214,-0.72169113,0.015255247,-0.0043111513,-0.011275559,-0.6905593
HD/10,-85,0.064329065,-0.7285696,0.01520889,-0.0035757003,-0.010199215,-0.6971662
HD/10,-80,0.06545223,-0.7343069,0.009738681,-0.0060548056,-0.012203703,-0.7031597
HD/10,-75,0.066648,-0.7417246,0.0053836396,-0.0066025774,-0.012997642,-0.7094081
HD/10,-70,0.067830905,-0.74955827,-0.00040802703,-0.0092093935,-0.015422148,-0.7184494
HD/10,-65,0.06846404,-0.7568983,-0.0070747137,-0.012410415,-0.017818257,-0.7275661
HD/10,-60,0.07003507,-0.7642193,-0.01202219,-0.012357538,-0.016576024,-0.73716736
HD/10,-55,0.070898354,-0.7717812,-0.015494603,-0.015230858,-0.018910797,-0.7459582
HD/10,-50,0.069781974,-0.7801326,-0.02176898,-0.020331042,-0.021617109,-0.75687516
HD/10,-45,0.07005386,-0.7858418,-0.029986035,-0.02444969,-0.022731625,-0.76541334
HD/10,-40,0.06707895,-0.79224116,-0.039467264,-0.030613633,-0.027997866,-0.77238137
HD/10,-35,0.06469773,-0.7995634,-0.049058896,-0.03491771,-0.029205548,-0.7844572
HD/10,-30,0.06349665,-0.8060976,-0.05646252,-0.039896637,-0.033110905,-0.7899666
HD/10,-25,0.06192031,-0.81196594,-0.06259731,-0.044156857,-0.03387297,-0.79925704
HD/10,-20,0.06519566,-0.82084745,-0.066924386,-0.04667801,-0.03244158,-0.81029475
HD/10,-15,0.056204747,-0.82848585,-0.07746137,-0.05656324,-0.038389225,-0.81819373
HD/10,-10,0.04947175,-0.8323874,-0.083226934,-0.061564818,-0.04057745,-0.82470655
HD/10,-5,0.04598257,-0.8385201,-0.08532965,-0.06262607,-0.038874544,-0.8264544
HD/10,0,-0.006217241,-0.8491202,-0.15223713,-0.12581223,-0.10385066,-0.85262424
HD/10,5,0.018098086,-0.8558276,-0.1407749,-0.098764636,-0.082854286,-0.86215645
HD/10,10,0.014617483,-0.85198104,-0.14547552,-0.10005913,-0.083926566,-0.8622222
HD/10,15,0.024466991,-0.84909904,-0.13181813,-0.087871745,-0.07439373,-0.85707384
HD/10,20,0.032832082,-0.8443377,-0.1208262,-0.08009201,-0.07171847,-0.84983575
HD/10,25,0.039484248,-0.83970284,-0.11016404,-0.072237864,-0.06667839,-0.8438919
HD/10,30,0.049680643,-0.83203137,-0.09534173,-0.06381098,-0.05912859,-0.83502597
HD/10,35,0.055628657,-0.8231484,-0.08608369,-0.05657113,-0.0548141,-0.82274884
HD/10,40,0.05607032,-0.81645596,-0.07941971,-0.05564673,-0.05348266,-0.814779
HD/10,45,0.059411682,-0.8079001,-0.073515676,-0.052478157,-0.053534776,-0.80506366
HD/10,50,0.054517485,-0.8002731,-0.072827354,-0.054385614,-0.05556226,-0.79808503
HD/10,55,0.054957557,-0.7944036,-0.06781366,-0.052455463,-0.05623209,-0.79101014
HD/10,60,0.050554436,-0.78743035,-0.06633227,-0.05296168,-0.057566192,-0.7820724
HD/10,65,0.048476946,-0.7800625,-0.061443415,-0.052089088,-0.058071546,-0.77281326
HD/10,70,0.04649129,-0.77440745,-0.057308387,-0.052770182,-0.05909422,-0.76622933
HD/10,75,0.044820506,-0.7674175,-0.05141624,-0.04955687,-0.056225684,-0.7595054
HD/10,80,0.039478123,-0.7607036,-0.05020577,-0.053202294,-0.060436644,-0.7515015
HD/10,85,0.035638742,-0.7545659,-0.04610774,-0.052027386,-0.059639093,-0.74573404
HD/10,90,0.034401607,-0.74812067,-0.03998112,-0.048381913,-0.055748962,-0.7365903
HD/10,95,0.030922867,-0.741109,-0.03785361,-0.047001824,-0.05557213,-0.7293153
HD/10,100,0.028643616,-0.7345232,-0.03471065,-0.046623,-0.055183258,-0.7228943
HD/10,105,0.024250038,-0.72727245,-0.031785455,-0.045287553,-0.054274537,-0.7157419
HD/10,110,0.022375237,-0.7185082,-0.027835468,-0.042764638,-0.05278775,-0.70740515
HD/10,115,0.018203935,-0.71320456,-0.02593837,-0.04270563,-0.053233594,-0.7008937
HD/10,120,0.013057761,-0.70885277,-0.02561758,-0.044884786,-0.055343274,-0.6976751
HD/10,125,0.0068994095,-0.70173216,-0.024868619,-0.046389256,-0.05706226,-0.6906829
HD/10,130,0.0036922381,-0.69658357,-0.024301322,-0.047691923,-0.057895996,-0.686028
HD/10,135,-0.00034318716,-0.690068,-0.024800768,-0.048213366,-0.05825537,-0.6795172
HD/10,140,-0.0028140994,-0.6844712,-0.023393027,-0.047573958,-0.05666634,-0.67345536
HD/10,145,-0.006585694,-0.68161845,-0.024526382,-0.04835519,-0.05710204,-0.67165786
HD/10,150,-0.008790301,-0.6747199,-0.023415057,-0.045713622,-0.054228563,-0.6635046
HD/10,155,-0.011295322,-0.67144656,-0.023008652,-0.045110375,-0.05401136,-0.65989685
HD/10,160,-0.014998945,-0.6689021,-0.023135671,-0.04442664,-0.053491138,-0.6541678
HD/10,165,-0.016724672,-0.6638983,-0.02303025,-0.044288088,-0.053126477,-0.64976925
HD/10,170,-0.016871648,-0.6574474,-0.022096513,-0.042878013,-0.051839717,-0.6433689
HD/10,175,-0.015874896,-0.64936477,-0.020454563,-0.042375404,-0.05103412,-0.6353302
HD/10,180,-0.016534219,-0.6432399,-0.019567942,-0.04202442,-0.050733987,-0.63034
HD/10,185,-0.018887036,-0.6400579,-0.01954456,-0.042357847,-0.05112041,-0.62777096
HD/10,190,-0.01834324,-0.63152784,-0.016951181,-0.0405073,-0.04929602,-0.61945546
HD/10,195,-0.018956676,-0.6280556,-0.014964122,-0.04028996,-0.04819021,-0.6156696
HD/10,200,-0.019010939,-0.62333924,-0.012292957,-0.039247774,-0.046689913,-0.6089001
HD/10,205,-0.019231787,-0.6161668,-0.011463423,-0.038760353,-0.046743765,-0.60345525
HD/10,210,-0.019289829,-0.6100873,-0.01003233,-0.037796006,-0.045760255,-0.59520173
HD/10,215,-0.020222586,-0.60349643,-0.009775,-0.036983866,-0.045444362,-0.589075
HD/10,220,-0.020574307,-0.5970817,-0.0075557153,-0.03588788,-0.04396847,-0.5823372
HD/10,225,-0.021548832,-0.59309196,-0.0075791213,-0.03612275,-0.044341937,-0.57791233
HD/10,230,-0.022305513,-0.59011954,-0.0065813097,-0.03576484,-0.043487567,-0.5773906
HD/10,235,-0.02288654,-0.58582884,-0.0053371955,-0.03532439,-0.043265544,-0.57138294
HD/10,240,-0.024865085,-0.5819755,-0.006395865,-0.036410622,-0.043905325,-0.5697762
HD/10,245,-0.02686558,-0.57807064,-0.0061785732,-0.036512855,-0.043896183,-0.5638507
HD/10,250,-0.026715172,-0.5699046,-0.004766191,-0.035469715,-0.04306286,-0.5551943
HD/10,255,-0.0270986,-0.56269056,-0.0044207135,-0.03450598,-0.04153598,-0.5492325
HD/10,260,-0.028105054,-0.55471313,-0.0037173107,-0.034019664,-0.04123721,-0.54019177
HD/10,265,-0.028070971,-0.550802,-0.0035885307,-0.033853546,-0.041283015,-0.5359017
HD/10,270,-0.029885544,-0.5489685,-0.0038132756,-0.03359105,-0.04111967,-0.53213704
HD/10,275,-0.028891843,-0.5431147,-0.0030515408,-0.032425676,-0.039744243,-0.5253035
HD/10,280,-0.029556608,-0.5391774,-0.0019670015,-0.031303074,-0.03820432,-0.52057564
HD/10,285,-0.030951757,-0.532463,-0.002693929,-0.031071454,-0.038783878,-0.5118693
HD/10,290,-0.030674301,-0.52834564,-0.0020296571,-0.029780352,-0.037429985,-0.5071094
HD/10,295,-0.029691275,-0.5207402,-0.00097091217,-0.0275299,-0.035578843,-0.49842134
HD/10,300,-0.031752165,-0.52063847,-0.0016625191,-0.028100947,-0.036213245,-0.4974606
HD/10,305,-0.032115,-0.51395476,-0.0015900608,-0.02705489,-0.03527519,-0.49060738
HD/10,310,-0.031652037,-0.5082255,-0.0006056078,-0.024942284,-0.033427533,-0.48302573
HD/10,315,-0.030213412,-0.5037438,0.0013542755,-0.02289148,-0.031861108,-0.47713253
HD/10,320,-0.030007418,-0.4992058,0.002207137,-0.020977236,-0.02989896,-0.47065043
HD/10,325,-0.029973611,-0.49394462,0.0035722472,-0.020149756,-0.028963776,-0.46432868
HD/10,330,-0.02977829,-0.48931065,0.0035076255,-0.019120727,-0.028307931,-0.45634502
HD/10,335,-0.029477853,-0.48360458,0.0039188457,-0.017765936,-0.02696325,-0.45033988
HD/10,340,-0.030011527,-0.4788816,0.0037080834,-0.017309606,-0.02678036,-0.4438247
HD/10,345,-0.0297147,-0.4756276,0.0047658035,-0.016443204,-0.026308224,-0.43872544
HD/10,350,-0.02937693,-0.4723071,0.005469057,-0.014382344,-0.024472326,-0.4328367
HD/10,355,-0.030658163,-0.46540192,0.004290509,-0.014760704,-0.025572496,-0.4242992
HD/10,360,-0.030403253,-0.4640795,0.003920403,-0.01412453,-0.024991916,-0.4201351
HD/10,365,-0.0314539,-0.45903563,0.002988746,-0.014574385,-0.025528071,-0.4131124
HD/10,370,-0.031953465,-0.45581695,0.0021488226,-0.013973619,-0.025028707,-0.40755385
HD/10,375,-0.0328515,-0.452306,0.00056906464,-0.014383026,-0.025675187,-0.40251017
HD/10,380,-0.033325456,-0.44826674,8.4927466e-05,-0.013762364,-0.02530251,-0.39577055
HD/10,385,-0.034239803,-0.44695562,-0.00034112102,-0.013910255,-0.025963599,-0.39199564
HD/10,390,-0.035628125,-0.44091964,-0.0013890199,-0.01418242,-0.025750067,-0.38520706
HD/10,395,-0.037164386,-0.43789518,-0.0031319885,-0.014683802,-0.026643375,-0.37910372
HD/10,400,-0.038899284,-0.4375039,-0.0038683694,-0.015533258,-0.027422683,-0.37764174
HD/10,405,-0.040459193,-0.43417406,-0.0054708254,-0.016270012,-0.028539112,-0.37246194
HD/10,410,-0.04104319,-0.4287383,-0.005906469,-0.016351461,-0.028188339,-0.36572915
HD/10,415,-0.04196713,-0.42485166,-0.006979513,-0.01642184,-0.028703718,-0.3597591
HD/10,420,-0.04268855,-0.42416826,-0.007221254,-0.016634783,-0.02928307,-0.35642985
HD/10,425,-0.043487366,-0.4176359,-0.008649681,-0.016962951,-0.029702485,-0.34880978
HD/10,430,-0.044218916,-0.41345993,-0.0093380185,-0.016960505,-0.029773077,-0.34223512
HD/10,435,-0.04462476,-0.40866518,-0.009627306,-0.01632578,-0.029342858,-0.3360795
HD/10,440,-0.045668427,-0.40724573,-0.010575885,-0.016922737,-0.029962158,-0.33189926
HD/10,445,-0.045162074,-0.4017588,-0.009878097,-0.015793534,-0.028931787,-0.3257949
HD/10,450,-0.04549414,-0.39723483,-0.010651985,-0.01585212,-0.028824182,-0.3193384
HD/10,455,-0.045989584,-0.39471757,-0.011299673,-0.015991228,-0.029293409,-0.3160821
HD/10,460,-0.045957528,-0.39217916,-0.010456336,-0.015069562,-0.028361563,-0.31177753
HD/10,465,-0.046005163,-0.38901004,-0.010489495,-0.014519722,-0.028155254,-0.30689123
HD/10,470,-0.045913976,-0.38375965,-0.01068747,-0.013995758,-0.027623815,-0.3003142
HD/10,475,-0.04525427,-0.37972465,-0.009809382,-0.012752746,-0.026652701,-0.29472786
HD/10,480,-0.04410797,-0.37411615,-0.008557165,-0.011267617,-0.02534254,-0.28719252
HD/10,485,-0.044798132,-0.36961213,-0.009151204,-0.011286912,-0.025491124,-0.28327557
HD/10,490,-0.04467123,-0.36623588,-0.009035885,-0.010342129,-0.02482137,-0.27790087
HD/10,495,-0.04415621,-0.36221105,-0.008035406,-0.00902702,-0.02368006,-0.27340296
HD/10,500,-0.044436794,-0.35782826,-0.008473614,-0.008974539,-0.02381482,-0.2669164
HD/10,505,-0.044145104,-0.35787177,-0.008474959,-0.008327942,-0.023621175,-0.26499808
HD/10,510,-0.043369215,-0.35365018,-0.008371485,-0.007936815,-0.023205139,-0.25900018
HD/10,515,-0.04239835,-0.34612584,-0.007806781,-0.006828908,-0.02188124,-0.251089
HD/10,520,-0.042232588,-0.3417452,-0.0077756136,-0.006384435,-0.0216923,-0.2462634
HD/10,525,-0.041860092,-0.3374598,-0.0077859,-0.006109458,-0.021382209,-0.24182788
HD/10,530,-0.04173215,-0.33257297,-0.00839906,-0.005705336,-0.020839619,-0.23678677
HD/10,535,-0.041589793,-0.33049113,-0.008827131,-0.0052579544,-0.020688692,-0.23325549
HD/10,540,-0.04150342,-0.32763854,-0.008952564,-0.005211723,-0.020638889,-0.22896199
HD/10,545,-0.042061914,-0.32469708,-0.010402344,-0.005808783,-0.021439685,-0.22565354
HD/10,550,-0.042673934,-0.32414645,-0.011662059,-0.0064435736,-0.022211283,-0.22353616
HD/10,555,-0.04346072,-0.31891418,-0.013209933,-0.0072490647,-0.02283881,-0.21810733
HD/10,560,-0.04390061,-0.3172608,-0.014211789,-0.007273901,-0.022839354,-0.21607913
HD/10,565,-0.044518065,-0.31363398,-0.015569496,-0.008411861,-0.02422827,-0.21265623
HD/10,570,-0.045602944,-0.31121254,-0.017412968,-0.009379502,-0.024971033,-0.20996924
HD/10,575,-0.045881785,-0.30945253,-0.01846187,-0.009834766,-0.025177104,-0.20686269
HD/10,580,-0.0471385,-0.3083932,-0.019911094,-0.010630194,-0.026230969,-0.20565219
HD/10,585,-0.048064537,-0.3058358,-0.021785503,-0.011945856,-0.027636828,-0.20357256
HD/10,590,-0.048968382,-0.30418295,-0.022987014,-0.012124545,-0.027496906,-0.20181166
HD/10,595,-0.049438845,-0.30114907,-0.023891825,-0.012674283,-0.028081555,-0.19957183
